test_id;request_id;value;description;sent_at;received_at;client_elapsed_ms;status_code;status;service_instance;error
benchmark-api4-1000-c5-010;010-REQ-000001;1;registro de prueba;2026-06-09T23:45:25.752755+00:00;2026-06-09T23:45:25.867949+00:00;115.17;200;ok;api-4;
benchmark-api4-1000-c5-010;010-REQ-000002;2;registro de prueba;2026-06-09T23:45:25.757180+00:00;2026-06-09T23:45:25.869982+00:00;112.78;200;ok;api-3;
benchmark-api4-1000-c5-010;010-REQ-000003;3;registro de prueba;2026-06-09T23:45:25.757469+00:00;2026-06-09T23:45:25.872563+00:00;115.08;200;ok;api-2;
benchmark-api4-1000-c5-010;010-REQ-000004;4;registro de prueba;2026-06-09T23:45:25.757594+00:00;2026-06-09T23:45:25.871033+00:00;113.43;200;ok;api-3;
benchmark-api4-1000-c5-010;010-REQ-000005;5;registro de prueba;2026-06-09T23:45:25.757691+00:00;2026-06-09T23:45:25.871930+00:00;114.23;200;ok;api-2;
benchmark-api4-1000-c5-010;010-REQ-000006;6;registro de prueba;2026-06-09T23:45:25.868133+00:00;2026-06-09T23:45:25.897489+00:00;29.34;200;ok;api-4;
benchmark-api4-1000-c5-010;010-REQ-000007;7;registro de prueba;2026-06-09T23:45:25.870279+00:00;2026-06-09T23:45:40.200153+00:00;14329.84;200;ok;api-2;
benchmark-api4-1000-c5-010;010-REQ-000008;8;registro de prueba;2026-06-09T23:45:25.871190+00:00;2026-06-09T23:45:25.899615+00:00;28.35;200;ok;api-2;
benchmark-api4-1000-c5-010;010-REQ-000009;9;registro de prueba;2026-06-09T23:45:25.872088+00:00;2026-06-09T23:45:25.900296+00:00;28.2;200;ok;api-3;
benchmark-api4-1000-c5-010;010-REQ-000010;10;registro de prueba;2026-06-09T23:45:25.872639+00:00;2026-06-09T23:45:25.905820+00:00;33.17;200;ok;api-4;
benchmark-api4-1000-c5-010;010-REQ-000011;11;registro de prueba;2026-06-09T23:45:25.897638+00:00;2026-06-09T23:45:25.926334+00:00;28.68;200;ok;api-2;
benchmark-api4-1000-c5-010;010-REQ-000012;12;registro de prueba;2026-06-09T23:45:25.899861+00:00;2026-06-09T23:45:25.929012+00:00;29.14;200;ok;api-3;
benchmark-api4-1000-c5-010;010-REQ-000013;13;registro de prueba;2026-06-09T23:45:25.900385+00:00;2026-06-09T23:45:25.930038+00:00;29.64;200;ok;api-4;
benchmark-api4-1000-c5-010;010-REQ-000014;14;registro de prueba;2026-06-09T23:45:25.905948+00:00;2026-06-09T23:45:25.938487+00:00;32.52;200;ok;api-2;
benchmark-api4-1000-c5-010;010-REQ-000015;15;registro de prueba;2026-06-09T23:45:25.926703+00:00;2026-06-09T23:45:25.954285+00:00;27.56;200;ok;api-3;
benchmark-api4-1000-c5-010;010-REQ-000016;16;registro de prueba;2026-06-09T23:45:25.929240+00:00;2026-06-09T23:45:25.955244+00:00;25.99;200;ok;api-4;
benchmark-api4-1000-c5-010;010-REQ-000017;17;registro de prueba;2026-06-09T23:45:25.930152+00:00;2026-06-09T23:45:25.955725+00:00;25.57;200;ok;api-2;
benchmark-api4-1000-c5-010;010-REQ-000018;18;registro de prueba;2026-06-09T23:45:25.938611+00:00;2026-06-09T23:45:25.968481+00:00;29.86;200;ok;api-3;
benchmark-api4-1000-c5-010;010-REQ-000019;19;registro de prueba;2026-06-09T23:45:25.954671+00:00;2026-06-09T23:45:25.985305+00:00;30.6;200;ok;api-4;
benchmark-api4-1000-c5-010;010-REQ-000020;20;registro de prueba;2026-06-09T23:45:25.955402+00:00;2026-06-09T23:45:25.982210+00:00;26.8;200;ok;api-2;
benchmark-api4-1000-c5-010;010-REQ-000021;21;registro de prueba;2026-06-09T23:45:25.955780+00:00;2026-06-09T23:45:25.982952+00:00;27.17;200;ok;api-3;
benchmark-api4-1000-c5-010;010-REQ-000022;22;registro de prueba;2026-06-09T23:45:25.968581+00:00;2026-06-09T23:45:25.999966+00:00;31.38;200;ok;api-4;
benchmark-api4-1000-c5-010;010-REQ-000023;23;registro de prueba;2026-06-09T23:45:25.982497+00:00;2026-06-09T23:45:26.009841+00:00;27.29;200;ok;api-2;
benchmark-api4-1000-c5-010;010-REQ-000024;24;registro de prueba;2026-06-09T23:45:25.983030+00:00;2026-06-09T23:45:26.011306+00:00;28.27;200;ok;api-3;
benchmark-api4-1000-c5-010;010-REQ-000025;25;registro de prueba;2026-06-09T23:45:25.985418+00:00;2026-06-09T23:45:26.012694+00:00;27.26;200;ok;api-4;
benchmark-api4-1000-c5-010;010-REQ-000026;26;registro de prueba;2026-06-09T23:45:26.000054+00:00;2026-06-09T23:45:26.028180+00:00;28.12;200;ok;api-2;
benchmark-api4-1000-c5-010;010-REQ-000027;27;registro de prueba;2026-06-09T23:45:26.010271+00:00;2026-06-09T23:45:26.035911+00:00;25.62;200;ok;api-3;
benchmark-api4-1000-c5-010;010-REQ-000028;28;registro de prueba;2026-06-09T23:45:26.011467+00:00;2026-06-09T23:45:26.034667+00:00;23.19;200;ok;api-4;
benchmark-api4-1000-c5-010;010-REQ-000029;29;registro de prueba;2026-06-09T23:45:26.012815+00:00;2026-06-09T23:45:26.037341+00:00;24.51;200;ok;api-2;
benchmark-api4-1000-c5-010;010-REQ-000030;30;registro de prueba;2026-06-09T23:45:26.028260+00:00;2026-06-09T23:45:26.052418+00:00;24.15;200;ok;api-3;
benchmark-api4-1000-c5-010;010-REQ-000031;31;registro de prueba;2026-06-09T23:45:26.034875+00:00;2026-06-09T23:45:26.061589+00:00;26.69;200;ok;api-4;
benchmark-api4-1000-c5-010;010-REQ-000032;32;registro de prueba;2026-06-09T23:45:26.036002+00:00;2026-06-09T23:45:26.059935+00:00;23.9;200;ok;api-2;
benchmark-api4-1000-c5-010;010-REQ-000033;33;registro de prueba;2026-06-09T23:45:26.037440+00:00;2026-06-09T23:45:26.062253+00:00;24.8;200;ok;api-3;
benchmark-api4-1000-c5-010;010-REQ-000034;34;registro de prueba;2026-06-09T23:45:26.052494+00:00;2026-06-09T23:45:26.079843+00:00;27.34;200;ok;api-4;
benchmark-api4-1000-c5-010;010-REQ-000035;35;registro de prueba;2026-06-09T23:45:26.060148+00:00;2026-06-09T23:45:26.085352+00:00;25.19;200;ok;api-2;
benchmark-api4-1000-c5-010;010-REQ-000036;36;registro de prueba;2026-06-09T23:45:26.061692+00:00;2026-06-09T23:45:26.084367+00:00;22.66;200;ok;api-3;
benchmark-api4-1000-c5-010;010-REQ-000037;37;registro de prueba;2026-06-09T23:45:26.062338+00:00;2026-06-09T23:45:26.085932+00:00;23.59;200;ok;api-4;
benchmark-api4-1000-c5-010;010-REQ-000038;38;registro de prueba;2026-06-09T23:45:26.079937+00:00;2026-06-09T23:45:26.107187+00:00;27.24;200;ok;api-2;
benchmark-api4-1000-c5-010;010-REQ-000039;39;registro de prueba;2026-06-09T23:45:26.084605+00:00;2026-06-09T23:45:26.113752+00:00;29.13;200;ok;api-3;
benchmark-api4-1000-c5-010;010-REQ-000040;40;registro de prueba;2026-06-09T23:45:26.085472+00:00;2026-06-09T23:45:26.114790+00:00;29.31;200;ok;api-4;
benchmark-api4-1000-c5-010;010-REQ-000041;41;registro de prueba;2026-06-09T23:45:26.085987+00:00;2026-06-09T23:45:26.111494+00:00;25.5;200;ok;api-2;
benchmark-api4-1000-c5-010;010-REQ-000042;42;registro de prueba;2026-06-09T23:45:26.107323+00:00;2026-06-09T23:45:26.134954+00:00;27.62;200;ok;api-3;
benchmark-api4-1000-c5-010;010-REQ-000043;43;registro de prueba;2026-06-09T23:45:26.111586+00:00;2026-06-09T23:45:26.135893+00:00;24.3;200;ok;api-4;
benchmark-api4-1000-c5-010;010-REQ-000044;44;registro de prueba;2026-06-09T23:45:26.113901+00:00;2026-06-09T23:45:26.137002+00:00;23.09;200;ok;api-2;
benchmark-api4-1000-c5-010;010-REQ-000045;45;registro de prueba;2026-06-09T23:45:26.114929+00:00;2026-06-09T23:45:26.138423+00:00;23.48;200;ok;api-3;
benchmark-api4-1000-c5-010;010-REQ-000046;46;registro de prueba;2026-06-09T23:45:26.135090+00:00;2026-06-09T23:45:26.161434+00:00;26.33;200;ok;api-4;
benchmark-api4-1000-c5-010;010-REQ-000047;47;registro de prueba;2026-06-09T23:45:26.135962+00:00;2026-06-09T23:45:26.161562+00:00;25.6;200;ok;api-2;
benchmark-api4-1000-c5-010;010-REQ-000048;48;registro de prueba;2026-06-09T23:45:26.137101+00:00;2026-06-09T23:45:26.160348+00:00;23.23;200;ok;api-3;
benchmark-api4-1000-c5-010;010-REQ-000049;49;registro de prueba;2026-06-09T23:45:26.138532+00:00;2026-06-09T23:45:26.162339+00:00;23.8;200;ok;api-4;
benchmark-api4-1000-c5-010;010-REQ-000050;50;registro de prueba;2026-06-09T23:45:26.160719+00:00;2026-06-09T23:45:26.183202+00:00;22.46;200;ok;api-2;
benchmark-api4-1000-c5-010;010-REQ-000051;51;registro de prueba;2026-06-09T23:45:26.161645+00:00;2026-06-09T23:45:26.183818+00:00;22.17;200;ok;api-3;
benchmark-api4-1000-c5-010;010-REQ-000052;52;registro de prueba;2026-06-09T23:45:26.161950+00:00;2026-06-09T23:45:26.187157+00:00;25.2;200;ok;api-4;
benchmark-api4-1000-c5-010;010-REQ-000053;53;registro de prueba;2026-06-09T23:45:26.162395+00:00;2026-06-09T23:45:26.186482+00:00;24.08;200;ok;api-2;
benchmark-api4-1000-c5-010;010-REQ-000054;54;registro de prueba;2026-06-09T23:45:26.183436+00:00;2026-06-09T23:45:26.208704+00:00;25.23;200;ok;api-3;
benchmark-api4-1000-c5-010;010-REQ-000055;55;registro de prueba;2026-06-09T23:45:26.183874+00:00;2026-06-09T23:45:26.211373+00:00;27.49;200;ok;api-4;
benchmark-api4-1000-c5-010;010-REQ-000056;56;registro de prueba;2026-06-09T23:45:26.186673+00:00;2026-06-09T23:45:26.218092+00:00;31.4;200;ok;api-2;
benchmark-api4-1000-c5-010;010-REQ-000057;57;registro de prueba;2026-06-09T23:45:26.187234+00:00;2026-06-09T23:45:26.214394+00:00;27.15;200;ok;api-3;
benchmark-api4-1000-c5-010;010-REQ-000058;58;registro de prueba;2026-06-09T23:45:26.209029+00:00;2026-06-09T23:45:26.236447+00:00;27.4;200;ok;api-4;
benchmark-api4-1000-c5-010;010-REQ-000059;59;registro de prueba;2026-06-09T23:45:26.211554+00:00;2026-06-09T23:45:26.237366+00:00;25.79;200;ok;api-2;
benchmark-api4-1000-c5-010;010-REQ-000060;60;registro de prueba;2026-06-09T23:45:26.214498+00:00;2026-06-09T23:45:26.239291+00:00;24.78;200;ok;api-3;
benchmark-api4-1000-c5-010;010-REQ-000061;61;registro de prueba;2026-06-09T23:45:26.218245+00:00;2026-06-09T23:45:26.246340+00:00;28.08;200;ok;api-4;
benchmark-api4-1000-c5-010;010-REQ-000062;62;registro de prueba;2026-06-09T23:45:26.236681+00:00;2026-06-09T23:45:26.263917+00:00;27.22;200;ok;api-2;
benchmark-api4-1000-c5-010;010-REQ-000063;63;registro de prueba;2026-06-09T23:45:26.237466+00:00;2026-06-09T23:45:26.265553+00:00;28.07;200;ok;api-3;
benchmark-api4-1000-c5-010;010-REQ-000064;64;registro de prueba;2026-06-09T23:45:26.239414+00:00;2026-06-09T23:45:26.271675+00:00;32.25;200;ok;api-4;
benchmark-api4-1000-c5-010;010-REQ-000065;65;registro de prueba;2026-06-09T23:45:26.246439+00:00;2026-06-09T23:45:26.275978+00:00;29.52;200;ok;api-2;
benchmark-api4-1000-c5-010;010-REQ-000066;66;registro de prueba;2026-06-09T23:45:26.264075+00:00;2026-06-09T23:45:26.295849+00:00;31.76;200;ok;api-3;
benchmark-api4-1000-c5-010;010-REQ-000067;67;registro de prueba;2026-06-09T23:45:26.265645+00:00;2026-06-09T23:45:26.293757+00:00;28.1;200;ok;api-4;
benchmark-api4-1000-c5-010;010-REQ-000068;68;registro de prueba;2026-06-09T23:45:26.271796+00:00;2026-06-09T23:45:26.301869+00:00;30.06;200;ok;api-2;
benchmark-api4-1000-c5-010;010-REQ-000069;69;registro de prueba;2026-06-09T23:45:26.276173+00:00;2026-06-09T23:45:26.306704+00:00;30.48;200;ok;api-3;
benchmark-api4-1000-c5-010;010-REQ-000070;70;registro de prueba;2026-06-09T23:45:26.293882+00:00;2026-06-09T23:45:26.324066+00:00;30.17;200;ok;api-4;
benchmark-api4-1000-c5-010;010-REQ-000071;71;registro de prueba;2026-06-09T23:45:26.296001+00:00;2026-06-09T23:45:26.321266+00:00;25.25;200;ok;api-2;
benchmark-api4-1000-c5-010;010-REQ-000072;72;registro de prueba;2026-06-09T23:45:26.301981+00:00;2026-06-09T23:45:26.331386+00:00;29.39;200;ok;api-3;
benchmark-api4-1000-c5-010;010-REQ-000073;73;registro de prueba;2026-06-09T23:45:26.306802+00:00;2026-06-09T23:45:26.338611+00:00;31.8;200;ok;api-4;
benchmark-api4-1000-c5-010;010-REQ-000074;74;registro de prueba;2026-06-09T23:45:26.321364+00:00;2026-06-09T23:45:26.355513+00:00;34.14;200;ok;api-2;
benchmark-api4-1000-c5-010;010-REQ-000075;75;registro de prueba;2026-06-09T23:45:26.324534+00:00;2026-06-09T23:45:26.362900+00:00;38.34;200;ok;api-3;
benchmark-api4-1000-c5-010;010-REQ-000076;76;registro de prueba;2026-06-09T23:45:26.331470+00:00;2026-06-09T23:45:26.366705+00:00;35.22;200;ok;api-4;
benchmark-api4-1000-c5-010;010-REQ-000077;77;registro de prueba;2026-06-09T23:45:26.338753+00:00;2026-06-09T23:45:26.371378+00:00;32.61;200;ok;api-2;
benchmark-api4-1000-c5-010;010-REQ-000078;78;registro de prueba;2026-06-09T23:45:26.355631+00:00;2026-06-09T23:45:26.393051+00:00;37.4;200;ok;api-3;
benchmark-api4-1000-c5-010;010-REQ-000079;79;registro de prueba;2026-06-09T23:45:26.363120+00:00;2026-06-09T23:45:26.400777+00:00;37.63;200;ok;api-4;
benchmark-api4-1000-c5-010;010-REQ-000080;80;registro de prueba;2026-06-09T23:45:26.366851+00:00;2026-06-09T23:45:26.402114+00:00;35.25;200;ok;api-2;
benchmark-api4-1000-c5-010;010-REQ-000081;81;registro de prueba;2026-06-09T23:45:26.371548+00:00;2026-06-09T23:45:26.406192+00:00;34.63;200;ok;api-3;
benchmark-api4-1000-c5-010;010-REQ-000082;82;registro de prueba;2026-06-09T23:45:26.393274+00:00;2026-06-09T23:45:26.422688+00:00;29.4;200;ok;api-4;
benchmark-api4-1000-c5-010;010-REQ-000083;83;registro de prueba;2026-06-09T23:45:26.401073+00:00;2026-06-09T23:45:26.432266+00:00;31.16;200;ok;api-2;
benchmark-api4-1000-c5-010;010-REQ-000084;84;registro de prueba;2026-06-09T23:45:26.402203+00:00;2026-06-09T23:45:26.431546+00:00;29.33;200;ok;api-3;
benchmark-api4-1000-c5-010;010-REQ-000085;85;registro de prueba;2026-06-09T23:45:26.406338+00:00;2026-06-09T23:45:26.434978+00:00;28.62;200;ok;api-4;
benchmark-api4-1000-c5-010;010-REQ-000086;86;registro de prueba;2026-06-09T23:45:26.422788+00:00;2026-06-09T23:45:26.469321+00:00;46.52;200;ok;api-2;
benchmark-api4-1000-c5-010;010-REQ-000087;87;registro de prueba;2026-06-09T23:45:26.431701+00:00;2026-06-09T23:45:26.474500+00:00;42.78;200;ok;api-3;
benchmark-api4-1000-c5-010;010-REQ-000088;88;registro de prueba;2026-06-09T23:45:26.432377+00:00;2026-06-09T23:45:26.477027+00:00;44.64;200;ok;api-4;
benchmark-api4-1000-c5-010;010-REQ-000089;89;registro de prueba;2026-06-09T23:45:26.435207+00:00;2026-06-09T23:45:26.478306+00:00;43.07;200;ok;api-2;
benchmark-api4-1000-c5-010;010-REQ-000090;90;registro de prueba;2026-06-09T23:45:26.469443+00:00;2026-06-09T23:45:26.501083+00:00;31.63;200;ok;api-3;
benchmark-api4-1000-c5-010;010-REQ-000091;91;registro de prueba;2026-06-09T23:45:26.475296+00:00;2026-06-09T23:45:26.506539+00:00;31.18;200;ok;api-4;
benchmark-api4-1000-c5-010;010-REQ-000092;92;registro de prueba;2026-06-09T23:45:26.477189+00:00;2026-06-09T23:45:26.505366+00:00;28.16;200;ok;api-2;
benchmark-api4-1000-c5-010;010-REQ-000093;93;registro de prueba;2026-06-09T23:45:26.478439+00:00;2026-06-09T23:45:26.513373+00:00;34.91;200;ok;api-3;
benchmark-api4-1000-c5-010;010-REQ-000094;94;registro de prueba;2026-06-09T23:45:26.501201+00:00;2026-06-09T23:45:26.532167+00:00;30.96;200;ok;api-4;
benchmark-api4-1000-c5-010;010-REQ-000095;95;registro de prueba;2026-06-09T23:45:26.505511+00:00;2026-06-09T23:45:26.537951+00:00;32.43;200;ok;api-2;
benchmark-api4-1000-c5-010;010-REQ-000096;96;registro de prueba;2026-06-09T23:45:26.506632+00:00;2026-06-09T23:45:26.542870+00:00;36.22;200;ok;api-3;
benchmark-api4-1000-c5-010;010-REQ-000097;97;registro de prueba;2026-06-09T23:45:26.513612+00:00;2026-06-09T23:45:26.547443+00:00;33.81;200;ok;api-4;
benchmark-api4-1000-c5-010;010-REQ-000098;98;registro de prueba;2026-06-09T23:45:26.532315+00:00;2026-06-09T23:45:26.569916+00:00;37.59;200;ok;api-2;
benchmark-api4-1000-c5-010;010-REQ-000099;99;registro de prueba;2026-06-09T23:45:26.538070+00:00;2026-06-09T23:45:26.590490+00:00;52.41;200;ok;api-3;
benchmark-api4-1000-c5-010;010-REQ-000100;100;registro de prueba;2026-06-09T23:45:26.543078+00:00;2026-06-09T23:45:26.588570+00:00;45.48;200;ok;api-4;
benchmark-api4-1000-c5-010;010-REQ-000101;101;registro de prueba;2026-06-09T23:45:26.547583+00:00;2026-06-09T23:45:26.589613+00:00;42.02;200;ok;api-2;
benchmark-api4-1000-c5-010;010-REQ-000102;102;registro de prueba;2026-06-09T23:45:26.570046+00:00;2026-06-09T23:45:26.605637+00:00;35.57;200;ok;api-3;
benchmark-api4-1000-c5-010;010-REQ-000103;103;registro de prueba;2026-06-09T23:45:26.588917+00:00;2026-06-09T23:45:26.625037+00:00;36.1;200;ok;api-4;
benchmark-api4-1000-c5-010;010-REQ-000104;104;registro de prueba;2026-06-09T23:45:26.589844+00:00;2026-06-09T23:45:26.623594+00:00;33.73;200;ok;api-2;
benchmark-api4-1000-c5-010;010-REQ-000105;105;registro de prueba;2026-06-09T23:45:26.590631+00:00;2026-06-09T23:45:26.630984+00:00;40.34;200;ok;api-3;
benchmark-api4-1000-c5-010;010-REQ-000106;106;registro de prueba;2026-06-09T23:45:26.605767+00:00;2026-06-09T23:45:26.647671+00:00;41.89;200;ok;api-4;
benchmark-api4-1000-c5-010;010-REQ-000107;107;registro de prueba;2026-06-09T23:45:26.623813+00:00;2026-06-09T23:45:26.663503+00:00;39.67;200;ok;api-2;
benchmark-api4-1000-c5-010;010-REQ-000108;108;registro de prueba;2026-06-09T23:45:26.625189+00:00;2026-06-09T23:45:26.660393+00:00;35.19;200;ok;api-3;
benchmark-api4-1000-c5-010;010-REQ-000109;109;registro de prueba;2026-06-09T23:45:26.631291+00:00;2026-06-09T23:45:26.671749+00:00;40.44;200;ok;api-4;
benchmark-api4-1000-c5-010;010-REQ-000110;110;registro de prueba;2026-06-09T23:45:26.647825+00:00;2026-06-09T23:45:26.685336+00:00;37.5;200;ok;api-2;
benchmark-api4-1000-c5-010;010-REQ-000111;111;registro de prueba;2026-06-09T23:45:26.660558+00:00;2026-06-09T23:45:26.693443+00:00;32.87;200;ok;api-3;
benchmark-api4-1000-c5-010;010-REQ-000112;112;registro de prueba;2026-06-09T23:45:26.663654+00:00;2026-06-09T23:45:26.696238+00:00;32.57;200;ok;api-4;
benchmark-api4-1000-c5-010;010-REQ-000113;113;registro de prueba;2026-06-09T23:45:26.671868+00:00;2026-06-09T23:45:26.705953+00:00;34.07;200;ok;api-2;
benchmark-api4-1000-c5-010;010-REQ-000114;114;registro de prueba;2026-06-09T23:45:26.685462+00:00;2026-06-09T23:45:26.718992+00:00;33.51;200;ok;api-3;
benchmark-api4-1000-c5-010;010-REQ-000115;115;registro de prueba;2026-06-09T23:45:26.693743+00:00;2026-06-09T23:45:26.723520+00:00;29.77;200;ok;api-4;
benchmark-api4-1000-c5-010;010-REQ-000116;116;registro de prueba;2026-06-09T23:45:26.696581+00:00;2026-06-09T23:45:26.727534+00:00;30.93;200;ok;api-2;
benchmark-api4-1000-c5-010;010-REQ-000117;117;registro de prueba;2026-06-09T23:45:26.706071+00:00;2026-06-09T23:45:26.738184+00:00;32.1;200;ok;api-3;
benchmark-api4-1000-c5-010;010-REQ-000118;118;registro de prueba;2026-06-09T23:45:26.719189+00:00;2026-06-09T23:45:26.748802+00:00;29.59;200;ok;api-4;
benchmark-api4-1000-c5-010;010-REQ-000119;119;registro de prueba;2026-06-09T23:45:26.723850+00:00;2026-06-09T23:45:26.755030+00:00;31.14;200;ok;api-2;
benchmark-api4-1000-c5-010;010-REQ-000120;120;registro de prueba;2026-06-09T23:45:26.727700+00:00;2026-06-09T23:45:26.758026+00:00;30.31;200;ok;api-3;
benchmark-api4-1000-c5-010;010-REQ-000121;121;registro de prueba;2026-06-09T23:45:26.738325+00:00;2026-06-09T23:45:26.772796+00:00;34.45;200;ok;api-4;
benchmark-api4-1000-c5-010;010-REQ-000122;122;registro de prueba;2026-06-09T23:45:26.748970+00:00;2026-06-09T23:45:26.784674+00:00;35.68;200;ok;api-2;
benchmark-api4-1000-c5-010;010-REQ-000123;123;registro de prueba;2026-06-09T23:45:26.755221+00:00;2026-06-09T23:45:26.785749+00:00;30.51;200;ok;api-3;
benchmark-api4-1000-c5-010;010-REQ-000124;124;registro de prueba;2026-06-09T23:45:26.758215+00:00;2026-06-09T23:45:26.792039+00:00;33.79;200;ok;api-4;
benchmark-api4-1000-c5-010;010-REQ-000125;125;registro de prueba;2026-06-09T23:45:26.772970+00:00;2026-06-09T23:45:26.804122+00:00;31.13;200;ok;api-2;
benchmark-api4-1000-c5-010;010-REQ-000126;126;registro de prueba;2026-06-09T23:45:26.784864+00:00;2026-06-09T23:45:26.815386+00:00;30.5;200;ok;api-3;
benchmark-api4-1000-c5-010;010-REQ-000127;127;registro de prueba;2026-06-09T23:45:26.785864+00:00;2026-06-09T23:45:26.814560+00:00;28.68;200;ok;api-4;
benchmark-api4-1000-c5-010;010-REQ-000128;128;registro de prueba;2026-06-09T23:45:26.792240+00:00;2026-06-09T23:45:26.822096+00:00;29.84;200;ok;api-2;
benchmark-api4-1000-c5-010;010-REQ-000129;129;registro de prueba;2026-06-09T23:45:26.804226+00:00;2026-06-09T23:45:26.835640+00:00;31.4;200;ok;api-3;
benchmark-api4-1000-c5-010;010-REQ-000130;130;registro de prueba;2026-06-09T23:45:26.814751+00:00;2026-06-09T23:45:26.846404+00:00;31.64;200;ok;api-4;
benchmark-api4-1000-c5-010;010-REQ-000131;131;registro de prueba;2026-06-09T23:45:26.815481+00:00;2026-06-09T23:45:26.843444+00:00;27.95;200;ok;api-2;
benchmark-api4-1000-c5-010;010-REQ-000132;132;registro de prueba;2026-06-09T23:45:26.822197+00:00;2026-06-09T23:45:26.854798+00:00;32.59;200;ok;api-3;
benchmark-api4-1000-c5-010;010-REQ-000133;133;registro de prueba;2026-06-09T23:45:26.835757+00:00;2026-06-09T23:45:26.865743+00:00;29.98;200;ok;api-4;
benchmark-api4-1000-c5-010;010-REQ-000134;134;registro de prueba;2026-06-09T23:45:26.843591+00:00;2026-06-09T23:45:26.873682+00:00;30.08;200;ok;api-2;
benchmark-api4-1000-c5-010;010-REQ-000135;135;registro de prueba;2026-06-09T23:45:26.846561+00:00;2026-06-09T23:45:26.880737+00:00;34.16;200;ok;api-3;
benchmark-api4-1000-c5-010;010-REQ-000136;136;registro de prueba;2026-06-09T23:45:26.854913+00:00;2026-06-09T23:45:26.888319+00:00;33.4;200;ok;api-4;
benchmark-api4-1000-c5-010;010-REQ-000137;137;registro de prueba;2026-06-09T23:45:26.865871+00:00;2026-06-09T23:45:26.898564+00:00;32.68;200;ok;api-2;
benchmark-api4-1000-c5-010;010-REQ-000138;138;registro de prueba;2026-06-09T23:45:26.873873+00:00;2026-06-09T23:45:26.907105+00:00;33.21;200;ok;api-3;
benchmark-api4-1000-c5-010;010-REQ-000139;139;registro de prueba;2026-06-09T23:45:26.880859+00:00;2026-06-09T23:45:26.915999+00:00;35.13;200;ok;api-4;
benchmark-api4-1000-c5-010;010-REQ-000140;140;registro de prueba;2026-06-09T23:45:26.888450+00:00;2026-06-09T23:45:26.924103+00:00;35.64;200;ok;api-2;
benchmark-api4-1000-c5-010;010-REQ-000141;141;registro de prueba;2026-06-09T23:45:26.898717+00:00;2026-06-09T23:45:26.935085+00:00;36.36;200;ok;api-3;
benchmark-api4-1000-c5-010;010-REQ-000142;142;registro de prueba;2026-06-09T23:45:26.907562+00:00;2026-06-09T23:45:26.941291+00:00;33.7;200;ok;api-4;
benchmark-api4-1000-c5-010;010-REQ-000143;143;registro de prueba;2026-06-09T23:45:26.916124+00:00;2026-06-09T23:45:26.948060+00:00;31.92;200;ok;api-2;
benchmark-api4-1000-c5-010;010-REQ-000144;144;registro de prueba;2026-06-09T23:45:26.924284+00:00;2026-06-09T23:45:26.958877+00:00;34.58;200;ok;api-3;
benchmark-api4-1000-c5-010;010-REQ-000145;145;registro de prueba;2026-06-09T23:45:26.935247+00:00;2026-06-09T23:45:26.968710+00:00;33.45;200;ok;api-4;
benchmark-api4-1000-c5-010;010-REQ-000146;146;registro de prueba;2026-06-09T23:45:26.941512+00:00;2026-06-09T23:45:26.976385+00:00;34.84;200;ok;api-2;
benchmark-api4-1000-c5-010;010-REQ-000147;147;registro de prueba;2026-06-09T23:45:26.948278+00:00;2026-06-09T23:45:26.978213+00:00;29.91;200;ok;api-3;
benchmark-api4-1000-c5-010;010-REQ-000148;148;registro de prueba;2026-06-09T23:45:26.959178+00:00;2026-06-09T23:45:26.989647+00:00;30.44;200;ok;api-4;
benchmark-api4-1000-c5-010;010-REQ-000149;149;registro de prueba;2026-06-09T23:45:26.968851+00:00;2026-06-09T23:45:27.000796+00:00;31.93;200;ok;api-2;
benchmark-api4-1000-c5-010;010-REQ-000150;150;registro de prueba;2026-06-09T23:45:26.976782+00:00;2026-06-09T23:45:27.006955+00:00;30.16;200;ok;api-3;
benchmark-api4-1000-c5-010;010-REQ-000151;151;registro de prueba;2026-06-09T23:45:26.978365+00:00;2026-06-09T23:45:27.006136+00:00;27.75;200;ok;api-4;
benchmark-api4-1000-c5-010;010-REQ-000152;152;registro de prueba;2026-06-09T23:45:26.989817+00:00;2026-06-09T23:45:27.022585+00:00;32.75;200;ok;api-2;
benchmark-api4-1000-c5-010;010-REQ-000153;153;registro de prueba;2026-06-09T23:45:27.000955+00:00;2026-06-09T23:45:27.035441+00:00;34.47;200;ok;api-3;
benchmark-api4-1000-c5-010;010-REQ-000154;154;registro de prueba;2026-06-09T23:45:27.006412+00:00;2026-06-09T23:45:27.037804+00:00;31.37;200;ok;api-4;
benchmark-api4-1000-c5-010;010-REQ-000155;155;registro de prueba;2026-06-09T23:45:27.007125+00:00;2026-06-09T23:45:27.036524+00:00;29.38;200;ok;api-2;
benchmark-api4-1000-c5-010;010-REQ-000156;156;registro de prueba;2026-06-09T23:45:27.022721+00:00;2026-06-09T23:45:27.054533+00:00;31.8;200;ok;api-3;
benchmark-api4-1000-c5-010;010-REQ-000157;157;registro de prueba;2026-06-09T23:45:27.035571+00:00;2026-06-09T23:45:27.067473+00:00;31.81;200;ok;api-4;
benchmark-api4-1000-c5-010;010-REQ-000158;158;registro de prueba;2026-06-09T23:45:27.036699+00:00;2026-06-09T23:45:27.066456+00:00;29.74;200;ok;api-2;
benchmark-api4-1000-c5-010;010-REQ-000159;159;registro de prueba;2026-06-09T23:45:27.037949+00:00;2026-06-09T23:45:27.069798+00:00;31.83;200;ok;api-3;
benchmark-api4-1000-c5-010;010-REQ-000160;160;registro de prueba;2026-06-09T23:45:27.054658+00:00;2026-06-09T23:45:27.088962+00:00;34.29;200;ok;api-4;
benchmark-api4-1000-c5-010;010-REQ-000161;161;registro de prueba;2026-06-09T23:45:27.066587+00:00;2026-06-09T23:45:27.098384+00:00;31.78;200;ok;api-2;
benchmark-api4-1000-c5-010;010-REQ-000162;162;registro de prueba;2026-06-09T23:45:27.067621+00:00;2026-06-09T23:45:27.102636+00:00;35.0;200;ok;api-3;
benchmark-api4-1000-c5-010;010-REQ-000163;163;registro de prueba;2026-06-09T23:45:27.070183+00:00;2026-06-09T23:45:27.106254+00:00;36.04;200;ok;api-4;
benchmark-api4-1000-c5-010;010-REQ-000164;164;registro de prueba;2026-06-09T23:45:27.089087+00:00;2026-06-09T23:45:27.129243+00:00;40.14;200;ok;api-2;
benchmark-api4-1000-c5-010;010-REQ-000165;165;registro de prueba;2026-06-09T23:45:27.098536+00:00;2026-06-09T23:45:27.132001+00:00;33.45;200;ok;api-3;
benchmark-api4-1000-c5-010;010-REQ-000166;166;registro de prueba;2026-06-09T23:45:27.102818+00:00;2026-06-09T23:45:27.132799+00:00;29.97;200;ok;api-4;
benchmark-api4-1000-c5-010;010-REQ-000167;167;registro de prueba;2026-06-09T23:45:27.106401+00:00;2026-06-09T23:45:27.140768+00:00;34.35;200;ok;api-2;
benchmark-api4-1000-c5-010;010-REQ-000168;168;registro de prueba;2026-06-09T23:45:27.129411+00:00;2026-06-09T23:45:27.160567+00:00;31.14;200;ok;api-3;
benchmark-api4-1000-c5-010;010-REQ-000169;169;registro de prueba;2026-06-09T23:45:27.132181+00:00;2026-06-09T23:45:27.161408+00:00;29.22;200;ok;api-4;
benchmark-api4-1000-c5-010;010-REQ-000170;170;registro de prueba;2026-06-09T23:45:27.132906+00:00;2026-06-09T23:45:27.162127+00:00;29.21;200;ok;api-2;
benchmark-api4-1000-c5-010;010-REQ-000171;171;registro de prueba;2026-06-09T23:45:27.141024+00:00;2026-06-09T23:45:27.172269+00:00;31.22;200;ok;api-3;
benchmark-api4-1000-c5-010;010-REQ-000172;172;registro de prueba;2026-06-09T23:45:27.160813+00:00;2026-06-09T23:45:27.189348+00:00;28.52;200;ok;api-4;
benchmark-api4-1000-c5-010;010-REQ-000173;173;registro de prueba;2026-06-09T23:45:27.161577+00:00;2026-06-09T23:45:27.189968+00:00;28.38;200;ok;api-2;
benchmark-api4-1000-c5-010;010-REQ-000174;174;registro de prueba;2026-06-09T23:45:27.162250+00:00;2026-06-09T23:45:27.190374+00:00;28.11;200;ok;api-3;
benchmark-api4-1000-c5-010;010-REQ-000175;175;registro de prueba;2026-06-09T23:45:27.172408+00:00;2026-06-09T23:45:27.201454+00:00;29.03;200;ok;api-4;
benchmark-api4-1000-c5-010;010-REQ-000176;176;registro de prueba;2026-06-09T23:45:27.189557+00:00;2026-06-09T23:45:27.215311+00:00;25.74;200;ok;api-2;
benchmark-api4-1000-c5-010;010-REQ-000177;177;registro de prueba;2026-06-09T23:45:27.190071+00:00;2026-06-09T23:45:27.218618+00:00;28.54;200;ok;api-3;
benchmark-api4-1000-c5-010;010-REQ-000178;178;registro de prueba;2026-06-09T23:45:27.190478+00:00;2026-06-09T23:45:27.217114+00:00;26.62;200;ok;api-4;
benchmark-api4-1000-c5-010;010-REQ-000179;179;registro de prueba;2026-06-09T23:45:27.201645+00:00;2026-06-09T23:45:27.228485+00:00;26.82;200;ok;api-2;
benchmark-api4-1000-c5-010;010-REQ-000180;180;registro de prueba;2026-06-09T23:45:27.215570+00:00;2026-06-09T23:45:27.242324+00:00;26.73;200;ok;api-3;
benchmark-api4-1000-c5-010;010-REQ-000181;181;registro de prueba;2026-06-09T23:45:27.217299+00:00;2026-06-09T23:45:27.248833+00:00;31.52;200;ok;api-4;
benchmark-api4-1000-c5-010;010-REQ-000182;182;registro de prueba;2026-06-09T23:45:27.218781+00:00;2026-06-09T23:45:27.244622+00:00;25.83;200;ok;api-2;
benchmark-api4-1000-c5-010;010-REQ-000183;183;registro de prueba;2026-06-09T23:45:27.228608+00:00;2026-06-09T23:45:27.258109+00:00;29.48;200;ok;api-3;
benchmark-api4-1000-c5-010;010-REQ-000184;184;registro de prueba;2026-06-09T23:45:27.242547+00:00;2026-06-09T23:45:27.275221+00:00;32.65;200;ok;api-4;
benchmark-api4-1000-c5-010;010-REQ-000185;185;registro de prueba;2026-06-09T23:45:27.244737+00:00;2026-06-09T23:45:27.278335+00:00;33.59;200;ok;api-2;
benchmark-api4-1000-c5-010;010-REQ-000186;186;registro de prueba;2026-06-09T23:45:27.248938+00:00;2026-06-09T23:45:27.284869+00:00;35.92;200;ok;api-3;
benchmark-api4-1000-c5-010;010-REQ-000187;187;registro de prueba;2026-06-09T23:45:27.258482+00:00;2026-06-09T23:45:27.297168+00:00;38.66;200;ok;api-4;
benchmark-api4-1000-c5-010;010-REQ-000188;188;registro de prueba;2026-06-09T23:45:27.275428+00:00;2026-06-09T23:45:27.311043+00:00;35.6;200;ok;api-2;
benchmark-api4-1000-c5-010;010-REQ-000189;189;registro de prueba;2026-06-09T23:45:27.278495+00:00;2026-06-09T23:45:27.312124+00:00;33.62;200;ok;api-3;
benchmark-api4-1000-c5-010;010-REQ-000190;190;registro de prueba;2026-06-09T23:45:27.285119+00:00;2026-06-09T23:45:27.321739+00:00;36.59;200;ok;api-4;
benchmark-api4-1000-c5-010;010-REQ-000191;191;registro de prueba;2026-06-09T23:45:27.297266+00:00;2026-06-09T23:45:27.331143+00:00;33.86;200;ok;api-2;
benchmark-api4-1000-c5-010;010-REQ-000192;192;registro de prueba;2026-06-09T23:45:27.311189+00:00;2026-06-09T23:45:27.344756+00:00;33.56;200;ok;api-3;
benchmark-api4-1000-c5-010;010-REQ-000193;193;registro de prueba;2026-06-09T23:45:27.312238+00:00;2026-06-09T23:45:27.343985+00:00;31.73;200;ok;api-4;
benchmark-api4-1000-c5-010;010-REQ-000194;194;registro de prueba;2026-06-09T23:45:27.321884+00:00;2026-06-09T23:45:27.352617+00:00;30.72;200;ok;api-2;
benchmark-api4-1000-c5-010;010-REQ-000195;195;registro de prueba;2026-06-09T23:45:27.331319+00:00;2026-06-09T23:45:27.360892+00:00;29.56;200;ok;api-3;
benchmark-api4-1000-c5-010;010-REQ-000196;196;registro de prueba;2026-06-09T23:45:27.344216+00:00;2026-06-09T23:45:27.374426+00:00;30.19;200;ok;api-4;
benchmark-api4-1000-c5-010;010-REQ-000197;197;registro de prueba;2026-06-09T23:45:27.344833+00:00;2026-06-09T23:45:27.372533+00:00;27.53;200;ok;api-2;
benchmark-api4-1000-c5-010;010-REQ-000198;198;registro de prueba;2026-06-09T23:45:27.352715+00:00;2026-06-09T23:45:27.383065+00:00;30.34;200;ok;api-3;
benchmark-api4-1000-c5-010;010-REQ-000199;199;registro de prueba;2026-06-09T23:45:27.361092+00:00;2026-06-09T23:45:27.394111+00:00;33.0;200;ok;api-4;
benchmark-api4-1000-c5-010;010-REQ-000200;200;registro de prueba;2026-06-09T23:45:27.373056+00:00;2026-06-09T23:45:27.412978+00:00;39.9;200;ok;api-2;
benchmark-api4-1000-c5-010;010-REQ-000201;201;registro de prueba;2026-06-09T23:45:27.374920+00:00;2026-06-09T23:45:27.409955+00:00;35.01;200;ok;api-3;
benchmark-api4-1000-c5-010;010-REQ-000202;202;registro de prueba;2026-06-09T23:45:27.383185+00:00;2026-06-09T23:45:27.428055+00:00;44.86;200;ok;api-4;
benchmark-api4-1000-c5-010;010-REQ-000203;203;registro de prueba;2026-06-09T23:45:27.394324+00:00;2026-06-09T23:45:27.435779+00:00;41.44;200;ok;api-2;
benchmark-api4-1000-c5-010;010-REQ-000204;204;registro de prueba;2026-06-09T23:45:27.410113+00:00;2026-06-09T23:45:27.452276+00:00;42.14;200;ok;api-3;
benchmark-api4-1000-c5-010;010-REQ-000205;205;registro de prueba;2026-06-09T23:45:27.413091+00:00;2026-06-09T23:45:27.453410+00:00;40.31;200;ok;api-4;
benchmark-api4-1000-c5-010;010-REQ-000206;206;registro de prueba;2026-06-09T23:45:27.428204+00:00;2026-06-09T23:45:27.464353+00:00;36.14;200;ok;api-2;
benchmark-api4-1000-c5-010;010-REQ-000207;207;registro de prueba;2026-06-09T23:45:27.435973+00:00;2026-06-09T23:45:27.471482+00:00;35.49;200;ok;api-3;
benchmark-api4-1000-c5-010;010-REQ-000208;208;registro de prueba;2026-06-09T23:45:27.452428+00:00;2026-06-09T23:45:27.483034+00:00;30.59;200;ok;api-4;
benchmark-api4-1000-c5-010;010-REQ-000209;209;registro de prueba;2026-06-09T23:45:27.453521+00:00;2026-06-09T23:45:27.480850+00:00;27.32;200;ok;api-2;
benchmark-api4-1000-c5-010;010-REQ-000210;210;registro de prueba;2026-06-09T23:45:27.464432+00:00;2026-06-09T23:45:27.491613+00:00;27.17;200;ok;api-3;
benchmark-api4-1000-c5-010;010-REQ-000211;211;registro de prueba;2026-06-09T23:45:27.471669+00:00;2026-06-09T23:45:27.501975+00:00;30.29;200;ok;api-4;
benchmark-api4-1000-c5-010;010-REQ-000212;212;registro de prueba;2026-06-09T23:45:27.480967+00:00;2026-06-09T23:45:27.510250+00:00;29.27;200;ok;api-2;
benchmark-api4-1000-c5-010;010-REQ-000213;213;registro de prueba;2026-06-09T23:45:27.483167+00:00;2026-06-09T23:45:27.514147+00:00;30.96;200;ok;api-3;
benchmark-api4-1000-c5-010;010-REQ-000214;214;registro de prueba;2026-06-09T23:45:27.491823+00:00;2026-06-09T23:45:27.521220+00:00;29.39;200;ok;api-4;
benchmark-api4-1000-c5-010;010-REQ-000215;215;registro de prueba;2026-06-09T23:45:27.502113+00:00;2026-06-09T23:45:27.535341+00:00;33.21;200;ok;api-2;
benchmark-api4-1000-c5-010;010-REQ-000216;216;registro de prueba;2026-06-09T23:45:27.510403+00:00;2026-06-09T23:45:27.546657+00:00;36.23;200;ok;api-3;
benchmark-api4-1000-c5-010;010-REQ-000217;217;registro de prueba;2026-06-09T23:45:27.514277+00:00;2026-06-09T23:45:27.543409+00:00;29.12;200;ok;api-4;
benchmark-api4-1000-c5-010;010-REQ-000218;218;registro de prueba;2026-06-09T23:45:27.521322+00:00;2026-06-09T23:45:27.552186+00:00;30.85;200;ok;api-2;
benchmark-api4-1000-c5-010;010-REQ-000219;219;registro de prueba;2026-06-09T23:45:27.535436+00:00;2026-06-09T23:45:27.564588+00:00;29.14;200;ok;api-3;
benchmark-api4-1000-c5-010;010-REQ-000220;220;registro de prueba;2026-06-09T23:45:27.543570+00:00;2026-06-09T23:45:27.572344+00:00;28.75;200;ok;api-4;
benchmark-api4-1000-c5-010;010-REQ-000221;221;registro de prueba;2026-06-09T23:45:27.546813+00:00;2026-06-09T23:45:27.573566+00:00;26.73;200;ok;api-2;
benchmark-api4-1000-c5-010;010-REQ-000222;222;registro de prueba;2026-06-09T23:45:27.552288+00:00;2026-06-09T23:45:27.582795+00:00;30.5;200;ok;api-3;
benchmark-api4-1000-c5-010;010-REQ-000223;223;registro de prueba;2026-06-09T23:45:27.564703+00:00;2026-06-09T23:45:27.596047+00:00;31.33;200;ok;api-4;
benchmark-api4-1000-c5-010;010-REQ-000224;224;registro de prueba;2026-06-09T23:45:27.572532+00:00;2026-06-09T23:45:27.598715+00:00;26.16;200;ok;api-2;
benchmark-api4-1000-c5-010;010-REQ-000225;225;registro de prueba;2026-06-09T23:45:27.573719+00:00;2026-06-09T23:45:27.613551+00:00;39.82;200;ok;api-3;
benchmark-api4-1000-c5-010;010-REQ-000226;226;registro de prueba;2026-06-09T23:45:27.582894+00:00;2026-06-09T23:45:27.616051+00:00;33.15;200;ok;api-4;
benchmark-api4-1000-c5-010;010-REQ-000227;227;registro de prueba;2026-06-09T23:45:27.596184+00:00;2026-06-09T23:45:27.628772+00:00;32.58;200;ok;api-2;
benchmark-api4-1000-c5-010;010-REQ-000228;228;registro de prueba;2026-06-09T23:45:27.598863+00:00;2026-06-09T23:45:27.629812+00:00;30.94;200;ok;api-3;
benchmark-api4-1000-c5-010;010-REQ-000229;229;registro de prueba;2026-06-09T23:45:27.613669+00:00;2026-06-09T23:45:27.644715+00:00;31.04;200;ok;api-4;
benchmark-api4-1000-c5-010;010-REQ-000230;230;registro de prueba;2026-06-09T23:45:27.616145+00:00;2026-06-09T23:45:27.643725+00:00;27.57;200;ok;api-2;
benchmark-api4-1000-c5-010;010-REQ-000231;231;registro de prueba;2026-06-09T23:45:27.628981+00:00;2026-06-09T23:45:27.658126+00:00;29.12;200;ok;api-3;
benchmark-api4-1000-c5-010;010-REQ-000232;232;registro de prueba;2026-06-09T23:45:27.629898+00:00;2026-06-09T23:45:27.659592+00:00;29.68;200;ok;api-4;
benchmark-api4-1000-c5-010;010-REQ-000233;233;registro de prueba;2026-06-09T23:45:27.643825+00:00;2026-06-09T23:45:27.672267+00:00;28.43;200;ok;api-2;
benchmark-api4-1000-c5-010;010-REQ-000234;234;registro de prueba;2026-06-09T23:45:27.644834+00:00;2026-06-09T23:45:27.671168+00:00;26.32;200;ok;api-3;
benchmark-api4-1000-c5-010;010-REQ-000235;235;registro de prueba;2026-06-09T23:45:27.658315+00:00;2026-06-09T23:45:27.686635+00:00;28.3;200;ok;api-4;
benchmark-api4-1000-c5-010;010-REQ-000236;236;registro de prueba;2026-06-09T23:45:27.659742+00:00;2026-06-09T23:45:27.685674+00:00;25.91;200;ok;api-2;
benchmark-api4-1000-c5-010;010-REQ-000237;237;registro de prueba;2026-06-09T23:45:27.671428+00:00;2026-06-09T23:45:27.702058+00:00;30.61;200;ok;api-3;
benchmark-api4-1000-c5-010;010-REQ-000238;238;registro de prueba;2026-06-09T23:45:27.672344+00:00;2026-06-09T23:45:27.700449+00:00;28.09;200;ok;api-4;
benchmark-api4-1000-c5-010;010-REQ-000239;239;registro de prueba;2026-06-09T23:45:27.685819+00:00;2026-06-09T23:45:27.714045+00:00;28.21;200;ok;api-2;
benchmark-api4-1000-c5-010;010-REQ-000240;240;registro de prueba;2026-06-09T23:45:27.686762+00:00;2026-06-09T23:45:27.712749+00:00;25.97;200;ok;api-3;
benchmark-api4-1000-c5-010;010-REQ-000241;241;registro de prueba;2026-06-09T23:45:27.700675+00:00;2026-06-09T23:45:27.728669+00:00;27.98;200;ok;api-4;
benchmark-api4-1000-c5-010;010-REQ-000242;242;registro de prueba;2026-06-09T23:45:27.702203+00:00;2026-06-09T23:45:27.728140+00:00;25.92;200;ok;api-2;
benchmark-api4-1000-c5-010;010-REQ-000243;243;registro de prueba;2026-06-09T23:45:27.712927+00:00;2026-06-09T23:45:27.742050+00:00;29.1;200;ok;api-3;
benchmark-api4-1000-c5-010;010-REQ-000244;244;registro de prueba;2026-06-09T23:45:27.714191+00:00;2026-06-09T23:45:27.740915+00:00;26.7;200;ok;api-4;
benchmark-api4-1000-c5-010;010-REQ-000245;245;registro de prueba;2026-06-09T23:45:27.728268+00:00;2026-06-09T23:45:27.754597+00:00;26.32;200;ok;api-2;
benchmark-api4-1000-c5-010;010-REQ-000246;246;registro de prueba;2026-06-09T23:45:27.728731+00:00;2026-06-09T23:45:27.755113+00:00;26.38;200;ok;api-3;
benchmark-api4-1000-c5-010;010-REQ-000247;247;registro de prueba;2026-06-09T23:45:27.741182+00:00;2026-06-09T23:45:27.769857+00:00;28.65;200;ok;api-4;
benchmark-api4-1000-c5-010;010-REQ-000248;248;registro de prueba;2026-06-09T23:45:27.742171+00:00;2026-06-09T23:45:27.775598+00:00;33.41;200;ok;api-2;
benchmark-api4-1000-c5-010;010-REQ-000249;249;registro de prueba;2026-06-09T23:45:27.754729+00:00;2026-06-09T23:45:27.788966+00:00;34.23;200;ok;api-3;
benchmark-api4-1000-c5-010;010-REQ-000250;250;registro de prueba;2026-06-09T23:45:27.755179+00:00;2026-06-09T23:45:27.786877+00:00;31.69;200;ok;api-4;
benchmark-api4-1000-c5-010;010-REQ-000251;251;registro de prueba;2026-06-09T23:45:27.770015+00:00;2026-06-09T23:45:27.799189+00:00;29.16;200;ok;api-2;
benchmark-api4-1000-c5-010;010-REQ-000252;252;registro de prueba;2026-06-09T23:45:27.775847+00:00;2026-06-09T23:45:27.803939+00:00;28.07;200;ok;api-3;
benchmark-api4-1000-c5-010;010-REQ-000253;253;registro de prueba;2026-06-09T23:45:27.787013+00:00;2026-06-09T23:45:27.815212+00:00;28.18;200;ok;api-4;
benchmark-api4-1000-c5-010;010-REQ-000254;254;registro de prueba;2026-06-09T23:45:27.789121+00:00;2026-06-09T23:45:27.816382+00:00;27.24;200;ok;api-2;
benchmark-api4-1000-c5-010;010-REQ-000255;255;registro de prueba;2026-06-09T23:45:27.799302+00:00;2026-06-09T23:45:27.827968+00:00;28.66;200;ok;api-3;
benchmark-api4-1000-c5-010;010-REQ-000256;256;registro de prueba;2026-06-09T23:45:27.804142+00:00;2026-06-09T23:45:27.834653+00:00;30.49;200;ok;api-4;
benchmark-api4-1000-c5-010;010-REQ-000257;257;registro de prueba;2026-06-09T23:45:27.815535+00:00;2026-06-09T23:45:27.846706+00:00;31.15;200;ok;api-2;
benchmark-api4-1000-c5-010;010-REQ-000258;258;registro de prueba;2026-06-09T23:45:27.816494+00:00;2026-06-09T23:45:27.846115+00:00;29.61;200;ok;api-3;
benchmark-api4-1000-c5-010;010-REQ-000259;259;registro de prueba;2026-06-09T23:45:27.828082+00:00;2026-06-09T23:45:27.858517+00:00;30.42;200;ok;api-4;
benchmark-api4-1000-c5-010;010-REQ-000260;260;registro de prueba;2026-06-09T23:45:27.834759+00:00;2026-06-09T23:45:27.864404+00:00;29.63;200;ok;api-2;
benchmark-api4-1000-c5-010;010-REQ-000261;261;registro de prueba;2026-06-09T23:45:27.846286+00:00;2026-06-09T23:45:27.875449+00:00;29.15;200;ok;api-3;
benchmark-api4-1000-c5-010;010-REQ-000262;262;registro de prueba;2026-06-09T23:45:27.846861+00:00;2026-06-09T23:45:27.873895+00:00;27.01;200;ok;api-4;
benchmark-api4-1000-c5-010;010-REQ-000263;263;registro de prueba;2026-06-09T23:45:27.858701+00:00;2026-06-09T23:45:27.886589+00:00;27.88;200;ok;api-2;
benchmark-api4-1000-c5-010;010-REQ-000264;264;registro de prueba;2026-06-09T23:45:27.864614+00:00;2026-06-09T23:45:27.894328+00:00;29.69;200;ok;api-3;
benchmark-api4-1000-c5-010;010-REQ-000265;265;registro de prueba;2026-06-09T23:45:27.874362+00:00;2026-06-09T23:45:27.903591+00:00;29.2;200;ok;api-4;
benchmark-api4-1000-c5-010;010-REQ-000266;266;registro de prueba;2026-06-09T23:45:27.875577+00:00;2026-06-09T23:45:27.905537+00:00;29.94;200;ok;api-2;
benchmark-api4-1000-c5-010;010-REQ-000267;267;registro de prueba;2026-06-09T23:45:27.886756+00:00;2026-06-09T23:45:27.917175+00:00;30.4;200;ok;api-3;
benchmark-api4-1000-c5-010;010-REQ-000268;268;registro de prueba;2026-06-09T23:45:27.894470+00:00;2026-06-09T23:45:27.921804+00:00;27.32;200;ok;api-4;
benchmark-api4-1000-c5-010;010-REQ-000269;269;registro de prueba;2026-06-09T23:45:27.903709+00:00;2026-06-09T23:45:27.933671+00:00;29.95;200;ok;api-2;
benchmark-api4-1000-c5-010;010-REQ-000270;270;registro de prueba;2026-06-09T23:45:27.905682+00:00;2026-06-09T23:45:27.932836+00:00;27.13;200;ok;api-3;
benchmark-api4-1000-c5-010;010-REQ-000271;271;registro de prueba;2026-06-09T23:45:27.917278+00:00;2026-06-09T23:45:27.943860+00:00;26.57;200;ok;api-4;
benchmark-api4-1000-c5-010;010-REQ-000272;272;registro de prueba;2026-06-09T23:45:27.921947+00:00;2026-06-09T23:45:27.950280+00:00;28.32;200;ok;api-2;
benchmark-api4-1000-c5-010;010-REQ-000273;273;registro de prueba;2026-06-09T23:45:27.933087+00:00;2026-06-09T23:45:27.961691+00:00;28.59;200;ok;api-3;
benchmark-api4-1000-c5-010;010-REQ-000274;274;registro de prueba;2026-06-09T23:45:27.933792+00:00;2026-06-09T23:45:27.962749+00:00;28.94;200;ok;api-4;
benchmark-api4-1000-c5-010;010-REQ-000275;275;registro de prueba;2026-06-09T23:45:27.944028+00:00;2026-06-09T23:45:27.970936+00:00;26.89;200;ok;api-2;
benchmark-api4-1000-c5-010;010-REQ-000276;276;registro de prueba;2026-06-09T23:45:27.950382+00:00;2026-06-09T23:45:27.978379+00:00;27.99;200;ok;api-3;
benchmark-api4-1000-c5-010;010-REQ-000277;277;registro de prueba;2026-06-09T23:45:27.961898+00:00;2026-06-09T23:45:27.991224+00:00;29.29;200;ok;api-4;
benchmark-api4-1000-c5-010;010-REQ-000278;278;registro de prueba;2026-06-09T23:45:27.962818+00:00;2026-06-09T23:45:27.988303+00:00;25.47;200;ok;api-2;
benchmark-api4-1000-c5-010;010-REQ-000279;279;registro de prueba;2026-06-09T23:45:27.971039+00:00;2026-06-09T23:45:27.998717+00:00;27.67;200;ok;api-3;
benchmark-api4-1000-c5-010;010-REQ-000280;280;registro de prueba;2026-06-09T23:45:27.978495+00:00;2026-06-09T23:45:28.006683+00:00;28.18;200;ok;api-4;
benchmark-api4-1000-c5-010;010-REQ-000281;281;registro de prueba;2026-06-09T23:45:27.988371+00:00;2026-06-09T23:45:28.016888+00:00;28.51;200;ok;api-2;
benchmark-api4-1000-c5-010;010-REQ-000282;282;registro de prueba;2026-06-09T23:45:27.991442+00:00;2026-06-09T23:45:28.017950+00:00;26.49;200;ok;api-3;
benchmark-api4-1000-c5-010;010-REQ-000283;283;registro de prueba;2026-06-09T23:45:27.998809+00:00;2026-06-09T23:45:28.027789+00:00;28.97;200;ok;api-4;
benchmark-api4-1000-c5-010;010-REQ-000284;284;registro de prueba;2026-06-09T23:45:28.006776+00:00;2026-06-09T23:45:28.033914+00:00;27.13;200;ok;api-2;
benchmark-api4-1000-c5-010;010-REQ-000285;285;registro de prueba;2026-06-09T23:45:28.017075+00:00;2026-06-09T23:45:28.046171+00:00;29.08;200;ok;api-3;
benchmark-api4-1000-c5-010;010-REQ-000286;286;registro de prueba;2026-06-09T23:45:28.018067+00:00;2026-06-09T23:45:28.045293+00:00;27.21;200;ok;api-4;
benchmark-api4-1000-c5-010;010-REQ-000287;287;registro de prueba;2026-06-09T23:45:28.027899+00:00;2026-06-09T23:45:28.054044+00:00;26.14;200;ok;api-2;
benchmark-api4-1000-c5-010;010-REQ-000288;288;registro de prueba;2026-06-09T23:45:28.034048+00:00;2026-06-09T23:45:28.060912+00:00;26.85;200;ok;api-3;
benchmark-api4-1000-c5-010;010-REQ-000289;289;registro de prueba;2026-06-09T23:45:28.045486+00:00;2026-06-09T23:45:28.070684+00:00;25.18;200;ok;api-4;
benchmark-api4-1000-c5-010;010-REQ-000290;290;registro de prueba;2026-06-09T23:45:28.046255+00:00;2026-06-09T23:45:28.072818+00:00;26.55;200;ok;api-2;
benchmark-api4-1000-c5-010;010-REQ-000291;291;registro de prueba;2026-06-09T23:45:28.054140+00:00;2026-06-09T23:45:28.079107+00:00;24.96;200;ok;api-3;
benchmark-api4-1000-c5-010;010-REQ-000292;292;registro de prueba;2026-06-09T23:45:28.061007+00:00;2026-06-09T23:45:28.086817+00:00;25.8;200;ok;api-4;
benchmark-api4-1000-c5-010;010-REQ-000293;293;registro de prueba;2026-06-09T23:45:28.070855+00:00;2026-06-09T23:45:28.098021+00:00;27.15;200;ok;api-2;
benchmark-api4-1000-c5-010;010-REQ-000294;294;registro de prueba;2026-06-09T23:45:28.072901+00:00;2026-06-09T23:45:28.098880+00:00;25.97;200;ok;api-3;
benchmark-api4-1000-c5-010;010-REQ-000295;295;registro de prueba;2026-06-09T23:45:28.079233+00:00;2026-06-09T23:45:28.103137+00:00;23.89;200;ok;api-4;
benchmark-api4-1000-c5-010;010-REQ-000296;296;registro de prueba;2026-06-09T23:45:28.086902+00:00;2026-06-09T23:45:28.112699+00:00;25.79;200;ok;api-2;
benchmark-api4-1000-c5-010;010-REQ-000297;297;registro de prueba;2026-06-09T23:45:28.098226+00:00;2026-06-09T23:45:28.125522+00:00;27.28;200;ok;api-3;
benchmark-api4-1000-c5-010;010-REQ-000298;298;registro de prueba;2026-06-09T23:45:28.098934+00:00;2026-06-09T23:45:28.123823+00:00;24.88;200;ok;api-4;
benchmark-api4-1000-c5-010;010-REQ-000299;299;registro de prueba;2026-06-09T23:45:28.103244+00:00;2026-06-09T23:45:28.130582+00:00;27.33;200;ok;api-2;
benchmark-api4-1000-c5-010;010-REQ-000300;300;registro de prueba;2026-06-09T23:45:28.112816+00:00;2026-06-09T23:45:28.137726+00:00;24.9;200;ok;api-3;
benchmark-api4-1000-c5-010;010-REQ-000301;301;registro de prueba;2026-06-09T23:45:28.124314+00:00;2026-06-09T23:45:28.151080+00:00;26.74;200;ok;api-4;
benchmark-api4-1000-c5-010;010-REQ-000302;302;registro de prueba;2026-06-09T23:45:28.125720+00:00;2026-06-09T23:45:28.149901+00:00;24.12;200;ok;api-2;
benchmark-api4-1000-c5-010;010-REQ-000303;303;registro de prueba;2026-06-09T23:45:28.130714+00:00;2026-06-09T23:45:28.158826+00:00;28.09;200;ok;api-3;
benchmark-api4-1000-c5-010;010-REQ-000304;304;registro de prueba;2026-06-09T23:45:28.137867+00:00;2026-06-09T23:45:28.167317+00:00;29.44;200;ok;api-4;
benchmark-api4-1000-c5-010;010-REQ-000305;305;registro de prueba;2026-06-09T23:45:28.150063+00:00;2026-06-09T23:45:28.177415+00:00;27.33;200;ok;api-2;
benchmark-api4-1000-c5-010;010-REQ-000306;306;registro de prueba;2026-06-09T23:45:28.151170+00:00;2026-06-09T23:45:28.178864+00:00;27.68;200;ok;api-3;
benchmark-api4-1000-c5-010;010-REQ-000307;307;registro de prueba;2026-06-09T23:45:28.159034+00:00;2026-06-09T23:45:28.186757+00:00;27.7;200;ok;api-4;
benchmark-api4-1000-c5-010;010-REQ-000308;308;registro de prueba;2026-06-09T23:45:28.167411+00:00;2026-06-09T23:45:28.192155+00:00;24.73;200;ok;api-2;
benchmark-api4-1000-c5-010;010-REQ-000309;309;registro de prueba;2026-06-09T23:45:28.177536+00:00;2026-06-09T23:45:28.204110+00:00;26.56;200;ok;api-3;
benchmark-api4-1000-c5-010;010-REQ-000310;310;registro de prueba;2026-06-09T23:45:28.179023+00:00;2026-06-09T23:45:28.202761+00:00;23.72;200;ok;api-4;
benchmark-api4-1000-c5-010;010-REQ-000311;311;registro de prueba;2026-06-09T23:45:28.186850+00:00;2026-06-09T23:45:28.212764+00:00;25.9;200;ok;api-2;
benchmark-api4-1000-c5-010;010-REQ-000312;312;registro de prueba;2026-06-09T23:45:28.192250+00:00;2026-06-09T23:45:28.217655+00:00;25.4;200;ok;api-3;
benchmark-api4-1000-c5-010;010-REQ-000313;313;registro de prueba;2026-06-09T23:45:28.202903+00:00;2026-06-09T23:45:28.229991+00:00;27.07;200;ok;api-4;
benchmark-api4-1000-c5-010;010-REQ-000314;314;registro de prueba;2026-06-09T23:45:28.204238+00:00;2026-06-09T23:45:28.229558+00:00;25.31;200;ok;api-2;
benchmark-api4-1000-c5-010;010-REQ-000315;315;registro de prueba;2026-06-09T23:45:28.212884+00:00;2026-06-09T23:45:28.238100+00:00;25.2;200;ok;api-3;
benchmark-api4-1000-c5-010;010-REQ-000316;316;registro de prueba;2026-06-09T23:45:28.217734+00:00;2026-06-09T23:45:28.244013+00:00;26.27;200;ok;api-4;
benchmark-api4-1000-c5-010;010-REQ-000317;317;registro de prueba;2026-06-09T23:45:28.229657+00:00;2026-06-09T23:45:28.254813+00:00;25.15;200;ok;api-2;
benchmark-api4-1000-c5-010;010-REQ-000318;318;registro de prueba;2026-06-09T23:45:28.230051+00:00;2026-06-09T23:45:28.253596+00:00;23.54;200;ok;api-3;
benchmark-api4-1000-c5-010;010-REQ-000319;319;registro de prueba;2026-06-09T23:45:28.238203+00:00;2026-06-09T23:45:28.264118+00:00;25.9;200;ok;api-4;
benchmark-api4-1000-c5-010;010-REQ-000320;320;registro de prueba;2026-06-09T23:45:28.244114+00:00;2026-06-09T23:45:28.269802+00:00;25.68;200;ok;api-2;
benchmark-api4-1000-c5-010;010-REQ-000321;321;registro de prueba;2026-06-09T23:45:28.253697+00:00;2026-06-09T23:45:28.291390+00:00;37.68;200;ok;api-3;
benchmark-api4-1000-c5-010;010-REQ-000322;322;registro de prueba;2026-06-09T23:45:28.254897+00:00;2026-06-09T23:45:28.290383+00:00;35.47;200;ok;api-4;
benchmark-api4-1000-c5-010;010-REQ-000323;323;registro de prueba;2026-06-09T23:45:28.264212+00:00;2026-06-09T23:45:28.301219+00:00;37.0;200;ok;api-2;
benchmark-api4-1000-c5-010;010-REQ-000324;324;registro de prueba;2026-06-09T23:45:28.269907+00:00;2026-06-09T23:45:28.309091+00:00;39.17;200;ok;api-3;
benchmark-api4-1000-c5-010;010-REQ-000325;325;registro de prueba;2026-06-09T23:45:28.290560+00:00;2026-06-09T23:45:28.319769+00:00;29.17;200;ok;api-4;
benchmark-api4-1000-c5-010;010-REQ-000326;326;registro de prueba;2026-06-09T23:45:28.291537+00:00;2026-06-09T23:45:28.321145+00:00;29.59;200;ok;api-2;
benchmark-api4-1000-c5-010;010-REQ-000327;327;registro de prueba;2026-06-09T23:45:28.301325+00:00;2026-06-09T23:45:28.332868+00:00;31.53;200;ok;api-3;
benchmark-api4-1000-c5-010;010-REQ-000328;328;registro de prueba;2026-06-09T23:45:28.309667+00:00;2026-06-09T23:45:28.345673+00:00;35.93;200;ok;api-4;
benchmark-api4-1000-c5-010;010-REQ-000329;329;registro de prueba;2026-06-09T23:45:28.319927+00:00;2026-06-09T23:45:28.354824+00:00;34.88;200;ok;api-2;
benchmark-api4-1000-c5-010;010-REQ-000330;330;registro de prueba;2026-06-09T23:45:28.321260+00:00;2026-06-09T23:45:28.360215+00:00;38.94;200;ok;api-3;
benchmark-api4-1000-c5-010;010-REQ-000331;331;registro de prueba;2026-06-09T23:45:28.333004+00:00;2026-06-09T23:45:28.372376+00:00;39.36;200;ok;api-4;
benchmark-api4-1000-c5-010;010-REQ-000332;332;registro de prueba;2026-06-09T23:45:28.345862+00:00;2026-06-09T23:45:28.379492+00:00;33.61;200;ok;api-2;
benchmark-api4-1000-c5-010;010-REQ-000333;333;registro de prueba;2026-06-09T23:45:28.355059+00:00;2026-06-09T23:45:28.399145+00:00;44.06;200;ok;api-3;
benchmark-api4-1000-c5-010;010-REQ-000334;334;registro de prueba;2026-06-09T23:45:28.360549+00:00;2026-06-09T23:45:28.402892+00:00;42.32;200;ok;api-4;
benchmark-api4-1000-c5-010;010-REQ-000335;335;registro de prueba;2026-06-09T23:45:28.372524+00:00;2026-06-09T23:45:28.414731+00:00;42.19;200;ok;api-2;
benchmark-api4-1000-c5-010;010-REQ-000336;336;registro de prueba;2026-06-09T23:45:28.379640+00:00;2026-06-09T23:45:28.420434+00:00;40.78;200;ok;api-3;
benchmark-api4-1000-c5-010;010-REQ-000337;337;registro de prueba;2026-06-09T23:45:28.399299+00:00;2026-06-09T23:45:28.430983+00:00;31.67;200;ok;api-4;
benchmark-api4-1000-c5-010;010-REQ-000338;338;registro de prueba;2026-06-09T23:45:28.403033+00:00;2026-06-09T23:45:28.438146+00:00;35.1;200;ok;api-2;
benchmark-api4-1000-c5-010;010-REQ-000339;339;registro de prueba;2026-06-09T23:45:28.414869+00:00;2026-06-09T23:45:28.447979+00:00;33.1;200;ok;api-3;
benchmark-api4-1000-c5-010;010-REQ-000340;340;registro de prueba;2026-06-09T23:45:28.420602+00:00;2026-06-09T23:45:28.456140+00:00;35.52;200;ok;api-4;
benchmark-api4-1000-c5-010;010-REQ-000341;341;registro de prueba;2026-06-09T23:45:28.431105+00:00;2026-06-09T23:45:28.463351+00:00;32.24;200;ok;api-2;
benchmark-api4-1000-c5-010;010-REQ-000342;342;registro de prueba;2026-06-09T23:45:28.438300+00:00;2026-06-09T23:45:28.469860+00:00;31.55;200;ok;api-3;
benchmark-api4-1000-c5-010;010-REQ-000343;343;registro de prueba;2026-06-09T23:45:28.448111+00:00;2026-06-09T23:45:28.480074+00:00;31.95;200;ok;api-4;
benchmark-api4-1000-c5-010;010-REQ-000344;344;registro de prueba;2026-06-09T23:45:28.456300+00:00;2026-06-09T23:45:28.488582+00:00;32.27;200;ok;api-2;
benchmark-api4-1000-c5-010;010-REQ-000345;345;registro de prueba;2026-06-09T23:45:28.463500+00:00;2026-06-09T23:45:28.493331+00:00;29.82;200;ok;api-3;
benchmark-api4-1000-c5-010;010-REQ-000346;346;registro de prueba;2026-06-09T23:45:28.469994+00:00;2026-06-09T23:45:28.503241+00:00;33.23;200;ok;api-4;
benchmark-api4-1000-c5-010;010-REQ-000347;347;registro de prueba;2026-06-09T23:45:28.480215+00:00;2026-06-09T23:45:28.512242+00:00;32.01;200;ok;api-2;
benchmark-api4-1000-c5-010;010-REQ-000348;348;registro de prueba;2026-06-09T23:45:28.488700+00:00;2026-06-09T23:45:28.522703+00:00;33.95;200;ok;api-3;
benchmark-api4-1000-c5-010;010-REQ-000349;349;registro de prueba;2026-06-09T23:45:28.493466+00:00;2026-06-09T23:45:28.525236+00:00;31.76;200;ok;api-4;
benchmark-api4-1000-c5-010;010-REQ-000350;350;registro de prueba;2026-06-09T23:45:28.503391+00:00;2026-06-09T23:45:28.540508+00:00;37.1;200;ok;api-2;
benchmark-api4-1000-c5-010;010-REQ-000351;351;registro de prueba;2026-06-09T23:45:28.512382+00:00;2026-06-09T23:45:28.551400+00:00;39.0;200;ok;api-3;
benchmark-api4-1000-c5-010;010-REQ-000352;352;registro de prueba;2026-06-09T23:45:28.524024+00:00;2026-06-09T23:45:28.559889+00:00;35.8;200;ok;api-4;
benchmark-api4-1000-c5-010;010-REQ-000353;353;registro de prueba;2026-06-09T23:45:28.525448+00:00;2026-06-09T23:45:28.558394+00:00;32.92;200;ok;api-2;
benchmark-api4-1000-c5-010;010-REQ-000354;354;registro de prueba;2026-06-09T23:45:28.540673+00:00;2026-06-09T23:45:28.577052+00:00;36.37;200;ok;api-3;
benchmark-api4-1000-c5-010;010-REQ-000355;355;registro de prueba;2026-06-09T23:45:28.551535+00:00;2026-06-09T23:45:28.586695+00:00;35.15;200;ok;api-4;
benchmark-api4-1000-c5-010;010-REQ-000356;356;registro de prueba;2026-06-09T23:45:28.558673+00:00;2026-06-09T23:45:28.597514+00:00;38.81;200;ok;api-2;
benchmark-api4-1000-c5-010;010-REQ-000357;357;registro de prueba;2026-06-09T23:45:28.560079+00:00;2026-06-09T23:45:28.592930+00:00;32.82;200;ok;api-3;
benchmark-api4-1000-c5-010;010-REQ-000358;358;registro de prueba;2026-06-09T23:45:28.577241+00:00;2026-06-09T23:45:28.618474+00:00;41.21;200;ok;api-4;
benchmark-api4-1000-c5-010;010-REQ-000359;359;registro de prueba;2026-06-09T23:45:28.586817+00:00;2026-06-09T23:45:28.631940+00:00;45.11;200;ok;api-2;
benchmark-api4-1000-c5-010;010-REQ-000360;360;registro de prueba;2026-06-09T23:45:28.593114+00:00;2026-06-09T23:45:28.632760+00:00;39.63;200;ok;api-3;
benchmark-api4-1000-c5-010;010-REQ-000361;361;registro de prueba;2026-06-09T23:45:28.597802+00:00;2026-06-09T23:45:28.636457+00:00;38.63;200;ok;api-4;
benchmark-api4-1000-c5-010;010-REQ-000362;362;registro de prueba;2026-06-09T23:45:28.618636+00:00;2026-06-09T23:45:28.654517+00:00;35.87;200;ok;api-2;
benchmark-api4-1000-c5-010;010-REQ-000363;363;registro de prueba;2026-06-09T23:45:28.632152+00:00;2026-06-09T23:45:28.666597+00:00;34.43;200;ok;api-3;
benchmark-api4-1000-c5-010;010-REQ-000364;364;registro de prueba;2026-06-09T23:45:28.632912+00:00;2026-06-09T23:45:28.663742+00:00;30.82;200;ok;api-4;
benchmark-api4-1000-c5-010;010-REQ-000365;365;registro de prueba;2026-06-09T23:45:28.636662+00:00;2026-06-09T23:45:28.673027+00:00;36.34;200;ok;api-2;
benchmark-api4-1000-c5-010;010-REQ-000366;366;registro de prueba;2026-06-09T23:45:28.654712+00:00;2026-06-09T23:45:28.694005+00:00;39.27;200;ok;api-3;
benchmark-api4-1000-c5-010;010-REQ-000367;367;registro de prueba;2026-06-09T23:45:28.663920+00:00;2026-06-09T23:45:28.705222+00:00;41.28;200;ok;api-4;
benchmark-api4-1000-c5-010;010-REQ-000368;368;registro de prueba;2026-06-09T23:45:28.666744+00:00;2026-06-09T23:45:28.718699+00:00;51.94;200;ok;api-2;
benchmark-api4-1000-c5-010;010-REQ-000369;369;registro de prueba;2026-06-09T23:45:28.673146+00:00;2026-06-09T23:45:28.731314+00:00;58.16;200;ok;api-3;
benchmark-api4-1000-c5-010;010-REQ-000370;370;registro de prueba;2026-06-09T23:45:28.694187+00:00;2026-06-09T23:45:28.749220+00:00;55.01;200;ok;api-4;
benchmark-api4-1000-c5-010;010-REQ-000371;371;registro de prueba;2026-06-09T23:45:28.705359+00:00;2026-06-09T23:45:28.753663+00:00;48.29;200;ok;api-2;
benchmark-api4-1000-c5-010;010-REQ-000372;372;registro de prueba;2026-06-09T23:45:28.718860+00:00;2026-06-09T23:45:28.755740+00:00;36.87;200;ok;api-3;
benchmark-api4-1000-c5-010;010-REQ-000373;373;registro de prueba;2026-06-09T23:45:28.731485+00:00;2026-06-09T23:45:28.769835+00:00;38.34;200;ok;api-4;
benchmark-api4-1000-c5-010;010-REQ-000374;374;registro de prueba;2026-06-09T23:45:28.749341+00:00;2026-06-09T23:45:28.792480+00:00;43.12;200;ok;api-2;
benchmark-api4-1000-c5-010;010-REQ-000375;375;registro de prueba;2026-06-09T23:45:28.753804+00:00;2026-06-09T23:45:28.790839+00:00;37.02;200;ok;api-3;
benchmark-api4-1000-c5-010;010-REQ-000376;376;registro de prueba;2026-06-09T23:45:28.755864+00:00;2026-06-09T23:45:28.806102+00:00;50.22;200;ok;api-4;
benchmark-api4-1000-c5-010;010-REQ-000377;377;registro de prueba;2026-06-09T23:45:28.769978+00:00;2026-06-09T23:45:28.814073+00:00;44.07;200;ok;api-2;
benchmark-api4-1000-c5-010;010-REQ-000378;378;registro de prueba;2026-06-09T23:45:28.791113+00:00;2026-06-09T23:45:28.833683+00:00;42.55;200;ok;api-3;
benchmark-api4-1000-c5-010;010-REQ-000379;379;registro de prueba;2026-06-09T23:45:28.793111+00:00;2026-06-09T23:45:28.832249+00:00;39.11;200;ok;api-4;
benchmark-api4-1000-c5-010;010-REQ-000380;380;registro de prueba;2026-06-09T23:45:28.806224+00:00;2026-06-09T23:45:28.844858+00:00;38.62;200;ok;api-2;
benchmark-api4-1000-c5-010;010-REQ-000381;381;registro de prueba;2026-06-09T23:45:28.814222+00:00;2026-06-09T23:45:28.851656+00:00;37.42;200;ok;api-3;
benchmark-api4-1000-c5-010;010-REQ-000382;382;registro de prueba;2026-06-09T23:45:28.832459+00:00;2026-06-09T23:45:28.868732+00:00;36.18;200;ok;api-4;
benchmark-api4-1000-c5-010;010-REQ-000383;383;registro de prueba;2026-06-09T23:45:28.833783+00:00;2026-06-09T23:45:28.865964+00:00;32.17;200;ok;api-2;
benchmark-api4-1000-c5-010;010-REQ-000384;384;registro de prueba;2026-06-09T23:45:28.845016+00:00;2026-06-09T23:45:28.883858+00:00;38.82;200;ok;api-3;
benchmark-api4-1000-c5-010;010-REQ-000385;385;registro de prueba;2026-06-09T23:45:28.851825+00:00;2026-06-09T23:45:28.891895+00:00;40.06;200;ok;api-4;
benchmark-api4-1000-c5-010;010-REQ-000386;386;registro de prueba;2026-06-09T23:45:28.866133+00:00;2026-06-09T23:45:28.904290+00:00;38.14;200;ok;api-2;
benchmark-api4-1000-c5-010;010-REQ-000387;387;registro de prueba;2026-06-09T23:45:28.868949+00:00;2026-06-09T23:45:28.905409+00:00;36.44;200;ok;api-3;
benchmark-api4-1000-c5-010;010-REQ-000388;388;registro de prueba;2026-06-09T23:45:28.883983+00:00;2026-06-09T23:45:28.917223+00:00;33.23;200;ok;api-4;
benchmark-api4-1000-c5-010;010-REQ-000389;389;registro de prueba;2026-06-09T23:45:28.892129+00:00;2026-06-09T23:45:28.937044+00:00;44.89;200;ok;api-2;
benchmark-api4-1000-c5-010;010-REQ-000390;390;registro de prueba;2026-06-09T23:45:28.904608+00:00;2026-06-09T23:45:28.943550+00:00;38.92;200;ok;api-3;
benchmark-api4-1000-c5-010;010-REQ-000391;391;registro de prueba;2026-06-09T23:45:28.905548+00:00;2026-06-09T23:45:28.944724+00:00;39.16;200;ok;api-4;
benchmark-api4-1000-c5-010;010-REQ-000392;392;registro de prueba;2026-06-09T23:45:28.917386+00:00;2026-06-09T23:45:28.955161+00:00;37.76;200;ok;api-2;
benchmark-api4-1000-c5-010;010-REQ-000393;393;registro de prueba;2026-06-09T23:45:28.937182+00:00;2026-06-09T23:45:28.972602+00:00;35.41;200;ok;api-3;
benchmark-api4-1000-c5-010;010-REQ-000394;394;registro de prueba;2026-06-09T23:45:28.943730+00:00;2026-06-09T23:45:28.975478+00:00;31.73;200;ok;api-4;
benchmark-api4-1000-c5-010;010-REQ-000395;395;registro de prueba;2026-06-09T23:45:28.944894+00:00;2026-06-09T23:45:28.981810+00:00;36.9;200;ok;api-2;
benchmark-api4-1000-c5-010;010-REQ-000396;396;registro de prueba;2026-06-09T23:45:28.955306+00:00;2026-06-09T23:45:28.996262+00:00;40.94;200;ok;api-3;
benchmark-api4-1000-c5-010;010-REQ-000397;397;registro de prueba;2026-06-09T23:45:28.972924+00:00;2026-06-09T23:45:29.016528+00:00;43.58;200;ok;api-4;
benchmark-api4-1000-c5-010;010-REQ-000398;398;registro de prueba;2026-06-09T23:45:28.975701+00:00;2026-06-09T23:45:29.019535+00:00;43.82;200;ok;api-2;
benchmark-api4-1000-c5-010;010-REQ-000399;399;registro de prueba;2026-06-09T23:45:28.981948+00:00;2026-06-09T23:45:29.018645+00:00;36.68;200;ok;api-3;
benchmark-api4-1000-c5-010;010-REQ-000400;400;registro de prueba;2026-06-09T23:45:28.996405+00:00;2026-06-09T23:45:29.043099+00:00;46.68;200;ok;api-4;
benchmark-api4-1000-c5-010;010-REQ-000401;401;registro de prueba;2026-06-09T23:45:29.016709+00:00;2026-06-09T23:45:29.064373+00:00;47.64;200;ok;api-2;
benchmark-api4-1000-c5-010;010-REQ-000402;402;registro de prueba;2026-06-09T23:45:29.018827+00:00;2026-06-09T23:45:29.059587+00:00;40.75;200;ok;api-3;
benchmark-api4-1000-c5-010;010-REQ-000403;403;registro de prueba;2026-06-09T23:45:29.019599+00:00;2026-06-09T23:45:29.061898+00:00;42.27;200;ok;api-4;
benchmark-api4-1000-c5-010;010-REQ-000404;404;registro de prueba;2026-06-09T23:45:29.043232+00:00;2026-06-09T23:45:29.077389+00:00;34.14;200;ok;api-2;
benchmark-api4-1000-c5-010;010-REQ-000405;405;registro de prueba;2026-06-09T23:45:29.059724+00:00;2026-06-09T23:45:29.096830+00:00;37.09;200;ok;api-3;
benchmark-api4-1000-c5-010;010-REQ-000406;406;registro de prueba;2026-06-09T23:45:29.062020+00:00;2026-06-09T23:45:29.098059+00:00;36.03;200;ok;api-4;
benchmark-api4-1000-c5-010;010-REQ-000407;407;registro de prueba;2026-06-09T23:45:29.064521+00:00;2026-06-09T23:45:29.098756+00:00;34.22;200;ok;api-2;
benchmark-api4-1000-c5-010;010-REQ-000408;408;registro de prueba;2026-06-09T23:45:29.077526+00:00;2026-06-09T23:45:29.116125+00:00;38.59;200;ok;api-3;
benchmark-api4-1000-c5-010;010-REQ-000409;409;registro de prueba;2026-06-09T23:45:29.097019+00:00;2026-06-09T23:45:29.132162+00:00;35.13;200;ok;api-4;
benchmark-api4-1000-c5-010;010-REQ-000410;410;registro de prueba;2026-06-09T23:45:29.098228+00:00;2026-06-09T23:45:29.130632+00:00;32.39;200;ok;api-2;
benchmark-api4-1000-c5-010;010-REQ-000411;411;registro de prueba;2026-06-09T23:45:29.098850+00:00;2026-06-09T23:45:29.131455+00:00;32.59;200;ok;api-3;
benchmark-api4-1000-c5-010;010-REQ-000412;412;registro de prueba;2026-06-09T23:45:29.116265+00:00;2026-06-09T23:45:29.147491+00:00;31.22;200;ok;api-4;
benchmark-api4-1000-c5-010;010-REQ-000413;413;registro de prueba;2026-06-09T23:45:29.130881+00:00;2026-06-09T23:45:29.166580+00:00;35.69;200;ok;api-2;
benchmark-api4-1000-c5-010;010-REQ-000414;414;registro de prueba;2026-06-09T23:45:29.131591+00:00;2026-06-09T23:45:29.165265+00:00;33.66;200;ok;api-3;
benchmark-api4-1000-c5-010;010-REQ-000415;415;registro de prueba;2026-06-09T23:45:29.132236+00:00;2026-06-09T23:45:29.166452+00:00;34.21;200;ok;api-4;
benchmark-api4-1000-c5-010;010-REQ-000416;416;registro de prueba;2026-06-09T23:45:29.147598+00:00;2026-06-09T23:45:29.186913+00:00;39.3;200;ok;api-2;
benchmark-api4-1000-c5-010;010-REQ-000417;417;registro de prueba;2026-06-09T23:45:29.165433+00:00;2026-06-09T23:45:29.202441+00:00;37.0;200;ok;api-3;
benchmark-api4-1000-c5-010;010-REQ-000418;418;registro de prueba;2026-06-09T23:45:29.166654+00:00;2026-06-09T23:45:29.200515+00:00;33.85;200;ok;api-2;
benchmark-api4-1000-c5-010;010-REQ-000419;419;registro de prueba;2026-06-09T23:45:29.167193+00:00;2026-06-09T23:45:29.198882+00:00;31.67;200;ok;api-4;
benchmark-api4-1000-c5-010;010-REQ-000420;420;registro de prueba;2026-06-09T23:45:29.187050+00:00;2026-06-09T23:45:29.216917+00:00;29.85;200;ok;api-3;
benchmark-api4-1000-c5-010;010-REQ-000421;421;registro de prueba;2026-06-09T23:45:29.199032+00:00;2026-06-09T23:45:29.225990+00:00;26.94;200;ok;api-4;
benchmark-api4-1000-c5-010;010-REQ-000422;422;registro de prueba;2026-06-09T23:45:29.200631+00:00;2026-06-09T23:45:29.228553+00:00;27.91;200;ok;api-2;
benchmark-api4-1000-c5-010;010-REQ-000423;423;registro de prueba;2026-06-09T23:45:29.202559+00:00;2026-06-09T23:45:29.229321+00:00;26.75;200;ok;api-3;
benchmark-api4-1000-c5-010;010-REQ-000424;424;registro de prueba;2026-06-09T23:45:29.217032+00:00;2026-06-09T23:45:29.244106+00:00;27.06;200;ok;api-4;
benchmark-api4-1000-c5-010;010-REQ-000425;425;registro de prueba;2026-06-09T23:45:29.226126+00:00;2026-06-09T23:45:29.249927+00:00;23.79;200;ok;api-2;
benchmark-api4-1000-c5-010;010-REQ-000426;426;registro de prueba;2026-06-09T23:45:29.228675+00:00;2026-06-09T23:45:29.254869+00:00;26.18;200;ok;api-3;
benchmark-api4-1000-c5-010;010-REQ-000427;427;registro de prueba;2026-06-09T23:45:29.229390+00:00;2026-06-09T23:45:29.253893+00:00;24.48;200;ok;api-4;
benchmark-api4-1000-c5-010;010-REQ-000428;428;registro de prueba;2026-06-09T23:45:29.244215+00:00;2026-06-09T23:45:29.271427+00:00;27.2;200;ok;api-2;
benchmark-api4-1000-c5-010;010-REQ-000429;429;registro de prueba;2026-06-09T23:45:29.250086+00:00;2026-06-09T23:45:29.274017+00:00;23.91;200;ok;api-3;
benchmark-api4-1000-c5-010;010-REQ-000430;430;registro de prueba;2026-06-09T23:45:29.254119+00:00;2026-06-09T23:45:29.282603+00:00;28.43;200;ok;api-4;
benchmark-api4-1000-c5-010;010-REQ-000431;431;registro de prueba;2026-06-09T23:45:29.254952+00:00;2026-06-09T23:45:29.279952+00:00;24.99;200;ok;api-2;
benchmark-api4-1000-c5-010;010-REQ-000432;432;registro de prueba;2026-06-09T23:45:29.271611+00:00;2026-06-09T23:45:29.303383+00:00;31.75;200;ok;api-3;
benchmark-api4-1000-c5-010;010-REQ-000433;433;registro de prueba;2026-06-09T23:45:29.274212+00:00;2026-06-09T23:45:29.301521+00:00;27.3;200;ok;api-4;
benchmark-api4-1000-c5-010;010-REQ-000434;434;registro de prueba;2026-06-09T23:45:29.280119+00:00;2026-06-09T23:45:29.307664+00:00;27.52;200;ok;api-2;
benchmark-api4-1000-c5-010;010-REQ-000435;435;registro de prueba;2026-06-09T23:45:29.282723+00:00;2026-06-09T23:45:29.314800+00:00;32.07;200;ok;api-3;
benchmark-api4-1000-c5-010;010-REQ-000436;436;registro de prueba;2026-06-09T23:45:29.301892+00:00;2026-06-09T23:45:29.330247+00:00;28.34;200;ok;api-4;
benchmark-api4-1000-c5-010;010-REQ-000437;437;registro de prueba;2026-06-09T23:45:29.303533+00:00;2026-06-09T23:45:29.332574+00:00;29.03;200;ok;api-2;
benchmark-api4-1000-c5-010;010-REQ-000438;438;registro de prueba;2026-06-09T23:45:29.307937+00:00;2026-06-09T23:45:29.337999+00:00;29.94;200;ok;api-3;
benchmark-api4-1000-c5-010;010-REQ-000439;439;registro de prueba;2026-06-09T23:45:29.315022+00:00;2026-06-09T23:45:29.341690+00:00;26.65;200;ok;api-4;
benchmark-api4-1000-c5-010;010-REQ-000440;440;registro de prueba;2026-06-09T23:45:29.330363+00:00;2026-06-09T23:45:29.359447+00:00;29.07;200;ok;api-2;
benchmark-api4-1000-c5-010;010-REQ-000441;441;registro de prueba;2026-06-09T23:45:29.332738+00:00;2026-06-09T23:45:29.360629+00:00;27.87;200;ok;api-3;
benchmark-api4-1000-c5-010;010-REQ-000442;442;registro de prueba;2026-06-09T23:45:29.338145+00:00;2026-06-09T23:45:29.368026+00:00;29.86;200;ok;api-4;
benchmark-api4-1000-c5-010;010-REQ-000443;443;registro de prueba;2026-06-09T23:45:29.341863+00:00;2026-06-09T23:45:29.368756+00:00;26.87;200;ok;api-2;
benchmark-api4-1000-c5-010;010-REQ-000444;444;registro de prueba;2026-06-09T23:45:29.359666+00:00;2026-06-09T23:45:29.387226+00:00;27.54;200;ok;api-3;
benchmark-api4-1000-c5-010;010-REQ-000445;445;registro de prueba;2026-06-09T23:45:29.360744+00:00;2026-06-09T23:45:29.386298+00:00;25.54;200;ok;api-4;
benchmark-api4-1000-c5-010;010-REQ-000446;446;registro de prueba;2026-06-09T23:45:29.368185+00:00;2026-06-09T23:45:29.396415+00:00;28.22;200;ok;api-2;
benchmark-api4-1000-c5-010;010-REQ-000447;447;registro de prueba;2026-06-09T23:45:29.368810+00:00;2026-06-09T23:45:29.395419+00:00;26.6;200;ok;api-3;
benchmark-api4-1000-c5-010;010-REQ-000448;448;registro de prueba;2026-06-09T23:45:29.386520+00:00;2026-06-09T23:45:29.413490+00:00;26.96;200;ok;api-4;
benchmark-api4-1000-c5-010;010-REQ-000449;449;registro de prueba;2026-06-09T23:45:29.387348+00:00;2026-06-09T23:45:29.414269+00:00;26.91;200;ok;api-2;
benchmark-api4-1000-c5-010;010-REQ-000450;450;registro de prueba;2026-06-09T23:45:29.395589+00:00;2026-06-09T23:45:29.424311+00:00;28.71;200;ok;api-3;
benchmark-api4-1000-c5-010;010-REQ-000451;451;registro de prueba;2026-06-09T23:45:29.396519+00:00;2026-06-09T23:45:29.427479+00:00;30.95;200;ok;api-4;
benchmark-api4-1000-c5-010;010-REQ-000452;452;registro de prueba;2026-06-09T23:45:29.413676+00:00;2026-06-09T23:45:29.451580+00:00;37.89;200;ok;api-2;
benchmark-api4-1000-c5-010;010-REQ-000453;453;registro de prueba;2026-06-09T23:45:29.414370+00:00;2026-06-09T23:45:29.449070+00:00;34.69;200;ok;api-3;
benchmark-api4-1000-c5-010;010-REQ-000454;454;registro de prueba;2026-06-09T23:45:29.424447+00:00;2026-06-09T23:45:29.460771+00:00;36.32;200;ok;api-4;
benchmark-api4-1000-c5-010;010-REQ-000455;455;registro de prueba;2026-06-09T23:45:29.427632+00:00;2026-06-09T23:45:29.459796+00:00;32.15;200;ok;api-2;
benchmark-api4-1000-c5-010;010-REQ-000456;456;registro de prueba;2026-06-09T23:45:29.449214+00:00;2026-06-09T23:45:29.481770+00:00;32.54;200;ok;api-3;
benchmark-api4-1000-c5-010;010-REQ-000457;457;registro de prueba;2026-06-09T23:45:29.451744+00:00;2026-06-09T23:45:29.483863+00:00;32.11;200;ok;api-4;
benchmark-api4-1000-c5-010;010-REQ-000458;458;registro de prueba;2026-06-09T23:45:29.459988+00:00;2026-06-09T23:45:29.493146+00:00;33.14;200;ok;api-2;
benchmark-api4-1000-c5-010;010-REQ-000459;459;registro de prueba;2026-06-09T23:45:29.460865+00:00;2026-06-09T23:45:29.489669+00:00;28.79;200;ok;api-3;
benchmark-api4-1000-c5-010;010-REQ-000460;460;registro de prueba;2026-06-09T23:45:29.481899+00:00;2026-06-09T23:45:29.515352+00:00;33.44;200;ok;api-4;
benchmark-api4-1000-c5-010;010-REQ-000461;461;registro de prueba;2026-06-09T23:45:29.483998+00:00;2026-06-09T23:45:29.520291+00:00;36.28;200;ok;api-2;
benchmark-api4-1000-c5-010;010-REQ-000462;462;registro de prueba;2026-06-09T23:45:29.489900+00:00;2026-06-09T23:45:29.528227+00:00;38.31;200;ok;api-3;
benchmark-api4-1000-c5-010;010-REQ-000463;463;registro de prueba;2026-06-09T23:45:29.493317+00:00;2026-06-09T23:45:29.532336+00:00;39.0;200;ok;api-4;
benchmark-api4-1000-c5-010;010-REQ-000464;464;registro de prueba;2026-06-09T23:45:29.515483+00:00;2026-06-09T23:45:29.557055+00:00;41.56;200;ok;api-2;
benchmark-api4-1000-c5-010;010-REQ-000465;465;registro de prueba;2026-06-09T23:45:29.520400+00:00;2026-06-09T23:45:29.567304+00:00;46.9;200;ok;api-3;
benchmark-api4-1000-c5-010;010-REQ-000466;466;registro de prueba;2026-06-09T23:45:29.528406+00:00;2026-06-09T23:45:29.566005+00:00;37.58;200;ok;api-4;
benchmark-api4-1000-c5-010;010-REQ-000467;467;registro de prueba;2026-06-09T23:45:29.532449+00:00;2026-06-09T23:45:29.579518+00:00;47.06;200;ok;api-2;
benchmark-api4-1000-c5-010;010-REQ-000468;468;registro de prueba;2026-06-09T23:45:29.557208+00:00;2026-06-09T23:45:29.594433+00:00;37.21;200;ok;api-3;
benchmark-api4-1000-c5-010;010-REQ-000469;469;registro de prueba;2026-06-09T23:45:29.566327+00:00;2026-06-09T23:45:29.601626+00:00;35.28;200;ok;api-4;
benchmark-api4-1000-c5-010;010-REQ-000470;470;registro de prueba;2026-06-09T23:45:29.567503+00:00;2026-06-09T23:45:29.600438+00:00;32.92;200;ok;api-2;
benchmark-api4-1000-c5-010;010-REQ-000471;471;registro de prueba;2026-06-09T23:45:29.579653+00:00;2026-06-09T23:45:29.615451+00:00;35.78;200;ok;api-3;
benchmark-api4-1000-c5-010;010-REQ-000472;472;registro de prueba;2026-06-09T23:45:29.594635+00:00;2026-06-09T23:45:29.628431+00:00;33.77;200;ok;api-4;
benchmark-api4-1000-c5-010;010-REQ-000473;473;registro de prueba;2026-06-09T23:45:29.600760+00:00;2026-06-09T23:45:29.639515+00:00;38.72;200;ok;api-2;
benchmark-api4-1000-c5-010;010-REQ-000474;474;registro de prueba;2026-06-09T23:45:29.601808+00:00;2026-06-09T23:45:29.636152+00:00;34.32;200;ok;api-3;
benchmark-api4-1000-c5-010;010-REQ-000475;475;registro de prueba;2026-06-09T23:45:29.615603+00:00;2026-06-09T23:45:29.664712+00:00;49.1;200;ok;api-4;
benchmark-api4-1000-c5-010;010-REQ-000476;476;registro de prueba;2026-06-09T23:45:29.628557+00:00;2026-06-09T23:45:29.668531+00:00;39.96;200;ok;api-2;
benchmark-api4-1000-c5-010;010-REQ-000477;477;registro de prueba;2026-06-09T23:45:29.636314+00:00;2026-06-09T23:45:29.683396+00:00;47.07;200;ok;api-3;
benchmark-api4-1000-c5-010;010-REQ-000478;478;registro de prueba;2026-06-09T23:45:29.640014+00:00;2026-06-09T23:45:29.681515+00:00;41.06;200;ok;api-4;
benchmark-api4-1000-c5-010;010-REQ-000479;479;registro de prueba;2026-06-09T23:45:29.664852+00:00;2026-06-09T23:45:29.707371+00:00;42.51;200;ok;api-2;
benchmark-api4-1000-c5-010;010-REQ-000480;480;registro de prueba;2026-06-09T23:45:29.668683+00:00;2026-06-09T23:45:29.711399+00:00;42.69;200;ok;api-3;
benchmark-api4-1000-c5-010;010-REQ-000481;481;registro de prueba;2026-06-09T23:45:29.681639+00:00;2026-06-09T23:45:29.726247+00:00;44.59;200;ok;api-4;
benchmark-api4-1000-c5-010;010-REQ-000482;482;registro de prueba;2026-06-09T23:45:29.683537+00:00;2026-06-09T23:45:29.723311+00:00;39.34;200;ok;api-2;
benchmark-api4-1000-c5-010;010-REQ-000483;483;registro de prueba;2026-06-09T23:45:29.707638+00:00;2026-06-09T23:45:29.748185+00:00;40.53;200;ok;api-3;
benchmark-api4-1000-c5-010;010-REQ-000484;484;registro de prueba;2026-06-09T23:45:29.711624+00:00;2026-06-09T23:45:29.751162+00:00;39.52;200;ok;api-4;
benchmark-api4-1000-c5-010;010-REQ-000485;485;registro de prueba;2026-06-09T23:45:29.723664+00:00;2026-06-09T23:45:29.759808+00:00;35.27;200;ok;api-2;
benchmark-api4-1000-c5-010;010-REQ-000486;486;registro de prueba;2026-06-09T23:45:29.726412+00:00;2026-06-09T23:45:29.761225+00:00;34.79;200;ok;api-3;
benchmark-api4-1000-c5-010;010-REQ-000487;487;registro de prueba;2026-06-09T23:45:29.748387+00:00;2026-06-09T23:45:29.788108+00:00;39.7;200;ok;api-4;
benchmark-api4-1000-c5-010;010-REQ-000488;488;registro de prueba;2026-06-09T23:45:29.751282+00:00;2026-06-09T23:45:29.786995+00:00;35.7;200;ok;api-2;
benchmark-api4-1000-c5-010;010-REQ-000489;489;registro de prueba;2026-06-09T23:45:29.759975+00:00;2026-06-09T23:45:29.798872+00:00;38.88;200;ok;api-3;
benchmark-api4-1000-c5-010;010-REQ-000490;490;registro de prueba;2026-06-09T23:45:29.761381+00:00;2026-06-09T23:45:29.796715+00:00;35.32;200;ok;api-4;
benchmark-api4-1000-c5-010;010-REQ-000491;491;registro de prueba;2026-06-09T23:45:29.787166+00:00;2026-06-09T23:45:29.834013+00:00;46.83;200;ok;api-2;
benchmark-api4-1000-c5-010;010-REQ-000492;492;registro de prueba;2026-06-09T23:45:29.788188+00:00;2026-06-09T23:45:29.846276+00:00;58.07;200;ok;api-3;
benchmark-api4-1000-c5-010;010-REQ-000493;493;registro de prueba;2026-06-09T23:45:29.796839+00:00;2026-06-09T23:45:29.841742+00:00;44.89;200;ok;api-4;
benchmark-api4-1000-c5-010;010-REQ-000494;494;registro de prueba;2026-06-09T23:45:29.799147+00:00;2026-06-09T23:45:29.844011+00:00;44.84;200;ok;api-2;
benchmark-api4-1000-c5-010;010-REQ-000495;495;registro de prueba;2026-06-09T23:45:29.834179+00:00;2026-06-09T23:45:29.869065+00:00;34.87;200;ok;api-3;
benchmark-api4-1000-c5-010;010-REQ-000496;496;registro de prueba;2026-06-09T23:45:29.841969+00:00;2026-06-09T23:45:29.876915+00:00;34.93;200;ok;api-4;
benchmark-api4-1000-c5-010;010-REQ-000497;497;registro de prueba;2026-06-09T23:45:29.844205+00:00;2026-06-09T23:45:29.880402+00:00;36.18;200;ok;api-2;
benchmark-api4-1000-c5-010;010-REQ-000498;498;registro de prueba;2026-06-09T23:45:29.846432+00:00;2026-06-09T23:45:29.879278+00:00;32.83;200;ok;api-3;
benchmark-api4-1000-c5-010;010-REQ-000499;499;registro de prueba;2026-06-09T23:45:29.869285+00:00;2026-06-09T23:45:29.901557+00:00;32.26;200;ok;api-4;
benchmark-api4-1000-c5-010;010-REQ-000500;500;registro de prueba;2026-06-09T23:45:29.877369+00:00;2026-06-09T23:45:29.911849+00:00;34.45;200;ok;api-2;
benchmark-api4-1000-c5-010;010-REQ-000501;501;registro de prueba;2026-06-09T23:45:29.879463+00:00;2026-06-09T23:45:29.907227+00:00;27.75;200;ok;api-3;
benchmark-api4-1000-c5-010;010-REQ-000502;502;registro de prueba;2026-06-09T23:45:29.880583+00:00;2026-06-09T23:45:29.910476+00:00;29.87;200;ok;api-4;
benchmark-api4-1000-c5-010;010-REQ-000503;503;registro de prueba;2026-06-09T23:45:29.901688+00:00;2026-06-09T23:45:29.930891+00:00;29.19;200;ok;api-2;
benchmark-api4-1000-c5-010;010-REQ-000504;504;registro de prueba;2026-06-09T23:45:29.907410+00:00;2026-06-09T23:45:29.936400+00:00;28.98;200;ok;api-3;
benchmark-api4-1000-c5-010;010-REQ-000505;505;registro de prueba;2026-06-09T23:45:29.910692+00:00;2026-06-09T23:45:29.939265+00:00;28.56;200;ok;api-4;
benchmark-api4-1000-c5-010;010-REQ-000506;506;registro de prueba;2026-06-09T23:45:29.912007+00:00;2026-06-09T23:45:29.938124+00:00;26.1;200;ok;api-2;
benchmark-api4-1000-c5-010;010-REQ-000507;507;registro de prueba;2026-06-09T23:45:29.931138+00:00;2026-06-09T23:45:29.959328+00:00;28.17;200;ok;api-3;
benchmark-api4-1000-c5-010;010-REQ-000508;508;registro de prueba;2026-06-09T23:45:29.936586+00:00;2026-06-09T23:45:29.966398+00:00;29.74;200;ok;api-4;
benchmark-api4-1000-c5-010;010-REQ-000509;509;registro de prueba;2026-06-09T23:45:29.938244+00:00;2026-06-09T23:45:29.963611+00:00;25.36;200;ok;api-2;
benchmark-api4-1000-c5-010;010-REQ-000510;510;registro de prueba;2026-06-09T23:45:29.939379+00:00;2026-06-09T23:45:29.968710+00:00;29.13;200;ok;api-3;
benchmark-api4-1000-c5-010;010-REQ-000511;511;registro de prueba;2026-06-09T23:45:29.959444+00:00;2026-06-09T23:45:29.985680+00:00;26.23;200;ok;api-4;
benchmark-api4-1000-c5-010;010-REQ-000512;512;registro de prueba;2026-06-09T23:45:29.963745+00:00;2026-06-09T23:45:29.991830+00:00;28.07;200;ok;api-2;
benchmark-api4-1000-c5-010;010-REQ-000513;513;registro de prueba;2026-06-09T23:45:29.966555+00:00;2026-06-09T23:45:29.993595+00:00;27.03;200;ok;api-3;
benchmark-api4-1000-c5-010;010-REQ-000514;514;registro de prueba;2026-06-09T23:45:29.968882+00:00;2026-06-09T23:45:29.996305+00:00;27.41;200;ok;api-4;
benchmark-api4-1000-c5-010;010-REQ-000515;515;registro de prueba;2026-06-09T23:45:29.985775+00:00;2026-06-09T23:45:30.013070+00:00;27.25;200;ok;api-2;
benchmark-api4-1000-c5-010;010-REQ-000516;516;registro de prueba;2026-06-09T23:45:29.992232+00:00;2026-06-09T23:45:30.021049+00:00;28.79;200;ok;api-3;
benchmark-api4-1000-c5-010;010-REQ-000517;517;registro de prueba;2026-06-09T23:45:29.993753+00:00;2026-06-09T23:45:30.018675+00:00;24.9;200;ok;api-4;
benchmark-api4-1000-c5-010;010-REQ-000518;518;registro de prueba;2026-06-09T23:45:29.996508+00:00;2026-06-09T23:45:30.023138+00:00;26.61;200;ok;api-2;
benchmark-api4-1000-c5-010;010-REQ-000519;519;registro de prueba;2026-06-09T23:45:30.013190+00:00;2026-06-09T23:45:30.043452+00:00;30.25;200;ok;api-3;
benchmark-api4-1000-c5-010;010-REQ-000520;520;registro de prueba;2026-06-09T23:45:30.018834+00:00;2026-06-09T23:45:30.048259+00:00;29.41;200;ok;api-4;
benchmark-api4-1000-c5-010;010-REQ-000521;521;registro de prueba;2026-06-09T23:45:30.021174+00:00;2026-06-09T23:45:30.049985+00:00;28.8;200;ok;api-2;
benchmark-api4-1000-c5-010;010-REQ-000522;522;registro de prueba;2026-06-09T23:45:30.023402+00:00;2026-06-09T23:45:30.051551+00:00;28.13;200;ok;api-3;
benchmark-api4-1000-c5-010;010-REQ-000523;523;registro de prueba;2026-06-09T23:45:30.043581+00:00;2026-06-09T23:45:30.070137+00:00;26.54;200;ok;api-4;
benchmark-api4-1000-c5-010;010-REQ-000524;524;registro de prueba;2026-06-09T23:45:30.048398+00:00;2026-06-09T23:45:30.078607+00:00;30.2;200;ok;api-2;
benchmark-api4-1000-c5-010;010-REQ-000525;525;registro de prueba;2026-06-09T23:45:30.050103+00:00;2026-06-09T23:45:30.075776+00:00;25.66;200;ok;api-3;
benchmark-api4-1000-c5-010;010-REQ-000526;526;registro de prueba;2026-06-09T23:45:30.051671+00:00;2026-06-09T23:45:30.077824+00:00;26.14;200;ok;api-4;
benchmark-api4-1000-c5-010;010-REQ-000527;527;registro de prueba;2026-06-09T23:45:30.070259+00:00;2026-06-09T23:45:30.097108+00:00;26.84;200;ok;api-2;
benchmark-api4-1000-c5-010;010-REQ-000528;528;registro de prueba;2026-06-09T23:45:30.076122+00:00;2026-06-09T23:45:30.102181+00:00;26.04;200;ok;api-3;
benchmark-api4-1000-c5-010;010-REQ-000529;529;registro de prueba;2026-06-09T23:45:30.078016+00:00;2026-06-09T23:45:30.101326+00:00;23.29;200;ok;api-4;
benchmark-api4-1000-c5-010;010-REQ-000530;530;registro de prueba;2026-06-09T23:45:30.078705+00:00;2026-06-09T23:45:30.102892+00:00;24.18;200;ok;api-2;
benchmark-api4-1000-c5-010;010-REQ-000531;531;registro de prueba;2026-06-09T23:45:30.097207+00:00;2026-06-09T23:45:30.119988+00:00;22.77;200;ok;api-3;
benchmark-api4-1000-c5-010;010-REQ-000532;532;registro de prueba;2026-06-09T23:45:30.101517+00:00;2026-06-09T23:45:30.128386+00:00;26.85;200;ok;api-4;
benchmark-api4-1000-c5-010;010-REQ-000533;533;registro de prueba;2026-06-09T23:45:30.102301+00:00;2026-06-09T23:45:30.125401+00:00;23.08;200;ok;api-2;
benchmark-api4-1000-c5-010;010-REQ-000534;534;registro de prueba;2026-06-09T23:45:30.102986+00:00;2026-06-09T23:45:30.129016+00:00;26.02;200;ok;api-3;
benchmark-api4-1000-c5-010;010-REQ-000535;535;registro de prueba;2026-06-09T23:45:30.120111+00:00;2026-06-09T23:45:30.146936+00:00;26.81;200;ok;api-4;
benchmark-api4-1000-c5-010;010-REQ-000536;536;registro de prueba;2026-06-09T23:45:30.125685+00:00;2026-06-09T23:45:30.152363+00:00;26.65;200;ok;api-2;
benchmark-api4-1000-c5-010;010-REQ-000537;537;registro de prueba;2026-06-09T23:45:30.128562+00:00;2026-06-09T23:45:30.154535+00:00;25.96;200;ok;api-3;
benchmark-api4-1000-c5-010;010-REQ-000538;538;registro de prueba;2026-06-09T23:45:30.129097+00:00;2026-06-09T23:45:30.153521+00:00;24.41;200;ok;api-4;
benchmark-api4-1000-c5-010;010-REQ-000539;539;registro de prueba;2026-06-09T23:45:30.147051+00:00;2026-06-09T23:45:30.177132+00:00;30.07;200;ok;api-2;
benchmark-api4-1000-c5-010;010-REQ-000540;540;registro de prueba;2026-06-09T23:45:30.152651+00:00;2026-06-09T23:45:30.186230+00:00;33.56;200;ok;api-3;
benchmark-api4-1000-c5-010;010-REQ-000541;541;registro de prueba;2026-06-09T23:45:30.153671+00:00;2026-06-09T23:45:30.184790+00:00;31.1;200;ok;api-4;
benchmark-api4-1000-c5-010;010-REQ-000542;542;registro de prueba;2026-06-09T23:45:30.154616+00:00;2026-06-09T23:45:30.193640+00:00;39.01;200;ok;api-2;
benchmark-api4-1000-c5-010;010-REQ-000543;543;registro de prueba;2026-06-09T23:45:30.177396+00:00;2026-06-09T23:45:30.211582+00:00;34.17;200;ok;api-3;
benchmark-api4-1000-c5-010;010-REQ-000544;544;registro de prueba;2026-06-09T23:45:30.185025+00:00;2026-06-09T23:45:30.214624+00:00;29.58;200;ok;api-2;
benchmark-api4-1000-c5-010;010-REQ-000545;545;registro de prueba;2026-06-09T23:45:30.186484+00:00;2026-06-09T23:45:30.217087+00:00;30.58;200;ok;api-4;
benchmark-api4-1000-c5-010;010-REQ-000546;546;registro de prueba;2026-06-09T23:45:30.193781+00:00;2026-06-09T23:45:30.220092+00:00;26.3;200;ok;api-3;
benchmark-api4-1000-c5-010;010-REQ-000547;547;registro de prueba;2026-06-09T23:45:30.211728+00:00;2026-06-09T23:45:30.239793+00:00;28.04;200;ok;api-4;
benchmark-api4-1000-c5-010;010-REQ-000548;548;registro de prueba;2026-06-09T23:45:30.214713+00:00;2026-06-09T23:45:30.243004+00:00;28.28;200;ok;api-2;
benchmark-api4-1000-c5-010;010-REQ-000549;549;registro de prueba;2026-06-09T23:45:30.217217+00:00;2026-06-09T23:45:30.248079+00:00;30.85;200;ok;api-3;
benchmark-api4-1000-c5-010;010-REQ-000550;550;registro de prueba;2026-06-09T23:45:30.220261+00:00;2026-06-09T23:45:30.246826+00:00;26.55;200;ok;api-4;
benchmark-api4-1000-c5-010;010-REQ-000551;551;registro de prueba;2026-06-09T23:45:30.240116+00:00;2026-06-09T23:45:30.269894+00:00;29.74;200;ok;api-2;
benchmark-api4-1000-c5-010;010-REQ-000552;552;registro de prueba;2026-06-09T23:45:30.243126+00:00;2026-06-09T23:45:30.272726+00:00;29.58;200;ok;api-3;
benchmark-api4-1000-c5-010;010-REQ-000553;553;registro de prueba;2026-06-09T23:45:30.246998+00:00;2026-06-09T23:45:30.276430+00:00;29.41;200;ok;api-4;
benchmark-api4-1000-c5-010;010-REQ-000554;554;registro de prueba;2026-06-09T23:45:30.248264+00:00;2026-06-09T23:45:30.279358+00:00;31.08;200;ok;api-2;
benchmark-api4-1000-c5-010;010-REQ-000555;555;registro de prueba;2026-06-09T23:45:30.270017+00:00;2026-06-09T23:45:30.299953+00:00;29.92;200;ok;api-3;
benchmark-api4-1000-c5-010;010-REQ-000556;556;registro de prueba;2026-06-09T23:45:30.273608+00:00;2026-06-09T23:45:30.306695+00:00;33.06;200;ok;api-4;
benchmark-api4-1000-c5-010;010-REQ-000557;557;registro de prueba;2026-06-09T23:45:30.276560+00:00;2026-06-09T23:45:30.305488+00:00;28.91;200;ok;api-2;
benchmark-api4-1000-c5-010;010-REQ-000558;558;registro de prueba;2026-06-09T23:45:30.279506+00:00;2026-06-09T23:45:30.308445+00:00;28.93;200;ok;api-3;
benchmark-api4-1000-c5-010;010-REQ-000559;559;registro de prueba;2026-06-09T23:45:30.300133+00:00;2026-06-09T23:45:30.336367+00:00;36.22;200;ok;api-4;
benchmark-api4-1000-c5-010;010-REQ-000560;560;registro de prueba;2026-06-09T23:45:30.305668+00:00;2026-06-09T23:45:30.344124+00:00;38.44;200;ok;api-2;
benchmark-api4-1000-c5-010;010-REQ-000561;561;registro de prueba;2026-06-09T23:45:30.307176+00:00;2026-06-09T23:45:30.341770+00:00;34.53;200;ok;api-3;
benchmark-api4-1000-c5-010;010-REQ-000562;562;registro de prueba;2026-06-09T23:45:30.308622+00:00;2026-06-09T23:45:30.339028+00:00;30.39;200;ok;api-4;
benchmark-api4-1000-c5-010;010-REQ-000563;563;registro de prueba;2026-06-09T23:45:30.336465+00:00;2026-06-09T23:45:30.366718+00:00;30.24;200;ok;api-2;
benchmark-api4-1000-c5-010;010-REQ-000564;564;registro de prueba;2026-06-09T23:45:30.339152+00:00;2026-06-09T23:45:30.369397+00:00;30.23;200;ok;api-3;
benchmark-api4-1000-c5-010;010-REQ-000565;565;registro de prueba;2026-06-09T23:45:30.342043+00:00;2026-06-09T23:45:30.370673+00:00;28.61;200;ok;api-4;
benchmark-api4-1000-c5-010;010-REQ-000566;566;registro de prueba;2026-06-09T23:45:30.344286+00:00;2026-06-09T23:45:30.376086+00:00;31.78;200;ok;api-2;
benchmark-api4-1000-c5-010;010-REQ-000567;567;registro de prueba;2026-06-09T23:45:30.367018+00:00;2026-06-09T23:45:30.401806+00:00;34.76;200;ok;api-3;
benchmark-api4-1000-c5-010;010-REQ-000568;568;registro de prueba;2026-06-09T23:45:30.369618+00:00;2026-06-09T23:45:30.400900+00:00;31.26;200;ok;api-4;
benchmark-api4-1000-c5-010;010-REQ-000569;569;registro de prueba;2026-06-09T23:45:30.370784+00:00;2026-06-09T23:45:30.402606+00:00;31.81;200;ok;api-2;
benchmark-api4-1000-c5-010;010-REQ-000570;570;registro de prueba;2026-06-09T23:45:30.376376+00:00;2026-06-09T23:45:30.408803+00:00;32.41;200;ok;api-3;
benchmark-api4-1000-c5-010;010-REQ-000571;571;registro de prueba;2026-06-09T23:45:30.401150+00:00;2026-06-09T23:45:30.433509+00:00;32.35;200;ok;api-4;
benchmark-api4-1000-c5-010;010-REQ-000572;572;registro de prueba;2026-06-09T23:45:30.402003+00:00;2026-06-09T23:45:30.431364+00:00;29.35;200;ok;api-2;
benchmark-api4-1000-c5-010;010-REQ-000573;573;registro de prueba;2026-06-09T23:45:30.402817+00:00;2026-06-09T23:45:30.432149+00:00;29.31;200;ok;api-3;
benchmark-api4-1000-c5-010;010-REQ-000574;574;registro de prueba;2026-06-09T23:45:30.408926+00:00;2026-06-09T23:45:30.436976+00:00;28.04;200;ok;api-4;
benchmark-api4-1000-c5-010;010-REQ-000575;575;registro de prueba;2026-06-09T23:45:30.431482+00:00;2026-06-09T23:45:30.462178+00:00;30.69;200;ok;api-2;
benchmark-api4-1000-c5-010;010-REQ-000576;576;registro de prueba;2026-06-09T23:45:30.432237+00:00;2026-06-09T23:45:30.466466+00:00;34.22;200;ok;api-3;
benchmark-api4-1000-c5-010;010-REQ-000577;577;registro de prueba;2026-06-09T23:45:30.433614+00:00;2026-06-09T23:45:30.465208+00:00;31.59;200;ok;api-4;
benchmark-api4-1000-c5-010;010-REQ-000578;578;registro de prueba;2026-06-09T23:45:30.437176+00:00;2026-06-09T23:45:30.464328+00:00;27.13;200;ok;api-2;
benchmark-api4-1000-c5-010;010-REQ-000579;579;registro de prueba;2026-06-09T23:45:30.462301+00:00;2026-06-09T23:45:30.495426+00:00;33.11;200;ok;api-3;
benchmark-api4-1000-c5-010;010-REQ-000580;580;registro de prueba;2026-06-09T23:45:30.464487+00:00;2026-06-09T23:45:30.505228+00:00;40.73;200;ok;api-4;
benchmark-api4-1000-c5-010;010-REQ-000581;581;registro de prueba;2026-06-09T23:45:30.465301+00:00;2026-06-09T23:45:30.499849+00:00;34.54;200;ok;api-2;
benchmark-api4-1000-c5-010;010-REQ-000582;582;registro de prueba;2026-06-09T23:45:30.466667+00:00;2026-06-09T23:45:30.506662+00:00;39.97;200;ok;api-3;
benchmark-api4-1000-c5-010;010-REQ-000583;583;registro de prueba;2026-06-09T23:45:30.495543+00:00;2026-06-09T23:45:30.534884+00:00;39.33;200;ok;api-4;
benchmark-api4-1000-c5-010;010-REQ-000584;584;registro de prueba;2026-06-09T23:45:30.499965+00:00;2026-06-09T23:45:30.539301+00:00;39.32;200;ok;api-2;
benchmark-api4-1000-c5-010;010-REQ-000585;585;registro de prueba;2026-06-09T23:45:30.505356+00:00;2026-06-09T23:45:30.543523+00:00;38.16;200;ok;api-3;
benchmark-api4-1000-c5-010;010-REQ-000586;586;registro de prueba;2026-06-09T23:45:30.506903+00:00;2026-06-09T23:45:30.543306+00:00;36.39;200;ok;api-4;
benchmark-api4-1000-c5-010;010-REQ-000587;587;registro de prueba;2026-06-09T23:45:30.535021+00:00;2026-06-09T23:45:30.565931+00:00;30.88;200;ok;api-2;
benchmark-api4-1000-c5-010;010-REQ-000588;588;registro de prueba;2026-06-09T23:45:30.541284+00:00;2026-06-09T23:45:30.570802+00:00;29.47;200;ok;api-3;
benchmark-api4-1000-c5-010;010-REQ-000589;589;registro de prueba;2026-06-09T23:45:30.543677+00:00;2026-06-09T23:45:30.572557+00:00;28.86;200;ok;api-4;
benchmark-api4-1000-c5-010;010-REQ-000590;590;registro de prueba;2026-06-09T23:45:30.544262+00:00;2026-06-09T23:45:30.574148+00:00;29.87;200;ok;api-2;
benchmark-api4-1000-c5-010;010-REQ-000591;591;registro de prueba;2026-06-09T23:45:30.566097+00:00;2026-06-09T23:45:30.594530+00:00;28.41;200;ok;api-3;
benchmark-api4-1000-c5-010;010-REQ-000592;592;registro de prueba;2026-06-09T23:45:30.571030+00:00;2026-06-09T23:45:30.600231+00:00;29.18;200;ok;api-4;
benchmark-api4-1000-c5-010;010-REQ-000593;593;registro de prueba;2026-06-09T23:45:30.572867+00:00;2026-06-09T23:45:30.601818+00:00;28.93;200;ok;api-2;
benchmark-api4-1000-c5-010;010-REQ-000594;594;registro de prueba;2026-06-09T23:45:30.574298+00:00;2026-06-09T23:45:30.601964+00:00;27.65;200;ok;api-3;
benchmark-api4-1000-c5-010;010-REQ-000595;595;registro de prueba;2026-06-09T23:45:30.594656+00:00;2026-06-09T23:45:30.625975+00:00;31.3;200;ok;api-4;
benchmark-api4-1000-c5-010;010-REQ-000596;596;registro de prueba;2026-06-09T23:45:30.600362+00:00;2026-06-09T23:45:30.628033+00:00;27.38;200;ok;api-2;
benchmark-api4-1000-c5-010;010-REQ-000597;597;registro de prueba;2026-06-09T23:45:30.602035+00:00;2026-06-09T23:45:30.632165+00:00;30.12;200;ok;api-3;
benchmark-api4-1000-c5-010;010-REQ-000598;598;registro de prueba;2026-06-09T23:45:30.602486+00:00;2026-06-09T23:45:30.631116+00:00;28.61;200;ok;api-4;
benchmark-api4-1000-c5-010;010-REQ-000599;599;registro de prueba;2026-06-09T23:45:30.626110+00:00;2026-06-09T23:45:30.658847+00:00;32.68;200;ok;api-2;
benchmark-api4-1000-c5-010;010-REQ-000600;600;registro de prueba;2026-06-09T23:45:30.628223+00:00;2026-06-09T23:45:30.659750+00:00;31.5;200;ok;api-3;
benchmark-api4-1000-c5-010;010-REQ-000601;601;registro de prueba;2026-06-09T23:45:30.631274+00:00;2026-06-09T23:45:30.664429+00:00;33.14;200;ok;api-4;
benchmark-api4-1000-c5-010;010-REQ-000602;602;registro de prueba;2026-06-09T23:45:30.632321+00:00;2026-06-09T23:45:30.665485+00:00;33.14;200;ok;api-2;
benchmark-api4-1000-c5-010;010-REQ-000603;603;registro de prueba;2026-06-09T23:45:30.659083+00:00;2026-06-09T23:45:30.691941+00:00;32.84;200;ok;api-3;
benchmark-api4-1000-c5-010;010-REQ-000604;604;registro de prueba;2026-06-09T23:45:30.659921+00:00;2026-06-09T23:45:30.690306+00:00;30.37;200;ok;api-4;
benchmark-api4-1000-c5-010;010-REQ-000605;605;registro de prueba;2026-06-09T23:45:30.664804+00:00;2026-06-09T23:45:30.699064+00:00;34.24;200;ok;api-2;
benchmark-api4-1000-c5-010;010-REQ-000606;606;registro de prueba;2026-06-09T23:45:30.665659+00:00;2026-06-09T23:45:30.697845+00:00;32.17;200;ok;api-3;
benchmark-api4-1000-c5-010;010-REQ-000607;607;registro de prueba;2026-06-09T23:45:30.690615+00:00;2026-06-09T23:45:30.719319+00:00;28.69;200;ok;api-4;
benchmark-api4-1000-c5-010;010-REQ-000608;608;registro de prueba;2026-06-09T23:45:30.692135+00:00;2026-06-09T23:45:30.719985+00:00;27.84;200;ok;api-2;
benchmark-api4-1000-c5-010;010-REQ-000609;609;registro de prueba;2026-06-09T23:45:30.698041+00:00;2026-06-09T23:45:30.728793+00:00;30.74;200;ok;api-3;
benchmark-api4-1000-c5-010;010-REQ-000610;610;registro de prueba;2026-06-09T23:45:30.699271+00:00;2026-06-09T23:45:30.727779+00:00;28.49;200;ok;api-4;
benchmark-api4-1000-c5-010;010-REQ-000611;611;registro de prueba;2026-06-09T23:45:30.719512+00:00;2026-06-09T23:45:30.747630+00:00;28.1;200;ok;api-2;
benchmark-api4-1000-c5-010;010-REQ-000612;612;registro de prueba;2026-06-09T23:45:30.720071+00:00;2026-06-09T23:45:30.746644+00:00;26.56;200;ok;api-3;
benchmark-api4-1000-c5-010;010-REQ-000613;613;registro de prueba;2026-06-09T23:45:30.727917+00:00;2026-06-09T23:45:30.754168+00:00;26.24;200;ok;api-4;
benchmark-api4-1000-c5-010;010-REQ-000614;614;registro de prueba;2026-06-09T23:45:30.728945+00:00;2026-06-09T23:45:30.755682+00:00;26.72;200;ok;api-2;
benchmark-api4-1000-c5-010;010-REQ-000615;615;registro de prueba;2026-06-09T23:45:30.746924+00:00;2026-06-09T23:45:30.777493+00:00;30.56;200;ok;api-3;
benchmark-api4-1000-c5-010;010-REQ-000616;616;registro de prueba;2026-06-09T23:45:30.747761+00:00;2026-06-09T23:45:30.776232+00:00;28.35;200;ok;api-4;
benchmark-api4-1000-c5-010;010-REQ-000617;617;registro de prueba;2026-06-09T23:45:30.754458+00:00;2026-06-09T23:45:30.784444+00:00;29.96;200;ok;api-2;
benchmark-api4-1000-c5-010;010-REQ-000618;618;registro de prueba;2026-06-09T23:45:30.755859+00:00;2026-06-09T23:45:30.785500+00:00;29.61;200;ok;api-3;
benchmark-api4-1000-c5-010;010-REQ-000619;619;registro de prueba;2026-06-09T23:45:30.776721+00:00;2026-06-09T23:45:30.807830+00:00;31.09;200;ok;api-4;
benchmark-api4-1000-c5-010;010-REQ-000620;620;registro de prueba;2026-06-09T23:45:30.777610+00:00;2026-06-09T23:45:30.805816+00:00;28.19;200;ok;api-2;
benchmark-api4-1000-c5-010;010-REQ-000621;621;registro de prueba;2026-06-09T23:45:30.784720+00:00;2026-06-09T23:45:30.817850+00:00;33.11;200;ok;api-3;
benchmark-api4-1000-c5-010;010-REQ-000622;622;registro de prueba;2026-06-09T23:45:30.785606+00:00;2026-06-09T23:45:30.818960+00:00;33.34;200;ok;api-4;
benchmark-api4-1000-c5-010;010-REQ-000623;623;registro de prueba;2026-06-09T23:45:30.806248+00:00;2026-06-09T23:45:30.836564+00:00;30.29;200;ok;api-2;
benchmark-api4-1000-c5-010;010-REQ-000624;624;registro de prueba;2026-06-09T23:45:30.808076+00:00;2026-06-09T23:45:30.837743+00:00;29.65;200;ok;api-3;
benchmark-api4-1000-c5-010;010-REQ-000625;625;registro de prueba;2026-06-09T23:45:30.817983+00:00;2026-06-09T23:45:30.845841+00:00;27.84;200;ok;api-4;
benchmark-api4-1000-c5-010;010-REQ-000626;626;registro de prueba;2026-06-09T23:45:30.819079+00:00;2026-06-09T23:45:30.846897+00:00;27.81;200;ok;api-2;
benchmark-api4-1000-c5-010;010-REQ-000627;627;registro de prueba;2026-06-09T23:45:30.836840+00:00;2026-06-09T23:45:30.871589+00:00;34.72;200;ok;api-3;
benchmark-api4-1000-c5-010;010-REQ-000628;628;registro de prueba;2026-06-09T23:45:30.837808+00:00;2026-06-09T23:45:30.869707+00:00;31.89;200;ok;api-4;
benchmark-api4-1000-c5-010;010-REQ-000629;629;registro de prueba;2026-06-09T23:45:30.846051+00:00;2026-06-09T23:45:30.876691+00:00;30.62;200;ok;api-2;
benchmark-api4-1000-c5-010;010-REQ-000630;630;registro de prueba;2026-06-09T23:45:30.847046+00:00;2026-06-09T23:45:30.883229+00:00;36.16;200;ok;api-3;
benchmark-api4-1000-c5-010;010-REQ-000631;631;registro de prueba;2026-06-09T23:45:30.870140+00:00;2026-06-09T23:45:30.900544+00:00;30.38;200;ok;api-4;
benchmark-api4-1000-c5-010;010-REQ-000632;632;registro de prueba;2026-06-09T23:45:30.871750+00:00;2026-06-09T23:45:30.899058+00:00;27.29;200;ok;api-2;
benchmark-api4-1000-c5-010;010-REQ-000633;633;registro de prueba;2026-06-09T23:45:30.876917+00:00;2026-06-09T23:45:30.911781+00:00;34.84;200;ok;api-3;
benchmark-api4-1000-c5-010;010-REQ-000634;634;registro de prueba;2026-06-09T23:45:30.883412+00:00;2026-06-09T23:45:30.916845+00:00;33.41;200;ok;api-4;
benchmark-api4-1000-c5-010;010-REQ-000635;635;registro de prueba;2026-06-09T23:45:30.899189+00:00;2026-06-09T23:45:30.931395+00:00;32.19;200;ok;api-2;
benchmark-api4-1000-c5-010;010-REQ-000636;636;registro de prueba;2026-06-09T23:45:30.900662+00:00;2026-06-09T23:45:30.929981+00:00;29.3;200;ok;api-3;
benchmark-api4-1000-c5-010;010-REQ-000637;637;registro de prueba;2026-06-09T23:45:30.911893+00:00;2026-06-09T23:45:30.944807+00:00;32.9;200;ok;api-4;
benchmark-api4-1000-c5-010;010-REQ-000638;638;registro de prueba;2026-06-09T23:45:30.916947+00:00;2026-06-09T23:45:30.950346+00:00;33.39;200;ok;api-2;
benchmark-api4-1000-c5-010;010-REQ-000639;639;registro de prueba;2026-06-09T23:45:30.930265+00:00;2026-06-09T23:45:30.964972+00:00;34.69;200;ok;api-3;
benchmark-api4-1000-c5-010;010-REQ-000640;640;registro de prueba;2026-06-09T23:45:30.931570+00:00;2026-06-09T23:45:30.967727+00:00;36.14;200;ok;api-4;
benchmark-api4-1000-c5-010;010-REQ-000641;641;registro de prueba;2026-06-09T23:45:30.944934+00:00;2026-06-09T23:45:30.983527+00:00;38.58;200;ok;api-2;
benchmark-api4-1000-c5-010;010-REQ-000642;642;registro de prueba;2026-06-09T23:45:30.950479+00:00;2026-06-09T23:45:30.986064+00:00;35.57;200;ok;api-3;
benchmark-api4-1000-c5-010;010-REQ-000643;643;registro de prueba;2026-06-09T23:45:30.965076+00:00;2026-06-09T23:45:30.999959+00:00;34.87;200;ok;api-4;
benchmark-api4-1000-c5-010;010-REQ-000644;644;registro de prueba;2026-06-09T23:45:30.967992+00:00;2026-06-09T23:45:31.000943+00:00;32.93;200;ok;api-2;
benchmark-api4-1000-c5-010;010-REQ-000645;645;registro de prueba;2026-06-09T23:45:30.983741+00:00;2026-06-09T23:45:31.017377+00:00;33.62;200;ok;api-3;
benchmark-api4-1000-c5-010;010-REQ-000646;646;registro de prueba;2026-06-09T23:45:30.986263+00:00;2026-06-09T23:45:31.018376+00:00;32.1;200;ok;api-4;
benchmark-api4-1000-c5-010;010-REQ-000647;647;registro de prueba;2026-06-09T23:45:31.000212+00:00;2026-06-09T23:45:31.035656+00:00;35.43;200;ok;api-2;
benchmark-api4-1000-c5-010;010-REQ-000648;648;registro de prueba;2026-06-09T23:45:31.001053+00:00;2026-06-09T23:45:31.036618+00:00;35.56;200;ok;api-3;
benchmark-api4-1000-c5-010;010-REQ-000649;649;registro de prueba;2026-06-09T23:45:31.017531+00:00;2026-06-09T23:45:31.058911+00:00;41.36;200;ok;api-4;
benchmark-api4-1000-c5-010;010-REQ-000650;650;registro de prueba;2026-06-09T23:45:31.018455+00:00;2026-06-09T23:45:31.060958+00:00;42.49;200;ok;api-2;
benchmark-api4-1000-c5-010;010-REQ-000651;651;registro de prueba;2026-06-09T23:45:31.035881+00:00;2026-06-09T23:45:31.081658+00:00;45.76;200;ok;api-3;
benchmark-api4-1000-c5-010;010-REQ-000652;652;registro de prueba;2026-06-09T23:45:31.036738+00:00;2026-06-09T23:45:31.080665+00:00;43.91;200;ok;api-4;
benchmark-api4-1000-c5-010;010-REQ-000653;653;registro de prueba;2026-06-09T23:45:31.059112+00:00;2026-06-09T23:45:31.097200+00:00;38.07;200;ok;api-2;
benchmark-api4-1000-c5-010;010-REQ-000654;654;registro de prueba;2026-06-09T23:45:31.061153+00:00;2026-06-09T23:45:31.099821+00:00;38.65;200;ok;api-3;
benchmark-api4-1000-c5-010;010-REQ-000655;655;registro de prueba;2026-06-09T23:45:31.080834+00:00;2026-06-09T23:45:31.113919+00:00;33.07;200;ok;api-4;
benchmark-api4-1000-c5-010;010-REQ-000656;656;registro de prueba;2026-06-09T23:45:31.081768+00:00;2026-06-09T23:45:31.110812+00:00;29.02;200;ok;api-2;
benchmark-api4-1000-c5-010;010-REQ-000657;657;registro de prueba;2026-06-09T23:45:31.097324+00:00;2026-06-09T23:45:31.129598+00:00;32.26;200;ok;api-3;
benchmark-api4-1000-c5-010;010-REQ-000658;658;registro de prueba;2026-06-09T23:45:31.099944+00:00;2026-06-09T23:45:31.130498+00:00;30.54;200;ok;api-4;
benchmark-api4-1000-c5-010;010-REQ-000659;659;registro de prueba;2026-06-09T23:45:31.110977+00:00;2026-06-09T23:45:31.140126+00:00;29.13;200;ok;api-2;
benchmark-api4-1000-c5-010;010-REQ-000660;660;registro de prueba;2026-06-09T23:45:31.114053+00:00;2026-06-09T23:45:31.146419+00:00;32.33;200;ok;api-3;
benchmark-api4-1000-c5-010;010-REQ-000661;661;registro de prueba;2026-06-09T23:45:31.129833+00:00;2026-06-09T23:45:31.161097+00:00;31.24;200;ok;api-4;
benchmark-api4-1000-c5-010;010-REQ-000662;662;registro de prueba;2026-06-09T23:45:31.130587+00:00;2026-06-09T23:45:31.157910+00:00;27.31;200;ok;api-2;
benchmark-api4-1000-c5-010;010-REQ-000663;663;registro de prueba;2026-06-09T23:45:31.140324+00:00;2026-06-09T23:45:31.167613+00:00;27.27;200;ok;api-3;
benchmark-api4-1000-c5-010;010-REQ-000664;664;registro de prueba;2026-06-09T23:45:31.146545+00:00;2026-06-09T23:45:31.175692+00:00;29.14;200;ok;api-4;
benchmark-api4-1000-c5-010;010-REQ-000665;665;registro de prueba;2026-06-09T23:45:31.158134+00:00;2026-06-09T23:45:31.186712+00:00;28.56;200;ok;api-2;
benchmark-api4-1000-c5-010;010-REQ-000666;666;registro de prueba;2026-06-09T23:45:31.161249+00:00;2026-06-09T23:45:31.188127+00:00;26.86;200;ok;api-3;
benchmark-api4-1000-c5-010;010-REQ-000667;667;registro de prueba;2026-06-09T23:45:31.167739+00:00;2026-06-09T23:45:31.197445+00:00;29.69;200;ok;api-4;
benchmark-api4-1000-c5-010;010-REQ-000668;668;registro de prueba;2026-06-09T23:45:31.175827+00:00;2026-06-09T23:45:31.207374+00:00;31.52;200;ok;api-2;
benchmark-api4-1000-c5-010;010-REQ-000669;669;registro de prueba;2026-06-09T23:45:31.186926+00:00;2026-06-09T23:45:31.217107+00:00;30.16;200;ok;api-3;
benchmark-api4-1000-c5-010;010-REQ-000670;670;registro de prueba;2026-06-09T23:45:31.188279+00:00;2026-06-09T23:45:31.217999+00:00;29.71;200;ok;api-4;
benchmark-api4-1000-c5-010;010-REQ-000671;671;registro de prueba;2026-06-09T23:45:31.197615+00:00;2026-06-09T23:45:31.226877+00:00;29.25;200;ok;api-2;
benchmark-api4-1000-c5-010;010-REQ-000672;672;registro de prueba;2026-06-09T23:45:31.207564+00:00;2026-06-09T23:45:31.235119+00:00;27.52;200;ok;api-3;
benchmark-api4-1000-c5-010;010-REQ-000673;673;registro de prueba;2026-06-09T23:45:31.217298+00:00;2026-06-09T23:45:31.247824+00:00;30.51;200;ok;api-4;
benchmark-api4-1000-c5-010;010-REQ-000674;674;registro de prueba;2026-06-09T23:45:31.218216+00:00;2026-06-09T23:45:31.246973+00:00;28.74;200;ok;api-2;
benchmark-api4-1000-c5-010;010-REQ-000675;675;registro de prueba;2026-06-09T23:45:31.227041+00:00;2026-06-09T23:45:31.258246+00:00;31.17;200;ok;api-3;
benchmark-api4-1000-c5-010;010-REQ-000676;676;registro de prueba;2026-06-09T23:45:31.235281+00:00;2026-06-09T23:45:31.266301+00:00;31.01;200;ok;api-4;
benchmark-api4-1000-c5-010;010-REQ-000677;677;registro de prueba;2026-06-09T23:45:31.247178+00:00;2026-06-09T23:45:31.276498+00:00;29.31;200;ok;api-2;
benchmark-api4-1000-c5-010;010-REQ-000678;678;registro de prueba;2026-06-09T23:45:31.248020+00:00;2026-06-09T23:45:31.275900+00:00;27.86;200;ok;api-3;
benchmark-api4-1000-c5-010;010-REQ-000679;679;registro de prueba;2026-06-09T23:45:31.258587+00:00;2026-06-09T23:45:31.283956+00:00;25.35;200;ok;api-4;
benchmark-api4-1000-c5-010;010-REQ-000680;680;registro de prueba;2026-06-09T23:45:31.266396+00:00;2026-06-09T23:45:31.292535+00:00;26.13;200;ok;api-2;
benchmark-api4-1000-c5-010;010-REQ-000681;681;registro de prueba;2026-06-09T23:45:31.276084+00:00;2026-06-09T23:45:31.301922+00:00;25.83;200;ok;api-4;
benchmark-api4-1000-c5-010;010-REQ-000682;682;registro de prueba;2026-06-09T23:45:31.276566+00:00;2026-06-09T23:45:31.301319+00:00;24.74;200;ok;api-3;
benchmark-api4-1000-c5-010;010-REQ-000683;683;registro de prueba;2026-06-09T23:45:31.284074+00:00;2026-06-09T23:45:31.310262+00:00;26.18;200;ok;api-2;
benchmark-api4-1000-c5-010;010-REQ-000684;684;registro de prueba;2026-06-09T23:45:31.292631+00:00;2026-06-09T23:45:31.317144+00:00;24.5;200;ok;api-3;
benchmark-api4-1000-c5-010;010-REQ-000685;685;registro de prueba;2026-06-09T23:45:31.301499+00:00;2026-06-09T23:45:31.326792+00:00;25.28;200;ok;api-4;
benchmark-api4-1000-c5-010;010-REQ-000686;686;registro de prueba;2026-06-09T23:45:31.302031+00:00;2026-06-09T23:45:31.327299+00:00;25.26;200;ok;api-2;
benchmark-api4-1000-c5-010;010-REQ-000687;687;registro de prueba;2026-06-09T23:45:31.310369+00:00;2026-06-09T23:45:31.337145+00:00;26.76;200;ok;api-3;
benchmark-api4-1000-c5-010;010-REQ-000688;688;registro de prueba;2026-06-09T23:45:31.317243+00:00;2026-06-09T23:45:31.345962+00:00;28.71;200;ok;api-4;
benchmark-api4-1000-c5-010;010-REQ-000689;689;registro de prueba;2026-06-09T23:45:31.326943+00:00;2026-06-09T23:45:31.353780+00:00;26.83;200;ok;api-2;
benchmark-api4-1000-c5-010;010-REQ-000690;690;registro de prueba;2026-06-09T23:45:31.327370+00:00;2026-06-09T23:45:31.354363+00:00;26.99;200;ok;api-3;
benchmark-api4-1000-c5-010;010-REQ-000691;691;registro de prueba;2026-06-09T23:45:31.337246+00:00;2026-06-09T23:45:31.363151+00:00;25.9;200;ok;api-4;
benchmark-api4-1000-c5-010;010-REQ-000692;692;registro de prueba;2026-06-09T23:45:31.346081+00:00;2026-06-09T23:45:31.369743+00:00;23.65;200;ok;api-2;
benchmark-api4-1000-c5-010;010-REQ-000693;693;registro de prueba;2026-06-09T23:45:31.353937+00:00;2026-06-09T23:45:31.379085+00:00;25.14;200;ok;api-3;
benchmark-api4-1000-c5-010;010-REQ-000694;694;registro de prueba;2026-06-09T23:45:31.354424+00:00;2026-06-09T23:45:31.379713+00:00;25.28;200;ok;api-4;
benchmark-api4-1000-c5-010;010-REQ-000695;695;registro de prueba;2026-06-09T23:45:31.363265+00:00;2026-06-09T23:45:31.387232+00:00;23.96;200;ok;api-2;
benchmark-api4-1000-c5-010;010-REQ-000696;696;registro de prueba;2026-06-09T23:45:31.369891+00:00;2026-06-09T23:45:31.396589+00:00;26.66;200;ok;api-3;
benchmark-api4-1000-c5-010;010-REQ-000697;697;registro de prueba;2026-06-09T23:45:31.379294+00:00;2026-06-09T23:45:31.406228+00:00;26.92;200;ok;api-4;
benchmark-api4-1000-c5-010;010-REQ-000698;698;registro de prueba;2026-06-09T23:45:31.379777+00:00;2026-06-09T23:45:31.404340+00:00;24.55;200;ok;api-2;
benchmark-api4-1000-c5-010;010-REQ-000699;699;registro de prueba;2026-06-09T23:45:31.387395+00:00;2026-06-09T23:45:31.413721+00:00;26.31;200;ok;api-3;
benchmark-api4-1000-c5-010;010-REQ-000700;700;registro de prueba;2026-06-09T23:45:31.396789+00:00;2026-06-09T23:45:31.422598+00:00;25.79;200;ok;api-4;
benchmark-api4-1000-c5-010;010-REQ-000701;701;registro de prueba;2026-06-09T23:45:31.404468+00:00;2026-06-09T23:45:31.430395+00:00;25.91;200;ok;api-2;
benchmark-api4-1000-c5-010;010-REQ-000702;702;registro de prueba;2026-06-09T23:45:31.406607+00:00;2026-06-09T23:45:31.431129+00:00;24.49;200;ok;api-3;
benchmark-api4-1000-c5-010;010-REQ-000703;703;registro de prueba;2026-06-09T23:45:31.413810+00:00;2026-06-09T23:45:31.438918+00:00;25.1;200;ok;api-4;
benchmark-api4-1000-c5-010;010-REQ-000704;704;registro de prueba;2026-06-09T23:45:31.422948+00:00;2026-06-09T23:45:31.448673+00:00;25.7;200;ok;api-2;
benchmark-api4-1000-c5-010;010-REQ-000705;705;registro de prueba;2026-06-09T23:45:31.430521+00:00;2026-06-09T23:45:31.458942+00:00;28.41;200;ok;api-3;
benchmark-api4-1000-c5-010;010-REQ-000706;706;registro de prueba;2026-06-09T23:45:31.431204+00:00;2026-06-09T23:45:31.457702+00:00;26.49;200;ok;api-4;
benchmark-api4-1000-c5-010;010-REQ-000707;707;registro de prueba;2026-06-09T23:45:31.439345+00:00;2026-06-09T23:45:31.465601+00:00;26.24;200;ok;api-2;
benchmark-api4-1000-c5-010;010-REQ-000708;708;registro de prueba;2026-06-09T23:45:31.448775+00:00;2026-06-09T23:45:31.476667+00:00;27.88;200;ok;api-3;
benchmark-api4-1000-c5-010;010-REQ-000709;709;registro de prueba;2026-06-09T23:45:31.457842+00:00;2026-06-09T23:45:31.485103+00:00;27.25;200;ok;api-4;
benchmark-api4-1000-c5-010;010-REQ-000710;710;registro de prueba;2026-06-09T23:45:31.459053+00:00;2026-06-09T23:45:31.486040+00:00;26.98;200;ok;api-2;
benchmark-api4-1000-c5-010;010-REQ-000711;711;registro de prueba;2026-06-09T23:45:31.465706+00:00;2026-06-09T23:45:31.494434+00:00;28.72;200;ok;api-3;
benchmark-api4-1000-c5-010;010-REQ-000712;712;registro de prueba;2026-06-09T23:45:31.476798+00:00;2026-06-09T23:45:31.510301+00:00;33.47;200;ok;api-4;
benchmark-api4-1000-c5-010;010-REQ-000713;713;registro de prueba;2026-06-09T23:45:31.485324+00:00;2026-06-09T23:45:31.518524+00:00;33.19;200;ok;api-2;
benchmark-api4-1000-c5-010;010-REQ-000714;714;registro de prueba;2026-06-09T23:45:31.486176+00:00;2026-06-09T23:45:31.517197+00:00;31.0;200;ok;api-3;
benchmark-api4-1000-c5-010;010-REQ-000715;715;registro de prueba;2026-06-09T23:45:31.494602+00:00;2026-06-09T23:45:31.527587+00:00;32.97;200;ok;api-4;
benchmark-api4-1000-c5-010;010-REQ-000716;716;registro de prueba;2026-06-09T23:45:31.510413+00:00;2026-06-09T23:45:31.548332+00:00;37.91;200;ok;api-2;
benchmark-api4-1000-c5-010;010-REQ-000717;717;registro de prueba;2026-06-09T23:45:31.517352+00:00;2026-06-09T23:45:31.557350+00:00;39.98;200;ok;api-3;
benchmark-api4-1000-c5-010;010-REQ-000718;718;registro de prueba;2026-06-09T23:45:31.518689+00:00;2026-06-09T23:45:31.554756+00:00;36.05;200;ok;api-4;
benchmark-api4-1000-c5-010;010-REQ-000719;719;registro de prueba;2026-06-09T23:45:31.527709+00:00;2026-06-09T23:45:31.563514+00:00;35.79;200;ok;api-2;
benchmark-api4-1000-c5-010;010-REQ-000720;720;registro de prueba;2026-06-09T23:45:31.548438+00:00;2026-06-09T23:45:31.578118+00:00;29.67;200;ok;api-3;
benchmark-api4-1000-c5-010;010-REQ-000721;721;registro de prueba;2026-06-09T23:45:31.555042+00:00;2026-06-09T23:45:31.585205+00:00;30.14;200;ok;api-4;
benchmark-api4-1000-c5-010;010-REQ-000722;722;registro de prueba;2026-06-09T23:45:31.557565+00:00;2026-06-09T23:45:31.585853+00:00;28.27;200;ok;api-2;
benchmark-api4-1000-c5-010;010-REQ-000723;723;registro de prueba;2026-06-09T23:45:31.563719+00:00;2026-06-09T23:45:31.594077+00:00;30.33;200;ok;api-3;
benchmark-api4-1000-c5-010;010-REQ-000724;724;registro de prueba;2026-06-09T23:45:31.578244+00:00;2026-06-09T23:45:31.604996+00:00;26.74;200;ok;api-4;
benchmark-api4-1000-c5-010;010-REQ-000725;725;registro de prueba;2026-06-09T23:45:31.585399+00:00;2026-06-09T23:45:31.613340+00:00;27.93;200;ok;api-2;
benchmark-api4-1000-c5-010;010-REQ-000726;726;registro de prueba;2026-06-09T23:45:31.585931+00:00;2026-06-09T23:45:31.613988+00:00;28.05;200;ok;api-3;
benchmark-api4-1000-c5-010;010-REQ-000727;727;registro de prueba;2026-06-09T23:45:31.594267+00:00;2026-06-09T23:45:31.621770+00:00;27.49;200;ok;api-4;
benchmark-api4-1000-c5-010;010-REQ-000728;728;registro de prueba;2026-06-09T23:45:31.605123+00:00;2026-06-09T23:45:31.633749+00:00;28.61;200;ok;api-2;
benchmark-api4-1000-c5-010;010-REQ-000729;729;registro de prueba;2026-06-09T23:45:31.613505+00:00;2026-06-09T23:45:31.641772+00:00;28.25;200;ok;api-3;
benchmark-api4-1000-c5-010;010-REQ-000730;730;registro de prueba;2026-06-09T23:45:31.614068+00:00;2026-06-09T23:45:31.642836+00:00;28.76;200;ok;api-4;
benchmark-api4-1000-c5-010;010-REQ-000731;731;registro de prueba;2026-06-09T23:45:31.621998+00:00;2026-06-09T23:45:31.649994+00:00;27.98;200;ok;api-2;
benchmark-api4-1000-c5-010;010-REQ-000732;732;registro de prueba;2026-06-09T23:45:31.633852+00:00;2026-06-09T23:45:31.661422+00:00;27.56;200;ok;api-3;
benchmark-api4-1000-c5-010;010-REQ-000733;733;registro de prueba;2026-06-09T23:45:31.642037+00:00;2026-06-09T23:45:31.669788+00:00;27.73;200;ok;api-4;
benchmark-api4-1000-c5-010;010-REQ-000734;734;registro de prueba;2026-06-09T23:45:31.643001+00:00;2026-06-09T23:45:31.669129+00:00;26.11;200;ok;api-2;
benchmark-api4-1000-c5-010;010-REQ-000735;735;registro de prueba;2026-06-09T23:45:31.650130+00:00;2026-06-09T23:45:31.677828+00:00;27.68;200;ok;api-3;
benchmark-api4-1000-c5-010;010-REQ-000736;736;registro de prueba;2026-06-09T23:45:31.661542+00:00;2026-06-09T23:45:31.690266+00:00;28.71;200;ok;api-4;
benchmark-api4-1000-c5-010;010-REQ-000737;737;registro de prueba;2026-06-09T23:45:31.669340+00:00;2026-06-09T23:45:31.705667+00:00;36.3;200;ok;api-2;
benchmark-api4-1000-c5-010;010-REQ-000738;738;registro de prueba;2026-06-09T23:45:31.669872+00:00;2026-06-09T23:45:31.709305+00:00;39.42;200;ok;api-3;
benchmark-api4-1000-c5-010;010-REQ-000739;739;registro de prueba;2026-06-09T23:45:31.677950+00:00;2026-06-09T23:45:31.711914+00:00;33.95;200;ok;api-4;
benchmark-api4-1000-c5-010;010-REQ-000740;740;registro de prueba;2026-06-09T23:45:31.690500+00:00;2026-06-09T23:45:31.723973+00:00;33.45;200;ok;api-2;
benchmark-api4-1000-c5-010;010-REQ-000741;741;registro de prueba;2026-06-09T23:45:31.706430+00:00;2026-06-09T23:45:31.743524+00:00;37.06;200;ok;api-3;
benchmark-api4-1000-c5-010;010-REQ-000742;742;registro de prueba;2026-06-09T23:45:31.709436+00:00;2026-06-09T23:45:31.738258+00:00;28.81;200;ok;api-4;
benchmark-api4-1000-c5-010;010-REQ-000743;743;registro de prueba;2026-06-09T23:45:31.712124+00:00;2026-06-09T23:45:31.744548+00:00;32.4;200;ok;api-2;
benchmark-api4-1000-c5-010;010-REQ-000744;744;registro de prueba;2026-06-09T23:45:31.724168+00:00;2026-06-09T23:45:31.754436+00:00;30.25;200;ok;api-3;
benchmark-api4-1000-c5-010;010-REQ-000745;745;registro de prueba;2026-06-09T23:45:31.738422+00:00;2026-06-09T23:45:31.766693+00:00;28.25;200;ok;api-4;
benchmark-api4-1000-c5-010;010-REQ-000746;746;registro de prueba;2026-06-09T23:45:31.743789+00:00;2026-06-09T23:45:31.771809+00:00;28.01;200;ok;api-2;
benchmark-api4-1000-c5-010;010-REQ-000747;747;registro de prueba;2026-06-09T23:45:31.744649+00:00;2026-06-09T23:45:31.770987+00:00;26.33;200;ok;api-3;
benchmark-api4-1000-c5-010;010-REQ-000748;748;registro de prueba;2026-06-09T23:45:31.754544+00:00;2026-06-09T23:45:31.781465+00:00;26.91;200;ok;api-4;
benchmark-api4-1000-c5-010;010-REQ-000749;749;registro de prueba;2026-06-09T23:45:31.766831+00:00;2026-06-09T23:45:31.797312+00:00;30.47;200;ok;api-2;
benchmark-api4-1000-c5-010;010-REQ-000750;750;registro de prueba;2026-06-09T23:45:31.771133+00:00;2026-06-09T23:45:31.802905+00:00;31.76;200;ok;api-3;
benchmark-api4-1000-c5-010;010-REQ-000751;751;registro de prueba;2026-06-09T23:45:31.771886+00:00;2026-06-09T23:45:31.800321+00:00;28.42;200;ok;api-4;
benchmark-api4-1000-c5-010;010-REQ-000752;752;registro de prueba;2026-06-09T23:45:31.781580+00:00;2026-06-09T23:45:31.815130+00:00;33.54;200;ok;api-2;
benchmark-api4-1000-c5-010;010-REQ-000753;753;registro de prueba;2026-06-09T23:45:31.797443+00:00;2026-06-09T23:45:31.829393+00:00;31.94;200;ok;api-3;
benchmark-api4-1000-c5-010;010-REQ-000754;754;registro de prueba;2026-06-09T23:45:31.800436+00:00;2026-06-09T23:45:31.833240+00:00;32.79;200;ok;api-4;
benchmark-api4-1000-c5-010;010-REQ-000755;755;registro de prueba;2026-06-09T23:45:31.803050+00:00;2026-06-09T23:45:31.837948+00:00;34.88;200;ok;api-2;
benchmark-api4-1000-c5-010;010-REQ-000756;756;registro de prueba;2026-06-09T23:45:31.815284+00:00;2026-06-09T23:45:31.846912+00:00;31.61;200;ok;api-3;
benchmark-api4-1000-c5-010;010-REQ-000757;757;registro de prueba;2026-06-09T23:45:31.829514+00:00;2026-06-09T23:45:31.862004+00:00;32.48;200;ok;api-4;
benchmark-api4-1000-c5-010;010-REQ-000758;758;registro de prueba;2026-06-09T23:45:31.833356+00:00;2026-06-09T23:45:31.860351+00:00;26.98;200;ok;api-2;
benchmark-api4-1000-c5-010;010-REQ-000759;759;registro de prueba;2026-06-09T23:45:31.838102+00:00;2026-06-09T23:45:31.875561+00:00;37.45;200;ok;api-3;
benchmark-api4-1000-c5-010;010-REQ-000760;760;registro de prueba;2026-06-09T23:45:31.847042+00:00;2026-06-09T23:45:31.881519+00:00;34.47;200;ok;api-4;
benchmark-api4-1000-c5-010;010-REQ-000761;761;registro de prueba;2026-06-09T23:45:31.860539+00:00;2026-06-09T23:45:31.890732+00:00;30.17;200;ok;api-2;
benchmark-api4-1000-c5-010;010-REQ-000762;762;registro de prueba;2026-06-09T23:45:31.862138+00:00;2026-06-09T23:45:31.891959+00:00;29.81;200;ok;api-3;
benchmark-api4-1000-c5-010;010-REQ-000763;763;registro de prueba;2026-06-09T23:45:31.875727+00:00;2026-06-09T23:45:31.903372+00:00;27.6;200;ok;api-4;
benchmark-api4-1000-c5-010;010-REQ-000764;764;registro de prueba;2026-06-09T23:45:31.881601+00:00;2026-06-09T23:45:31.909565+00:00;27.95;200;ok;api-2;
benchmark-api4-1000-c5-010;010-REQ-000765;765;registro de prueba;2026-06-09T23:45:31.890998+00:00;2026-06-09T23:45:31.917862+00:00;26.85;200;ok;api-3;
benchmark-api4-1000-c5-010;010-REQ-000766;766;registro de prueba;2026-06-09T23:45:31.892109+00:00;2026-06-09T23:45:31.916677+00:00;24.55;200;ok;api-4;
benchmark-api4-1000-c5-010;010-REQ-000767;767;registro de prueba;2026-06-09T23:45:31.903521+00:00;2026-06-09T23:45:31.929846+00:00;26.3;200;ok;api-2;
benchmark-api4-1000-c5-010;010-REQ-000768;768;registro de prueba;2026-06-09T23:45:31.909721+00:00;2026-06-09T23:45:31.935497+00:00;25.76;200;ok;api-3;
benchmark-api4-1000-c5-010;010-REQ-000769;769;registro de prueba;2026-06-09T23:45:31.916912+00:00;2026-06-09T23:45:31.943766+00:00;26.84;200;ok;api-4;
benchmark-api4-1000-c5-010;010-REQ-000770;770;registro de prueba;2026-06-09T23:45:31.918021+00:00;2026-06-09T23:45:31.942015+00:00;23.98;200;ok;api-2;
benchmark-api4-1000-c5-010;010-REQ-000771;771;registro de prueba;2026-06-09T23:45:31.929965+00:00;2026-06-09T23:45:31.953422+00:00;23.45;200;ok;api-3;
benchmark-api4-1000-c5-010;010-REQ-000772;772;registro de prueba;2026-06-09T23:45:31.935590+00:00;2026-06-09T23:45:31.962024+00:00;26.42;200;ok;api-4;
benchmark-api4-1000-c5-010;010-REQ-000773;773;registro de prueba;2026-06-09T23:45:31.942167+00:00;2026-06-09T23:45:31.968098+00:00;25.91;200;ok;api-2;
benchmark-api4-1000-c5-010;010-REQ-000774;774;registro de prueba;2026-06-09T23:45:31.943886+00:00;2026-06-09T23:45:31.966917+00:00;23.02;200;ok;api-3;
benchmark-api4-1000-c5-010;010-REQ-000775;775;registro de prueba;2026-06-09T23:45:31.953571+00:00;2026-06-09T23:45:31.979699+00:00;26.11;200;ok;api-4;
benchmark-api4-1000-c5-010;010-REQ-000776;776;registro de prueba;2026-06-09T23:45:31.962138+00:00;2026-06-09T23:45:31.986851+00:00;24.7;200;ok;api-2;
benchmark-api4-1000-c5-010;010-REQ-000777;777;registro de prueba;2026-06-09T23:45:31.967098+00:00;2026-06-09T23:45:31.992882+00:00;25.77;200;ok;api-3;
benchmark-api4-1000-c5-010;010-REQ-000778;778;registro de prueba;2026-06-09T23:45:31.968198+00:00;2026-06-09T23:45:31.991897+00:00;23.69;200;ok;api-4;
benchmark-api4-1000-c5-010;010-REQ-000779;779;registro de prueba;2026-06-09T23:45:31.979930+00:00;2026-06-09T23:45:32.004043+00:00;24.1;200;ok;api-2;
benchmark-api4-1000-c5-010;010-REQ-000780;780;registro de prueba;2026-06-09T23:45:31.987047+00:00;2026-06-09T23:45:32.012836+00:00;25.77;200;ok;api-3;
benchmark-api4-1000-c5-010;010-REQ-000781;781;registro de prueba;2026-06-09T23:45:31.992036+00:00;2026-06-09T23:45:32.014721+00:00;22.67;200;ok;api-4;
benchmark-api4-1000-c5-010;010-REQ-000782;782;registro de prueba;2026-06-09T23:45:31.992969+00:00;2026-06-09T23:45:32.016402+00:00;23.42;200;ok;api-2;
benchmark-api4-1000-c5-010;010-REQ-000783;783;registro de prueba;2026-06-09T23:45:32.004111+00:00;2026-06-09T23:45:32.030235+00:00;26.11;200;ok;api-3;
benchmark-api4-1000-c5-010;010-REQ-000784;784;registro de prueba;2026-06-09T23:45:32.012943+00:00;2026-06-09T23:45:32.037441+00:00;24.49;200;ok;api-4;
benchmark-api4-1000-c5-010;010-REQ-000785;785;registro de prueba;2026-06-09T23:45:32.014849+00:00;2026-06-09T23:45:32.038387+00:00;23.53;200;ok;api-2;
benchmark-api4-1000-c5-010;010-REQ-000786;786;registro de prueba;2026-06-09T23:45:32.016533+00:00;2026-06-09T23:45:32.040399+00:00;23.85;200;ok;api-3;
benchmark-api4-1000-c5-010;010-REQ-000787;787;registro de prueba;2026-06-09T23:45:32.030346+00:00;2026-06-09T23:45:32.057659+00:00;27.3;200;ok;api-4;
benchmark-api4-1000-c5-010;010-REQ-000788;788;registro de prueba;2026-06-09T23:45:32.037600+00:00;2026-06-09T23:45:32.067610+00:00;30.0;200;ok;api-2;
benchmark-api4-1000-c5-010;010-REQ-000789;789;registro de prueba;2026-06-09T23:45:32.038504+00:00;2026-06-09T23:45:32.066799+00:00;28.29;200;ok;api-3;
benchmark-api4-1000-c5-010;010-REQ-000790;790;registro de prueba;2026-06-09T23:45:32.040576+00:00;2026-06-09T23:45:32.065628+00:00;25.04;200;ok;api-4;
benchmark-api4-1000-c5-010;010-REQ-000791;791;registro de prueba;2026-06-09T23:45:32.057805+00:00;2026-06-09T23:45:32.088653+00:00;30.84;200;ok;api-2;
benchmark-api4-1000-c5-010;010-REQ-000792;792;registro de prueba;2026-06-09T23:45:32.066016+00:00;2026-06-09T23:45:32.096169+00:00;30.13;200;ok;api-3;
benchmark-api4-1000-c5-010;010-REQ-000793;793;registro de prueba;2026-06-09T23:45:32.067005+00:00;2026-06-09T23:45:32.094618+00:00;27.6;200;ok;api-2;
benchmark-api4-1000-c5-010;010-REQ-000794;794;registro de prueba;2026-06-09T23:45:32.067741+00:00;2026-06-09T23:45:32.093288+00:00;25.53;200;ok;api-4;
benchmark-api4-1000-c5-010;010-REQ-000795;795;registro de prueba;2026-06-09T23:45:32.088950+00:00;2026-06-09T23:45:32.112094+00:00;23.12;200;ok;api-3;
benchmark-api4-1000-c5-010;010-REQ-000796;796;registro de prueba;2026-06-09T23:45:32.093651+00:00;2026-06-09T23:45:32.117123+00:00;23.46;200;ok;api-4;
benchmark-api4-1000-c5-010;010-REQ-000797;797;registro de prueba;2026-06-09T23:45:32.094728+00:00;2026-06-09T23:45:32.114597+00:00;19.84;200;ok;api-2;
benchmark-api4-1000-c5-010;010-REQ-000798;798;registro de prueba;2026-06-09T23:45:32.096248+00:00;2026-06-09T23:45:32.118846+00:00;22.59;200;ok;api-3;
benchmark-api4-1000-c5-010;010-REQ-000799;799;registro de prueba;2026-06-09T23:45:32.112189+00:00;2026-06-09T23:45:32.137576+00:00;25.38;200;ok;api-4;
benchmark-api4-1000-c5-010;010-REQ-000800;800;registro de prueba;2026-06-09T23:45:32.114691+00:00;2026-06-09T23:45:32.143494+00:00;28.79;200;ok;api-2;
benchmark-api4-1000-c5-010;010-REQ-000801;801;registro de prueba;2026-06-09T23:45:32.117254+00:00;2026-06-09T23:45:32.140060+00:00;22.78;200;ok;api-3;
benchmark-api4-1000-c5-010;010-REQ-000802;802;registro de prueba;2026-06-09T23:45:32.118955+00:00;2026-06-09T23:45:32.145271+00:00;26.28;200;ok;api-4;
benchmark-api4-1000-c5-010;010-REQ-000803;803;registro de prueba;2026-06-09T23:45:32.137667+00:00;2026-06-09T23:45:32.162440+00:00;24.76;200;ok;api-2;
benchmark-api4-1000-c5-010;010-REQ-000804;804;registro de prueba;2026-06-09T23:45:32.140274+00:00;2026-06-09T23:45:32.163143+00:00;22.85;200;ok;api-3;
benchmark-api4-1000-c5-010;010-REQ-000805;805;registro de prueba;2026-06-09T23:45:32.143636+00:00;2026-06-09T23:45:32.167611+00:00;23.96;200;ok;api-4;
benchmark-api4-1000-c5-010;010-REQ-000806;806;registro de prueba;2026-06-09T23:45:32.145390+00:00;2026-06-09T23:45:32.168343+00:00;22.94;200;ok;api-2;
benchmark-api4-1000-c5-010;010-REQ-000807;807;registro de prueba;2026-06-09T23:45:32.162620+00:00;2026-06-09T23:45:32.187814+00:00;25.17;200;ok;api-3;
benchmark-api4-1000-c5-010;010-REQ-000808;808;registro de prueba;2026-06-09T23:45:32.163199+00:00;2026-06-09T23:45:32.185460+00:00;22.25;200;ok;api-4;
benchmark-api4-1000-c5-010;010-REQ-000809;809;registro de prueba;2026-06-09T23:45:32.167762+00:00;2026-06-09T23:45:32.191228+00:00;23.45;200;ok;api-2;
benchmark-api4-1000-c5-010;010-REQ-000810;810;registro de prueba;2026-06-09T23:45:32.168397+00:00;2026-06-09T23:45:32.194604+00:00;26.2;200;ok;api-3;
benchmark-api4-1000-c5-010;010-REQ-000811;811;registro de prueba;2026-06-09T23:45:32.185558+00:00;2026-06-09T23:45:32.210393+00:00;24.82;200;ok;api-4;
benchmark-api4-1000-c5-010;010-REQ-000812;812;registro de prueba;2026-06-09T23:45:32.187925+00:00;2026-06-09T23:45:32.213703+00:00;25.77;200;ok;api-2;
benchmark-api4-1000-c5-010;010-REQ-000813;813;registro de prueba;2026-06-09T23:45:32.191578+00:00;2026-06-09T23:45:32.215669+00:00;24.03;200;ok;api-3;
benchmark-api4-1000-c5-010;010-REQ-000814;814;registro de prueba;2026-06-09T23:45:32.194766+00:00;2026-06-09T23:45:32.217969+00:00;23.19;200;ok;api-4;
benchmark-api4-1000-c5-010;010-REQ-000815;815;registro de prueba;2026-06-09T23:45:32.210487+00:00;2026-06-09T23:45:32.235378+00:00;24.87;200;ok;api-2;
benchmark-api4-1000-c5-010;010-REQ-000816;816;registro de prueba;2026-06-09T23:45:32.213804+00:00;2026-06-09T23:45:32.237142+00:00;23.33;200;ok;api-3;
benchmark-api4-1000-c5-010;010-REQ-000817;817;registro de prueba;2026-06-09T23:45:32.215777+00:00;2026-06-09T23:45:32.239661+00:00;23.87;200;ok;api-4;
benchmark-api4-1000-c5-010;010-REQ-000818;818;registro de prueba;2026-06-09T23:45:32.218093+00:00;2026-06-09T23:45:32.245280+00:00;27.17;200;ok;api-2;
benchmark-api4-1000-c5-010;010-REQ-000819;819;registro de prueba;2026-06-09T23:45:32.235469+00:00;2026-06-09T23:45:32.262734+00:00;27.26;200;ok;api-3;
benchmark-api4-1000-c5-010;010-REQ-000820;820;registro de prueba;2026-06-09T23:45:32.237256+00:00;2026-06-09T23:45:32.261956+00:00;24.69;200;ok;api-4;
benchmark-api4-1000-c5-010;010-REQ-000821;821;registro de prueba;2026-06-09T23:45:32.239842+00:00;2026-06-09T23:45:32.268644+00:00;28.78;200;ok;api-2;
benchmark-api4-1000-c5-010;010-REQ-000822;822;registro de prueba;2026-06-09T23:45:32.245401+00:00;2026-06-09T23:45:32.273596+00:00;28.18;200;ok;api-3;
benchmark-api4-1000-c5-010;010-REQ-000823;823;registro de prueba;2026-06-09T23:45:32.262191+00:00;2026-06-09T23:45:32.287228+00:00;25.02;200;ok;api-4;
benchmark-api4-1000-c5-010;010-REQ-000824;824;registro de prueba;2026-06-09T23:45:32.262846+00:00;2026-06-09T23:45:32.289813+00:00;26.95;200;ok;api-2;
benchmark-api4-1000-c5-010;010-REQ-000825;825;registro de prueba;2026-06-09T23:45:32.268751+00:00;2026-06-09T23:45:32.295061+00:00;26.3;200;ok;api-3;
benchmark-api4-1000-c5-010;010-REQ-000826;826;registro de prueba;2026-06-09T23:45:32.273767+00:00;2026-06-09T23:45:32.299950+00:00;26.17;200;ok;api-4;
benchmark-api4-1000-c5-010;010-REQ-000827;827;registro de prueba;2026-06-09T23:45:32.287355+00:00;2026-06-09T23:45:32.312222+00:00;24.85;200;ok;api-2;
benchmark-api4-1000-c5-010;010-REQ-000828;828;registro de prueba;2026-06-09T23:45:32.290003+00:00;2026-06-09T23:45:32.313438+00:00;23.42;200;ok;api-3;
benchmark-api4-1000-c5-010;010-REQ-000829;829;registro de prueba;2026-06-09T23:45:32.295190+00:00;2026-06-09T23:45:32.318420+00:00;23.22;200;ok;api-4;
benchmark-api4-1000-c5-010;010-REQ-000830;830;registro de prueba;2026-06-09T23:45:32.300040+00:00;2026-06-09T23:45:32.325592+00:00;25.54;200;ok;api-2;
benchmark-api4-1000-c5-010;010-REQ-000831;831;registro de prueba;2026-06-09T23:45:32.312481+00:00;2026-06-09T23:45:32.337808+00:00;25.29;200;ok;api-3;
benchmark-api4-1000-c5-010;010-REQ-000832;832;registro de prueba;2026-06-09T23:45:32.313518+00:00;2026-06-09T23:45:32.336405+00:00;22.88;200;ok;api-4;
benchmark-api4-1000-c5-010;010-REQ-000833;833;registro de prueba;2026-06-09T23:45:32.318646+00:00;2026-06-09T23:45:32.344344+00:00;25.68;200;ok;api-2;
benchmark-api4-1000-c5-010;010-REQ-000834;834;registro de prueba;2026-06-09T23:45:32.325689+00:00;2026-06-09T23:45:32.352699+00:00;27.0;200;ok;api-3;
benchmark-api4-1000-c5-010;010-REQ-000835;835;registro de prueba;2026-06-09T23:45:32.336557+00:00;2026-06-09T23:45:32.365152+00:00;28.58;200;ok;api-4;
benchmark-api4-1000-c5-010;010-REQ-000836;836;registro de prueba;2026-06-09T23:45:32.337951+00:00;2026-06-09T23:45:32.364627+00:00;26.66;200;ok;api-2;
benchmark-api4-1000-c5-010;010-REQ-000837;837;registro de prueba;2026-06-09T23:45:32.344470+00:00;2026-06-09T23:45:32.371054+00:00;26.57;200;ok;api-3;
benchmark-api4-1000-c5-010;010-REQ-000838;838;registro de prueba;2026-06-09T23:45:32.352803+00:00;2026-06-09T23:45:32.378784+00:00;25.97;200;ok;api-4;
benchmark-api4-1000-c5-010;010-REQ-000839;839;registro de prueba;2026-06-09T23:45:32.364771+00:00;2026-06-09T23:45:32.391745+00:00;26.97;200;ok;api-2;
benchmark-api4-1000-c5-010;010-REQ-000840;840;registro de prueba;2026-06-09T23:45:32.365207+00:00;2026-06-09T23:45:32.390738+00:00;25.52;200;ok;api-3;
benchmark-api4-1000-c5-010;010-REQ-000841;841;registro de prueba;2026-06-09T23:45:32.371175+00:00;2026-06-09T23:45:32.397617+00:00;26.43;200;ok;api-4;
benchmark-api4-1000-c5-010;010-REQ-000842;842;registro de prueba;2026-06-09T23:45:32.378920+00:00;2026-06-09T23:45:32.403611+00:00;24.68;200;ok;api-2;
benchmark-api4-1000-c5-010;010-REQ-000843;843;registro de prueba;2026-06-09T23:45:32.391053+00:00;2026-06-09T23:45:32.415298+00:00;24.23;200;ok;api-3;
benchmark-api4-1000-c5-010;010-REQ-000844;844;registro de prueba;2026-06-09T23:45:32.391815+00:00;2026-06-09T23:45:32.414210+00:00;22.38;200;ok;api-4;
benchmark-api4-1000-c5-010;010-REQ-000845;845;registro de prueba;2026-06-09T23:45:32.397704+00:00;2026-06-09T23:45:32.422772+00:00;25.05;200;ok;api-2;
benchmark-api4-1000-c5-010;010-REQ-000846;846;registro de prueba;2026-06-09T23:45:32.403719+00:00;2026-06-09T23:45:32.428971+00:00;25.21;200;ok;api-3;
benchmark-api4-1000-c5-010;010-REQ-000847;847;registro de prueba;2026-06-09T23:45:32.414338+00:00;2026-06-09T23:45:32.439496+00:00;25.14;200;ok;api-4;
benchmark-api4-1000-c5-010;010-REQ-000848;848;registro de prueba;2026-06-09T23:45:32.415389+00:00;2026-06-09T23:45:32.438324+00:00;22.93;200;ok;api-2;
benchmark-api4-1000-c5-010;010-REQ-000849;849;registro de prueba;2026-06-09T23:45:32.423016+00:00;2026-06-09T23:45:32.447551+00:00;24.51;200;ok;api-3;
benchmark-api4-1000-c5-010;010-REQ-000850;850;registro de prueba;2026-06-09T23:45:32.429080+00:00;2026-06-09T23:45:32.454632+00:00;25.54;200;ok;api-4;
benchmark-api4-1000-c5-010;010-REQ-000851;851;registro de prueba;2026-06-09T23:45:32.438457+00:00;2026-06-09T23:45:32.466254+00:00;27.79;200;ok;api-2;
benchmark-api4-1000-c5-010;010-REQ-000852;852;registro de prueba;2026-06-09T23:45:32.439664+00:00;2026-06-09T23:45:32.464633+00:00;24.96;200;ok;api-3;
benchmark-api4-1000-c5-010;010-REQ-000853;853;registro de prueba;2026-06-09T23:45:32.447638+00:00;2026-06-09T23:45:32.476619+00:00;28.97;200;ok;api-4;
benchmark-api4-1000-c5-010;010-REQ-000854;854;registro de prueba;2026-06-09T23:45:32.454746+00:00;2026-06-09T23:45:32.482813+00:00;28.05;200;ok;api-2;
benchmark-api4-1000-c5-010;010-REQ-000855;855;registro de prueba;2026-06-09T23:45:32.464791+00:00;2026-06-09T23:45:32.491948+00:00;27.14;200;ok;api-3;
benchmark-api4-1000-c5-010;010-REQ-000856;856;registro de prueba;2026-06-09T23:45:32.466498+00:00;2026-06-09T23:45:32.494629+00:00;28.11;200;ok;api-4;
benchmark-api4-1000-c5-010;010-REQ-000857;857;registro de prueba;2026-06-09T23:45:32.476740+00:00;2026-06-09T23:45:32.503198+00:00;26.45;200;ok;api-2;
benchmark-api4-1000-c5-010;010-REQ-000858;858;registro de prueba;2026-06-09T23:45:32.482935+00:00;2026-06-09T23:45:32.511567+00:00;28.62;200;ok;api-3;
benchmark-api4-1000-c5-010;010-REQ-000859;859;registro de prueba;2026-06-09T23:45:32.492078+00:00;2026-06-09T23:45:32.519094+00:00;27.01;200;ok;api-4;
benchmark-api4-1000-c5-010;010-REQ-000860;860;registro de prueba;2026-06-09T23:45:32.494822+00:00;2026-06-09T23:45:32.520547+00:00;25.71;200;ok;api-2;
benchmark-api4-1000-c5-010;010-REQ-000861;861;registro de prueba;2026-06-09T23:45:32.503299+00:00;2026-06-09T23:45:32.528747+00:00;25.44;200;ok;api-3;
benchmark-api4-1000-c5-010;010-REQ-000862;862;registro de prueba;2026-06-09T23:45:32.511657+00:00;2026-06-09T23:45:32.535862+00:00;24.2;200;ok;api-4;
benchmark-api4-1000-c5-010;010-REQ-000863;863;registro de prueba;2026-06-09T23:45:32.519181+00:00;2026-06-09T23:45:32.542956+00:00;23.76;200;ok;api-2;
benchmark-api4-1000-c5-010;010-REQ-000864;864;registro de prueba;2026-06-09T23:45:32.520657+00:00;2026-06-09T23:45:32.544046+00:00;23.38;200;ok;api-3;
benchmark-api4-1000-c5-010;010-REQ-000865;865;registro de prueba;2026-06-09T23:45:32.528872+00:00;2026-06-09T23:45:32.553224+00:00;24.34;200;ok;api-4;
benchmark-api4-1000-c5-010;010-REQ-000866;866;registro de prueba;2026-06-09T23:45:32.535941+00:00;2026-06-09T23:45:32.561525+00:00;25.54;200;ok;api-2;
benchmark-api4-1000-c5-010;010-REQ-000867;867;registro de prueba;2026-06-09T23:45:32.543160+00:00;2026-06-09T23:45:32.569205+00:00;26.02;200;ok;api-3;
benchmark-api4-1000-c5-010;010-REQ-000868;868;registro de prueba;2026-06-09T23:45:32.544121+00:00;2026-06-09T23:45:32.567250+00:00;23.12;200;ok;api-4;
benchmark-api4-1000-c5-010;010-REQ-000869;869;registro de prueba;2026-06-09T23:45:32.553325+00:00;2026-06-09T23:45:32.579715+00:00;26.37;200;ok;api-2;
benchmark-api4-1000-c5-010;010-REQ-000870;870;registro de prueba;2026-06-09T23:45:32.561641+00:00;2026-06-09T23:45:32.587389+00:00;25.74;200;ok;api-3;
benchmark-api4-1000-c5-010;010-REQ-000871;871;registro de prueba;2026-06-09T23:45:32.567369+00:00;2026-06-09T23:45:32.593632+00:00;26.25;200;ok;api-4;
benchmark-api4-1000-c5-010;010-REQ-000872;872;registro de prueba;2026-06-09T23:45:32.569318+00:00;2026-06-09T23:45:32.594409+00:00;25.08;200;ok;api-2;
benchmark-api4-1000-c5-010;010-REQ-000873;873;registro de prueba;2026-06-09T23:45:32.579804+00:00;2026-06-09T23:45:32.606077+00:00;26.26;200;ok;api-3;
benchmark-api4-1000-c5-010;010-REQ-000874;874;registro de prueba;2026-06-09T23:45:32.587497+00:00;2026-06-09T23:45:32.614564+00:00;27.02;200;ok;api-4;
benchmark-api4-1000-c5-010;010-REQ-000875;875;registro de prueba;2026-06-09T23:45:32.593857+00:00;2026-06-09T23:45:32.618176+00:00;24.3;200;ok;api-2;
benchmark-api4-1000-c5-010;010-REQ-000876;876;registro de prueba;2026-06-09T23:45:32.594496+00:00;2026-06-09T23:45:32.617473+00:00;22.97;200;ok;api-3;
benchmark-api4-1000-c5-010;010-REQ-000877;877;registro de prueba;2026-06-09T23:45:32.606311+00:00;2026-06-09T23:45:32.633198+00:00;26.87;200;ok;api-4;
benchmark-api4-1000-c5-010;010-REQ-000878;878;registro de prueba;2026-06-09T23:45:32.614698+00:00;2026-06-09T23:45:32.641933+00:00;27.22;200;ok;api-2;
benchmark-api4-1000-c5-010;010-REQ-000879;879;registro de prueba;2026-06-09T23:45:32.617675+00:00;2026-06-09T23:45:32.643058+00:00;25.37;200;ok;api-3;
benchmark-api4-1000-c5-010;010-REQ-000880;880;registro de prueba;2026-06-09T23:45:32.618272+00:00;2026-06-09T23:45:32.645794+00:00;27.51;200;ok;api-4;
benchmark-api4-1000-c5-010;010-REQ-000881;881;registro de prueba;2026-06-09T23:45:32.633303+00:00;2026-06-09T23:45:32.663462+00:00;30.15;200;ok;api-2;
benchmark-api4-1000-c5-010;010-REQ-000882;882;registro de prueba;2026-06-09T23:45:32.642086+00:00;2026-06-09T23:45:32.670011+00:00;27.91;200;ok;api-3;
benchmark-api4-1000-c5-010;010-REQ-000883;883;registro de prueba;2026-06-09T23:45:32.643191+00:00;2026-06-09T23:45:32.671489+00:00;28.28;200;ok;api-4;
benchmark-api4-1000-c5-010;010-REQ-000884;884;registro de prueba;2026-06-09T23:45:32.646105+00:00;2026-06-09T23:45:32.678908+00:00;32.77;200;ok;api-2;
benchmark-api4-1000-c5-010;010-REQ-000885;885;registro de prueba;2026-06-09T23:45:32.663589+00:00;2026-06-09T23:45:32.696129+00:00;32.53;200;ok;api-3;
benchmark-api4-1000-c5-010;010-REQ-000886;886;registro de prueba;2026-06-09T23:45:32.670215+00:00;2026-06-09T23:45:32.702428+00:00;32.2;200;ok;api-4;
benchmark-api4-1000-c5-010;010-REQ-000887;887;registro de prueba;2026-06-09T23:45:32.671663+00:00;2026-06-09T23:45:32.701514+00:00;29.84;200;ok;api-2;
benchmark-api4-1000-c5-010;010-REQ-000888;888;registro de prueba;2026-06-09T23:45:32.679052+00:00;2026-06-09T23:45:32.710130+00:00;31.06;200;ok;api-3;
benchmark-api4-1000-c5-010;010-REQ-000889;889;registro de prueba;2026-06-09T23:45:32.696280+00:00;2026-06-09T23:45:32.739767+00:00;43.47;200;ok;api-4;
benchmark-api4-1000-c5-010;010-REQ-000890;890;registro de prueba;2026-06-09T23:45:32.701697+00:00;2026-06-09T23:45:32.736984+00:00;35.27;200;ok;api-2;
benchmark-api4-1000-c5-010;010-REQ-000891;891;registro de prueba;2026-06-09T23:45:32.702513+00:00;2026-06-09T23:45:32.737813+00:00;35.29;200;ok;api-3;
benchmark-api4-1000-c5-010;010-REQ-000892;892;registro de prueba;2026-06-09T23:45:32.710270+00:00;2026-06-09T23:45:32.741123+00:00;30.84;200;ok;api-4;
benchmark-api4-1000-c5-010;010-REQ-000893;893;registro de prueba;2026-06-09T23:45:32.737182+00:00;2026-06-09T23:45:32.761422+00:00;24.22;200;ok;api-2;
benchmark-api4-1000-c5-010;010-REQ-000894;894;registro de prueba;2026-06-09T23:45:32.738125+00:00;2026-06-09T23:45:32.766786+00:00;28.65;200;ok;api-3;
benchmark-api4-1000-c5-010;010-REQ-000895;895;registro de prueba;2026-06-09T23:45:32.739986+00:00;2026-06-09T23:45:32.766104+00:00;26.09;200;ok;api-4;
benchmark-api4-1000-c5-010;010-REQ-000896;896;registro de prueba;2026-06-09T23:45:32.741512+00:00;2026-06-09T23:45:32.765263+00:00;23.73;200;ok;api-2;
benchmark-api4-1000-c5-010;010-REQ-000897;897;registro de prueba;2026-06-09T23:45:32.761561+00:00;2026-06-09T23:45:32.786194+00:00;24.62;200;ok;api-3;
benchmark-api4-1000-c5-010;010-REQ-000898;898;registro de prueba;2026-06-09T23:45:32.765571+00:00;2026-06-09T23:45:32.791824+00:00;26.23;200;ok;api-4;
benchmark-api4-1000-c5-010;010-REQ-000899;899;registro de prueba;2026-06-09T23:45:32.766252+00:00;2026-06-09T23:45:32.792488+00:00;26.23;200;ok;api-2;
benchmark-api4-1000-c5-010;010-REQ-000900;900;registro de prueba;2026-06-09T23:45:32.766867+00:00;2026-06-09T23:45:32.789205+00:00;22.09;200;ok;api-3;
benchmark-api4-1000-c5-010;010-REQ-000901;901;registro de prueba;2026-06-09T23:45:32.786279+00:00;2026-06-09T23:45:32.810231+00:00;23.94;200;ok;api-4;
benchmark-api4-1000-c5-010;010-REQ-000902;902;registro de prueba;2026-06-09T23:45:32.790607+00:00;2026-06-09T23:45:32.815034+00:00;24.4;200;ok;api-2;
benchmark-api4-1000-c5-010;010-REQ-000903;903;registro de prueba;2026-06-09T23:45:32.791992+00:00;2026-06-09T23:45:32.817365+00:00;25.36;200;ok;api-3;
benchmark-api4-1000-c5-010;010-REQ-000904;904;registro de prueba;2026-06-09T23:45:32.792577+00:00;2026-06-09T23:45:32.816338+00:00;23.75;200;ok;api-4;
benchmark-api4-1000-c5-010;010-REQ-000905;905;registro de prueba;2026-06-09T23:45:32.810340+00:00;2026-06-09T23:45:32.835002+00:00;24.65;200;ok;api-2;
benchmark-api4-1000-c5-010;010-REQ-000906;906;registro de prueba;2026-06-09T23:45:32.815171+00:00;2026-06-09T23:45:32.841320+00:00;26.14;200;ok;api-3;
benchmark-api4-1000-c5-010;010-REQ-000907;907;registro de prueba;2026-06-09T23:45:32.816629+00:00;2026-06-09T23:45:32.841188+00:00;24.54;200;ok;api-4;
benchmark-api4-1000-c5-010;010-REQ-000908;908;registro de prueba;2026-06-09T23:45:32.817448+00:00;2026-06-09T23:45:32.840416+00:00;22.95;200;ok;api-2;
benchmark-api4-1000-c5-010;010-REQ-000909;909;registro de prueba;2026-06-09T23:45:32.835084+00:00;2026-06-09T23:45:32.859835+00:00;24.74;200;ok;api-3;
benchmark-api4-1000-c5-010;010-REQ-000910;910;registro de prueba;2026-06-09T23:45:32.840700+00:00;2026-06-09T23:45:32.865689+00:00;24.97;200;ok;api-4;
benchmark-api4-1000-c5-010;010-REQ-000911;911;registro de prueba;2026-06-09T23:45:32.841430+00:00;2026-06-09T23:45:32.863792+00:00;22.35;200;ok;api-2;
benchmark-api4-1000-c5-010;010-REQ-000912;912;registro de prueba;2026-06-09T23:45:32.841836+00:00;2026-06-09T23:45:32.862830+00:00;20.98;200;ok;api-3;
benchmark-api4-1000-c5-010;010-REQ-000913;913;registro de prueba;2026-06-09T23:45:32.859933+00:00;2026-06-09T23:45:32.886319+00:00;26.37;200;ok;api-4;
benchmark-api4-1000-c5-010;010-REQ-000914;914;registro de prueba;2026-06-09T23:45:32.862982+00:00;2026-06-09T23:45:32.893745+00:00;30.75;200;ok;api-2;
benchmark-api4-1000-c5-010;010-REQ-000915;915;registro de prueba;2026-06-09T23:45:32.863922+00:00;2026-06-09T23:45:32.891557+00:00;27.6;200;ok;api-3;
benchmark-api4-1000-c5-010;010-REQ-000916;916;registro de prueba;2026-06-09T23:45:32.865823+00:00;2026-06-09T23:45:32.893985+00:00;28.15;200;ok;api-4;
benchmark-api4-1000-c5-010;010-REQ-000917;917;registro de prueba;2026-06-09T23:45:32.886438+00:00;2026-06-09T23:45:32.915905+00:00;29.46;200;ok;api-2;
benchmark-api4-1000-c5-010;010-REQ-000918;918;registro de prueba;2026-06-09T23:45:32.892063+00:00;2026-06-09T23:45:32.921856+00:00;29.77;200;ok;api-3;
benchmark-api4-1000-c5-010;010-REQ-000919;919;registro de prueba;2026-06-09T23:45:32.894108+00:00;2026-06-09T23:45:32.920978+00:00;26.85;200;ok;api-4;
benchmark-api4-1000-c5-010;010-REQ-000920;920;registro de prueba;2026-06-09T23:45:32.894756+00:00;2026-06-09T23:45:32.923182+00:00;28.4;200;ok;api-2;
benchmark-api4-1000-c5-010;010-REQ-000921;921;registro de prueba;2026-06-09T23:45:32.915995+00:00;2026-06-09T23:45:32.941269+00:00;25.26;200;ok;api-3;
benchmark-api4-1000-c5-010;010-REQ-000922;922;registro de prueba;2026-06-09T23:45:32.921252+00:00;2026-06-09T23:45:32.948505+00:00;27.23;200;ok;api-4;
benchmark-api4-1000-c5-010;010-REQ-000923;923;registro de prueba;2026-06-09T23:45:32.922099+00:00;2026-06-09T23:45:32.946725+00:00;24.61;200;ok;api-2;
benchmark-api4-1000-c5-010;010-REQ-000924;924;registro de prueba;2026-06-09T23:45:32.923334+00:00;2026-06-09T23:45:32.945088+00:00;21.74;200;ok;api-3;
benchmark-api4-1000-c5-010;010-REQ-000925;925;registro de prueba;2026-06-09T23:45:32.941376+00:00;2026-06-09T23:45:32.965615+00:00;24.23;200;ok;api-4;
benchmark-api4-1000-c5-010;010-REQ-000926;926;registro de prueba;2026-06-09T23:45:32.945256+00:00;2026-06-09T23:45:32.971241+00:00;25.97;200;ok;api-2;
benchmark-api4-1000-c5-010;010-REQ-000927;927;registro de prueba;2026-06-09T23:45:32.946907+00:00;2026-06-09T23:45:32.974247+00:00;27.32;200;ok;api-3;
benchmark-api4-1000-c5-010;010-REQ-000928;928;registro de prueba;2026-06-09T23:45:32.948621+00:00;2026-06-09T23:45:32.972812+00:00;24.18;200;ok;api-4;
benchmark-api4-1000-c5-010;010-REQ-000929;929;registro de prueba;2026-06-09T23:45:32.965703+00:00;2026-06-09T23:45:32.992973+00:00;27.26;200;ok;api-2;
benchmark-api4-1000-c5-010;010-REQ-000930;930;registro de prueba;2026-06-09T23:45:32.971499+00:00;2026-06-09T23:45:32.997779+00:00;26.26;200;ok;api-3;
benchmark-api4-1000-c5-010;010-REQ-000931;931;registro de prueba;2026-06-09T23:45:32.973208+00:00;2026-06-09T23:45:33.000133+00:00;26.9;200;ok;api-4;
benchmark-api4-1000-c5-010;010-REQ-000932;932;registro de prueba;2026-06-09T23:45:32.974657+00:00;2026-06-09T23:45:32.998789+00:00;24.11;200;ok;api-2;
benchmark-api4-1000-c5-010;010-REQ-000933;933;registro de prueba;2026-06-09T23:45:32.993108+00:00;2026-06-09T23:45:33.018703+00:00;25.58;200;ok;api-3;
benchmark-api4-1000-c5-010;010-REQ-000934;934;registro de prueba;2026-06-09T23:45:32.997947+00:00;2026-06-09T23:45:33.025136+00:00;27.17;200;ok;api-4;
benchmark-api4-1000-c5-010;010-REQ-000935;935;registro de prueba;2026-06-09T23:45:32.998901+00:00;2026-06-09T23:45:33.024252+00:00;25.34;200;ok;api-2;
benchmark-api4-1000-c5-010;010-REQ-000936;936;registro de prueba;2026-06-09T23:45:33.000231+00:00;2026-06-09T23:45:33.021727+00:00;21.48;200;ok;api-3;
benchmark-api4-1000-c5-010;010-REQ-000937;937;registro de prueba;2026-06-09T23:45:33.018829+00:00;2026-06-09T23:45:33.042923+00:00;24.08;200;ok;api-4;
benchmark-api4-1000-c5-010;010-REQ-000938;938;registro de prueba;2026-06-09T23:45:33.022041+00:00;2026-06-09T23:45:33.044018+00:00;21.75;200;ok;api-2;
benchmark-api4-1000-c5-010;010-REQ-000939;939;registro de prueba;2026-06-09T23:45:33.024420+00:00;2026-06-09T23:45:33.045046+00:00;20.62;200;ok;api-3;
benchmark-api4-1000-c5-010;010-REQ-000940;940;registro de prueba;2026-06-09T23:45:33.025205+00:00;2026-06-09T23:45:33.048345+00:00;23.13;200;ok;api-4;
benchmark-api4-1000-c5-010;010-REQ-000941;941;registro de prueba;2026-06-09T23:45:33.043137+00:00;2026-06-09T23:45:33.066221+00:00;23.07;200;ok;api-2;
benchmark-api4-1000-c5-010;010-REQ-000942;942;registro de prueba;2026-06-09T23:45:33.044155+00:00;2026-06-09T23:45:33.065264+00:00;21.1;200;ok;api-3;
benchmark-api4-1000-c5-010;010-REQ-000943;943;registro de prueba;2026-06-09T23:45:33.045171+00:00;2026-06-09T23:45:33.068524+00:00;23.33;200;ok;api-4;
benchmark-api4-1000-c5-010;010-REQ-000944;944;registro de prueba;2026-06-09T23:45:33.048469+00:00;2026-06-09T23:45:33.069703+00:00;21.22;200;ok;api-2;
benchmark-api4-1000-c5-010;010-REQ-000945;945;registro de prueba;2026-06-09T23:45:33.065620+00:00;2026-06-09T23:45:33.087859+00:00;22.21;200;ok;api-3;
benchmark-api4-1000-c5-010;010-REQ-000946;946;registro de prueba;2026-06-09T23:45:33.066289+00:00;2026-06-09T23:45:33.089951+00:00;23.65;200;ok;api-4;
benchmark-api4-1000-c5-010;010-REQ-000947;947;registro de prueba;2026-06-09T23:45:33.068700+00:00;2026-06-09T23:45:33.094864+00:00;26.15;200;ok;api-2;
benchmark-api4-1000-c5-010;010-REQ-000948;948;registro de prueba;2026-06-09T23:45:33.069810+00:00;2026-06-09T23:45:33.093822+00:00;24.0;200;ok;api-3;
benchmark-api4-1000-c5-010;010-REQ-000949;949;registro de prueba;2026-06-09T23:45:33.088048+00:00;2026-06-09T23:45:33.116495+00:00;28.43;200;ok;api-4;
benchmark-api4-1000-c5-010;010-REQ-000950;950;registro de prueba;2026-06-09T23:45:33.090076+00:00;2026-06-09T23:45:33.115016+00:00;24.93;200;ok;api-2;
benchmark-api4-1000-c5-010;010-REQ-000951;951;registro de prueba;2026-06-09T23:45:33.094053+00:00;2026-06-09T23:45:33.117999+00:00;23.93;200;ok;api-3;
benchmark-api4-1000-c5-010;010-REQ-000952;952;registro de prueba;2026-06-09T23:45:33.095051+00:00;2026-06-09T23:45:33.130351+00:00;35.28;200;ok;api-4;
benchmark-api4-1000-c5-010;010-REQ-000953;953;registro de prueba;2026-06-09T23:45:33.115156+00:00;2026-06-09T23:45:33.153600+00:00;38.43;200;ok;api-2;
benchmark-api4-1000-c5-010;010-REQ-000954;954;registro de prueba;2026-06-09T23:45:33.116594+00:00;2026-06-09T23:45:33.154866+00:00;38.26;200;ok;api-3;
benchmark-api4-1000-c5-010;010-REQ-000955;955;registro de prueba;2026-06-09T23:45:33.118123+00:00;2026-06-09T23:45:33.155045+00:00;36.91;200;ok;api-4;
benchmark-api4-1000-c5-010;010-REQ-000956;956;registro de prueba;2026-06-09T23:45:33.130604+00:00;2026-06-09T23:45:33.163726+00:00;33.1;200;ok;api-2;
benchmark-api4-1000-c5-010;010-REQ-000957;957;registro de prueba;2026-06-09T23:45:33.153863+00:00;2026-06-09T23:45:33.187833+00:00;33.95;200;ok;api-3;
benchmark-api4-1000-c5-010;010-REQ-000958;958;registro de prueba;2026-06-09T23:45:33.155184+00:00;2026-06-09T23:45:33.191454+00:00;36.26;200;ok;api-4;
benchmark-api4-1000-c5-010;010-REQ-000959;959;registro de prueba;2026-06-09T23:45:33.155934+00:00;2026-06-09T23:45:33.189780+00:00;33.82;200;ok;api-2;
benchmark-api4-1000-c5-010;010-REQ-000960;960;registro de prueba;2026-06-09T23:45:33.163854+00:00;2026-06-09T23:45:33.200732+00:00;36.87;200;ok;api-3;
benchmark-api4-1000-c5-010;010-REQ-000961;961;registro de prueba;2026-06-09T23:45:33.188318+00:00;2026-06-09T23:45:33.220532+00:00;32.19;200;ok;api-4;
benchmark-api4-1000-c5-010;010-REQ-000962;962;registro de prueba;2026-06-09T23:45:33.190130+00:00;2026-06-09T23:45:33.222218+00:00;32.07;200;ok;api-2;
benchmark-api4-1000-c5-010;010-REQ-000963;963;registro de prueba;2026-06-09T23:45:33.191728+00:00;2026-06-09T23:45:33.222011+00:00;30.26;200;ok;api-3;
benchmark-api4-1000-c5-010;010-REQ-000964;964;registro de prueba;2026-06-09T23:45:33.200836+00:00;2026-06-09T23:45:33.236121+00:00;35.27;200;ok;api-4;
benchmark-api4-1000-c5-010;010-REQ-000965;965;registro de prueba;2026-06-09T23:45:33.220817+00:00;2026-06-09T23:45:33.251361+00:00;30.53;200;ok;api-2;
benchmark-api4-1000-c5-010;010-REQ-000966;966;registro de prueba;2026-06-09T23:45:33.222355+00:00;2026-06-09T23:45:33.253399+00:00;31.03;200;ok;api-3;
benchmark-api4-1000-c5-010;010-REQ-000967;967;registro de prueba;2026-06-09T23:45:33.223154+00:00;2026-06-09T23:45:33.252429+00:00;29.25;200;ok;api-4;
benchmark-api4-1000-c5-010;010-REQ-000968;968;registro de prueba;2026-06-09T23:45:33.236235+00:00;2026-06-09T23:45:33.270390+00:00;34.14;200;ok;api-2;
benchmark-api4-1000-c5-010;010-REQ-000969;969;registro de prueba;2026-06-09T23:45:33.251584+00:00;2026-06-09T23:45:33.285029+00:00;33.43;200;ok;api-3;
benchmark-api4-1000-c5-010;010-REQ-000970;970;registro de prueba;2026-06-09T23:45:33.252604+00:00;2026-06-09T23:45:33.282626+00:00;30.01;200;ok;api-4;
benchmark-api4-1000-c5-010;010-REQ-000971;971;registro de prueba;2026-06-09T23:45:33.253507+00:00;2026-06-09T23:45:33.284306+00:00;30.79;200;ok;api-2;
benchmark-api4-1000-c5-010;010-REQ-000972;972;registro de prueba;2026-06-09T23:45:33.270526+00:00;2026-06-09T23:45:33.300527+00:00;29.99;200;ok;api-3;
benchmark-api4-1000-c5-010;010-REQ-000973;973;registro de prueba;2026-06-09T23:45:33.282767+00:00;2026-06-09T23:45:33.309788+00:00;27.01;200;ok;api-4;
benchmark-api4-1000-c5-010;010-REQ-000974;974;registro de prueba;2026-06-09T23:45:33.284508+00:00;2026-06-09T23:45:33.310713+00:00;26.19;200;ok;api-2;
benchmark-api4-1000-c5-010;010-REQ-000975;975;registro de prueba;2026-06-09T23:45:33.285125+00:00;2026-06-09T23:45:33.310803+00:00;25.67;200;ok;api-3;
benchmark-api4-1000-c5-010;010-REQ-000976;976;registro de prueba;2026-06-09T23:45:33.300637+00:00;2026-06-09T23:45:33.330006+00:00;29.36;200;ok;api-4;
benchmark-api4-1000-c5-010;010-REQ-000977;977;registro de prueba;2026-06-09T23:45:33.310065+00:00;2026-06-09T23:45:33.336790+00:00;26.71;200;ok;api-2;
benchmark-api4-1000-c5-010;010-REQ-000978;978;registro de prueba;2026-06-09T23:45:33.310858+00:00;2026-06-09T23:45:33.336207+00:00;25.34;200;ok;api-3;
benchmark-api4-1000-c5-010;010-REQ-000979;979;registro de prueba;2026-06-09T23:45:33.311213+00:00;2026-06-09T23:45:33.336853+00:00;25.63;200;ok;api-4;
benchmark-api4-1000-c5-010;010-REQ-000980;980;registro de prueba;2026-06-09T23:45:33.330114+00:00;2026-06-09T23:45:33.351367+00:00;21.24;200;ok;api-2;
benchmark-api4-1000-c5-010;010-REQ-000981;981;registro de prueba;2026-06-09T23:45:33.336423+00:00;2026-06-09T23:45:33.365202+00:00;28.76;200;ok;api-3;
benchmark-api4-1000-c5-010;010-REQ-000982;982;registro de prueba;2026-06-09T23:45:33.336898+00:00;2026-06-09T23:45:33.360912+00:00;24.01;200;ok;api-4;
benchmark-api4-1000-c5-010;010-REQ-000983;983;registro de prueba;2026-06-09T23:45:33.337138+00:00;2026-06-09T23:45:33.360318+00:00;23.17;200;ok;api-2;
benchmark-api4-1000-c5-010;010-REQ-000984;984;registro de prueba;2026-06-09T23:45:33.351445+00:00;2026-06-09T23:45:33.380521+00:00;29.07;200;ok;api-3;
benchmark-api4-1000-c5-010;010-REQ-000985;985;registro de prueba;2026-06-09T23:45:33.360438+00:00;2026-06-09T23:45:33.387064+00:00;26.61;200;ok;api-4;
benchmark-api4-1000-c5-010;010-REQ-000986;986;registro de prueba;2026-06-09T23:45:33.361004+00:00;2026-06-09T23:45:33.385842+00:00;24.83;200;ok;api-2;
benchmark-api4-1000-c5-010;010-REQ-000987;987;registro de prueba;2026-06-09T23:45:33.365334+00:00;2026-06-09T23:45:33.392754+00:00;27.4;200;ok;api-3;
benchmark-api4-1000-c5-010;010-REQ-000988;988;registro de prueba;2026-06-09T23:45:33.380620+00:00;2026-06-09T23:45:33.404494+00:00;23.87;200;ok;api-4;
benchmark-api4-1000-c5-010;010-REQ-000989;989;registro de prueba;2026-06-09T23:45:33.386038+00:00;2026-06-09T23:45:33.413652+00:00;27.6;200;ok;api-2;
benchmark-api4-1000-c5-010;010-REQ-000990;990;registro de prueba;2026-06-09T23:45:33.387170+00:00;2026-06-09T23:45:33.411237+00:00;24.06;200;ok;api-3;
benchmark-api4-1000-c5-010;010-REQ-000991;991;registro de prueba;2026-06-09T23:45:33.392866+00:00;2026-06-09T23:45:33.418407+00:00;25.53;200;ok;api-4;
benchmark-api4-1000-c5-010;010-REQ-000992;992;registro de prueba;2026-06-09T23:45:33.404572+00:00;2026-06-09T23:45:33.431469+00:00;26.89;200;ok;api-2;
benchmark-api4-1000-c5-010;010-REQ-000993;993;registro de prueba;2026-06-09T23:45:33.411350+00:00;2026-06-09T23:45:33.435770+00:00;24.41;200;ok;api-3;
benchmark-api4-1000-c5-010;010-REQ-000994;994;registro de prueba;2026-06-09T23:45:33.413750+00:00;2026-06-09T23:45:33.439505+00:00;25.74;200;ok;api-4;
benchmark-api4-1000-c5-010;010-REQ-000995;995;registro de prueba;2026-06-09T23:45:33.418602+00:00;2026-06-09T23:45:33.445488+00:00;26.87;200;ok;api-2;
benchmark-api4-1000-c5-010;010-REQ-000996;996;registro de prueba;2026-06-09T23:45:33.431569+00:00;2026-06-09T23:45:33.457661+00:00;26.08;200;ok;api-3;
benchmark-api4-1000-c5-010;010-REQ-000997;997;registro de prueba;2026-06-09T23:45:33.435872+00:00;2026-06-09T23:45:33.463041+00:00;27.16;200;ok;api-4;
benchmark-api4-1000-c5-010;010-REQ-000998;998;registro de prueba;2026-06-09T23:45:33.439771+00:00;2026-06-09T23:45:33.465348+00:00;25.56;200;ok;api-2;
benchmark-api4-1000-c5-010;010-REQ-000999;999;registro de prueba;2026-06-09T23:45:33.445598+00:00;2026-06-09T23:45:33.469523+00:00;23.91;200;ok;api-3;
benchmark-api4-1000-c5-010;010-REQ-001000;1000;registro de prueba;2026-06-09T23:45:33.457785+00:00;2026-06-09T23:45:33.480087+00:00;22.29;200;ok;api-4;
