test_id,request_id,value,description,sent_at,received_at,client_elapsed_ms,status_code,status,service_instance,error
benchmark-api4-1000-c100-004,004-REQ-000001,1,registro de prueba,2026-06-09T22:59:14.460790+00:00,2026-06-09T22:59:15.062887+00:00,602.08,200,ok,api-3,
benchmark-api4-1000-c100-004,004-REQ-000002,2,registro de prueba,2026-06-09T22:59:14.464112+00:00,2026-06-09T22:59:14.905945+00:00,441.81,200,ok,api-3,
benchmark-api4-1000-c100-004,004-REQ-000003,3,registro de prueba,2026-06-09T22:59:14.464337+00:00,2026-06-09T22:59:14.985544+00:00,521.2,200,ok,api-3,
benchmark-api4-1000-c100-004,004-REQ-000004,4,registro de prueba,2026-06-09T22:59:14.464411+00:00,2026-06-09T22:59:15.048545+00:00,584.11,200,ok,api-3,
benchmark-api4-1000-c100-004,004-REQ-000005,5,registro de prueba,2026-06-09T22:59:14.464468+00:00,2026-06-09T22:59:15.417349+00:00,952.87,200,ok,api-2,
benchmark-api4-1000-c100-004,004-REQ-000006,6,registro de prueba,2026-06-09T22:59:14.464522+00:00,2026-06-09T22:59:14.985878+00:00,521.35,200,ok,api-3,
benchmark-api4-1000-c100-004,004-REQ-000007,7,registro de prueba,2026-06-09T22:59:14.464572+00:00,2026-06-09T22:59:14.966938+00:00,502.36,200,ok,api-3,
benchmark-api4-1000-c100-004,004-REQ-000008,8,registro de prueba,2026-06-09T22:59:14.464615+00:00,2026-06-09T22:59:14.784417+00:00,319.79,200,ok,api-2,
benchmark-api4-1000-c100-004,004-REQ-000009,9,registro de prueba,2026-06-09T22:59:14.464655+00:00,2026-06-09T22:59:14.857240+00:00,392.57,200,ok,api-2,
benchmark-api4-1000-c100-004,004-REQ-000010,10,registro de prueba,2026-06-09T22:59:14.464735+00:00,2026-06-09T22:59:14.818496+00:00,353.75,200,ok,api-1,
benchmark-api4-1000-c100-004,004-REQ-000011,11,registro de prueba,2026-06-09T22:59:14.464783+00:00,2026-06-09T22:59:14.891780+00:00,426.98,200,ok,api-2,
benchmark-api4-1000-c100-004,004-REQ-000012,12,registro de prueba,2026-06-09T22:59:14.464823+00:00,2026-06-09T22:59:15.011183+00:00,546.34,200,ok,api-3,
benchmark-api4-1000-c100-004,004-REQ-000013,13,registro de prueba,2026-06-09T22:59:14.464880+00:00,2026-06-09T22:59:14.849149+00:00,384.26,200,ok,api-3,
benchmark-api4-1000-c100-004,004-REQ-000014,14,registro de prueba,2026-06-09T22:59:14.464926+00:00,2026-06-09T22:59:14.779390+00:00,314.45,200,ok,api-1,
benchmark-api4-1000-c100-004,004-REQ-000015,15,registro de prueba,2026-06-09T22:59:14.464968+00:00,2026-06-09T22:59:15.387830+00:00,922.86,200,ok,api-1,
benchmark-api4-1000-c100-004,004-REQ-000016,16,registro de prueba,2026-06-09T22:59:14.465011+00:00,2026-06-09T22:59:15.467507+00:00,1002.49,200,ok,api-1,
benchmark-api4-1000-c100-004,004-REQ-000017,17,registro de prueba,2026-06-09T22:59:14.465051+00:00,2026-06-09T22:59:15.315168+00:00,850.11,200,ok,api-1,
benchmark-api4-1000-c100-004,004-REQ-000018,18,registro de prueba,2026-06-09T22:59:14.465094+00:00,2026-06-09T22:59:15.356226+00:00,891.12,200,ok,api-1,
benchmark-api4-1000-c100-004,004-REQ-000019,19,registro de prueba,2026-06-09T22:59:14.465137+00:00,2026-06-09T22:59:14.973359+00:00,508.21,200,ok,api-3,
benchmark-api4-1000-c100-004,004-REQ-000020,20,registro de prueba,2026-06-09T22:59:14.465181+00:00,2026-06-09T22:59:15.026630+00:00,561.44,200,ok,api-4,
benchmark-api4-1000-c100-004,004-REQ-000021,21,registro de prueba,2026-06-09T22:59:14.465224+00:00,2026-06-09T22:59:14.842601+00:00,377.37,200,ok,api-4,
benchmark-api4-1000-c100-004,004-REQ-000022,22,registro de prueba,2026-06-09T22:59:14.465262+00:00,2026-06-09T22:59:14.768375+00:00,303.1,200,ok,api-3,
benchmark-api4-1000-c100-004,004-REQ-000023,23,registro de prueba,2026-06-09T22:59:14.465303+00:00,2026-06-09T22:59:14.888610+00:00,423.3,200,ok,api-3,
benchmark-api4-1000-c100-004,004-REQ-000024,24,registro de prueba,2026-06-09T22:59:14.465343+00:00,2026-06-09T22:59:15.002440+00:00,537.08,200,ok,api-4,
benchmark-api4-1000-c100-004,004-REQ-000025,25,registro de prueba,2026-06-09T22:59:14.465382+00:00,2026-06-09T22:59:15.139622+00:00,674.23,200,ok,api-4,
benchmark-api4-1000-c100-004,004-REQ-000026,26,registro de prueba,2026-06-09T22:59:14.465423+00:00,2026-06-09T22:59:15.118865+00:00,653.43,200,ok,api-4,
benchmark-api4-1000-c100-004,004-REQ-000027,27,registro de prueba,2026-06-09T22:59:14.465459+00:00,2026-06-09T22:59:15.415316+00:00,949.85,200,ok,api-1,
benchmark-api4-1000-c100-004,004-REQ-000028,28,registro de prueba,2026-06-09T22:59:14.465505+00:00,2026-06-09T22:59:15.485442+00:00,1019.93,200,ok,api-1,
benchmark-api4-1000-c100-004,004-REQ-000029,29,registro de prueba,2026-06-09T22:59:14.465545+00:00,2026-06-09T22:59:15.454947+00:00,989.39,200,ok,api-1,
benchmark-api4-1000-c100-004,004-REQ-000030,30,registro de prueba,2026-06-09T22:59:14.465585+00:00,2026-06-09T22:59:15.511946+00:00,1046.35,200,ok,api-2,
benchmark-api4-1000-c100-004,004-REQ-000031,31,registro de prueba,2026-06-09T22:59:14.465626+00:00,2026-06-09T22:59:15.456171+00:00,990.54,200,ok,api-1,
benchmark-api4-1000-c100-004,004-REQ-000032,32,registro de prueba,2026-06-09T22:59:14.465661+00:00,2026-06-09T22:59:15.013031+00:00,547.36,200,ok,api-3,
benchmark-api4-1000-c100-004,004-REQ-000033,33,registro de prueba,2026-06-09T22:59:14.465700+00:00,2026-06-09T22:59:15.535310+00:00,1069.6,200,ok,api-1,
benchmark-api4-1000-c100-004,004-REQ-000034,34,registro de prueba,2026-06-09T22:59:14.465740+00:00,2026-06-09T22:59:15.434472+00:00,968.72,200,ok,api-1,
benchmark-api4-1000-c100-004,004-REQ-000035,35,registro de prueba,2026-06-09T22:59:14.465794+00:00,2026-06-09T22:59:14.780663+00:00,314.86,200,ok,api-2,
benchmark-api4-1000-c100-004,004-REQ-000036,36,registro de prueba,2026-06-09T22:59:14.465832+00:00,2026-06-09T22:59:14.838523+00:00,372.68,200,ok,api-1,
benchmark-api4-1000-c100-004,004-REQ-000037,37,registro de prueba,2026-06-09T22:59:14.465873+00:00,2026-06-09T22:59:14.855937+00:00,390.05,200,ok,api-3,
benchmark-api4-1000-c100-004,004-REQ-000038,38,registro de prueba,2026-06-09T22:59:14.465912+00:00,2026-06-09T22:59:15.342927+00:00,877.0,200,ok,api-2,
benchmark-api4-1000-c100-004,004-REQ-000039,39,registro de prueba,2026-06-09T22:59:14.465954+00:00,2026-06-09T22:59:14.922606+00:00,456.64,200,ok,api-3,
benchmark-api4-1000-c100-004,004-REQ-000040,40,registro de prueba,2026-06-09T22:59:14.465993+00:00,2026-06-09T22:59:15.084376+00:00,618.37,200,ok,api-4,
benchmark-api4-1000-c100-004,004-REQ-000041,41,registro de prueba,2026-06-09T22:59:14.466034+00:00,2026-06-09T22:59:15.420485+00:00,954.44,200,ok,api-2,
benchmark-api4-1000-c100-004,004-REQ-000042,42,registro de prueba,2026-06-09T22:59:14.466071+00:00,2026-06-09T22:59:15.350747+00:00,884.66,200,ok,api-2,
benchmark-api4-1000-c100-004,004-REQ-000043,43,registro de prueba,2026-06-09T22:59:14.466113+00:00,2026-06-09T22:59:14.998548+00:00,532.42,200,ok,api-4,
benchmark-api4-1000-c100-004,004-REQ-000044,44,registro de prueba,2026-06-09T22:59:14.466148+00:00,2026-06-09T22:59:15.450996+00:00,984.84,200,ok,api-2,
benchmark-api4-1000-c100-004,004-REQ-000045,45,registro de prueba,2026-06-09T22:59:14.466187+00:00,2026-06-09T22:59:15.384107+00:00,917.91,200,ok,api-2,
benchmark-api4-1000-c100-004,004-REQ-000046,46,registro de prueba,2026-06-09T22:59:14.466223+00:00,2026-06-09T22:59:15.531923+00:00,1065.69,200,ok,api-1,
benchmark-api4-1000-c100-004,004-REQ-000047,47,registro de prueba,2026-06-09T22:59:14.466260+00:00,2026-06-09T22:59:15.044718+00:00,578.45,200,ok,api-3,
benchmark-api4-1000-c100-004,004-REQ-000048,48,registro de prueba,2026-06-09T22:59:14.466296+00:00,2026-06-09T22:59:15.075108+00:00,608.8,200,ok,api-4,
benchmark-api4-1000-c100-004,004-REQ-000049,49,registro de prueba,2026-06-09T22:59:14.466336+00:00,2026-06-09T22:59:15.026722+00:00,560.38,200,ok,api-4,
benchmark-api4-1000-c100-004,004-REQ-000050,50,registro de prueba,2026-06-09T22:59:14.466376+00:00,2026-06-09T22:59:14.823762+00:00,357.38,200,ok,api-4,
benchmark-api4-1000-c100-004,004-REQ-000051,51,registro de prueba,2026-06-09T22:59:14.466416+00:00,2026-06-09T22:59:14.783101+00:00,316.67,200,ok,api-2,
benchmark-api4-1000-c100-004,004-REQ-000052,52,registro de prueba,2026-06-09T22:59:14.466456+00:00,2026-06-09T22:59:14.910870+00:00,444.4,200,ok,api-1,
benchmark-api4-1000-c100-004,004-REQ-000053,53,registro de prueba,2026-06-09T22:59:14.466491+00:00,2026-06-09T22:59:14.950530+00:00,484.03,200,ok,api-4,
benchmark-api4-1000-c100-004,004-REQ-000054,54,registro de prueba,2026-06-09T22:59:14.466529+00:00,2026-06-09T22:59:15.349455+00:00,882.92,200,ok,api-1,
benchmark-api4-1000-c100-004,004-REQ-000055,55,registro de prueba,2026-06-09T22:59:14.466575+00:00,2026-06-09T22:59:15.353004+00:00,886.42,200,ok,api-2,
benchmark-api4-1000-c100-004,004-REQ-000056,56,registro de prueba,2026-06-09T22:59:14.466613+00:00,2026-06-09T22:59:15.414188+00:00,947.56,200,ok,api-1,
benchmark-api4-1000-c100-004,004-REQ-000057,57,registro de prueba,2026-06-09T22:59:14.466650+00:00,2026-06-09T22:59:15.069487+00:00,602.82,200,ok,api-4,
benchmark-api4-1000-c100-004,004-REQ-000058,58,registro de prueba,2026-06-09T22:59:14.466690+00:00,2026-06-09T22:59:15.416482+00:00,949.78,200,ok,api-2,
benchmark-api4-1000-c100-004,004-REQ-000059,59,registro de prueba,2026-06-09T22:59:14.466731+00:00,2026-06-09T22:59:15.409703+00:00,942.96,200,ok,api-2,
benchmark-api4-1000-c100-004,004-REQ-000060,60,registro de prueba,2026-06-09T22:59:14.466769+00:00,2026-06-09T22:59:15.070819+00:00,604.04,200,ok,api-3,
benchmark-api4-1000-c100-004,004-REQ-000061,61,registro de prueba,2026-06-09T22:59:14.466808+00:00,2026-06-09T22:59:15.389739+00:00,922.91,200,ok,api-1,
benchmark-api4-1000-c100-004,004-REQ-000062,62,registro de prueba,2026-06-09T22:59:14.466845+00:00,2026-06-09T22:59:15.536906+00:00,1070.06,200,ok,api-2,
benchmark-api4-1000-c100-004,004-REQ-000063,63,registro de prueba,2026-06-09T22:59:14.466883+00:00,2026-06-09T22:59:15.037157+00:00,570.25,200,ok,api-3,
benchmark-api4-1000-c100-004,004-REQ-000064,64,registro de prueba,2026-06-09T22:59:14.466919+00:00,2026-06-09T22:59:15.533117+00:00,1066.19,200,ok,api-2,
benchmark-api4-1000-c100-004,004-REQ-000065,65,registro de prueba,2026-06-09T22:59:14.466955+00:00,2026-06-09T22:59:14.790549+00:00,323.58,200,ok,api-2,
benchmark-api4-1000-c100-004,004-REQ-000066,66,registro de prueba,2026-06-09T22:59:14.466994+00:00,2026-06-09T22:59:14.842370+00:00,375.37,200,ok,api-4,
benchmark-api4-1000-c100-004,004-REQ-000067,67,registro de prueba,2026-06-09T22:59:14.467035+00:00,2026-06-09T22:59:14.948138+00:00,481.09,200,ok,api-3,
benchmark-api4-1000-c100-004,004-REQ-000068,68,registro de prueba,2026-06-09T22:59:14.467072+00:00,2026-06-09T22:59:14.945656+00:00,478.57,200,ok,api-2,
benchmark-api4-1000-c100-004,004-REQ-000069,69,registro de prueba,2026-06-09T22:59:14.467108+00:00,2026-06-09T22:59:14.952265+00:00,485.15,200,ok,api-4,
benchmark-api4-1000-c100-004,004-REQ-000070,70,registro de prueba,2026-06-09T22:59:14.467145+00:00,2026-06-09T22:59:14.991761+00:00,524.6,200,ok,api-3,
benchmark-api4-1000-c100-004,004-REQ-000071,71,registro de prueba,2026-06-09T22:59:14.467188+00:00,2026-06-09T22:59:15.024734+00:00,557.53,200,ok,api-3,
benchmark-api4-1000-c100-004,004-REQ-000072,72,registro de prueba,2026-06-09T22:59:14.467233+00:00,2026-06-09T22:59:15.026782+00:00,559.54,200,ok,api-4,
benchmark-api4-1000-c100-004,004-REQ-000073,73,registro de prueba,2026-06-09T22:59:14.467273+00:00,2026-06-09T22:59:15.366652+00:00,899.37,200,ok,api-1,
benchmark-api4-1000-c100-004,004-REQ-000074,74,registro de prueba,2026-06-09T22:59:14.467312+00:00,2026-06-09T22:59:15.072973+00:00,605.65,200,ok,api-4,
benchmark-api4-1000-c100-004,004-REQ-000075,75,registro de prueba,2026-06-09T22:59:14.467351+00:00,2026-06-09T22:59:15.039313+00:00,571.95,200,ok,api-4,
benchmark-api4-1000-c100-004,004-REQ-000076,76,registro de prueba,2026-06-09T22:59:14.467390+00:00,2026-06-09T22:59:15.098180+00:00,630.78,200,ok,api-4,
benchmark-api4-1000-c100-004,004-REQ-000077,77,registro de prueba,2026-06-09T22:59:14.467428+00:00,2026-06-09T22:59:15.571518+00:00,1104.08,200,ok,api-2,
benchmark-api4-1000-c100-004,004-REQ-000078,78,registro de prueba,2026-06-09T22:59:14.467471+00:00,2026-06-09T22:59:15.545182+00:00,1077.7,200,ok,api-2,
benchmark-api4-1000-c100-004,004-REQ-000079,79,registro de prueba,2026-06-09T22:59:14.467512+00:00,2026-06-09T22:59:15.501090+00:00,1033.57,200,ok,api-2,
benchmark-api4-1000-c100-004,004-REQ-000080,80,registro de prueba,2026-06-09T22:59:14.467551+00:00,2026-06-09T22:59:14.865692+00:00,398.13,200,ok,api-1,
benchmark-api4-1000-c100-004,004-REQ-000081,81,registro de prueba,2026-06-09T22:59:14.467594+00:00,2026-06-09T22:59:14.819616+00:00,352.02,200,ok,api-3,
benchmark-api4-1000-c100-004,004-REQ-000082,82,registro de prueba,2026-06-09T22:59:14.467630+00:00,2026-06-09T22:59:14.837383+00:00,369.74,200,ok,api-4,
benchmark-api4-1000-c100-004,004-REQ-000083,83,registro de prueba,2026-06-09T22:59:14.467667+00:00,2026-06-09T22:59:14.872242+00:00,404.56,200,ok,api-4,
benchmark-api4-1000-c100-004,004-REQ-000084,84,registro de prueba,2026-06-09T22:59:14.467704+00:00,2026-06-09T22:59:15.320581+00:00,852.87,200,ok,api-2,
benchmark-api4-1000-c100-004,004-REQ-000085,85,registro de prueba,2026-06-09T22:59:14.467742+00:00,2026-06-09T22:59:14.967189+00:00,499.44,200,ok,api-4,
benchmark-api4-1000-c100-004,004-REQ-000086,86,registro de prueba,2026-06-09T22:59:14.467797+00:00,2026-06-09T22:59:14.983924+00:00,516.11,200,ok,api-4,
benchmark-api4-1000-c100-004,004-REQ-000087,87,registro de prueba,2026-06-09T22:59:14.467843+00:00,2026-06-09T22:59:15.422440+00:00,954.59,200,ok,api-2,
benchmark-api4-1000-c100-004,004-REQ-000088,88,registro de prueba,2026-06-09T22:59:14.467887+00:00,2026-06-09T22:59:15.424294+00:00,956.4,200,ok,api-1,
benchmark-api4-1000-c100-004,004-REQ-000089,89,registro de prueba,2026-06-09T22:59:14.467934+00:00,2026-06-09T22:59:15.025897+00:00,557.95,200,ok,api-3,
benchmark-api4-1000-c100-004,004-REQ-000090,90,registro de prueba,2026-06-09T22:59:14.467981+00:00,2026-06-09T22:59:15.044960+00:00,576.97,200,ok,api-3,
benchmark-api4-1000-c100-004,004-REQ-000091,91,registro de prueba,2026-06-09T22:59:14.468025+00:00,2026-06-09T22:59:15.050751+00:00,582.71,200,ok,api-4,
benchmark-api4-1000-c100-004,004-REQ-000092,92,registro de prueba,2026-06-09T22:59:14.468074+00:00,2026-06-09T22:59:15.387614+00:00,919.53,200,ok,api-2,
benchmark-api4-1000-c100-004,004-REQ-000093,93,registro de prueba,2026-06-09T22:59:14.468113+00:00,2026-06-09T22:59:15.474560+00:00,1006.44,200,ok,api-1,
benchmark-api4-1000-c100-004,004-REQ-000094,94,registro de prueba,2026-06-09T22:59:14.468158+00:00,2026-06-09T22:59:15.047469+00:00,579.3,200,ok,api-3,
benchmark-api4-1000-c100-004,004-REQ-000095,95,registro de prueba,2026-06-09T22:59:14.468202+00:00,2026-06-09T22:59:15.117687+00:00,649.48,200,ok,api-4,
benchmark-api4-1000-c100-004,004-REQ-000096,96,registro de prueba,2026-06-09T22:59:14.468247+00:00,2026-06-09T22:59:14.852394+00:00,384.14,200,ok,api-1,
benchmark-api4-1000-c100-004,004-REQ-000097,97,registro de prueba,2026-06-09T22:59:14.468291+00:00,2026-06-09T22:59:14.844376+00:00,376.08,200,ok,api-4,
benchmark-api4-1000-c100-004,004-REQ-000098,98,registro de prueba,2026-06-09T22:59:14.468334+00:00,2026-06-09T22:59:14.850731+00:00,382.39,200,ok,api-1,
benchmark-api4-1000-c100-004,004-REQ-000099,99,registro de prueba,2026-06-09T22:59:14.468377+00:00,2026-06-09T22:59:14.948476+00:00,480.09,200,ok,api-3,
benchmark-api4-1000-c100-004,004-REQ-000100,100,registro de prueba,2026-06-09T22:59:14.468418+00:00,2026-06-09T22:59:15.399775+00:00,931.35,200,ok,api-1,
benchmark-api4-1000-c100-004,004-REQ-000101,101,registro de prueba,2026-06-09T22:59:14.768597+00:00,2026-06-09T22:59:15.515372+00:00,746.76,200,ok,api-1,
benchmark-api4-1000-c100-004,004-REQ-000102,102,registro de prueba,2026-06-09T22:59:14.779786+00:00,2026-06-09T22:59:15.559901+00:00,780.09,200,ok,api-2,
benchmark-api4-1000-c100-004,004-REQ-000103,103,registro de prueba,2026-06-09T22:59:14.780826+00:00,2026-06-09T22:59:15.064461+00:00,283.62,200,ok,api-3,
benchmark-api4-1000-c100-004,004-REQ-000104,104,registro de prueba,2026-06-09T22:59:14.783294+00:00,2026-06-09T22:59:15.505448+00:00,722.14,200,ok,api-1,
benchmark-api4-1000-c100-004,004-REQ-000105,105,registro de prueba,2026-06-09T22:59:14.784577+00:00,2026-06-09T22:59:15.120961+00:00,336.37,200,ok,api-4,
benchmark-api4-1000-c100-004,004-REQ-000106,106,registro de prueba,2026-06-09T22:59:14.790725+00:00,2026-06-09T22:59:15.586047+00:00,795.31,200,ok,api-2,
benchmark-api4-1000-c100-004,004-REQ-000107,107,registro de prueba,2026-06-09T22:59:14.818680+00:00,2026-06-09T22:59:15.091419+00:00,272.7,200,ok,api-3,
benchmark-api4-1000-c100-004,004-REQ-000108,108,registro de prueba,2026-06-09T22:59:14.819701+00:00,2026-06-09T22:59:15.119791+00:00,300.08,200,ok,api-4,
benchmark-api4-1000-c100-004,004-REQ-000109,109,registro de prueba,2026-06-09T22:59:14.823908+00:00,2026-06-09T22:59:15.517922+00:00,694.0,200,ok,api-1,
benchmark-api4-1000-c100-004,004-REQ-000110,110,registro de prueba,2026-06-09T22:59:14.837536+00:00,2026-06-09T22:59:15.568415+00:00,730.87,200,ok,api-2,
benchmark-api4-1000-c100-004,004-REQ-000111,111,registro de prueba,2026-06-09T22:59:14.838641+00:00,2026-06-09T22:59:15.056159+00:00,217.5,200,ok,api-3,
benchmark-api4-1000-c100-004,004-REQ-000112,112,registro de prueba,2026-06-09T22:59:14.842835+00:00,2026-06-09T22:59:15.457191+00:00,614.34,200,ok,api-1,
benchmark-api4-1000-c100-004,004-REQ-000113,113,registro de prueba,2026-06-09T22:59:14.843611+00:00,2026-06-09T22:59:15.124448+00:00,280.82,200,ok,api-4,
benchmark-api4-1000-c100-004,004-REQ-000114,114,registro de prueba,2026-06-09T22:59:14.844673+00:00,2026-06-09T22:59:15.092161+00:00,247.47,200,ok,api-3,
benchmark-api4-1000-c100-004,004-REQ-000115,115,registro de prueba,2026-06-09T22:59:14.849582+00:00,2026-06-09T22:59:15.120728+00:00,271.12,200,ok,api-4,
benchmark-api4-1000-c100-004,004-REQ-000116,116,registro de prueba,2026-06-09T22:59:14.850917+00:00,2026-06-09T22:59:15.501707+00:00,650.78,200,ok,api-1,
benchmark-api4-1000-c100-004,004-REQ-000117,117,registro de prueba,2026-06-09T22:59:14.852650+00:00,2026-06-09T22:59:15.588843+00:00,736.17,200,ok,api-2,
benchmark-api4-1000-c100-004,004-REQ-000118,118,registro de prueba,2026-06-09T22:59:14.856129+00:00,2026-06-09T22:59:15.655940+00:00,799.79,200,ok,api-2,
benchmark-api4-1000-c100-004,004-REQ-000119,119,registro de prueba,2026-06-09T22:59:14.857365+00:00,2026-06-09T22:59:15.099616+00:00,242.23,200,ok,api-3,
benchmark-api4-1000-c100-004,004-REQ-000120,120,registro de prueba,2026-06-09T22:59:14.865890+00:00,2026-06-09T22:59:15.141076+00:00,275.17,200,ok,api-4,
benchmark-api4-1000-c100-004,004-REQ-000121,121,registro de prueba,2026-06-09T22:59:14.872421+00:00,2026-06-09T22:59:15.586422+00:00,713.98,200,ok,api-1,
benchmark-api4-1000-c100-004,004-REQ-000122,122,registro de prueba,2026-06-09T22:59:14.888730+00:00,2026-06-09T22:59:15.657256+00:00,768.52,200,ok,api-2,
benchmark-api4-1000-c100-004,004-REQ-000123,123,registro de prueba,2026-06-09T22:59:14.891935+00:00,2026-06-09T22:59:15.099788+00:00,207.84,200,ok,api-3,
benchmark-api4-1000-c100-004,004-REQ-000124,124,registro de prueba,2026-06-09T22:59:14.906106+00:00,2026-06-09T22:59:15.099927+00:00,193.81,200,ok,api-4,
benchmark-api4-1000-c100-004,004-REQ-000125,125,registro de prueba,2026-06-09T22:59:14.911017+00:00,2026-06-09T22:59:15.516709+00:00,605.68,200,ok,api-1,
benchmark-api4-1000-c100-004,004-REQ-000126,126,registro de prueba,2026-06-09T22:59:14.922824+00:00,2026-06-09T22:59:15.656145+00:00,733.31,200,ok,api-2,
benchmark-api4-1000-c100-004,004-REQ-000127,127,registro de prueba,2026-06-09T22:59:14.946143+00:00,2026-06-09T22:59:15.122767+00:00,176.6,200,ok,api-3,
benchmark-api4-1000-c100-004,004-REQ-000128,128,registro de prueba,2026-06-09T22:59:14.948770+00:00,2026-06-09T22:59:15.169155+00:00,220.36,200,ok,api-4,
benchmark-api4-1000-c100-004,004-REQ-000129,129,registro de prueba,2026-06-09T22:59:14.949601+00:00,2026-06-09T22:59:15.534290+00:00,584.65,200,ok,api-1,
benchmark-api4-1000-c100-004,004-REQ-000130,130,registro de prueba,2026-06-09T22:59:14.950716+00:00,2026-06-09T22:59:15.104629+00:00,153.9,200,ok,api-3,
benchmark-api4-1000-c100-004,004-REQ-000131,131,registro de prueba,2026-06-09T22:59:14.952504+00:00,2026-06-09T22:59:15.604884+00:00,652.36,200,ok,api-2,
benchmark-api4-1000-c100-004,004-REQ-000132,132,registro de prueba,2026-06-09T22:59:14.967274+00:00,2026-06-09T22:59:15.162551+00:00,195.26,200,ok,api-4,
benchmark-api4-1000-c100-004,004-REQ-000133,133,registro de prueba,2026-06-09T22:59:14.967892+00:00,2026-06-09T22:59:15.551646+00:00,583.73,200,ok,api-1,
benchmark-api4-1000-c100-004,004-REQ-000134,134,registro de prueba,2026-06-09T22:59:14.973522+00:00,2026-06-09T22:59:15.649531+00:00,675.99,200,ok,api-2,
benchmark-api4-1000-c100-004,004-REQ-000135,135,registro de prueba,2026-06-09T22:59:14.984355+00:00,2026-06-09T22:59:15.124216+00:00,139.83,200,ok,api-3,
benchmark-api4-1000-c100-004,004-REQ-000136,136,registro de prueba,2026-06-09T22:59:14.986151+00:00,2026-06-09T22:59:15.536635+00:00,550.46,200,ok,api-1,
benchmark-api4-1000-c100-004,004-REQ-000137,137,registro de prueba,2026-06-09T22:59:14.987110+00:00,2026-06-09T22:59:15.162196+00:00,175.05,200,ok,api-4,
benchmark-api4-1000-c100-004,004-REQ-000138,138,registro de prueba,2026-06-09T22:59:14.991940+00:00,2026-06-09T22:59:15.657843+00:00,665.89,200,ok,api-2,
benchmark-api4-1000-c100-004,004-REQ-000139,139,registro de prueba,2026-06-09T22:59:14.998697+00:00,2026-06-09T22:59:15.135455+00:00,136.73,200,ok,api-3,
benchmark-api4-1000-c100-004,004-REQ-000140,140,registro de prueba,2026-06-09T22:59:15.002604+00:00,2026-06-09T22:59:15.164756+00:00,162.14,200,ok,api-4,
benchmark-api4-1000-c100-004,004-REQ-000141,141,registro de prueba,2026-06-09T22:59:15.011526+00:00,2026-06-09T22:59:15.573815+00:00,562.26,200,ok,api-1,
benchmark-api4-1000-c100-004,004-REQ-000142,142,registro de prueba,2026-06-09T22:59:15.013304+00:00,2026-06-09T22:59:15.665310+00:00,651.95,200,ok,api-2,
benchmark-api4-1000-c100-004,004-REQ-000143,143,registro de prueba,2026-06-09T22:59:15.024981+00:00,2026-06-09T22:59:15.206331+00:00,181.33,200,ok,api-4,
benchmark-api4-1000-c100-004,004-REQ-000144,144,registro de prueba,2026-06-09T22:59:15.026115+00:00,2026-06-09T22:59:15.147344+00:00,121.21,200,ok,api-3,
benchmark-api4-1000-c100-004,004-REQ-000145,145,registro de prueba,2026-06-09T22:59:15.026827+00:00,2026-06-09T22:59:15.652519+00:00,625.68,200,ok,api-2,
benchmark-api4-1000-c100-004,004-REQ-000146,146,registro de prueba,2026-06-09T22:59:15.027123+00:00,2026-06-09T22:59:15.157541+00:00,130.4,200,ok,api-3,
benchmark-api4-1000-c100-004,004-REQ-000147,147,registro de prueba,2026-06-09T22:59:15.027395+00:00,2026-06-09T22:59:15.556642+00:00,529.23,200,ok,api-1,
benchmark-api4-1000-c100-004,004-REQ-000148,148,registro de prueba,2026-06-09T22:59:15.037309+00:00,2026-06-09T22:59:15.178349+00:00,141.02,200,ok,api-4,
benchmark-api4-1000-c100-004,004-REQ-000149,149,registro de prueba,2026-06-09T22:59:15.039490+00:00,2026-06-09T22:59:15.553841+00:00,514.33,200,ok,api-1,
benchmark-api4-1000-c100-004,004-REQ-000150,150,registro de prueba,2026-06-09T22:59:15.045494+00:00,2026-06-09T22:59:15.611893+00:00,566.37,200,ok,api-2,
benchmark-api4-1000-c100-004,004-REQ-000151,151,registro de prueba,2026-06-09T22:59:15.046340+00:00,2026-06-09T22:59:15.160828+00:00,114.45,200,ok,api-3,
benchmark-api4-1000-c100-004,004-REQ-000152,152,registro de prueba,2026-06-09T22:59:15.047847+00:00,2026-06-09T22:59:15.215675+00:00,167.8,200,ok,api-4,
benchmark-api4-1000-c100-004,004-REQ-000153,153,registro de prueba,2026-06-09T22:59:15.048695+00:00,2026-06-09T22:59:15.567300+00:00,518.59,200,ok,api-1,
benchmark-api4-1000-c100-004,004-REQ-000154,154,registro de prueba,2026-06-09T22:59:15.050891+00:00,2026-06-09T22:59:15.658405+00:00,607.51,200,ok,api-2,
benchmark-api4-1000-c100-004,004-REQ-000155,155,registro de prueba,2026-06-09T22:59:15.056302+00:00,2026-06-09T22:59:15.172439+00:00,116.12,200,ok,api-3,
benchmark-api4-1000-c100-004,004-REQ-000156,156,registro de prueba,2026-06-09T22:59:15.063043+00:00,2026-06-09T22:59:15.186312+00:00,123.25,200,ok,api-4,
benchmark-api4-1000-c100-004,004-REQ-000157,157,registro de prueba,2026-06-09T22:59:15.064561+00:00,2026-06-09T22:59:15.613402+00:00,548.83,200,ok,api-1,
benchmark-api4-1000-c100-004,004-REQ-000158,158,registro de prueba,2026-06-09T22:59:15.069716+00:00,2026-06-09T22:59:15.677917+00:00,608.19,200,ok,api-2,
benchmark-api4-1000-c100-004,004-REQ-000159,159,registro de prueba,2026-06-09T22:59:15.070959+00:00,2026-06-09T22:59:15.166504+00:00,95.53,200,ok,api-3,
benchmark-api4-1000-c100-004,004-REQ-000160,160,registro de prueba,2026-06-09T22:59:15.073113+00:00,2026-06-09T22:59:15.223219+00:00,150.09,200,ok,api-4,
benchmark-api4-1000-c100-004,004-REQ-000161,161,registro de prueba,2026-06-09T22:59:15.075254+00:00,2026-06-09T22:59:15.581504+00:00,506.23,200,ok,api-1,
benchmark-api4-1000-c100-004,004-REQ-000162,162,registro de prueba,2026-06-09T22:59:15.084516+00:00,2026-06-09T22:59:15.676256+00:00,591.72,200,ok,api-2,
benchmark-api4-1000-c100-004,004-REQ-000163,163,registro de prueba,2026-06-09T22:59:15.092321+00:00,2026-06-09T22:59:15.191369+00:00,99.03,200,ok,api-3,
benchmark-api4-1000-c100-004,004-REQ-000164,164,registro de prueba,2026-06-09T22:59:15.093136+00:00,2026-06-09T22:59:15.239349+00:00,146.18,200,ok,api-4,
benchmark-api4-1000-c100-004,004-REQ-000165,165,registro de prueba,2026-06-09T22:59:15.098349+00:00,2026-06-09T22:59:15.609058+00:00,510.69,200,ok,api-1,
benchmark-api4-1000-c100-004,004-REQ-000166,166,registro de prueba,2026-06-09T22:59:15.099981+00:00,2026-06-09T22:59:15.184354+00:00,84.36,200,ok,api-3,
benchmark-api4-1000-c100-004,004-REQ-000167,167,registro de prueba,2026-06-09T22:59:15.100584+00:00,2026-06-09T22:59:15.232770+00:00,132.16,200,ok,api-4,
benchmark-api4-1000-c100-004,004-REQ-000168,168,registro de prueba,2026-06-09T22:59:15.101140+00:00,2026-06-09T22:59:15.694067+00:00,592.91,200,ok,api-2,
benchmark-api4-1000-c100-004,004-REQ-000169,169,registro de prueba,2026-06-09T22:59:15.104768+00:00,2026-06-09T22:59:15.631338+00:00,526.56,200,ok,api-1,
benchmark-api4-1000-c100-004,004-REQ-000170,170,registro de prueba,2026-06-09T22:59:15.117827+00:00,2026-06-09T22:59:15.715371+00:00,597.53,200,ok,api-2,
benchmark-api4-1000-c100-004,004-REQ-000171,171,registro de prueba,2026-06-09T22:59:15.119082+00:00,2026-06-09T22:59:15.202430+00:00,83.33,200,ok,api-3,
benchmark-api4-1000-c100-004,004-REQ-000172,172,registro de prueba,2026-06-09T22:59:15.119893+00:00,2026-06-09T22:59:15.242403+00:00,122.5,200,ok,api-4,
benchmark-api4-1000-c100-004,004-REQ-000173,173,registro de prueba,2026-06-09T22:59:15.121058+00:00,2026-06-09T22:59:15.602852+00:00,481.78,200,ok,api-1,
benchmark-api4-1000-c100-004,004-REQ-000174,174,registro de prueba,2026-06-09T22:59:15.121703+00:00,2026-06-09T22:59:15.227280+00:00,105.55,200,ok,api-3,
benchmark-api4-1000-c100-004,004-REQ-000175,175,registro de prueba,2026-06-09T22:59:15.123107+00:00,2026-06-09T22:59:15.711326+00:00,588.19,200,ok,api-2,
benchmark-api4-1000-c100-004,004-REQ-000176,176,registro de prueba,2026-06-09T22:59:15.124573+00:00,2026-06-09T22:59:15.606326+00:00,481.74,200,ok,api-1,
benchmark-api4-1000-c100-004,004-REQ-000177,177,registro de prueba,2026-06-09T22:59:15.125261+00:00,2026-06-09T22:59:15.251434+00:00,126.14,200,ok,api-4,
benchmark-api4-1000-c100-004,004-REQ-000178,178,registro de prueba,2026-06-09T22:59:15.135623+00:00,2026-06-09T22:59:15.768782+00:00,633.14,200,ok,api-2,
benchmark-api4-1000-c100-004,004-REQ-000179,179,registro de prueba,2026-06-09T22:59:15.139791+00:00,2026-06-09T22:59:15.236167+00:00,96.36,200,ok,api-3,
benchmark-api4-1000-c100-004,004-REQ-000180,180,registro de prueba,2026-06-09T22:59:15.141206+00:00,2026-06-09T22:59:15.245329+00:00,104.1,200,ok,api-4,
benchmark-api4-1000-c100-004,004-REQ-000181,181,registro de prueba,2026-06-09T22:59:15.147584+00:00,2026-06-09T22:59:15.643799+00:00,496.19,200,ok,api-1,
benchmark-api4-1000-c100-004,004-REQ-000182,182,registro de prueba,2026-06-09T22:59:15.157693+00:00,2026-06-09T22:59:15.708086+00:00,550.38,200,ok,api-2,
benchmark-api4-1000-c100-004,004-REQ-000183,183,registro de prueba,2026-06-09T22:59:15.161247+00:00,2026-06-09T22:59:15.254930+00:00,93.66,200,ok,api-3,
benchmark-api4-1000-c100-004,004-REQ-000184,184,registro de prueba,2026-06-09T22:59:15.162677+00:00,2026-06-09T22:59:15.789082+00:00,626.39,200,ok,api-2,
benchmark-api4-1000-c100-004,004-REQ-000185,185,registro de prueba,2026-06-09T22:59:15.163573+00:00,2026-06-09T22:59:15.724007+00:00,560.39,200,ok,api-1,
benchmark-api4-1000-c100-004,004-REQ-000186,186,registro de prueba,2026-06-09T22:59:15.164872+00:00,2026-06-09T22:59:15.268309+00:00,103.42,200,ok,api-4,
benchmark-api4-1000-c100-004,004-REQ-000187,187,registro de prueba,2026-06-09T22:59:15.166621+00:00,2026-06-09T22:59:15.256168+00:00,89.53,200,ok,api-3,
benchmark-api4-1000-c100-004,004-REQ-000188,188,registro de prueba,2026-06-09T22:59:15.169301+00:00,2026-06-09T22:59:15.269443+00:00,100.13,200,ok,api-4,
benchmark-api4-1000-c100-004,004-REQ-000189,189,registro de prueba,2026-06-09T22:59:15.172588+00:00,2026-06-09T22:59:15.692314+00:00,519.71,200,ok,api-1,
benchmark-api4-1000-c100-004,004-REQ-000190,190,registro de prueba,2026-06-09T22:59:15.178519+00:00,2026-06-09T22:59:15.725016+00:00,546.49,200,ok,api-2,
benchmark-api4-1000-c100-004,004-REQ-000191,191,registro de prueba,2026-06-09T22:59:15.184495+00:00,2026-06-09T22:59:15.261355+00:00,76.84,200,ok,api-3,
benchmark-api4-1000-c100-004,004-REQ-000192,192,registro de prueba,2026-06-09T22:59:15.186464+00:00,2026-06-09T22:59:15.271224+00:00,84.75,200,ok,api-4,
benchmark-api4-1000-c100-004,004-REQ-000193,193,registro de prueba,2026-06-09T22:59:15.191507+00:00,2026-06-09T22:59:15.755010+00:00,563.49,200,ok,api-1,
benchmark-api4-1000-c100-004,004-REQ-000194,194,registro de prueba,2026-06-09T22:59:15.202536+00:00,2026-06-09T22:59:15.741066+00:00,538.5,200,ok,api-2,
benchmark-api4-1000-c100-004,004-REQ-000195,195,registro de prueba,2026-06-09T22:59:15.206460+00:00,2026-06-09T22:59:15.270379+00:00,63.91,200,ok,api-3,
benchmark-api4-1000-c100-004,004-REQ-000196,196,registro de prueba,2026-06-09T22:59:15.215824+00:00,2026-06-09T22:59:15.276562+00:00,60.72,200,ok,api-4,
benchmark-api4-1000-c100-004,004-REQ-000197,197,registro de prueba,2026-06-09T22:59:15.223473+00:00,2026-06-09T22:59:15.689457+00:00,465.96,200,ok,api-1,
benchmark-api4-1000-c100-004,004-REQ-000198,198,registro de prueba,2026-06-09T22:59:15.227406+00:00,2026-06-09T22:59:15.788715+00:00,561.3,200,ok,api-2,
benchmark-api4-1000-c100-004,004-REQ-000199,199,registro de prueba,2026-06-09T22:59:15.233034+00:00,2026-06-09T22:59:15.283068+00:00,50.01,200,ok,api-3,
benchmark-api4-1000-c100-004,004-REQ-000200,200,registro de prueba,2026-06-09T22:59:15.236325+00:00,2026-06-09T22:59:15.290418+00:00,54.08,200,ok,api-4,
benchmark-api4-1000-c100-004,004-REQ-000201,201,registro de prueba,2026-06-09T22:59:15.239671+00:00,2026-06-09T22:59:15.673700+00:00,434.0,200,ok,api-1,
benchmark-api4-1000-c100-004,004-REQ-000202,202,registro de prueba,2026-06-09T22:59:15.242537+00:00,2026-06-09T22:59:15.737243+00:00,494.69,200,ok,api-2,
benchmark-api4-1000-c100-004,004-REQ-000203,203,registro de prueba,2026-06-09T22:59:15.245483+00:00,2026-06-09T22:59:15.291309+00:00,45.82,200,ok,api-3,
benchmark-api4-1000-c100-004,004-REQ-000204,204,registro de prueba,2026-06-09T22:59:15.251653+00:00,2026-06-09T22:59:15.297768+00:00,46.1,200,ok,api-4,
benchmark-api4-1000-c100-004,004-REQ-000205,205,registro de prueba,2026-06-09T22:59:15.255148+00:00,2026-06-09T22:59:15.745138+00:00,489.97,200,ok,api-1,
benchmark-api4-1000-c100-004,004-REQ-000206,206,registro de prueba,2026-06-09T22:59:15.256274+00:00,2026-06-09T22:59:15.816402+00:00,560.11,200,ok,api-2,
benchmark-api4-1000-c100-004,004-REQ-000207,207,registro de prueba,2026-06-09T22:59:15.261904+00:00,2026-06-09T22:59:15.300996+00:00,39.07,200,ok,api-3,
benchmark-api4-1000-c100-004,004-REQ-000208,208,registro de prueba,2026-06-09T22:59:15.268452+00:00,2026-06-09T22:59:15.307534+00:00,39.07,200,ok,api-4,
benchmark-api4-1000-c100-004,004-REQ-000209,209,registro de prueba,2026-06-09T22:59:15.269577+00:00,2026-06-09T22:59:15.839153+00:00,569.56,200,ok,api-1,
benchmark-api4-1000-c100-004,004-REQ-000210,210,registro de prueba,2026-06-09T22:59:15.270467+00:00,2026-06-09T22:59:15.787373+00:00,516.89,200,ok,api-2,
benchmark-api4-1000-c100-004,004-REQ-000211,211,registro de prueba,2026-06-09T22:59:15.271305+00:00,2026-06-09T22:59:15.308643+00:00,37.33,200,ok,api-3,
benchmark-api4-1000-c100-004,004-REQ-000212,212,registro de prueba,2026-06-09T22:59:15.276682+00:00,2026-06-09T22:59:15.316586+00:00,39.89,200,ok,api-4,
benchmark-api4-1000-c100-004,004-REQ-000213,213,registro de prueba,2026-06-09T22:59:15.283184+00:00,2026-06-09T22:59:15.936335+00:00,653.14,200,ok,api-1,
benchmark-api4-1000-c100-004,004-REQ-000214,214,registro de prueba,2026-06-09T22:59:15.290567+00:00,2026-06-09T22:59:15.846902+00:00,556.31,200,ok,api-2,
benchmark-api4-1000-c100-004,004-REQ-000215,215,registro de prueba,2026-06-09T22:59:15.291406+00:00,2026-06-09T22:59:15.354115+00:00,62.7,200,ok,api-3,
benchmark-api4-1000-c100-004,004-REQ-000216,216,registro de prueba,2026-06-09T22:59:15.297904+00:00,2026-06-09T22:59:15.376103+00:00,78.18,200,ok,api-4,
benchmark-api4-1000-c100-004,004-REQ-000217,217,registro de prueba,2026-06-09T22:59:15.301122+00:00,2026-06-09T22:59:15.858830+00:00,557.69,200,ok,api-1,
benchmark-api4-1000-c100-004,004-REQ-000218,218,registro de prueba,2026-06-09T22:59:15.307717+00:00,2026-06-09T22:59:15.837287+00:00,529.56,200,ok,api-2,
benchmark-api4-1000-c100-004,004-REQ-000219,219,registro de prueba,2026-06-09T22:59:15.308765+00:00,2026-06-09T22:59:15.426904+00:00,118.12,200,ok,api-3,
benchmark-api4-1000-c100-004,004-REQ-000220,220,registro de prueba,2026-06-09T22:59:15.315351+00:00,2026-06-09T22:59:15.449878+00:00,134.51,200,ok,api-4,
benchmark-api4-1000-c100-004,004-REQ-000221,221,registro de prueba,2026-06-09T22:59:15.316731+00:00,2026-06-09T22:59:15.861401+00:00,544.66,200,ok,api-1,
benchmark-api4-1000-c100-004,004-REQ-000222,222,registro de prueba,2026-06-09T22:59:15.320763+00:00,2026-06-09T22:59:15.853872+00:00,533.09,200,ok,api-2,
benchmark-api4-1000-c100-004,004-REQ-000223,223,registro de prueba,2026-06-09T22:59:15.343071+00:00,2026-06-09T22:59:15.445268+00:00,102.18,200,ok,api-3,
benchmark-api4-1000-c100-004,004-REQ-000224,224,registro de prueba,2026-06-09T22:59:15.349600+00:00,2026-06-09T22:59:15.507018+00:00,157.4,200,ok,api-4,
benchmark-api4-1000-c100-004,004-REQ-000225,225,registro de prueba,2026-06-09T22:59:15.350874+00:00,2026-06-09T22:59:15.901778+00:00,550.89,200,ok,api-1,
benchmark-api4-1000-c100-004,004-REQ-000226,226,registro de prueba,2026-06-09T22:59:15.353145+00:00,2026-06-09T22:59:15.466368+00:00,113.21,200,ok,api-3,
benchmark-api4-1000-c100-004,004-REQ-000227,227,registro de prueba,2026-06-09T22:59:15.354249+00:00,2026-06-09T22:59:15.485110+00:00,130.84,200,ok,api-4,
benchmark-api4-1000-c100-004,004-REQ-000228,228,registro de prueba,2026-06-09T22:59:15.356388+00:00,2026-06-09T22:59:15.888138+00:00,531.73,200,ok,api-2,
benchmark-api4-1000-c100-004,004-REQ-000229,229,registro de prueba,2026-06-09T22:59:15.366795+00:00,2026-06-09T22:59:15.951975+00:00,585.17,200,ok,api-1,
benchmark-api4-1000-c100-004,004-REQ-000230,230,registro de prueba,2026-06-09T22:59:15.376234+00:00,2026-06-09T22:59:15.880719+00:00,504.47,200,ok,api-2,
benchmark-api4-1000-c100-004,004-REQ-000231,231,registro de prueba,2026-06-09T22:59:15.384253+00:00,2026-06-09T22:59:15.489126+00:00,104.86,200,ok,api-3,
benchmark-api4-1000-c100-004,004-REQ-000232,232,registro de prueba,2026-06-09T22:59:15.387916+00:00,2026-06-09T22:59:15.904141+00:00,516.22,200,ok,api-1,
benchmark-api4-1000-c100-004,004-REQ-000233,233,registro de prueba,2026-06-09T22:59:15.388503+00:00,2026-06-09T22:59:15.526150+00:00,137.62,200,ok,api-4,
benchmark-api4-1000-c100-004,004-REQ-000234,234,registro de prueba,2026-06-09T22:59:15.389881+00:00,2026-06-09T22:59:15.935973+00:00,546.08,200,ok,api-2,
benchmark-api4-1000-c100-004,004-REQ-000235,235,registro de prueba,2026-06-09T22:59:15.400132+00:00,2026-06-09T22:59:15.487901+00:00,87.75,200,ok,api-3,
benchmark-api4-1000-c100-004,004-REQ-000236,236,registro de prueba,2026-06-09T22:59:15.409833+00:00,2026-06-09T22:59:15.524286+00:00,114.44,200,ok,api-4,
benchmark-api4-1000-c100-004,004-REQ-000237,237,registro de prueba,2026-06-09T22:59:15.414346+00:00,2026-06-09T22:59:16.008378+00:00,594.02,200,ok,api-1,
benchmark-api4-1000-c100-004,004-REQ-000238,238,registro de prueba,2026-06-09T22:59:15.415428+00:00,2026-06-09T22:59:15.507197+00:00,91.76,200,ok,api-3,
benchmark-api4-1000-c100-004,004-REQ-000239,239,registro de prueba,2026-06-09T22:59:15.416638+00:00,2026-06-09T22:59:15.925842+00:00,509.19,200,ok,api-2,
benchmark-api4-1000-c100-004,004-REQ-000240,240,registro de prueba,2026-06-09T22:59:15.417440+00:00,2026-06-09T22:59:15.555769+00:00,138.31,200,ok,api-4,
benchmark-api4-1000-c100-004,004-REQ-000241,241,registro de prueba,2026-06-09T22:59:15.420633+00:00,2026-06-09T22:59:15.903219+00:00,482.57,200,ok,api-1,
benchmark-api4-1000-c100-004,004-REQ-000242,242,registro de prueba,2026-06-09T22:59:15.422580+00:00,2026-06-09T22:59:15.932520+00:00,509.93,200,ok,api-2,
benchmark-api4-1000-c100-004,004-REQ-000243,243,registro de prueba,2026-06-09T22:59:15.424453+00:00,2026-06-09T22:59:15.512211+00:00,87.75,200,ok,api-3,
benchmark-api4-1000-c100-004,004-REQ-000244,244,registro de prueba,2026-06-09T22:59:15.427060+00:00,2026-06-09T22:59:15.593108+00:00,166.03,200,ok,api-4,
benchmark-api4-1000-c100-004,004-REQ-000245,245,registro de prueba,2026-06-09T22:59:15.434623+00:00,2026-06-09T22:59:15.936566+00:00,501.94,200,ok,api-1,
benchmark-api4-1000-c100-004,004-REQ-000246,246,registro de prueba,2026-06-09T22:59:15.445426+00:00,2026-06-09T22:59:15.932803+00:00,487.37,200,ok,api-2,
benchmark-api4-1000-c100-004,004-REQ-000247,247,registro de prueba,2026-06-09T22:59:15.450027+00:00,2026-06-09T22:59:15.570457+00:00,120.41,200,ok,api-3,
benchmark-api4-1000-c100-004,004-REQ-000248,248,registro de prueba,2026-06-09T22:59:15.451108+00:00,2026-06-09T22:59:16.048043+00:00,596.92,200,ok,api-1,
benchmark-api4-1000-c100-004,004-REQ-000249,249,registro de prueba,2026-06-09T22:59:15.455239+00:00,2026-06-09T22:59:15.632456+00:00,177.19,200,ok,api-4,
benchmark-api4-1000-c100-004,004-REQ-000250,250,registro de prueba,2026-06-09T22:59:15.456421+00:00,2026-06-09T22:59:15.931949+00:00,475.51,200,ok,api-2,
benchmark-api4-1000-c100-004,004-REQ-000251,251,registro de prueba,2026-06-09T22:59:15.457342+00:00,2026-06-09T22:59:15.596092+00:00,138.73,200,ok,api-3,
benchmark-api4-1000-c100-004,004-REQ-000252,252,registro de prueba,2026-06-09T22:59:15.466646+00:00,2026-06-09T22:59:15.629510+00:00,162.84,200,ok,api-4,
benchmark-api4-1000-c100-004,004-REQ-000253,253,registro de prueba,2026-06-09T22:59:15.467630+00:00,2026-06-09T22:59:15.980117+00:00,512.48,200,ok,api-1,
benchmark-api4-1000-c100-004,004-REQ-000254,254,registro de prueba,2026-06-09T22:59:15.474692+00:00,2026-06-09T22:59:15.954527+00:00,479.82,200,ok,api-2,
benchmark-api4-1000-c100-004,004-REQ-000255,255,registro de prueba,2026-06-09T22:59:15.485595+00:00,2026-06-09T22:59:15.677154+00:00,191.55,200,ok,api-4,
benchmark-api4-1000-c100-004,004-REQ-000256,256,registro de prueba,2026-06-09T22:59:15.486413+00:00,2026-06-09T22:59:15.669657+00:00,183.22,200,ok,api-3,
benchmark-api4-1000-c100-004,004-REQ-000257,257,registro de prueba,2026-06-09T22:59:15.488030+00:00,2026-06-09T22:59:16.057513+00:00,569.47,200,ok,api-1,
benchmark-api4-1000-c100-004,004-REQ-000258,258,registro de prueba,2026-06-09T22:59:15.489214+00:00,2026-06-09T22:59:15.936477+00:00,447.25,200,ok,api-2,
benchmark-api4-1000-c100-004,004-REQ-000259,259,registro de prueba,2026-06-09T22:59:15.501900+00:00,2026-06-09T22:59:15.725951+00:00,224.03,200,ok,api-4,
benchmark-api4-1000-c100-004,004-REQ-000260,260,registro de prueba,2026-06-09T22:59:15.503598+00:00,2026-06-09T22:59:15.667404+00:00,163.76,200,ok,api-3,
benchmark-api4-1000-c100-004,004-REQ-000261,261,registro de prueba,2026-06-09T22:59:15.505627+00:00,2026-06-09T22:59:15.964207+00:00,458.56,200,ok,api-1,
benchmark-api4-1000-c100-004,004-REQ-000262,262,registro de prueba,2026-06-09T22:59:15.507265+00:00,2026-06-09T22:59:15.966876+00:00,459.6,200,ok,api-2,
benchmark-api4-1000-c100-004,004-REQ-000263,263,registro de prueba,2026-06-09T22:59:15.507889+00:00,2026-06-09T22:59:15.646293+00:00,138.37,200,ok,api-3,
benchmark-api4-1000-c100-004,004-REQ-000264,264,registro de prueba,2026-06-09T22:59:15.512295+00:00,2026-06-09T22:59:15.773135+00:00,260.83,200,ok,api-4,
benchmark-api4-1000-c100-004,004-REQ-000265,265,registro de prueba,2026-06-09T22:59:15.513352+00:00,2026-06-09T22:59:16.040582+00:00,527.19,200,ok,api-1,
benchmark-api4-1000-c100-004,004-REQ-000266,266,registro de prueba,2026-06-09T22:59:15.515535+00:00,2026-06-09T22:59:16.021686+00:00,506.13,200,ok,api-2,
benchmark-api4-1000-c100-004,004-REQ-000267,267,registro de prueba,2026-06-09T22:59:15.516867+00:00,2026-06-09T22:59:15.706626+00:00,189.74,200,ok,api-3,
benchmark-api4-1000-c100-004,004-REQ-000268,268,registro de prueba,2026-06-09T22:59:15.518043+00:00,2026-06-09T22:59:16.018266+00:00,500.21,200,ok,api-1,
benchmark-api4-1000-c100-004,004-REQ-000269,269,registro de prueba,2026-06-09T22:59:15.524472+00:00,2026-06-09T22:59:15.721572+00:00,197.08,200,ok,api-4,
benchmark-api4-1000-c100-004,004-REQ-000270,270,registro de prueba,2026-06-09T22:59:15.526314+00:00,2026-06-09T22:59:15.979882+00:00,453.55,200,ok,api-2,
benchmark-api4-1000-c100-004,004-REQ-000271,271,registro de prueba,2026-06-09T22:59:15.532267+00:00,2026-06-09T22:59:15.760925+00:00,228.63,200,ok,api-3,
benchmark-api4-1000-c100-004,004-REQ-000272,272,registro de prueba,2026-06-09T22:59:15.533426+00:00,2026-06-09T22:59:15.752409+00:00,218.96,200,ok,api-4,
benchmark-api4-1000-c100-004,004-REQ-000273,273,registro de prueba,2026-06-09T22:59:15.534591+00:00,2026-06-09T22:59:15.997604+00:00,463.0,200,ok,api-1,
benchmark-api4-1000-c100-004,004-REQ-000274,274,registro de prueba,2026-06-09T22:59:15.535744+00:00,2026-06-09T22:59:16.051924+00:00,516.12,200,ok,api-2,
benchmark-api4-1000-c100-004,004-REQ-000275,275,registro de prueba,2026-06-09T22:59:15.537015+00:00,2026-06-09T22:59:15.789261+00:00,252.24,200,ok,api-4,
benchmark-api4-1000-c100-004,004-REQ-000276,276,registro de prueba,2026-06-09T22:59:15.537713+00:00,2026-06-09T22:59:15.744713+00:00,206.97,200,ok,api-3,
benchmark-api4-1000-c100-004,004-REQ-000277,277,registro de prueba,2026-06-09T22:59:15.545424+00:00,2026-06-09T22:59:16.115598+00:00,570.15,200,ok,api-1,
benchmark-api4-1000-c100-004,004-REQ-000278,278,registro de prueba,2026-06-09T22:59:15.551804+00:00,2026-06-09T22:59:16.042019+00:00,490.2,200,ok,api-1,
benchmark-api4-1000-c100-004,004-REQ-000279,279,registro de prueba,2026-06-09T22:59:15.553971+00:00,2026-06-09T22:59:15.745379+00:00,191.4,200,ok,api-3,
benchmark-api4-1000-c100-004,004-REQ-000280,280,registro de prueba,2026-06-09T22:59:15.555872+00:00,2026-06-09T22:59:16.073085+00:00,517.2,200,ok,api-2,
benchmark-api4-1000-c100-004,004-REQ-000281,281,registro de prueba,2026-06-09T22:59:15.556735+00:00,2026-06-09T22:59:16.117010+00:00,560.23,200,ok,api-2,
benchmark-api4-1000-c100-004,004-REQ-000282,282,registro de prueba,2026-06-09T22:59:15.560045+00:00,2026-06-09T22:59:15.772350+00:00,212.29,200,ok,api-4,
benchmark-api4-1000-c100-004,004-REQ-000283,283,registro de prueba,2026-06-09T22:59:15.567438+00:00,2026-06-09T22:59:16.055310+00:00,487.86,200,ok,api-1,
benchmark-api4-1000-c100-004,004-REQ-000284,284,registro de prueba,2026-06-09T22:59:15.568533+00:00,2026-06-09T22:59:15.836884+00:00,268.33,200,ok,api-3,
benchmark-api4-1000-c100-004,004-REQ-000285,285,registro de prueba,2026-06-09T22:59:15.570595+00:00,2026-06-09T22:59:15.839367+00:00,268.76,200,ok,api-4,
benchmark-api4-1000-c100-004,004-REQ-000286,286,registro de prueba,2026-06-09T22:59:15.571638+00:00,2026-06-09T22:59:16.156911+00:00,585.26,200,ok,api-2,
benchmark-api4-1000-c100-004,004-REQ-000287,287,registro de prueba,2026-06-09T22:59:15.573978+00:00,2026-06-09T22:59:15.834190+00:00,260.2,200,ok,api-3,
benchmark-api4-1000-c100-004,004-REQ-000288,288,registro de prueba,2026-06-09T22:59:15.581860+00:00,2026-06-09T22:59:15.901385+00:00,319.5,200,ok,api-4,
benchmark-api4-1000-c100-004,004-REQ-000289,289,registro de prueba,2026-06-09T22:59:15.586577+00:00,2026-06-09T22:59:16.147648+00:00,561.06,200,ok,api-2,
benchmark-api4-1000-c100-004,004-REQ-000290,290,registro de prueba,2026-06-09T22:59:15.587464+00:00,2026-06-09T22:59:16.056390+00:00,468.89,200,ok,api-1,
benchmark-api4-1000-c100-004,004-REQ-000291,291,registro de prueba,2026-06-09T22:59:15.588963+00:00,2026-06-09T22:59:15.850241+00:00,261.26,200,ok,api-3,
benchmark-api4-1000-c100-004,004-REQ-000292,292,registro de prueba,2026-06-09T22:59:15.593258+00:00,2026-06-09T22:59:15.895804+00:00,302.53,200,ok,api-4,
benchmark-api4-1000-c100-004,004-REQ-000293,293,registro de prueba,2026-06-09T22:59:15.596267+00:00,2026-06-09T22:59:16.240132+00:00,643.85,200,ok,api-1,
benchmark-api4-1000-c100-004,004-REQ-000294,294,registro de prueba,2026-06-09T22:59:15.603136+00:00,2026-06-09T22:59:15.852594+00:00,249.44,200,ok,api-4,
benchmark-api4-1000-c100-004,004-REQ-000295,295,registro de prueba,2026-06-09T22:59:15.605097+00:00,2026-06-09T22:59:16.183455+00:00,578.34,200,ok,api-2,
benchmark-api4-1000-c100-004,004-REQ-000296,296,registro de prueba,2026-06-09T22:59:15.606472+00:00,2026-06-09T22:59:15.880607+00:00,274.12,200,ok,api-3,
benchmark-api4-1000-c100-004,004-REQ-000297,297,registro de prueba,2026-06-09T22:59:15.609224+00:00,2026-06-09T22:59:15.880373+00:00,271.13,200,ok,api-3,
benchmark-api4-1000-c100-004,004-REQ-000298,298,registro de prueba,2026-06-09T22:59:15.612311+00:00,2026-06-09T22:59:16.258627+00:00,646.29,200,ok,api-1,
benchmark-api4-1000-c100-004,004-REQ-000299,299,registro de prueba,2026-06-09T22:59:15.613662+00:00,2026-06-09T22:59:16.175933+00:00,562.26,200,ok,api-2,
benchmark-api4-1000-c100-004,004-REQ-000300,300,registro de prueba,2026-06-09T22:59:15.629986+00:00,2026-06-09T22:59:15.936649+00:00,306.64,200,ok,api-4,
benchmark-api4-1000-c100-004,004-REQ-000301,301,registro de prueba,2026-06-09T22:59:15.631501+00:00,2026-06-09T22:59:16.158805+00:00,527.29,200,ok,api-1,
benchmark-api4-1000-c100-004,004-REQ-000302,302,registro de prueba,2026-06-09T22:59:15.632714+00:00,2026-06-09T22:59:16.328872+00:00,696.14,200,ok,api-2,
benchmark-api4-1000-c100-004,004-REQ-000303,303,registro de prueba,2026-06-09T22:59:15.643961+00:00,2026-06-09T22:59:16.013984+00:00,370.01,200,ok,api-3,
benchmark-api4-1000-c100-004,004-REQ-000304,304,registro de prueba,2026-06-09T22:59:15.646894+00:00,2026-06-09T22:59:15.951792+00:00,304.87,200,ok,api-4,
benchmark-api4-1000-c100-004,004-REQ-000305,305,registro de prueba,2026-06-09T22:59:15.649688+00:00,2026-06-09T22:59:16.235450+00:00,585.74,200,ok,api-1,
benchmark-api4-1000-c100-004,004-REQ-000306,306,registro de prueba,2026-06-09T22:59:15.652677+00:00,2026-06-09T22:59:16.179440+00:00,526.75,200,ok,api-2,
benchmark-api4-1000-c100-004,004-REQ-000307,307,registro de prueba,2026-06-09T22:59:15.656301+00:00,2026-06-09T22:59:15.928944+00:00,272.63,200,ok,api-3,
benchmark-api4-1000-c100-004,004-REQ-000308,308,registro de prueba,2026-06-09T22:59:15.656841+00:00,2026-06-09T22:59:16.216301+00:00,559.44,200,ok,api-1,
benchmark-api4-1000-c100-004,004-REQ-000309,309,registro de prueba,2026-06-09T22:59:15.657455+00:00,2026-06-09T22:59:16.253994+00:00,596.52,200,ok,api-2,
benchmark-api4-1000-c100-004,004-REQ-000310,310,registro de prueba,2026-06-09T22:59:15.658023+00:00,2026-06-09T22:59:15.950578+00:00,292.54,200,ok,api-4,
benchmark-api4-1000-c100-004,004-REQ-000311,311,registro de prueba,2026-06-09T22:59:15.658468+00:00,2026-06-09T22:59:15.930389+00:00,271.91,200,ok,api-3,
benchmark-api4-1000-c100-004,004-REQ-000312,312,registro de prueba,2026-06-09T22:59:15.665707+00:00,2026-06-09T22:59:16.180038+00:00,514.27,200,ok,api-1,
benchmark-api4-1000-c100-004,004-REQ-000313,313,registro de prueba,2026-06-09T22:59:15.667634+00:00,2026-06-09T22:59:15.996104+00:00,328.45,200,ok,api-4,
benchmark-api4-1000-c100-004,004-REQ-000314,314,registro de prueba,2026-06-09T22:59:15.669849+00:00,2026-06-09T22:59:16.171695+00:00,501.83,200,ok,api-2,
benchmark-api4-1000-c100-004,004-REQ-000315,315,registro de prueba,2026-06-09T22:59:15.673856+00:00,2026-06-09T22:59:15.936733+00:00,262.87,200,ok,api-3,
benchmark-api4-1000-c100-004,004-REQ-000316,316,registro de prueba,2026-06-09T22:59:15.676399+00:00,2026-06-09T22:59:15.946520+00:00,270.11,200,ok,api-4,
benchmark-api4-1000-c100-004,004-REQ-000317,317,registro de prueba,2026-06-09T22:59:15.677282+00:00,2026-06-09T22:59:16.198825+00:00,521.53,200,ok,api-2,
benchmark-api4-1000-c100-004,004-REQ-000318,318,registro de prueba,2026-06-09T22:59:15.678006+00:00,2026-06-09T22:59:16.281092+00:00,603.08,200,ok,api-1,
benchmark-api4-1000-c100-004,004-REQ-000319,319,registro de prueba,2026-06-09T22:59:15.689604+00:00,2026-06-09T22:59:15.945090+00:00,255.47,200,ok,api-3,
benchmark-api4-1000-c100-004,004-REQ-000320,320,registro de prueba,2026-06-09T22:59:15.692467+00:00,2026-06-09T22:59:15.962491+00:00,270.0,200,ok,api-4,
benchmark-api4-1000-c100-004,004-REQ-000321,321,registro de prueba,2026-06-09T22:59:15.694299+00:00,2026-06-09T22:59:16.225577+00:00,531.27,200,ok,api-1,
benchmark-api4-1000-c100-004,004-REQ-000322,322,registro de prueba,2026-06-09T22:59:15.706763+00:00,2026-06-09T22:59:16.159595+00:00,452.82,200,ok,api-2,
benchmark-api4-1000-c100-004,004-REQ-000323,323,registro de prueba,2026-06-09T22:59:15.708275+00:00,2026-06-09T22:59:15.984284+00:00,275.99,200,ok,api-3,
benchmark-api4-1000-c100-004,004-REQ-000324,324,registro de prueba,2026-06-09T22:59:15.711560+00:00,2026-06-09T22:59:15.998532+00:00,286.95,200,ok,api-4,
benchmark-api4-1000-c100-004,004-REQ-000325,325,registro de prueba,2026-06-09T22:59:15.715480+00:00,2026-06-09T22:59:16.236782+00:00,521.29,200,ok,api-1,
benchmark-api4-1000-c100-004,004-REQ-000326,326,registro de prueba,2026-06-09T22:59:15.721736+00:00,2026-06-09T22:59:16.187808+00:00,466.06,200,ok,api-2,
benchmark-api4-1000-c100-004,004-REQ-000327,327,registro de prueba,2026-06-09T22:59:15.724229+00:00,2026-06-09T22:59:15.999376+00:00,275.13,200,ok,api-4,
benchmark-api4-1000-c100-004,004-REQ-000328,328,registro de prueba,2026-06-09T22:59:15.725139+00:00,2026-06-09T22:59:16.019484+00:00,294.33,200,ok,api-3,
benchmark-api4-1000-c100-004,004-REQ-000329,329,registro de prueba,2026-06-09T22:59:15.726047+00:00,2026-06-09T22:59:16.213842+00:00,487.79,200,ok,api-1,
benchmark-api4-1000-c100-004,004-REQ-000330,330,registro de prueba,2026-06-09T22:59:15.737480+00:00,2026-06-09T22:59:16.285744+00:00,548.19,200,ok,api-2,
benchmark-api4-1000-c100-004,004-REQ-000331,331,registro de prueba,2026-06-09T22:59:15.741463+00:00,2026-06-09T22:59:16.021865+00:00,280.39,200,ok,api-3,
benchmark-api4-1000-c100-004,004-REQ-000332,332,registro de prueba,2026-06-09T22:59:15.745463+00:00,2026-06-09T22:59:16.015273+00:00,269.8,200,ok,api-3,
benchmark-api4-1000-c100-004,004-REQ-000333,333,registro de prueba,2026-06-09T22:59:15.746217+00:00,2026-06-09T22:59:16.293166+00:00,546.93,200,ok,api-1,
benchmark-api4-1000-c100-004,004-REQ-000334,334,registro de prueba,2026-06-09T22:59:15.747185+00:00,2026-06-09T22:59:16.052168+00:00,304.96,200,ok,api-4,
benchmark-api4-1000-c100-004,004-REQ-000335,335,registro de prueba,2026-06-09T22:59:15.752530+00:00,2026-06-09T22:59:16.310416+00:00,557.87,200,ok,api-2,
benchmark-api4-1000-c100-004,004-REQ-000336,336,registro de prueba,2026-06-09T22:59:15.755117+00:00,2026-06-09T22:59:16.046596+00:00,291.46,200,ok,api-4,
benchmark-api4-1000-c100-004,004-REQ-000337,337,registro de prueba,2026-06-09T22:59:15.761103+00:00,2026-06-09T22:59:16.317123+00:00,555.99,200,ok,api-1,
benchmark-api4-1000-c100-004,004-REQ-000338,338,registro de prueba,2026-06-09T22:59:15.769076+00:00,2026-06-09T22:59:16.086699+00:00,317.6,200,ok,api-4,
benchmark-api4-1000-c100-004,004-REQ-000339,339,registro de prueba,2026-06-09T22:59:15.772571+00:00,2026-06-09T22:59:16.225384+00:00,452.8,200,ok,api-2,
benchmark-api4-1000-c100-004,004-REQ-000340,340,registro de prueba,2026-06-09T22:59:15.773231+00:00,2026-06-09T22:59:16.029610+00:00,256.36,200,ok,api-3,
benchmark-api4-1000-c100-004,004-REQ-000341,341,registro de prueba,2026-06-09T22:59:15.787532+00:00,2026-06-09T22:59:16.125431+00:00,337.88,200,ok,api-3,
benchmark-api4-1000-c100-004,004-REQ-000342,342,registro de prueba,2026-06-09T22:59:15.789340+00:00,2026-06-09T22:59:16.213651+00:00,424.3,200,ok,api-2,
benchmark-api4-1000-c100-004,004-REQ-000343,343,registro de prueba,2026-06-09T22:59:15.789944+00:00,2026-06-09T22:59:16.318513+00:00,528.55,200,ok,api-1,
benchmark-api4-1000-c100-004,004-REQ-000344,344,registro de prueba,2026-06-09T22:59:15.790690+00:00,2026-06-09T22:59:16.085462+00:00,294.75,200,ok,api-4,
benchmark-api4-1000-c100-004,004-REQ-000345,345,registro de prueba,2026-06-09T22:59:15.816558+00:00,2026-06-09T22:59:16.313900+00:00,497.33,200,ok,api-1,
benchmark-api4-1000-c100-004,004-REQ-000346,346,registro de prueba,2026-06-09T22:59:15.834354+00:00,2026-06-09T22:59:16.215500+00:00,381.13,200,ok,api-2,
benchmark-api4-1000-c100-004,004-REQ-000347,347,registro de prueba,2026-06-09T22:59:15.837382+00:00,2026-06-09T22:59:16.275112+00:00,437.72,200,ok,api-2,
benchmark-api4-1000-c100-004,004-REQ-000348,348,registro de prueba,2026-06-09T22:59:15.837986+00:00,2026-06-09T22:59:16.291746+00:00,453.73,200,ok,api-1,
benchmark-api4-1000-c100-004,004-REQ-000349,349,registro de prueba,2026-06-09T22:59:15.839432+00:00,2026-06-09T22:59:16.142718+00:00,303.27,200,ok,api-3,
benchmark-api4-1000-c100-004,004-REQ-000350,350,registro de prueba,2026-06-09T22:59:15.840069+00:00,2026-06-09T22:59:16.185750+00:00,345.66,200,ok,api-4,
benchmark-api4-1000-c100-004,004-REQ-000351,351,registro de prueba,2026-06-09T22:59:15.847402+00:00,2026-06-09T22:59:16.153521+00:00,306.09,200,ok,api-3,
benchmark-api4-1000-c100-004,004-REQ-000352,352,registro de prueba,2026-06-09T22:59:15.850375+00:00,2026-06-09T22:59:16.212122+00:00,361.73,200,ok,api-4,
benchmark-api4-1000-c100-004,004-REQ-000353,353,registro de prueba,2026-06-09T22:59:15.852745+00:00,2026-06-09T22:59:16.340981+00:00,488.22,200,ok,api-1,
benchmark-api4-1000-c100-004,004-REQ-000354,354,registro de prueba,2026-06-09T22:59:15.854032+00:00,2026-06-09T22:59:16.274814+00:00,420.68,200,ok,api-2,
benchmark-api4-1000-c100-004,004-REQ-000355,355,registro de prueba,2026-06-09T22:59:15.859019+00:00,2026-06-09T22:59:16.191806+00:00,332.77,200,ok,api-3,
benchmark-api4-1000-c100-004,004-REQ-000356,356,registro de prueba,2026-06-09T22:59:15.861573+00:00,2026-06-09T22:59:16.571870+00:00,710.28,200,ok,api-4,
benchmark-api4-1000-c100-004,004-REQ-000357,357,registro de prueba,2026-06-09T22:59:15.880784+00:00,2026-06-09T22:59:16.270616+00:00,389.81,200,ok,api-1,
benchmark-api4-1000-c100-004,004-REQ-000358,358,registro de prueba,2026-06-09T22:59:15.881721+00:00,2026-06-09T22:59:16.223284+00:00,341.53,200,ok,api-3,
benchmark-api4-1000-c100-004,004-REQ-000359,359,registro de prueba,2026-06-09T22:59:15.882359+00:00,2026-06-09T22:59:16.265565+00:00,383.18,200,ok,api-2,
benchmark-api4-1000-c100-004,004-REQ-000360,360,registro de prueba,2026-06-09T22:59:15.888263+00:00,2026-06-09T22:59:16.224378+00:00,336.1,200,ok,api-4,
benchmark-api4-1000-c100-004,004-REQ-000361,361,registro de prueba,2026-06-09T22:59:15.896015+00:00,2026-06-09T22:59:16.294698+00:00,398.67,200,ok,api-1,
benchmark-api4-1000-c100-004,004-REQ-000362,362,registro de prueba,2026-06-09T22:59:15.902004+00:00,2026-06-09T22:59:16.607794+00:00,705.77,200,ok,api-3,
benchmark-api4-1000-c100-004,004-REQ-000363,363,registro de prueba,2026-06-09T22:59:15.902620+00:00,2026-06-09T22:59:16.199919+00:00,297.28,200,ok,api-4,
benchmark-api4-1000-c100-004,004-REQ-000364,364,registro de prueba,2026-06-09T22:59:15.903347+00:00,2026-06-09T22:59:16.364033+00:00,460.67,200,ok,api-2,
benchmark-api4-1000-c100-004,004-REQ-000365,365,registro de prueba,2026-06-09T22:59:15.904252+00:00,2026-06-09T22:59:16.298962+00:00,394.7,200,ok,api-1,
benchmark-api4-1000-c100-004,004-REQ-000366,366,registro de prueba,2026-06-09T22:59:15.926106+00:00,2026-06-09T22:59:16.355081+00:00,428.95,200,ok,api-2,
benchmark-api4-1000-c100-004,004-REQ-000367,367,registro de prueba,2026-06-09T22:59:15.929335+00:00,2026-06-09T22:59:16.592856+00:00,663.47,200,ok,api-3,
benchmark-api4-1000-c100-004,004-REQ-000368,368,registro de prueba,2026-06-09T22:59:15.930559+00:00,2026-06-09T22:59:16.559099+00:00,628.52,200,ok,api-4,
benchmark-api4-1000-c100-004,004-REQ-000369,369,registro de prueba,2026-06-09T22:59:15.932946+00:00,2026-06-09T22:59:16.381514+00:00,448.55,200,ok,api-1,
benchmark-api4-1000-c100-004,004-REQ-000370,370,registro de prueba,2026-06-09T22:59:15.933947+00:00,2026-06-09T22:59:16.602652+00:00,668.68,200,ok,api-3,
benchmark-api4-1000-c100-004,004-REQ-000371,371,registro de prueba,2026-06-09T22:59:15.934491+00:00,2026-06-09T22:59:16.343659+00:00,409.15,200,ok,api-2,
benchmark-api4-1000-c100-004,004-REQ-000372,372,registro de prueba,2026-06-09T22:59:15.936910+00:00,2026-06-09T22:59:16.318347+00:00,381.42,200,ok,api-1,
benchmark-api4-1000-c100-004,004-REQ-000373,373,registro de prueba,2026-06-09T22:59:15.937756+00:00,2026-06-09T22:59:16.578286+00:00,640.5,200,ok,api-4,
benchmark-api4-1000-c100-004,004-REQ-000374,374,registro de prueba,2026-06-09T22:59:15.938736+00:00,2026-06-09T22:59:16.380276+00:00,441.51,200,ok,api-2,
benchmark-api4-1000-c100-004,004-REQ-000375,375,registro de prueba,2026-06-09T22:59:15.939229+00:00,2026-06-09T22:59:16.649382+00:00,710.13,200,ok,api-3,
benchmark-api4-1000-c100-004,004-REQ-000376,376,registro de prueba,2026-06-09T22:59:15.939590+00:00,2026-06-09T22:59:16.312775+00:00,373.16,200,ok,api-1,
benchmark-api4-1000-c100-004,004-REQ-000377,377,registro de prueba,2026-06-09T22:59:15.941707+00:00,2026-06-09T22:59:16.595386+00:00,653.61,200,ok,api-4,
benchmark-api4-1000-c100-004,004-REQ-000378,378,registro de prueba,2026-06-09T22:59:15.945429+00:00,2026-06-09T22:59:16.367462+00:00,422.01,200,ok,api-2,
benchmark-api4-1000-c100-004,004-REQ-000379,379,registro de prueba,2026-06-09T22:59:15.946673+00:00,2026-06-09T22:59:16.600660+00:00,653.97,200,ok,api-3,
benchmark-api4-1000-c100-004,004-REQ-000380,380,registro de prueba,2026-06-09T22:59:15.950907+00:00,2026-06-09T22:59:16.617623+00:00,666.7,200,ok,api-4,
benchmark-api4-1000-c100-004,004-REQ-000381,381,registro de prueba,2026-06-09T22:59:15.952071+00:00,2026-06-09T22:59:16.293011+00:00,340.93,200,ok,api-1,
benchmark-api4-1000-c100-004,004-REQ-000382,382,registro de prueba,2026-06-09T22:59:15.952579+00:00,2026-06-09T22:59:16.398112+00:00,445.52,200,ok,api-2,
benchmark-api4-1000-c100-004,004-REQ-000383,383,registro de prueba,2026-06-09T22:59:15.954664+00:00,2026-06-09T22:59:16.642612+00:00,687.94,200,ok,api-3,
benchmark-api4-1000-c100-004,004-REQ-000384,384,registro de prueba,2026-06-09T22:59:15.962772+00:00,2026-06-09T22:59:16.688941+00:00,726.15,200,ok,api-4,
benchmark-api4-1000-c100-004,004-REQ-000385,385,registro de prueba,2026-06-09T22:59:15.964373+00:00,2026-06-09T22:59:16.400404+00:00,436.02,200,ok,api-1,
benchmark-api4-1000-c100-004,004-REQ-000386,386,registro de prueba,2026-06-09T22:59:15.967040+00:00,2026-06-09T22:59:16.381882+00:00,414.83,200,ok,api-2,
benchmark-api4-1000-c100-004,004-REQ-000387,387,registro de prueba,2026-06-09T22:59:15.980197+00:00,2026-06-09T22:59:16.642340+00:00,662.13,200,ok,api-4,
benchmark-api4-1000-c100-004,004-REQ-000388,388,registro de prueba,2026-06-09T22:59:15.980833+00:00,2026-06-09T22:59:16.717574+00:00,736.69,200,ok,api-3,
benchmark-api4-1000-c100-004,004-REQ-000389,389,registro de prueba,2026-06-09T22:59:15.984507+00:00,2026-06-09T22:59:16.425215+00:00,440.69,200,ok,api-1,
benchmark-api4-1000-c100-004,004-REQ-000390,390,registro de prueba,2026-06-09T22:59:15.996318+00:00,2026-06-09T22:59:16.384653+00:00,388.32,200,ok,api-2,
benchmark-api4-1000-c100-004,004-REQ-000391,391,registro de prueba,2026-06-09T22:59:15.997738+00:00,2026-06-09T22:59:16.636027+00:00,638.27,200,ok,api-3,
benchmark-api4-1000-c100-004,004-REQ-000392,392,registro de prueba,2026-06-09T22:59:15.998633+00:00,2026-06-09T22:59:16.615605+00:00,616.96,200,ok,api-4,
benchmark-api4-1000-c100-004,004-REQ-000393,393,registro de prueba,2026-06-09T22:59:15.999506+00:00,2026-06-09T22:59:16.365259+00:00,365.74,200,ok,api-1,
benchmark-api4-1000-c100-004,004-REQ-000394,394,registro de prueba,2026-06-09T22:59:16.008518+00:00,2026-06-09T22:59:16.387641+00:00,379.11,200,ok,api-2,
benchmark-api4-1000-c100-004,004-REQ-000395,395,registro de prueba,2026-06-09T22:59:16.014331+00:00,2026-06-09T22:59:16.580158+00:00,565.81,200,ok,api-3,
benchmark-api4-1000-c100-004,004-REQ-000396,396,registro de prueba,2026-06-09T22:59:16.015440+00:00,2026-06-09T22:59:16.649562+00:00,634.11,200,ok,api-4,
benchmark-api4-1000-c100-004,004-REQ-000397,397,registro de prueba,2026-06-09T22:59:16.018570+00:00,2026-06-09T22:59:16.397849+00:00,379.26,200,ok,api-1,
benchmark-api4-1000-c100-004,004-REQ-000398,398,registro de prueba,2026-06-09T22:59:16.019648+00:00,2026-06-09T22:59:16.344905+00:00,325.24,200,ok,api-2,
benchmark-api4-1000-c100-004,004-REQ-000399,399,registro de prueba,2026-06-09T22:59:16.021929+00:00,2026-06-09T22:59:16.759987+00:00,738.05,200,ok,api-3,
benchmark-api4-1000-c100-004,004-REQ-000400,400,registro de prueba,2026-06-09T22:59:16.022515+00:00,2026-06-09T22:59:16.618855+00:00,596.31,200,ok,api-4,
benchmark-api4-1000-c100-004,004-REQ-000401,401,registro de prueba,2026-06-09T22:59:16.029858+00:00,2026-06-09T22:59:16.400208+00:00,370.33,200,ok,api-1,
benchmark-api4-1000-c100-004,004-REQ-000402,402,registro de prueba,2026-06-09T22:59:16.040807+00:00,2026-06-09T22:59:16.413719+00:00,372.9,200,ok,api-2,
benchmark-api4-1000-c100-004,004-REQ-000403,403,registro de prueba,2026-06-09T22:59:16.042330+00:00,2026-06-09T22:59:16.764879+00:00,722.53,200,ok,api-3,
benchmark-api4-1000-c100-004,004-REQ-000404,404,registro de prueba,2026-06-09T22:59:16.046851+00:00,2026-06-09T22:59:16.653858+00:00,606.99,200,ok,api-4,
benchmark-api4-1000-c100-004,004-REQ-000405,405,registro de prueba,2026-06-09T22:59:16.048180+00:00,2026-06-09T22:59:16.345145+00:00,296.95,200,ok,api-2,
benchmark-api4-1000-c100-004,004-REQ-000406,406,registro de prueba,2026-06-09T22:59:16.052241+00:00,2026-06-09T22:59:16.371939+00:00,319.68,200,ok,api-1,
benchmark-api4-1000-c100-004,004-REQ-000407,407,registro de prueba,2026-06-09T22:59:16.052895+00:00,2026-06-09T22:59:16.708323+00:00,655.4,200,ok,api-3,
benchmark-api4-1000-c100-004,004-REQ-000408,408,registro de prueba,2026-06-09T22:59:16.055437+00:00,2026-06-09T22:59:16.684253+00:00,628.8,200,ok,api-4,
benchmark-api4-1000-c100-004,004-REQ-000409,409,registro de prueba,2026-06-09T22:59:16.056512+00:00,2026-06-09T22:59:16.365110+00:00,308.59,200,ok,api-2,
benchmark-api4-1000-c100-004,004-REQ-000410,410,registro de prueba,2026-06-09T22:59:16.057627+00:00,2026-06-09T22:59:16.359795+00:00,302.15,200,ok,api-1,
benchmark-api4-1000-c100-004,004-REQ-000411,411,registro de prueba,2026-06-09T22:59:16.073225+00:00,2026-06-09T22:59:16.681588+00:00,608.34,200,ok,api-3,
benchmark-api4-1000-c100-004,004-REQ-000412,412,registro de prueba,2026-06-09T22:59:16.085620+00:00,2026-06-09T22:59:16.405618+00:00,319.98,200,ok,api-1,
benchmark-api4-1000-c100-004,004-REQ-000413,413,registro de prueba,2026-06-09T22:59:16.086769+00:00,2026-06-09T22:59:16.632850+00:00,546.07,200,ok,api-4,
benchmark-api4-1000-c100-004,004-REQ-000414,414,registro de prueba,2026-06-09T22:59:16.115771+00:00,2026-06-09T22:59:16.459488+00:00,343.7,200,ok,api-2,
benchmark-api4-1000-c100-004,004-REQ-000415,415,registro de prueba,2026-06-09T22:59:16.117146+00:00,2026-06-09T22:59:16.782244+00:00,665.09,200,ok,api-3,
benchmark-api4-1000-c100-004,004-REQ-000416,416,registro de prueba,2026-06-09T22:59:16.125562+00:00,2026-06-09T22:59:16.687872+00:00,562.29,200,ok,api-4,
benchmark-api4-1000-c100-004,004-REQ-000417,417,registro de prueba,2026-06-09T22:59:16.142875+00:00,2026-06-09T22:59:16.358419+00:00,215.52,200,ok,api-1,
benchmark-api4-1000-c100-004,004-REQ-000418,418,registro de prueba,2026-06-09T22:59:16.147885+00:00,2026-06-09T22:59:16.426847+00:00,278.94,200,ok,api-2,
benchmark-api4-1000-c100-004,004-REQ-000419,419,registro de prueba,2026-06-09T22:59:16.153848+00:00,2026-06-09T22:59:16.814472+00:00,660.6,200,ok,api-3,
benchmark-api4-1000-c100-004,004-REQ-000420,420,registro de prueba,2026-06-09T22:59:16.157043+00:00,2026-06-09T22:59:16.675343+00:00,518.28,200,ok,api-4,
benchmark-api4-1000-c100-004,004-REQ-000421,421,registro de prueba,2026-06-09T22:59:16.159008+00:00,2026-06-09T22:59:16.422796+00:00,263.78,200,ok,api-1,
benchmark-api4-1000-c100-004,004-REQ-000422,422,registro de prueba,2026-06-09T22:59:16.159702+00:00,2026-06-09T22:59:16.453215+00:00,293.49,200,ok,api-2,
benchmark-api4-1000-c100-004,004-REQ-000423,423,registro de prueba,2026-06-09T22:59:16.171889+00:00,2026-06-09T22:59:16.763736+00:00,591.83,200,ok,api-3,
benchmark-api4-1000-c100-004,004-REQ-000424,424,registro de prueba,2026-06-09T22:59:16.176068+00:00,2026-06-09T22:59:16.648177+00:00,472.1,200,ok,api-4,
benchmark-api4-1000-c100-004,004-REQ-000425,425,registro de prueba,2026-06-09T22:59:16.180158+00:00,2026-06-09T22:59:16.470171+00:00,290.0,200,ok,api-2,
benchmark-api4-1000-c100-004,004-REQ-000426,426,registro de prueba,2026-06-09T22:59:16.181218+00:00,2026-06-09T22:59:16.401664+00:00,220.42,200,ok,api-1,
benchmark-api4-1000-c100-004,004-REQ-000427,427,registro de prueba,2026-06-09T22:59:16.183576+00:00,2026-06-09T22:59:16.774660+00:00,591.07,200,ok,api-3,
benchmark-api4-1000-c100-004,004-REQ-000428,428,registro de prueba,2026-06-09T22:59:16.185901+00:00,2026-06-09T22:59:16.714444+00:00,528.5,200,ok,api-4,
benchmark-api4-1000-c100-004,004-REQ-000429,429,registro de prueba,2026-06-09T22:59:16.187957+00:00,2026-06-09T22:59:16.385669+00:00,197.7,200,ok,api-1,
benchmark-api4-1000-c100-004,004-REQ-000430,430,registro de prueba,2026-06-09T22:59:16.191933+00:00,2026-06-09T22:59:16.411182+00:00,219.23,200,ok,api-2,
benchmark-api4-1000-c100-004,004-REQ-000431,431,registro de prueba,2026-06-09T22:59:16.199080+00:00,2026-06-09T22:59:16.717443+00:00,518.35,200,ok,api-3,
benchmark-api4-1000-c100-004,004-REQ-000432,432,registro de prueba,2026-06-09T22:59:16.200064+00:00,2026-06-09T22:59:16.676647+00:00,476.57,200,ok,api-4,
benchmark-api4-1000-c100-004,004-REQ-000433,433,registro de prueba,2026-06-09T22:59:16.212654+00:00,2026-06-09T22:59:16.421713+00:00,209.03,200,ok,api-1,
benchmark-api4-1000-c100-004,004-REQ-000434,434,registro de prueba,2026-06-09T22:59:16.214004+00:00,2026-06-09T22:59:16.411520+00:00,197.5,200,ok,api-1,
benchmark-api4-1000-c100-004,004-REQ-000435,435,registro de prueba,2026-06-09T22:59:16.214623+00:00,2026-06-09T22:59:16.676841+00:00,462.2,200,ok,api-4,
benchmark-api4-1000-c100-004,004-REQ-000436,436,registro de prueba,2026-06-09T22:59:16.215697+00:00,2026-06-09T22:59:16.437057+00:00,221.34,200,ok,api-2,
benchmark-api4-1000-c100-004,004-REQ-000437,437,registro de prueba,2026-06-09T22:59:16.216412+00:00,2026-06-09T22:59:16.663589+00:00,447.16,200,ok,api-3,
benchmark-api4-1000-c100-004,004-REQ-000438,438,registro de prueba,2026-06-09T22:59:16.223538+00:00,2026-06-09T22:59:16.426671+00:00,203.12,200,ok,api-2,
benchmark-api4-1000-c100-004,004-REQ-000439,439,registro de prueba,2026-06-09T22:59:16.224512+00:00,2026-06-09T22:59:16.717115+00:00,492.59,200,ok,api-3,
benchmark-api4-1000-c100-004,004-REQ-000440,440,registro de prueba,2026-06-09T22:59:16.225644+00:00,2026-06-09T22:59:16.424204+00:00,198.55,200,ok,api-1,
benchmark-api4-1000-c100-004,004-REQ-000441,441,registro de prueba,2026-06-09T22:59:16.227504+00:00,2026-06-09T22:59:16.739551+00:00,511.98,200,ok,api-4,
benchmark-api4-1000-c100-004,004-REQ-000442,442,registro de prueba,2026-06-09T22:59:16.235679+00:00,2026-06-09T22:59:16.805068+00:00,569.37,200,ok,api-3,
benchmark-api4-1000-c100-004,004-REQ-000443,443,registro de prueba,2026-06-09T22:59:16.236906+00:00,2026-06-09T22:59:16.442041+00:00,205.13,200,ok,api-2,
benchmark-api4-1000-c100-004,004-REQ-000444,444,registro de prueba,2026-06-09T22:59:16.240314+00:00,2026-06-09T22:59:16.749368+00:00,509.04,200,ok,api-4,
benchmark-api4-1000-c100-004,004-REQ-000445,445,registro de prueba,2026-06-09T22:59:16.254149+00:00,2026-06-09T22:59:16.439361+00:00,185.2,200,ok,api-1,
benchmark-api4-1000-c100-004,004-REQ-000446,446,registro de prueba,2026-06-09T22:59:16.258759+00:00,2026-06-09T22:59:16.466767+00:00,208.0,200,ok,api-2,
benchmark-api4-1000-c100-004,004-REQ-000447,447,registro de prueba,2026-06-09T22:59:16.265704+00:00,2026-06-09T22:59:16.835080+00:00,569.37,200,ok,api-3,
benchmark-api4-1000-c100-004,004-REQ-000448,448,registro de prueba,2026-06-09T22:59:16.270757+00:00,2026-06-09T22:59:16.765105+00:00,494.34,200,ok,api-4,
benchmark-api4-1000-c100-004,004-REQ-000449,449,registro de prueba,2026-06-09T22:59:16.275201+00:00,2026-06-09T22:59:16.457602+00:00,182.39,200,ok,api-1,
benchmark-api4-1000-c100-004,004-REQ-000450,450,registro de prueba,2026-06-09T22:59:16.275854+00:00,2026-06-09T22:59:16.441273+00:00,165.4,200,ok,api-2,
benchmark-api4-1000-c100-004,004-REQ-000451,451,registro de prueba,2026-06-09T22:59:16.281230+00:00,2026-06-09T22:59:16.822601+00:00,541.35,200,ok,api-3,
benchmark-api4-1000-c100-004,004-REQ-000452,452,registro de prueba,2026-06-09T22:59:16.285873+00:00,2026-06-09T22:59:16.721270+00:00,435.39,200,ok,api-4,
benchmark-api4-1000-c100-004,004-REQ-000453,453,registro de prueba,2026-06-09T22:59:16.292177+00:00,2026-06-09T22:59:16.456098+00:00,163.9,200,ok,api-2,
benchmark-api4-1000-c100-004,004-REQ-000454,454,registro de prueba,2026-06-09T22:59:16.293251+00:00,2026-06-09T22:59:16.867702+00:00,574.44,200,ok,api-3,
benchmark-api4-1000-c100-004,004-REQ-000455,455,registro de prueba,2026-06-09T22:59:16.293696+00:00,2026-06-09T22:59:16.490541+00:00,196.82,200,ok,api-1,
benchmark-api4-1000-c100-004,004-REQ-000456,456,registro de prueba,2026-06-09T22:59:16.294811+00:00,2026-06-09T22:59:16.766322+00:00,471.5,200,ok,api-4,
benchmark-api4-1000-c100-004,004-REQ-000457,457,registro de prueba,2026-06-09T22:59:16.299103+00:00,2026-06-09T22:59:16.464590+00:00,165.47,200,ok,api-1,
benchmark-api4-1000-c100-004,004-REQ-000458,458,registro de prueba,2026-06-09T22:59:16.310550+00:00,2026-06-09T22:59:16.471454+00:00,160.89,200,ok,api-2,
benchmark-api4-1000-c100-004,004-REQ-000459,459,registro de prueba,2026-06-09T22:59:16.313055+00:00,2026-06-09T22:59:16.774352+00:00,461.28,200,ok,api-4,
benchmark-api4-1000-c100-004,004-REQ-000460,460,registro de prueba,2026-06-09T22:59:16.314047+00:00,2026-06-09T22:59:16.833628+00:00,519.57,200,ok,api-3,
benchmark-api4-1000-c100-004,004-REQ-000461,461,registro de prueba,2026-06-09T22:59:16.317305+00:00,2026-06-09T22:59:16.480918+00:00,163.59,200,ok,api-1,
benchmark-api4-1000-c100-004,004-REQ-000462,462,registro de prueba,2026-06-09T22:59:16.318573+00:00,2026-06-09T22:59:16.828746+00:00,510.16,200,ok,api-3,
benchmark-api4-1000-c100-004,004-REQ-000463,463,registro de prueba,2026-06-09T22:59:16.319061+00:00,2026-06-09T22:59:16.472631+00:00,153.55,200,ok,api-2,
benchmark-api4-1000-c100-004,004-REQ-000464,464,registro de prueba,2026-06-09T22:59:16.329049+00:00,2026-06-09T22:59:16.816040+00:00,486.98,200,ok,api-4,
benchmark-api4-1000-c100-004,004-REQ-000465,465,registro de prueba,2026-06-09T22:59:16.341148+00:00,2026-06-09T22:59:16.468021+00:00,126.86,200,ok,api-1,
benchmark-api4-1000-c100-004,004-REQ-000466,466,registro de prueba,2026-06-09T22:59:16.343773+00:00,2026-06-09T22:59:16.497297+00:00,153.51,200,ok,api-2,
benchmark-api4-1000-c100-004,004-REQ-000467,467,registro de prueba,2026-06-09T22:59:16.345251+00:00,2026-06-09T22:59:16.852849+00:00,507.57,200,ok,api-4,
benchmark-api4-1000-c100-004,004-REQ-000468,468,registro de prueba,2026-06-09T22:59:16.345917+00:00,2026-06-09T22:59:16.847561+00:00,501.61,200,ok,api-3,
benchmark-api4-1000-c100-004,004-REQ-000469,469,registro de prueba,2026-06-09T22:59:16.355246+00:00,2026-06-09T22:59:16.468994+00:00,113.74,200,ok,api-1,
benchmark-api4-1000-c100-004,004-REQ-000470,470,registro de prueba,2026-06-09T22:59:16.358665+00:00,2026-06-09T22:59:16.916118+00:00,557.42,200,ok,api-3,
benchmark-api4-1000-c100-004,004-REQ-000471,471,registro de prueba,2026-06-09T22:59:16.359928+00:00,2026-06-09T22:59:16.483824+00:00,123.88,200,ok,api-2,
benchmark-api4-1000-c100-004,004-REQ-000472,472,registro de prueba,2026-06-09T22:59:16.364333+00:00,2026-06-09T22:59:16.797066+00:00,432.71,200,ok,api-4,
benchmark-api4-1000-c100-004,004-REQ-000473,473,registro de prueba,2026-06-09T22:59:16.365335+00:00,2026-06-09T22:59:16.515741+00:00,150.39,200,ok,api-1,
benchmark-api4-1000-c100-004,004-REQ-000474,474,registro de prueba,2026-06-09T22:59:16.365792+00:00,2026-06-09T22:59:16.506186+00:00,140.38,200,ok,api-2,
benchmark-api4-1000-c100-004,004-REQ-000475,475,registro de prueba,2026-06-09T22:59:16.367579+00:00,2026-06-09T22:59:16.922932+00:00,555.34,200,ok,api-3,
benchmark-api4-1000-c100-004,004-REQ-000476,476,registro de prueba,2026-06-09T22:59:16.372066+00:00,2026-06-09T22:59:16.859332+00:00,487.26,200,ok,api-4,
benchmark-api4-1000-c100-004,004-REQ-000477,477,registro de prueba,2026-06-09T22:59:16.380605+00:00,2026-06-09T22:59:16.505986+00:00,125.36,200,ok,api-2,
benchmark-api4-1000-c100-004,004-REQ-000478,478,registro de prueba,2026-06-09T22:59:16.382010+00:00,2026-06-09T22:59:16.517010+00:00,134.99,200,ok,api-1,
benchmark-api4-1000-c100-004,004-REQ-000479,479,registro de prueba,2026-06-09T22:59:16.382754+00:00,2026-06-09T22:59:16.844837+00:00,462.05,200,ok,api-3,
benchmark-api4-1000-c100-004,004-REQ-000480,480,registro de prueba,2026-06-09T22:59:16.384780+00:00,2026-06-09T22:59:16.857492+00:00,472.7,200,ok,api-4,
benchmark-api4-1000-c100-004,004-REQ-000481,481,registro de prueba,2026-06-09T22:59:16.385777+00:00,2026-06-09T22:59:16.531456+00:00,145.67,200,ok,api-1,
benchmark-api4-1000-c100-004,004-REQ-000482,482,registro de prueba,2026-06-09T22:59:16.387768+00:00,2026-06-09T22:59:16.534194+00:00,146.41,200,ok,api-2,
benchmark-api4-1000-c100-004,004-REQ-000483,483,registro de prueba,2026-06-09T22:59:16.398242+00:00,2026-06-09T22:59:16.864397+00:00,466.15,200,ok,api-3,
benchmark-api4-1000-c100-004,004-REQ-000484,484,registro de prueba,2026-06-09T22:59:16.399035+00:00,2026-06-09T22:59:16.918615+00:00,519.49,200,ok,api-3,
benchmark-api4-1000-c100-004,004-REQ-000485,485,registro de prueba,2026-06-09T22:59:16.400584+00:00,2026-06-09T22:59:16.525728+00:00,125.13,200,ok,api-1,
benchmark-api4-1000-c100-004,004-REQ-000486,486,registro de prueba,2026-06-09T22:59:16.401153+00:00,2026-06-09T22:59:16.862248+00:00,461.07,200,ok,api-4,
benchmark-api4-1000-c100-004,004-REQ-000487,487,registro de prueba,2026-06-09T22:59:16.401772+00:00,2026-06-09T22:59:16.530328+00:00,128.54,200,ok,api-2,
benchmark-api4-1000-c100-004,004-REQ-000488,488,registro de prueba,2026-06-09T22:59:16.405778+00:00,2026-06-09T22:59:16.811077+00:00,405.28,200,ok,api-4,
benchmark-api4-1000-c100-004,004-REQ-000489,489,registro de prueba,2026-06-09T22:59:16.411759+00:00,2026-06-09T22:59:16.521676+00:00,109.9,200,ok,api-1,
benchmark-api4-1000-c100-004,004-REQ-000490,490,registro de prueba,2026-06-09T22:59:16.412487+00:00,2026-06-09T22:59:16.522805+00:00,110.29,200,ok,api-2,
benchmark-api4-1000-c100-004,004-REQ-000491,491,registro de prueba,2026-06-09T22:59:16.413919+00:00,2026-06-09T22:59:16.920162+00:00,506.23,200,ok,api-3,
benchmark-api4-1000-c100-004,004-REQ-000492,492,registro de prueba,2026-06-09T22:59:16.421908+00:00,2026-06-09T22:59:16.857661+00:00,435.74,200,ok,api-4,
benchmark-api4-1000-c100-004,004-REQ-000493,493,registro de prueba,2026-06-09T22:59:16.422884+00:00,2026-06-09T22:59:16.518225+00:00,95.33,200,ok,api-2,
benchmark-api4-1000-c100-004,004-REQ-000494,494,registro de prueba,2026-06-09T22:59:16.424357+00:00,2026-06-09T22:59:16.546632+00:00,122.25,200,ok,api-1,
benchmark-api4-1000-c100-004,004-REQ-000495,495,registro de prueba,2026-06-09T22:59:16.425344+00:00,2026-06-09T22:59:16.889067+00:00,463.71,200,ok,api-4,
benchmark-api4-1000-c100-004,004-REQ-000496,496,registro de prueba,2026-06-09T22:59:16.426912+00:00,2026-06-09T22:59:16.535467+00:00,108.54,200,ok,api-1,
benchmark-api4-1000-c100-004,004-REQ-000497,497,registro de prueba,2026-06-09T22:59:16.427470+00:00,2026-06-09T22:59:17.024608+00:00,597.12,200,ok,api-3,
benchmark-api4-1000-c100-004,004-REQ-000498,498,registro de prueba,2026-06-09T22:59:16.437573+00:00,2026-06-09T22:59:16.548339+00:00,110.74,200,ok,api-2,
benchmark-api4-1000-c100-004,004-REQ-000499,499,registro de prueba,2026-06-09T22:59:16.440225+00:00,2026-06-09T22:59:17.024458+00:00,584.19,200,ok,api-3,
benchmark-api4-1000-c100-004,004-REQ-000500,500,registro de prueba,2026-06-09T22:59:16.441414+00:00,2026-06-09T22:59:16.826937+00:00,385.51,200,ok,api-4,
benchmark-api4-1000-c100-004,004-REQ-000501,501,registro de prueba,2026-06-09T22:59:16.442135+00:00,2026-06-09T22:59:16.552911+00:00,110.76,200,ok,api-1,
benchmark-api4-1000-c100-004,004-REQ-000502,502,registro de prueba,2026-06-09T22:59:16.453376+00:00,2026-06-09T22:59:16.526875+00:00,73.48,200,ok,api-2,
benchmark-api4-1000-c100-004,004-REQ-000503,503,registro de prueba,2026-06-09T22:59:16.456339+00:00,2026-06-09T22:59:17.068266+00:00,611.91,200,ok,api-3,
benchmark-api4-1000-c100-004,004-REQ-000504,504,registro de prueba,2026-06-09T22:59:16.458014+00:00,2026-06-09T22:59:16.837082+00:00,378.91,200,ok,api-4,
benchmark-api4-1000-c100-004,004-REQ-000505,505,registro de prueba,2026-06-09T22:59:16.459615+00:00,2026-06-09T22:59:16.551685+00:00,92.05,200,ok,api-1,
benchmark-api4-1000-c100-004,004-REQ-000506,506,registro de prueba,2026-06-09T22:59:16.464755+00:00,2026-06-09T22:59:16.865720+00:00,400.95,200,ok,api-4,
benchmark-api4-1000-c100-004,004-REQ-000507,507,registro de prueba,2026-06-09T22:59:16.466955+00:00,2026-06-09T22:59:16.555697+00:00,88.72,200,ok,api-2,
benchmark-api4-1000-c100-004,004-REQ-000508,508,registro de prueba,2026-06-09T22:59:16.468160+00:00,2026-06-09T22:59:17.052819+00:00,584.64,200,ok,api-3,
benchmark-api4-1000-c100-004,004-REQ-000509,509,registro de prueba,2026-06-09T22:59:16.469103+00:00,2026-06-09T22:59:16.566681+00:00,97.56,200,ok,api-1,
benchmark-api4-1000-c100-004,004-REQ-000510,510,registro de prueba,2026-06-09T22:59:16.470284+00:00,2026-06-09T22:59:17.068100+00:00,597.81,200,ok,api-3,
benchmark-api4-1000-c100-004,004-REQ-000511,511,registro de prueba,2026-06-09T22:59:16.471669+00:00,2026-06-09T22:59:16.545071+00:00,73.38,200,ok,api-2,
benchmark-api4-1000-c100-004,004-REQ-000512,512,registro de prueba,2026-06-09T22:59:16.472739+00:00,2026-06-09T22:59:16.917271+00:00,444.52,200,ok,api-4,
benchmark-api4-1000-c100-004,004-REQ-000513,513,registro de prueba,2026-06-09T22:59:16.481074+00:00,2026-06-09T22:59:16.572920+00:00,91.83,200,ok,api-1,
benchmark-api4-1000-c100-004,004-REQ-000514,514,registro de prueba,2026-06-09T22:59:16.484002+00:00,2026-06-09T22:59:16.570758+00:00,86.74,200,ok,api-2,
benchmark-api4-1000-c100-004,004-REQ-000515,515,registro de prueba,2026-06-09T22:59:16.490689+00:00,2026-06-09T22:59:16.991615+00:00,500.91,200,ok,api-3,
benchmark-api4-1000-c100-004,004-REQ-000516,516,registro de prueba,2026-06-09T22:59:16.497737+00:00,2026-06-09T22:59:17.041603+00:00,543.8,200,ok,api-4,
benchmark-api4-1000-c100-004,004-REQ-000517,517,registro de prueba,2026-06-09T22:59:16.506255+00:00,2026-06-09T22:59:16.613983+00:00,107.71,200,ok,api-2,
benchmark-api4-1000-c100-004,004-REQ-000518,518,registro de prueba,2026-06-09T22:59:16.506817+00:00,2026-06-09T22:59:16.625123+00:00,118.28,200,ok,api-1,
benchmark-api4-1000-c100-004,004-REQ-000519,519,registro de prueba,2026-06-09T22:59:16.515914+00:00,2026-06-09T22:59:17.068355+00:00,552.43,200,ok,api-3,
benchmark-api4-1000-c100-004,004-REQ-000520,520,registro de prueba,2026-06-09T22:59:16.517131+00:00,2026-06-09T22:59:16.980415+00:00,463.27,200,ok,api-4,
benchmark-api4-1000-c100-004,004-REQ-000521,521,registro de prueba,2026-06-09T22:59:16.518348+00:00,2026-06-09T22:59:16.673213+00:00,154.85,200,ok,api-1,
benchmark-api4-1000-c100-004,004-REQ-000522,522,registro de prueba,2026-06-09T22:59:16.521806+00:00,2026-06-09T22:59:16.652788+00:00,130.97,200,ok,api-2,
benchmark-api4-1000-c100-004,004-REQ-000523,523,registro de prueba,2026-06-09T22:59:16.522948+00:00,2026-06-09T22:59:17.097270+00:00,574.31,200,ok,api-3,
benchmark-api4-1000-c100-004,004-REQ-000524,524,registro de prueba,2026-06-09T22:59:16.525879+00:00,2026-06-09T22:59:16.956752+00:00,430.86,200,ok,api-4,
benchmark-api4-1000-c100-004,004-REQ-000525,525,registro de prueba,2026-06-09T22:59:16.526995+00:00,2026-06-09T22:59:16.697485+00:00,170.47,200,ok,api-1,
benchmark-api4-1000-c100-004,004-REQ-000526,526,registro de prueba,2026-06-09T22:59:16.530473+00:00,2026-06-09T22:59:16.685556+00:00,155.06,200,ok,api-2,
benchmark-api4-1000-c100-004,004-REQ-000527,527,registro de prueba,2026-06-09T22:59:16.531577+00:00,2026-06-09T22:59:17.016238+00:00,484.61,200,ok,api-3,
benchmark-api4-1000-c100-004,004-REQ-000528,528,registro de prueba,2026-06-09T22:59:16.534344+00:00,2026-06-09T22:59:16.957800+00:00,423.44,200,ok,api-4,
benchmark-api4-1000-c100-004,004-REQ-000529,529,registro de prueba,2026-06-09T22:59:16.535601+00:00,2026-06-09T22:59:16.699153+00:00,163.54,200,ok,api-1,
benchmark-api4-1000-c100-004,004-REQ-000530,530,registro de prueba,2026-06-09T22:59:16.545260+00:00,2026-06-09T22:59:16.728966+00:00,183.69,200,ok,api-2,
benchmark-api4-1000-c100-004,004-REQ-000531,531,registro de prueba,2026-06-09T22:59:16.546744+00:00,2026-06-09T22:59:17.132678+00:00,585.93,200,ok,api-3,
benchmark-api4-1000-c100-004,004-REQ-000532,532,registro de prueba,2026-06-09T22:59:16.548450+00:00,2026-06-09T22:59:16.951198+00:00,402.73,200,ok,api-4,
benchmark-api4-1000-c100-004,004-REQ-000533,533,registro de prueba,2026-06-09T22:59:16.551843+00:00,2026-06-09T22:59:16.712003+00:00,160.15,200,ok,api-1,
benchmark-api4-1000-c100-004,004-REQ-000534,534,registro de prueba,2026-06-09T22:59:16.553148+00:00,2026-06-09T22:59:16.720245+00:00,167.08,200,ok,api-2,
benchmark-api4-1000-c100-004,004-REQ-000535,535,registro de prueba,2026-06-09T22:59:16.555830+00:00,2026-06-09T22:59:17.183148+00:00,627.3,200,ok,api-3,
benchmark-api4-1000-c100-004,004-REQ-000536,536,registro de prueba,2026-06-09T22:59:16.559251+00:00,2026-06-09T22:59:16.989648+00:00,430.38,200,ok,api-4,
benchmark-api4-1000-c100-004,004-REQ-000537,537,registro de prueba,2026-06-09T22:59:16.566831+00:00,2026-06-09T22:59:16.748014+00:00,181.15,200,ok,api-1,
benchmark-api4-1000-c100-004,004-REQ-000538,538,registro de prueba,2026-06-09T22:59:16.571044+00:00,2026-06-09T22:59:16.749232+00:00,178.14,200,ok,api-2,
benchmark-api4-1000-c100-004,004-REQ-000539,539,registro de prueba,2026-06-09T22:59:16.572141+00:00,2026-06-09T22:59:17.122590+00:00,550.43,200,ok,api-3,
benchmark-api4-1000-c100-004,004-REQ-000540,540,registro de prueba,2026-06-09T22:59:16.573050+00:00,2026-06-09T22:59:17.021253+00:00,448.19,200,ok,api-4,
benchmark-api4-1000-c100-004,004-REQ-000541,541,registro de prueba,2026-06-09T22:59:16.578471+00:00,2026-06-09T22:59:16.781999+00:00,203.5,200,ok,api-2,
benchmark-api4-1000-c100-004,004-REQ-000542,542,registro de prueba,2026-06-09T22:59:16.580312+00:00,2026-06-09T22:59:16.761602+00:00,181.27,200,ok,api-1,
benchmark-api4-1000-c100-004,004-REQ-000543,543,registro de prueba,2026-06-09T22:59:16.593185+00:00,2026-06-09T22:59:17.192690+00:00,599.48,200,ok,api-3,
benchmark-api4-1000-c100-004,004-REQ-000544,544,registro de prueba,2026-06-09T22:59:16.595593+00:00,2026-06-09T22:59:16.894124+00:00,298.51,200,ok,api-4,
benchmark-api4-1000-c100-004,004-REQ-000545,545,registro de prueba,2026-06-09T22:59:16.600855+00:00,2026-06-09T22:59:16.787267+00:00,186.4,200,ok,api-1,
benchmark-api4-1000-c100-004,004-REQ-000546,546,registro de prueba,2026-06-09T22:59:16.602809+00:00,2026-06-09T22:59:16.788503+00:00,185.68,200,ok,api-2,
benchmark-api4-1000-c100-004,004-REQ-000547,547,registro de prueba,2026-06-09T22:59:16.607934+00:00,2026-06-09T22:59:17.188361+00:00,580.42,200,ok,api-3,
benchmark-api4-1000-c100-004,004-REQ-000548,548,registro de prueba,2026-06-09T22:59:16.614200+00:00,2026-06-09T22:59:17.050367+00:00,436.15,200,ok,api-4,
benchmark-api4-1000-c100-004,004-REQ-000549,549,registro de prueba,2026-06-09T22:59:16.616254+00:00,2026-06-09T22:59:16.786123+00:00,169.84,200,ok,api-1,
benchmark-api4-1000-c100-004,004-REQ-000550,550,registro de prueba,2026-06-09T22:59:16.617753+00:00,2026-06-09T22:59:16.859184+00:00,241.42,200,ok,api-2,
benchmark-api4-1000-c100-004,004-REQ-000551,551,registro de prueba,2026-06-09T22:59:16.618970+00:00,2026-06-09T22:59:17.188989+00:00,570.01,200,ok,api-3,
benchmark-api4-1000-c100-004,004-REQ-000552,552,registro de prueba,2026-06-09T22:59:16.625397+00:00,2026-06-09T22:59:17.065895+00:00,440.31,200,ok,api-4,
benchmark-api4-1000-c100-004,004-REQ-000553,553,registro de prueba,2026-06-09T22:59:16.633011+00:00,2026-06-09T22:59:16.826019+00:00,192.99,200,ok,api-2,
benchmark-api4-1000-c100-004,004-REQ-000554,554,registro de prueba,2026-06-09T22:59:16.636164+00:00,2026-06-09T22:59:16.803426+00:00,167.24,200,ok,api-1,
benchmark-api4-1000-c100-004,004-REQ-000555,555,registro de prueba,2026-06-09T22:59:16.642736+00:00,2026-06-09T22:59:17.136031+00:00,493.28,200,ok,api-3,
benchmark-api4-1000-c100-004,004-REQ-000556,556,registro de prueba,2026-06-09T22:59:16.643576+00:00,2026-06-09T22:59:16.853016+00:00,209.42,200,ok,api-1,
benchmark-api4-1000-c100-004,004-REQ-000557,557,registro de prueba,2026-06-09T22:59:16.648580+00:00,2026-06-09T22:59:17.183386+00:00,534.79,200,ok,api-3,
benchmark-api4-1000-c100-004,004-REQ-000558,558,registro de prueba,2026-06-09T22:59:16.649632+00:00,2026-06-09T22:59:16.838386+00:00,188.74,200,ok,api-2,
benchmark-api4-1000-c100-004,004-REQ-000559,559,registro de prueba,2026-06-09T22:59:16.650121+00:00,2026-06-09T22:59:17.135818+00:00,485.67,200,ok,api-4,
benchmark-api4-1000-c100-004,004-REQ-000560,560,registro de prueba,2026-06-09T22:59:16.652917+00:00,2026-06-09T22:59:16.831836+00:00,178.9,200,ok,api-1,
benchmark-api4-1000-c100-004,004-REQ-000561,561,registro de prueba,2026-06-09T22:59:16.653957+00:00,2026-06-09T22:59:17.275740+00:00,621.77,200,ok,api-4,
benchmark-api4-1000-c100-004,004-REQ-000562,562,registro de prueba,2026-06-09T22:59:16.663723+00:00,2026-06-09T22:59:16.878106+00:00,214.37,200,ok,api-2,
benchmark-api4-1000-c100-004,004-REQ-000563,563,registro de prueba,2026-06-09T22:59:16.673334+00:00,2026-06-09T22:59:17.187086+00:00,513.75,200,ok,api-3,
benchmark-api4-1000-c100-004,004-REQ-000564,564,registro de prueba,2026-06-09T22:59:16.675541+00:00,2026-06-09T22:59:17.132790+00:00,457.24,200,ok,api-4,
benchmark-api4-1000-c100-004,004-REQ-000565,565,registro de prueba,2026-06-09T22:59:16.676906+00:00,2026-06-09T22:59:16.865925+00:00,189.01,200,ok,api-2,
benchmark-api4-1000-c100-004,004-REQ-000566,566,registro de prueba,2026-06-09T22:59:16.678668+00:00,2026-06-09T22:59:17.200616+00:00,521.77,200,ok,api-3,
benchmark-api4-1000-c100-004,004-REQ-000567,567,registro de prueba,2026-06-09T22:59:16.681749+00:00,2026-06-09T22:59:16.912745+00:00,230.98,200,ok,api-1,
benchmark-api4-1000-c100-004,004-REQ-000568,568,registro de prueba,2026-06-09T22:59:16.684424+00:00,2026-06-09T22:59:16.893177+00:00,208.73,200,ok,api-1,
benchmark-api4-1000-c100-004,004-REQ-000569,569,registro de prueba,2026-06-09T22:59:16.685667+00:00,2026-06-09T22:59:17.321403+00:00,635.72,200,ok,api-4,
benchmark-api4-1000-c100-004,004-REQ-000570,570,registro de prueba,2026-06-09T22:59:16.688117+00:00,2026-06-09T22:59:17.231592+00:00,543.46,200,ok,api-3,
benchmark-api4-1000-c100-004,004-REQ-000571,571,registro de prueba,2026-06-09T22:59:16.689061+00:00,2026-06-09T22:59:16.863641+00:00,174.57,200,ok,api-2,
benchmark-api4-1000-c100-004,004-REQ-000572,572,registro de prueba,2026-06-09T22:59:16.697688+00:00,2026-06-09T22:59:17.323229+00:00,625.53,200,ok,api-4,
benchmark-api4-1000-c100-004,004-REQ-000573,573,registro de prueba,2026-06-09T22:59:16.699289+00:00,2026-06-09T22:59:16.972021+00:00,272.72,200,ok,api-1,
benchmark-api4-1000-c100-004,004-REQ-000574,574,registro de prueba,2026-06-09T22:59:16.708460+00:00,2026-06-09T22:59:16.885596+00:00,177.12,200,ok,api-2,
benchmark-api4-1000-c100-004,004-REQ-000575,575,registro de prueba,2026-06-09T22:59:16.712371+00:00,2026-06-09T22:59:17.246798+00:00,534.4,200,ok,api-3,
benchmark-api4-1000-c100-004,004-REQ-000576,576,registro de prueba,2026-06-09T22:59:16.714851+00:00,2026-06-09T22:59:17.249730+00:00,534.85,200,ok,api-4,
benchmark-api4-1000-c100-004,004-REQ-000577,577,registro de prueba,2026-06-09T22:59:16.717781+00:00,2026-06-09T22:59:16.939501+00:00,221.7,200,ok,api-1,
benchmark-api4-1000-c100-004,004-REQ-000578,578,registro de prueba,2026-06-09T22:59:16.718780+00:00,2026-06-09T22:59:17.306338+00:00,587.53,200,ok,api-4,
benchmark-api4-1000-c100-004,004-REQ-000579,579,registro de prueba,2026-06-09T22:59:16.719451+00:00,2026-06-09T22:59:16.918377+00:00,198.9,200,ok,api-1,
benchmark-api4-1000-c100-004,004-REQ-000580,580,registro de prueba,2026-06-09T22:59:16.720431+00:00,2026-06-09T22:59:16.889465+00:00,169.02,200,ok,api-2,
benchmark-api4-1000-c100-004,004-REQ-000581,581,registro de prueba,2026-06-09T22:59:16.721390+00:00,2026-06-09T22:59:17.259827+00:00,538.42,200,ok,api-3,
benchmark-api4-1000-c100-004,004-REQ-000582,582,registro de prueba,2026-06-09T22:59:16.729177+00:00,2026-06-09T22:59:16.906148+00:00,176.95,200,ok,api-2,
benchmark-api4-1000-c100-004,004-REQ-000583,583,registro de prueba,2026-06-09T22:59:16.739688+00:00,2026-06-09T22:59:17.306251+00:00,566.55,200,ok,api-3,
benchmark-api4-1000-c100-004,004-REQ-000584,584,registro de prueba,2026-06-09T22:59:16.748305+00:00,2026-06-09T22:59:17.202501+00:00,454.17,200,ok,api-4,
benchmark-api4-1000-c100-004,004-REQ-000585,585,registro de prueba,2026-06-09T22:59:16.749486+00:00,2026-06-09T22:59:17.003491+00:00,253.97,200,ok,api-1,
benchmark-api4-1000-c100-004,004-REQ-000586,586,registro de prueba,2026-06-09T22:59:16.750081+00:00,2026-06-09T22:59:16.911417+00:00,161.31,200,ok,api-2,
benchmark-api4-1000-c100-004,004-REQ-000587,587,registro de prueba,2026-06-09T22:59:16.760122+00:00,2026-06-09T22:59:17.247084+00:00,486.95,200,ok,api-3,
benchmark-api4-1000-c100-004,004-REQ-000588,588,registro de prueba,2026-06-09T22:59:16.761790+00:00,2026-06-09T22:59:17.309250+00:00,547.45,200,ok,api-4,
benchmark-api4-1000-c100-004,004-REQ-000589,589,registro de prueba,2026-06-09T22:59:16.763875+00:00,2026-06-09T22:59:17.049532+00:00,285.64,200,ok,api-1,
benchmark-api4-1000-c100-004,004-REQ-000590,590,registro de prueba,2026-06-09T22:59:16.765169+00:00,2026-06-09T22:59:16.977625+00:00,212.44,200,ok,api-2,
benchmark-api4-1000-c100-004,004-REQ-000591,591,registro de prueba,2026-06-09T22:59:16.765605+00:00,2026-06-09T22:59:17.304729+00:00,539.1,200,ok,api-3,
benchmark-api4-1000-c100-004,004-REQ-000592,592,registro de prueba,2026-06-09T22:59:16.766405+00:00,2026-06-09T22:59:17.207600+00:00,441.19,200,ok,api-4,
benchmark-api4-1000-c100-004,004-REQ-000593,593,registro de prueba,2026-06-09T22:59:16.774754+00:00,2026-06-09T22:59:16.930787+00:00,156.02,200,ok,api-2,
benchmark-api4-1000-c100-004,004-REQ-000594,594,registro de prueba,2026-06-09T22:59:16.775477+00:00,2026-06-09T22:59:17.065703+00:00,290.2,200,ok,api-1,
benchmark-api4-1000-c100-004,004-REQ-000595,595,registro de prueba,2026-06-09T22:59:16.782314+00:00,2026-06-09T22:59:17.308551+00:00,526.23,200,ok,api-3,
benchmark-api4-1000-c100-004,004-REQ-000596,596,registro de prueba,2026-06-09T22:59:16.782960+00:00,2026-06-09T22:59:17.324172+00:00,541.19,200,ok,api-4,
benchmark-api4-1000-c100-004,004-REQ-000597,597,registro de prueba,2026-06-09T22:59:16.786289+00:00,2026-06-09T22:59:17.063653+00:00,277.35,200,ok,api-1,
benchmark-api4-1000-c100-004,004-REQ-000598,598,registro de prueba,2026-06-09T22:59:16.787396+00:00,2026-06-09T22:59:17.352199+00:00,564.79,200,ok,api-3,
benchmark-api4-1000-c100-004,004-REQ-000599,599,registro de prueba,2026-06-09T22:59:16.788649+00:00,2026-06-09T22:59:17.144621+00:00,355.95,200,ok,api-2,
benchmark-api4-1000-c100-004,004-REQ-000600,600,registro de prueba,2026-06-09T22:59:16.797216+00:00,2026-06-09T22:59:17.257263+00:00,460.03,200,ok,api-4,
benchmark-api4-1000-c100-004,004-REQ-000601,601,registro de prueba,2026-06-09T22:59:16.803551+00:00,2026-06-09T22:59:17.063333+00:00,259.76,200,ok,api-2,
benchmark-api4-1000-c100-004,004-REQ-000602,602,registro de prueba,2026-06-09T22:59:16.805167+00:00,2026-06-09T22:59:17.104443+00:00,299.27,200,ok,api-1,
benchmark-api4-1000-c100-004,004-REQ-000603,603,registro de prueba,2026-06-09T22:59:16.811242+00:00,2026-06-09T22:59:17.306409+00:00,495.16,200,ok,api-4,
benchmark-api4-1000-c100-004,004-REQ-000604,604,registro de prueba,2026-06-09T22:59:16.814663+00:00,2026-06-09T22:59:17.368423+00:00,553.74,200,ok,api-3,
benchmark-api4-1000-c100-004,004-REQ-000605,605,registro de prueba,2026-06-09T22:59:16.816399+00:00,2026-06-09T22:59:17.091815+00:00,275.39,200,ok,api-1,
benchmark-api4-1000-c100-004,004-REQ-000606,606,registro de prueba,2026-06-09T22:59:16.822820+00:00,2026-06-09T22:59:17.065995+00:00,243.16,200,ok,api-2,
benchmark-api4-1000-c100-004,004-REQ-000607,607,registro de prueba,2026-06-09T22:59:16.826285+00:00,2026-06-09T22:59:17.350089+00:00,523.78,200,ok,api-3,
benchmark-api4-1000-c100-004,004-REQ-000608,608,registro de prueba,2026-06-09T22:59:16.827197+00:00,2026-06-09T22:59:17.321574+00:00,494.33,200,ok,api-4,
benchmark-api4-1000-c100-004,004-REQ-000609,609,registro de prueba,2026-06-09T22:59:16.829069+00:00,2026-06-09T22:59:17.104264+00:00,275.18,200,ok,api-2,
benchmark-api4-1000-c100-004,004-REQ-000610,610,registro de prueba,2026-06-09T22:59:16.832101+00:00,2026-06-09T22:59:17.136214+00:00,304.09,200,ok,api-1,
benchmark-api4-1000-c100-004,004-REQ-000611,611,registro de prueba,2026-06-09T22:59:16.834165+00:00,2026-06-09T22:59:17.366969+00:00,532.78,200,ok,api-3,
benchmark-api4-1000-c100-004,004-REQ-000612,612,registro de prueba,2026-06-09T22:59:16.835222+00:00,2026-06-09T22:59:17.272587+00:00,437.35,200,ok,api-1,
benchmark-api4-1000-c100-004,004-REQ-000613,613,registro de prueba,2026-06-09T22:59:16.837244+00:00,2026-06-09T22:59:17.351261+00:00,514.0,200,ok,api-4,
benchmark-api4-1000-c100-004,004-REQ-000614,614,registro de prueba,2026-06-09T22:59:16.838522+00:00,2026-06-09T22:59:17.176591+00:00,338.05,200,ok,api-2,
benchmark-api4-1000-c100-004,004-REQ-000615,615,registro de prueba,2026-06-09T22:59:16.845020+00:00,2026-06-09T22:59:17.405875+00:00,560.84,200,ok,api-3,
benchmark-api4-1000-c100-004,004-REQ-000616,616,registro de prueba,2026-06-09T22:59:16.847709+00:00,2026-06-09T22:59:17.358596+00:00,510.87,200,ok,api-4,
benchmark-api4-1000-c100-004,004-REQ-000617,617,registro de prueba,2026-06-09T22:59:16.853079+00:00,2026-06-09T22:59:17.231853+00:00,378.77,200,ok,api-1,
benchmark-api4-1000-c100-004,004-REQ-000618,618,registro de prueba,2026-06-09T22:59:16.853603+00:00,2026-06-09T22:59:17.186953+00:00,333.33,200,ok,api-2,
benchmark-api4-1000-c100-004,004-REQ-000619,619,registro de prueba,2026-06-09T22:59:16.857910+00:00,2026-06-09T22:59:17.396582+00:00,538.65,200,ok,api-3,
benchmark-api4-1000-c100-004,004-REQ-000620,620,registro de prueba,2026-06-09T22:59:16.858534+00:00,2026-06-09T22:59:17.343796+00:00,485.24,200,ok,api-4,
benchmark-api4-1000-c100-004,004-REQ-000621,621,registro de prueba,2026-06-09T22:59:16.859464+00:00,2026-06-09T22:59:17.132368+00:00,272.89,200,ok,api-2,
benchmark-api4-1000-c100-004,004-REQ-000622,622,registro de prueba,2026-06-09T22:59:16.860069+00:00,2026-06-09T22:59:17.156399+00:00,296.31,200,ok,api-1,
benchmark-api4-1000-c100-004,004-REQ-000623,623,registro de prueba,2026-06-09T22:59:16.862437+00:00,2026-06-09T22:59:17.452614+00:00,590.16,200,ok,api-3,
benchmark-api4-1000-c100-004,004-REQ-000624,624,registro de prueba,2026-06-09T22:59:16.863809+00:00,2026-06-09T22:59:17.344229+00:00,480.41,200,ok,api-4,
benchmark-api4-1000-c100-004,004-REQ-000625,625,registro de prueba,2026-06-09T22:59:16.864497+00:00,2026-06-09T22:59:17.185233+00:00,320.73,200,ok,api-2,
benchmark-api4-1000-c100-004,004-REQ-000626,626,registro de prueba,2026-06-09T22:59:16.866233+00:00,2026-06-09T22:59:17.206602+00:00,340.35,200,ok,api-1,
benchmark-api4-1000-c100-004,004-REQ-000627,627,registro de prueba,2026-06-09T22:59:16.866958+00:00,2026-06-09T22:59:17.378940+00:00,511.96,200,ok,api-4,
benchmark-api4-1000-c100-004,004-REQ-000628,628,registro de prueba,2026-06-09T22:59:16.867952+00:00,2026-06-09T22:59:17.450920+00:00,582.95,200,ok,api-3,
benchmark-api4-1000-c100-004,004-REQ-000629,629,registro de prueba,2026-06-09T22:59:16.878273+00:00,2026-06-09T22:59:17.230528+00:00,352.24,200,ok,api-1,
benchmark-api4-1000-c100-004,004-REQ-000630,630,registro de prueba,2026-06-09T22:59:16.885760+00:00,2026-06-09T22:59:17.192889+00:00,307.12,200,ok,api-2,
benchmark-api4-1000-c100-004,004-REQ-000631,631,registro de prueba,2026-06-09T22:59:16.889753+00:00,2026-06-09T22:59:17.356372+00:00,466.6,200,ok,api-4,
benchmark-api4-1000-c100-004,004-REQ-000632,632,registro de prueba,2026-06-09T22:59:16.890425+00:00,2026-06-09T22:59:17.390327+00:00,499.88,200,ok,api-3,
benchmark-api4-1000-c100-004,004-REQ-000633,633,registro de prueba,2026-06-09T22:59:16.894411+00:00,2026-06-09T22:59:17.256739+00:00,362.31,200,ok,api-1,
benchmark-api4-1000-c100-004,004-REQ-000634,634,registro de prueba,2026-06-09T22:59:16.895638+00:00,2026-06-09T22:59:17.185484+00:00,289.81,200,ok,api-2,
benchmark-api4-1000-c100-004,004-REQ-000635,635,registro de prueba,2026-06-09T22:59:16.906291+00:00,2026-06-09T22:59:17.369488+00:00,463.16,200,ok,api-3,
benchmark-api4-1000-c100-004,004-REQ-000636,636,registro de prueba,2026-06-09T22:59:16.911575+00:00,2026-06-09T22:59:17.157769+00:00,246.18,200,ok,api-1,
benchmark-api4-1000-c100-004,004-REQ-000637,637,registro de prueba,2026-06-09T22:59:16.912859+00:00,2026-06-09T22:59:17.399093+00:00,486.22,200,ok,api-4,
benchmark-api4-1000-c100-004,004-REQ-000638,638,registro de prueba,2026-06-09T22:59:16.916254+00:00,2026-06-09T22:59:17.226919+00:00,310.64,200,ok,api-2,
benchmark-api4-1000-c100-004,004-REQ-000639,639,registro de prueba,2026-06-09T22:59:16.917384+00:00,2026-06-09T22:59:17.305842+00:00,388.45,200,ok,api-2,
benchmark-api4-1000-c100-004,004-REQ-000640,640,registro de prueba,2026-06-09T22:59:16.918695+00:00,2026-06-09T22:59:17.272759+00:00,354.06,200,ok,api-1,
benchmark-api4-1000-c100-004,004-REQ-000641,641,registro de prueba,2026-06-09T22:59:16.919241+00:00,2026-06-09T22:59:17.426624+00:00,507.32,200,ok,api-4,
benchmark-api4-1000-c100-004,004-REQ-000642,642,registro de prueba,2026-06-09T22:59:16.920287+00:00,2026-06-09T22:59:17.492427+00:00,572.13,200,ok,api-3,
benchmark-api4-1000-c100-004,004-REQ-000643,643,registro de prueba,2026-06-09T22:59:16.923211+00:00,2026-06-09T22:59:17.491152+00:00,567.91,200,ok,api-3,
benchmark-api4-1000-c100-004,004-REQ-000644,644,registro de prueba,2026-06-09T22:59:16.931128+00:00,2026-06-09T22:59:17.408210+00:00,477.06,200,ok,api-4,
benchmark-api4-1000-c100-004,004-REQ-000645,645,registro de prueba,2026-06-09T22:59:16.939608+00:00,2026-06-09T22:59:17.358835+00:00,419.22,200,ok,api-1,
benchmark-api4-1000-c100-004,004-REQ-000646,646,registro de prueba,2026-06-09T22:59:16.951333+00:00,2026-06-09T22:59:17.271491+00:00,320.14,200,ok,api-2,
benchmark-api4-1000-c100-004,004-REQ-000647,647,registro de prueba,2026-06-09T22:59:16.956886+00:00,2026-06-09T22:59:17.494250+00:00,537.36,200,ok,api-3,
benchmark-api4-1000-c100-004,004-REQ-000648,648,registro de prueba,2026-06-09T22:59:16.957925+00:00,2026-06-09T22:59:17.377262+00:00,419.32,200,ok,api-4,
benchmark-api4-1000-c100-004,004-REQ-000649,649,registro de prueba,2026-06-09T22:59:16.972147+00:00,2026-06-09T22:59:17.306121+00:00,333.96,200,ok,api-1,
benchmark-api4-1000-c100-004,004-REQ-000650,650,registro de prueba,2026-06-09T22:59:16.977771+00:00,2026-06-09T22:59:17.557159+00:00,579.37,200,ok,api-3,
benchmark-api4-1000-c100-004,004-REQ-000651,651,registro de prueba,2026-06-09T22:59:16.980626+00:00,2026-06-09T22:59:17.342327+00:00,361.67,200,ok,api-2,
benchmark-api4-1000-c100-004,004-REQ-000652,652,registro de prueba,2026-06-09T22:59:16.989778+00:00,2026-06-09T22:59:17.429779+00:00,439.99,200,ok,api-4,
benchmark-api4-1000-c100-004,004-REQ-000653,653,registro de prueba,2026-06-09T22:59:16.991749+00:00,2026-06-09T22:59:17.356642+00:00,364.88,200,ok,api-1,
benchmark-api4-1000-c100-004,004-REQ-000654,654,registro de prueba,2026-06-09T22:59:17.003764+00:00,2026-06-09T22:59:17.298246+00:00,294.46,200,ok,api-2,
benchmark-api4-1000-c100-004,004-REQ-000655,655,registro de prueba,2026-06-09T22:59:17.016393+00:00,2026-06-09T22:59:17.496699+00:00,480.3,200,ok,api-3,
benchmark-api4-1000-c100-004,004-REQ-000656,656,registro de prueba,2026-06-09T22:59:17.021347+00:00,2026-06-09T22:59:17.413446+00:00,392.09,200,ok,api-4,
benchmark-api4-1000-c100-004,004-REQ-000657,657,registro de prueba,2026-06-09T22:59:17.024653+00:00,2026-06-09T22:59:17.425406+00:00,400.74,200,ok,api-3,
benchmark-api4-1000-c100-004,004-REQ-000658,658,registro de prueba,2026-06-09T22:59:17.025673+00:00,2026-06-09T22:59:17.360931+00:00,335.23,200,ok,api-2,
benchmark-api4-1000-c100-004,004-REQ-000659,659,registro de prueba,2026-06-09T22:59:17.041744+00:00,2026-06-09T22:59:17.363158+00:00,321.41,200,ok,api-1,
benchmark-api4-1000-c100-004,004-REQ-000660,660,registro de prueba,2026-06-09T22:59:17.049749+00:00,2026-06-09T22:59:17.416080+00:00,366.32,200,ok,api-4,
benchmark-api4-1000-c100-004,004-REQ-000661,661,registro de prueba,2026-06-09T22:59:17.050642+00:00,2026-06-09T22:59:17.481116+00:00,430.46,200,ok,api-1,
benchmark-api4-1000-c100-004,004-REQ-000662,662,registro de prueba,2026-06-09T22:59:17.052972+00:00,2026-06-09T22:59:17.362964+00:00,309.98,200,ok,api-1,
benchmark-api4-1000-c100-004,004-REQ-000663,663,registro de prueba,2026-06-09T22:59:17.063809+00:00,2026-06-09T22:59:17.410539+00:00,346.71,200,ok,api-2,
benchmark-api4-1000-c100-004,004-REQ-000664,664,registro de prueba,2026-06-09T22:59:17.064616+00:00,2026-06-09T22:59:17.492242+00:00,427.6,200,ok,api-3,
benchmark-api4-1000-c100-004,004-REQ-000665,665,registro de prueba,2026-06-09T22:59:17.066051+00:00,2026-06-09T22:59:17.464191+00:00,398.13,200,ok,api-3,
benchmark-api4-1000-c100-004,004-REQ-000666,666,registro de prueba,2026-06-09T22:59:17.066755+00:00,2026-06-09T22:59:17.450711+00:00,383.93,200,ok,api-4,
benchmark-api4-1000-c100-004,004-REQ-000667,667,registro de prueba,2026-06-09T22:59:17.067257+00:00,2026-06-09T22:59:17.380557+00:00,313.28,200,ok,api-4,
benchmark-api4-1000-c100-004,004-REQ-000668,668,registro de prueba,2026-06-09T22:59:17.068403+00:00,2026-06-09T22:59:17.467197+00:00,398.78,200,ok,api-2,
benchmark-api4-1000-c100-004,004-REQ-000669,669,registro de prueba,2026-06-09T22:59:17.068901+00:00,2026-06-09T22:59:17.391718+00:00,322.8,200,ok,api-2,
benchmark-api4-1000-c100-004,004-REQ-000670,670,registro de prueba,2026-06-09T22:59:17.069246+00:00,2026-06-09T22:59:17.378704+00:00,309.44,200,ok,api-1,
benchmark-api4-1000-c100-004,004-REQ-000671,671,registro de prueba,2026-06-09T22:59:17.091913+00:00,2026-06-09T22:59:17.494066+00:00,402.14,200,ok,api-3,
benchmark-api4-1000-c100-004,004-REQ-000672,672,registro de prueba,2026-06-09T22:59:17.097814+00:00,2026-06-09T22:59:17.449087+00:00,351.24,200,ok,api-4,
benchmark-api4-1000-c100-004,004-REQ-000673,673,registro de prueba,2026-06-09T22:59:17.104504+00:00,2026-06-09T22:59:17.386650+00:00,282.13,200,ok,api-1,
benchmark-api4-1000-c100-004,004-REQ-000674,674,registro de prueba,2026-06-09T22:59:17.105063+00:00,2026-06-09T22:59:17.361188+00:00,256.11,200,ok,api-2,
benchmark-api4-1000-c100-004,004-REQ-000675,675,registro de prueba,2026-06-09T22:59:17.122706+00:00,2026-06-09T22:59:17.523945+00:00,401.23,200,ok,api-3,
benchmark-api4-1000-c100-004,004-REQ-000676,676,registro de prueba,2026-06-09T22:59:17.132914+00:00,2026-06-09T22:59:17.446798+00:00,313.86,200,ok,api-4,
benchmark-api4-1000-c100-004,004-REQ-000677,677,registro de prueba,2026-06-09T22:59:17.133551+00:00,2026-06-09T22:59:17.408445+00:00,274.88,200,ok,api-1,
benchmark-api4-1000-c100-004,004-REQ-000678,678,registro de prueba,2026-06-09T22:59:17.134144+00:00,2026-06-09T22:59:17.452947+00:00,318.79,200,ok,api-2,
benchmark-api4-1000-c100-004,004-REQ-000679,679,registro de prueba,2026-06-09T22:59:17.136299+00:00,2026-06-09T22:59:17.447134+00:00,310.82,200,ok,api-4,
benchmark-api4-1000-c100-004,004-REQ-000680,680,registro de prueba,2026-06-09T22:59:17.137313+00:00,2026-06-09T22:59:17.417177+00:00,279.8,200,ok,api-1,
benchmark-api4-1000-c100-004,004-REQ-000681,681,registro de prueba,2026-06-09T22:59:17.138574+00:00,2026-06-09T22:59:17.497913+00:00,359.31,200,ok,api-3,
benchmark-api4-1000-c100-004,004-REQ-000682,682,registro de prueba,2026-06-09T22:59:17.144854+00:00,2026-06-09T22:59:17.394387+00:00,249.52,200,ok,api-2,
benchmark-api4-1000-c100-004,004-REQ-000683,683,registro de prueba,2026-06-09T22:59:17.156637+00:00,2026-06-09T22:59:17.500998+00:00,344.34,200,ok,api-3,
benchmark-api4-1000-c100-004,004-REQ-000684,684,registro de prueba,2026-06-09T22:59:17.157920+00:00,2026-06-09T22:59:17.525009+00:00,367.08,200,ok,api-4,
benchmark-api4-1000-c100-004,004-REQ-000685,685,registro de prueba,2026-06-09T22:59:17.176831+00:00,2026-06-09T22:59:17.523001+00:00,346.14,200,ok,api-1,
benchmark-api4-1000-c100-004,004-REQ-000686,686,registro de prueba,2026-06-09T22:59:17.183455+00:00,2026-06-09T22:59:17.596848+00:00,413.38,200,ok,api-4,
benchmark-api4-1000-c100-004,004-REQ-000687,687,registro de prueba,2026-06-09T22:59:17.184220+00:00,2026-06-09T22:59:17.521781+00:00,337.53,200,ok,api-3,
benchmark-api4-1000-c100-004,004-REQ-000688,688,registro de prueba,2026-06-09T22:59:17.185559+00:00,2026-06-09T22:59:17.498219+00:00,312.65,200,ok,api-3,
benchmark-api4-1000-c100-004,004-REQ-000689,689,registro de prueba,2026-06-09T22:59:17.186142+00:00,2026-06-09T22:59:17.498376+00:00,312.22,200,ok,api-4,
benchmark-api4-1000-c100-004,004-REQ-000690,690,registro de prueba,2026-06-09T22:59:17.187156+00:00,2026-06-09T22:59:17.498299+00:00,311.14,200,ok,api-1,
benchmark-api4-1000-c100-004,004-REQ-000691,691,registro de prueba,2026-06-09T22:59:17.187711+00:00,2026-06-09T22:59:17.498120+00:00,310.39,200,ok,api-2,
benchmark-api4-1000-c100-004,004-REQ-000692,692,registro de prueba,2026-06-09T22:59:17.188541+00:00,2026-06-09T22:59:17.566977+00:00,378.42,200,ok,api-2,
benchmark-api4-1000-c100-004,004-REQ-000693,693,registro de prueba,2026-06-09T22:59:17.189071+00:00,2026-06-09T22:59:17.421041+00:00,231.95,200,ok,api-2,
benchmark-api4-1000-c100-004,004-REQ-000694,694,registro de prueba,2026-06-09T22:59:17.192953+00:00,2026-06-09T22:59:17.435945+00:00,242.98,200,ok,api-1,
benchmark-api4-1000-c100-004,004-REQ-000695,695,registro de prueba,2026-06-09T22:59:17.193501+00:00,2026-06-09T22:59:17.540135+00:00,346.52,200,ok,api-4,
benchmark-api4-1000-c100-004,004-REQ-000696,696,registro de prueba,2026-06-09T22:59:17.200753+00:00,2026-06-09T22:59:17.502516+00:00,301.75,200,ok,api-1,
benchmark-api4-1000-c100-004,004-REQ-000697,697,registro de prueba,2026-06-09T22:59:17.202640+00:00,2026-06-09T22:59:17.494351+00:00,291.7,200,ok,api-3,
benchmark-api4-1000-c100-004,004-REQ-000698,698,registro de prueba,2026-06-09T22:59:17.206728+00:00,2026-06-09T22:59:17.541135+00:00,334.4,200,ok,api-2,
benchmark-api4-1000-c100-004,004-REQ-000699,699,registro de prueba,2026-06-09T22:59:17.207693+00:00,2026-06-09T22:59:17.571501+00:00,363.76,200,ok,api-3,
benchmark-api4-1000-c100-004,004-REQ-000700,700,registro de prueba,2026-06-09T22:59:17.227134+00:00,2026-06-09T22:59:17.579843+00:00,352.69,200,ok,api-4,
benchmark-api4-1000-c100-004,004-REQ-000701,701,registro de prueba,2026-06-09T22:59:17.230775+00:00,2026-06-09T22:59:17.513488+00:00,282.7,200,ok,api-2,
benchmark-api4-1000-c100-004,004-REQ-000702,702,registro de prueba,2026-06-09T22:59:17.231950+00:00,2026-06-09T22:59:17.581462+00:00,349.5,200,ok,api-1,
benchmark-api4-1000-c100-004,004-REQ-000703,703,registro de prueba,2026-06-09T22:59:17.232488+00:00,2026-06-09T22:59:17.578498+00:00,345.98,200,ok,api-3,
benchmark-api4-1000-c100-004,004-REQ-000704,704,registro de prueba,2026-06-09T22:59:17.247336+00:00,2026-06-09T22:59:17.613590+00:00,366.24,200,ok,api-4,
benchmark-api4-1000-c100-004,004-REQ-000705,705,registro de prueba,2026-06-09T22:59:17.247954+00:00,2026-06-09T22:59:17.552998+00:00,305.02,200,ok,api-1,
benchmark-api4-1000-c100-004,004-REQ-000706,706,registro de prueba,2026-06-09T22:59:17.249915+00:00,2026-06-09T22:59:17.536939+00:00,287.0,200,ok,api-2,
benchmark-api4-1000-c100-004,004-REQ-000707,707,registro de prueba,2026-06-09T22:59:17.257546+00:00,2026-06-09T22:59:17.541288+00:00,283.68,200,ok,api-1,
benchmark-api4-1000-c100-004,004-REQ-000708,708,registro de prueba,2026-06-09T22:59:17.258861+00:00,2026-06-09T22:59:17.573184+00:00,314.26,200,ok,api-4,
benchmark-api4-1000-c100-004,004-REQ-000709,709,registro de prueba,2026-06-09T22:59:17.260183+00:00,2026-06-09T22:59:17.518837+00:00,258.42,200,ok,api-3,
benchmark-api4-1000-c100-004,004-REQ-000710,710,registro de prueba,2026-06-09T22:59:17.271803+00:00,2026-06-09T22:59:17.519987+00:00,248.17,200,ok,api-2,
benchmark-api4-1000-c100-004,004-REQ-000711,711,registro de prueba,2026-06-09T22:59:17.272850+00:00,2026-06-09T22:59:17.604367+00:00,331.5,200,ok,api-1,
benchmark-api4-1000-c100-004,004-REQ-000712,712,registro de prueba,2026-06-09T22:59:17.274501+00:00,2026-06-09T22:59:17.558309+00:00,283.77,200,ok,api-4,
benchmark-api4-1000-c100-004,004-REQ-000713,713,registro de prueba,2026-06-09T22:59:17.275868+00:00,2026-06-09T22:59:17.590633+00:00,314.75,200,ok,api-3,
benchmark-api4-1000-c100-004,004-REQ-000714,714,registro de prueba,2026-06-09T22:59:17.298337+00:00,2026-06-09T22:59:17.598085+00:00,299.74,200,ok,api-2,
benchmark-api4-1000-c100-004,004-REQ-000715,715,registro de prueba,2026-06-09T22:59:17.305172+00:00,2026-06-09T22:59:17.635121+00:00,329.92,200,ok,api-1,
benchmark-api4-1000-c100-004,004-REQ-000716,716,registro de prueba,2026-06-09T22:59:17.306605+00:00,2026-06-09T22:59:17.635427+00:00,328.81,200,ok,api-4,
benchmark-api4-1000-c100-004,004-REQ-000717,717,registro de prueba,2026-06-09T22:59:17.307149+00:00,2026-06-09T22:59:17.626343+00:00,319.17,200,ok,api-3,
benchmark-api4-1000-c100-004,004-REQ-000718,718,registro de prueba,2026-06-09T22:59:17.307553+00:00,2026-06-09T22:59:17.599662+00:00,292.09,200,ok,api-2,
benchmark-api4-1000-c100-004,004-REQ-000719,719,registro de prueba,2026-06-09T22:59:17.307844+00:00,2026-06-09T22:59:17.664825+00:00,356.96,200,ok,api-2,
benchmark-api4-1000-c100-004,004-REQ-000720,720,registro de prueba,2026-06-09T22:59:17.308131+00:00,2026-06-09T22:59:17.615041+00:00,306.9,200,ok,api-1,
benchmark-api4-1000-c100-004,004-REQ-000721,721,registro de prueba,2026-06-09T22:59:17.308677+00:00,2026-06-09T22:59:17.568351+00:00,259.66,200,ok,api-4,
benchmark-api4-1000-c100-004,004-REQ-000722,722,registro de prueba,2026-06-09T22:59:17.309327+00:00,2026-06-09T22:59:17.628615+00:00,319.27,200,ok,api-3,
benchmark-api4-1000-c100-004,004-REQ-000723,723,registro de prueba,2026-06-09T22:59:17.321698+00:00,2026-06-09T22:59:17.607608+00:00,285.9,200,ok,api-4,
benchmark-api4-1000-c100-004,004-REQ-000724,724,registro de prueba,2026-06-09T22:59:17.322397+00:00,2026-06-09T22:59:17.700078+00:00,377.65,200,ok,api-3,
benchmark-api4-1000-c100-004,004-REQ-000725,725,registro de prueba,2026-06-09T22:59:17.323417+00:00,2026-06-09T22:59:17.651090+00:00,327.66,200,ok,api-1,
benchmark-api4-1000-c100-004,004-REQ-000726,726,registro de prueba,2026-06-09T22:59:17.324299+00:00,2026-06-09T22:59:17.625119+00:00,300.8,200,ok,api-2,
benchmark-api4-1000-c100-004,004-REQ-000727,727,registro de prueba,2026-06-09T22:59:17.342762+00:00,2026-06-09T22:59:17.631873+00:00,289.08,200,ok,api-3,
benchmark-api4-1000-c100-004,004-REQ-000728,728,registro de prueba,2026-06-09T22:59:17.344406+00:00,2026-06-09T22:59:17.682758+00:00,338.34,200,ok,api-4,
benchmark-api4-1000-c100-004,004-REQ-000729,729,registro de prueba,2026-06-09T22:59:17.345093+00:00,2026-06-09T22:59:17.635562+00:00,290.44,200,ok,api-1,
benchmark-api4-1000-c100-004,004-REQ-000730,730,registro de prueba,2026-06-09T22:59:17.350427+00:00,2026-06-09T22:59:17.626557+00:00,276.11,200,ok,api-4,
benchmark-api4-1000-c100-004,004-REQ-000731,731,registro de prueba,2026-06-09T22:59:17.351411+00:00,2026-06-09T22:59:17.616128+00:00,264.7,200,ok,api-2,
benchmark-api4-1000-c100-004,004-REQ-000732,732,registro de prueba,2026-06-09T22:59:17.352298+00:00,2026-06-09T22:59:17.689488+00:00,337.17,200,ok,api-3,
benchmark-api4-1000-c100-004,004-REQ-000733,733,registro de prueba,2026-06-09T22:59:17.356943+00:00,2026-06-09T22:59:17.617172+00:00,260.21,200,ok,api-1,
benchmark-api4-1000-c100-004,004-REQ-000734,734,registro de prueba,2026-06-09T22:59:17.357746+00:00,2026-06-09T22:59:17.733739+00:00,375.96,200,ok,api-2,
benchmark-api4-1000-c100-004,004-REQ-000735,735,registro de prueba,2026-06-09T22:59:17.359106+00:00,2026-06-09T22:59:17.683692+00:00,324.57,200,ok,api-1,
benchmark-api4-1000-c100-004,004-REQ-000736,736,registro de prueba,2026-06-09T22:59:17.359831+00:00,2026-06-09T22:59:17.711664+00:00,351.81,200,ok,api-3,
benchmark-api4-1000-c100-004,004-REQ-000737,737,registro de prueba,2026-06-09T22:59:17.361498+00:00,2026-06-09T22:59:17.741576+00:00,380.07,200,ok,api-4,
benchmark-api4-1000-c100-004,004-REQ-000738,738,registro de prueba,2026-06-09T22:59:17.362226+00:00,2026-06-09T22:59:17.754785+00:00,392.53,200,ok,api-4,
benchmark-api4-1000-c100-004,004-REQ-000739,739,registro de prueba,2026-06-09T22:59:17.363268+00:00,2026-06-09T22:59:17.764026+00:00,400.75,200,ok,api-3,
benchmark-api4-1000-c100-004,004-REQ-000740,740,registro de prueba,2026-06-09T22:59:17.363773+00:00,2026-06-09T22:59:17.648201+00:00,284.41,200,ok,api-2,
benchmark-api4-1000-c100-004,004-REQ-000741,741,registro de prueba,2026-06-09T22:59:17.367183+00:00,2026-06-09T22:59:17.707403+00:00,340.2,200,ok,api-1,
benchmark-api4-1000-c100-004,004-REQ-000742,742,registro de prueba,2026-06-09T22:59:17.368726+00:00,2026-06-09T22:59:17.594344+00:00,225.6,200,ok,api-2,
benchmark-api4-1000-c100-004,004-REQ-000743,743,registro de prueba,2026-06-09T22:59:17.369618+00:00,2026-06-09T22:59:17.786482+00:00,416.85,200,ok,api-3,
benchmark-api4-1000-c100-004,004-REQ-000744,744,registro de prueba,2026-06-09T22:59:17.377699+00:00,2026-06-09T22:59:17.707729+00:00,330.02,200,ok,api-1,
benchmark-api4-1000-c100-004,004-REQ-000745,745,registro de prueba,2026-06-09T22:59:17.379222+00:00,2026-06-09T22:59:17.731435+00:00,352.2,200,ok,api-2,
benchmark-api4-1000-c100-004,004-REQ-000746,746,registro de prueba,2026-06-09T22:59:17.379884+00:00,2026-06-09T22:59:17.669362+00:00,289.45,200,ok,api-3,
benchmark-api4-1000-c100-004,004-REQ-000747,747,registro de prueba,2026-06-09T22:59:17.380681+00:00,2026-06-09T22:59:17.771921+00:00,391.22,200,ok,api-4,
benchmark-api4-1000-c100-004,004-REQ-000748,748,registro de prueba,2026-06-09T22:59:17.386869+00:00,2026-06-09T22:59:17.773671+00:00,386.79,200,ok,api-1,
benchmark-api4-1000-c100-004,004-REQ-000749,749,registro de prueba,2026-06-09T22:59:17.390505+00:00,2026-06-09T22:59:17.764196+00:00,373.68,200,ok,api-4,
benchmark-api4-1000-c100-004,004-REQ-000750,750,registro de prueba,2026-06-09T22:59:17.391850+00:00,2026-06-09T22:59:17.731171+00:00,339.31,200,ok,api-2,
benchmark-api4-1000-c100-004,004-REQ-000751,751,registro de prueba,2026-06-09T22:59:17.394546+00:00,2026-06-09T22:59:17.707627+00:00,313.07,200,ok,api-3,
benchmark-api4-1000-c100-004,004-REQ-000752,752,registro de prueba,2026-06-09T22:59:17.396748+00:00,2026-06-09T22:59:17.681334+00:00,284.57,200,ok,api-4,
benchmark-api4-1000-c100-004,004-REQ-000753,753,registro de prueba,2026-06-09T22:59:17.399245+00:00,2026-06-09T22:59:17.748748+00:00,349.49,200,ok,api-1,
benchmark-api4-1000-c100-004,004-REQ-000754,754,registro de prueba,2026-06-09T22:59:17.406016+00:00,2026-06-09T22:59:17.723224+00:00,317.19,200,ok,api-2,
benchmark-api4-1000-c100-004,004-REQ-000755,755,registro de prueba,2026-06-09T22:59:17.408527+00:00,2026-06-09T22:59:17.788662+00:00,380.13,200,ok,api-4,
benchmark-api4-1000-c100-004,004-REQ-000756,756,registro de prueba,2026-06-09T22:59:17.409104+00:00,2026-06-09T22:59:17.785433+00:00,376.3,200,ok,api-3,
benchmark-api4-1000-c100-004,004-REQ-000757,757,registro de prueba,2026-06-09T22:59:17.410704+00:00,2026-06-09T22:59:17.707979+00:00,297.26,200,ok,api-1,
benchmark-api4-1000-c100-004,004-REQ-000758,758,registro de prueba,2026-06-09T22:59:17.413612+00:00,2026-06-09T22:59:17.748568+00:00,334.94,200,ok,api-2,
benchmark-api4-1000-c100-004,004-REQ-000759,759,registro de prueba,2026-06-09T22:59:17.416230+00:00,2026-06-09T22:59:17.755046+00:00,338.81,200,ok,api-3,
benchmark-api4-1000-c100-004,004-REQ-000760,760,registro de prueba,2026-06-09T22:59:17.417291+00:00,2026-06-09T22:59:17.773898+00:00,356.6,200,ok,api-4,
benchmark-api4-1000-c100-004,004-REQ-000761,761,registro de prueba,2026-06-09T22:59:17.421214+00:00,2026-06-09T22:59:17.729568+00:00,308.34,200,ok,api-1,
benchmark-api4-1000-c100-004,004-REQ-000762,762,registro de prueba,2026-06-09T22:59:17.425738+00:00,2026-06-09T22:59:17.741448+00:00,315.69,200,ok,api-2,
benchmark-api4-1000-c100-004,004-REQ-000763,763,registro de prueba,2026-06-09T22:59:17.426780+00:00,2026-06-09T22:59:17.787485+00:00,360.7,200,ok,api-4,
benchmark-api4-1000-c100-004,004-REQ-000764,764,registro de prueba,2026-06-09T22:59:17.429965+00:00,2026-06-09T22:59:17.762691+00:00,332.71,200,ok,api-3,
benchmark-api4-1000-c100-004,004-REQ-000765,765,registro de prueba,2026-06-09T22:59:17.436080+00:00,2026-06-09T22:59:17.740390+00:00,304.29,200,ok,api-1,
benchmark-api4-1000-c100-004,004-REQ-000766,766,registro de prueba,2026-06-09T22:59:17.447297+00:00,2026-06-09T22:59:17.757328+00:00,310.02,200,ok,api-2,
benchmark-api4-1000-c100-004,004-REQ-000767,767,registro de prueba,2026-06-09T22:59:17.448002+00:00,2026-06-09T22:59:17.788777+00:00,340.75,200,ok,api-3,
benchmark-api4-1000-c100-004,004-REQ-000768,768,registro de prueba,2026-06-09T22:59:17.449760+00:00,2026-06-09T22:59:17.775192+00:00,325.41,200,ok,api-4,
benchmark-api4-1000-c100-004,004-REQ-000769,769,registro de prueba,2026-06-09T22:59:17.451024+00:00,2026-06-09T22:59:17.787352+00:00,336.32,200,ok,api-1,
benchmark-api4-1000-c100-004,004-REQ-000770,770,registro de prueba,2026-06-09T22:59:17.451611+00:00,2026-06-09T22:59:17.825762+00:00,374.12,200,ok,api-1,
benchmark-api4-1000-c100-004,004-REQ-000771,771,registro de prueba,2026-06-09T22:59:17.453021+00:00,2026-06-09T22:59:17.852281+00:00,399.25,200,ok,api-3,
benchmark-api4-1000-c100-004,004-REQ-000772,772,registro de prueba,2026-06-09T22:59:17.453520+00:00,2026-06-09T22:59:17.802588+00:00,349.04,200,ok,api-2,
benchmark-api4-1000-c100-004,004-REQ-000773,773,registro de prueba,2026-06-09T22:59:17.464373+00:00,2026-06-09T22:59:17.788861+00:00,324.48,200,ok,api-4,
benchmark-api4-1000-c100-004,004-REQ-000774,774,registro de prueba,2026-06-09T22:59:17.467387+00:00,2026-06-09T22:59:17.822656+00:00,355.25,200,ok,api-2,
benchmark-api4-1000-c100-004,004-REQ-000775,775,registro de prueba,2026-06-09T22:59:17.481253+00:00,2026-06-09T22:59:17.810329+00:00,329.06,200,ok,api-3,
benchmark-api4-1000-c100-004,004-REQ-000776,776,registro de prueba,2026-06-09T22:59:17.491503+00:00,2026-06-09T22:59:17.859829+00:00,368.31,200,ok,api-4,
benchmark-api4-1000-c100-004,004-REQ-000777,777,registro de prueba,2026-06-09T22:59:17.492765+00:00,2026-06-09T22:59:17.821590+00:00,328.81,200,ok,api-1,
benchmark-api4-1000-c100-004,004-REQ-000778,778,registro de prueba,2026-06-09T22:59:17.493331+00:00,2026-06-09T22:59:17.989202+00:00,495.85,200,ok,api-3,
benchmark-api4-1000-c100-004,004-REQ-000779,779,registro de prueba,2026-06-09T22:59:17.494582+00:00,2026-06-09T22:59:17.837612+00:00,342.96,200,ok,api-2,
benchmark-api4-1000-c100-004,004-REQ-000780,780,registro de prueba,2026-06-09T22:59:17.495375+00:00,2026-06-09T22:59:17.828198+00:00,332.79,200,ok,api-4,
benchmark-api4-1000-c100-004,004-REQ-000781,781,registro de prueba,2026-06-09T22:59:17.496090+00:00,2026-06-09T22:59:17.906163+00:00,410.04,200,ok,api-1,
benchmark-api4-1000-c100-004,004-REQ-000782,782,registro de prueba,2026-06-09T22:59:17.496881+00:00,2026-06-09T22:59:17.927008+00:00,430.11,200,ok,api-3,
benchmark-api4-1000-c100-004,004-REQ-000783,783,registro de prueba,2026-06-09T22:59:17.498453+00:00,2026-06-09T22:59:17.856132+00:00,357.67,200,ok,api-4,
benchmark-api4-1000-c100-004,004-REQ-000784,784,registro de prueba,2026-06-09T22:59:17.499053+00:00,2026-06-09T22:59:17.922771+00:00,423.67,200,ok,api-2,
benchmark-api4-1000-c100-004,004-REQ-000785,785,registro de prueba,2026-06-09T22:59:17.499617+00:00,2026-06-09T22:59:17.933072+00:00,433.44,200,ok,api-1,
benchmark-api4-1000-c100-004,004-REQ-000786,786,registro de prueba,2026-06-09T22:59:17.500014+00:00,2026-06-09T22:59:17.972881+00:00,472.85,200,ok,api-3,
benchmark-api4-1000-c100-004,004-REQ-000787,787,registro de prueba,2026-06-09T22:59:17.500369+00:00,2026-06-09T22:59:17.833333+00:00,332.94,200,ok,api-4,
benchmark-api4-1000-c100-004,004-REQ-000788,788,registro de prueba,2026-06-09T22:59:17.501114+00:00,2026-06-09T22:59:17.819170+00:00,318.04,200,ok,api-2,
benchmark-api4-1000-c100-004,004-REQ-000789,789,registro de prueba,2026-06-09T22:59:17.502646+00:00,2026-06-09T22:59:17.972988+00:00,470.33,200,ok,api-1,
benchmark-api4-1000-c100-004,004-REQ-000790,790,registro de prueba,2026-06-09T22:59:17.513638+00:00,2026-06-09T22:59:17.856876+00:00,343.23,200,ok,api-2,
benchmark-api4-1000-c100-004,004-REQ-000791,791,registro de prueba,2026-06-09T22:59:17.519008+00:00,2026-06-09T22:59:18.040141+00:00,521.12,200,ok,api-3,
benchmark-api4-1000-c100-004,004-REQ-000792,792,registro de prueba,2026-06-09T22:59:17.520095+00:00,2026-06-09T22:59:17.890005+00:00,369.89,200,ok,api-4,
benchmark-api4-1000-c100-004,004-REQ-000793,793,registro de prueba,2026-06-09T22:59:17.521917+00:00,2026-06-09T22:59:17.968954+00:00,447.02,200,ok,api-1,
benchmark-api4-1000-c100-004,004-REQ-000794,794,registro de prueba,2026-06-09T22:59:17.523222+00:00,2026-06-09T22:59:17.971166+00:00,447.93,200,ok,api-4,
benchmark-api4-1000-c100-004,004-REQ-000795,795,registro de prueba,2026-06-09T22:59:17.524072+00:00,2026-06-09T22:59:17.918074+00:00,393.99,200,ok,api-2,
benchmark-api4-1000-c100-004,004-REQ-000796,796,registro de prueba,2026-06-09T22:59:17.525100+00:00,2026-06-09T22:59:17.972703+00:00,447.59,200,ok,api-3,
benchmark-api4-1000-c100-004,004-REQ-000797,797,registro de prueba,2026-06-09T22:59:17.537111+00:00,2026-06-09T22:59:17.924524+00:00,387.4,200,ok,api-1,
benchmark-api4-1000-c100-004,004-REQ-000798,798,registro de prueba,2026-06-09T22:59:17.540445+00:00,2026-06-09T22:59:17.875666+00:00,335.2,200,ok,api-2,
benchmark-api4-1000-c100-004,004-REQ-000799,799,registro de prueba,2026-06-09T22:59:17.541369+00:00,2026-06-09T22:59:17.886590+00:00,345.21,200,ok,api-4,
benchmark-api4-1000-c100-004,004-REQ-000800,800,registro de prueba,2026-06-09T22:59:17.541884+00:00,2026-06-09T22:59:17.956442+00:00,414.53,200,ok,api-3,
benchmark-api4-1000-c100-004,004-REQ-000801,801,registro de prueba,2026-06-09T22:59:17.553165+00:00,2026-06-09T22:59:17.909588+00:00,356.41,200,ok,api-1,
benchmark-api4-1000-c100-004,004-REQ-000802,802,registro de prueba,2026-06-09T22:59:17.557433+00:00,2026-06-09T22:59:17.893616+00:00,336.16,200,ok,api-3,
benchmark-api4-1000-c100-004,004-REQ-000803,803,registro de prueba,2026-06-09T22:59:17.558458+00:00,2026-06-09T22:59:17.857002+00:00,298.54,200,ok,api-2,
benchmark-api4-1000-c100-004,004-REQ-000804,804,registro de prueba,2026-06-09T22:59:17.567112+00:00,2026-06-09T22:59:17.931394+00:00,364.27,200,ok,api-1,
benchmark-api4-1000-c100-004,004-REQ-000805,805,registro de prueba,2026-06-09T22:59:17.568488+00:00,2026-06-09T22:59:17.913339+00:00,344.84,200,ok,api-4,
benchmark-api4-1000-c100-004,004-REQ-000806,806,registro de prueba,2026-06-09T22:59:17.571899+00:00,2026-06-09T22:59:17.881632+00:00,309.71,200,ok,api-2,
benchmark-api4-1000-c100-004,004-REQ-000807,807,registro de prueba,2026-06-09T22:59:17.573309+00:00,2026-06-09T22:59:18.011143+00:00,437.82,200,ok,api-3,
benchmark-api4-1000-c100-004,004-REQ-000808,808,registro de prueba,2026-06-09T22:59:17.578719+00:00,2026-06-09T22:59:17.971313+00:00,392.58,200,ok,api-1,
benchmark-api4-1000-c100-004,004-REQ-000809,809,registro de prueba,2026-06-09T22:59:17.579979+00:00,2026-06-09T22:59:17.885163+00:00,305.17,200,ok,api-4,
benchmark-api4-1000-c100-004,004-REQ-000810,810,registro de prueba,2026-06-09T22:59:17.581589+00:00,2026-06-09T22:59:17.857865+00:00,276.26,200,ok,api-2,
benchmark-api4-1000-c100-004,004-REQ-000811,811,registro de prueba,2026-06-09T22:59:17.592810+00:00,2026-06-09T22:59:17.947449+00:00,354.6,200,ok,api-3,
benchmark-api4-1000-c100-004,004-REQ-000812,812,registro de prueba,2026-06-09T22:59:17.594865+00:00,2026-06-09T22:59:17.907735+00:00,312.83,200,ok,api-4,
benchmark-api4-1000-c100-004,004-REQ-000813,813,registro de prueba,2026-06-09T22:59:17.597143+00:00,2026-06-09T22:59:17.871047+00:00,273.89,200,ok,api-1,
benchmark-api4-1000-c100-004,004-REQ-000814,814,registro de prueba,2026-06-09T22:59:17.598330+00:00,2026-06-09T22:59:17.922599+00:00,324.25,200,ok,api-2,
benchmark-api4-1000-c100-004,004-REQ-000815,815,registro de prueba,2026-06-09T22:59:17.599814+00:00,2026-06-09T22:59:18.041812+00:00,441.98,200,ok,api-3,
benchmark-api4-1000-c100-004,004-REQ-000816,816,registro de prueba,2026-06-09T22:59:17.604515+00:00,2026-06-09T22:59:17.932264+00:00,327.74,200,ok,api-4,
benchmark-api4-1000-c100-004,004-REQ-000817,817,registro de prueba,2026-06-09T22:59:17.607770+00:00,2026-06-09T22:59:17.855259+00:00,247.47,200,ok,api-1,
benchmark-api4-1000-c100-004,004-REQ-000818,818,registro de prueba,2026-06-09T22:59:17.613924+00:00,2026-06-09T22:59:17.909247+00:00,295.15,200,ok,api-2,
benchmark-api4-1000-c100-004,004-REQ-000819,819,registro de prueba,2026-06-09T22:59:17.615366+00:00,2026-06-09T22:59:17.975848+00:00,360.47,200,ok,api-4,
benchmark-api4-1000-c100-004,004-REQ-000820,820,registro de prueba,2026-06-09T22:59:17.616419+00:00,2026-06-09T22:59:17.944899+00:00,328.46,200,ok,api-3,
benchmark-api4-1000-c100-004,004-REQ-000821,821,registro de prueba,2026-06-09T22:59:17.617340+00:00,2026-06-09T22:59:17.948341+00:00,330.99,200,ok,api-1,
benchmark-api4-1000-c100-004,004-REQ-000822,822,registro de prueba,2026-06-09T22:59:17.625455+00:00,2026-06-09T22:59:17.930437+00:00,304.96,200,ok,api-1,
benchmark-api4-1000-c100-004,004-REQ-000823,823,registro de prueba,2026-06-09T22:59:17.626664+00:00,2026-06-09T22:59:17.936343+00:00,309.66,200,ok,api-4,
benchmark-api4-1000-c100-004,004-REQ-000824,824,registro de prueba,2026-06-09T22:59:17.627555+00:00,2026-06-09T22:59:17.946418+00:00,318.84,200,ok,api-3,
benchmark-api4-1000-c100-004,004-REQ-000825,825,registro de prueba,2026-06-09T22:59:17.628757+00:00,2026-06-09T22:59:17.917082+00:00,288.31,200,ok,api-2,
benchmark-api4-1000-c100-004,004-REQ-000826,826,registro de prueba,2026-06-09T22:59:17.632039+00:00,2026-06-09T22:59:17.918411+00:00,286.36,200,ok,api-2,
benchmark-api4-1000-c100-004,004-REQ-000827,827,registro de prueba,2026-06-09T22:59:17.635645+00:00,2026-06-09T22:59:18.067924+00:00,432.26,200,ok,api-3,
benchmark-api4-1000-c100-004,004-REQ-000828,828,registro de prueba,2026-06-09T22:59:17.636247+00:00,2026-06-09T22:59:17.913216+00:00,276.95,200,ok,api-4,
benchmark-api4-1000-c100-004,004-REQ-000829,829,registro de prueba,2026-06-09T22:59:17.636702+00:00,2026-06-09T22:59:17.965844+00:00,329.12,200,ok,api-1,
benchmark-api4-1000-c100-004,004-REQ-000830,830,registro de prueba,2026-06-09T22:59:17.648311+00:00,2026-06-09T22:59:17.903394+00:00,255.07,200,ok,api-2,
benchmark-api4-1000-c100-004,004-REQ-000831,831,registro de prueba,2026-06-09T22:59:17.653653+00:00,2026-06-09T22:59:17.989898+00:00,336.12,200,ok,api-3,
benchmark-api4-1000-c100-004,004-REQ-000832,832,registro de prueba,2026-06-09T22:59:17.664952+00:00,2026-06-09T22:59:17.974549+00:00,309.59,200,ok,api-4,
benchmark-api4-1000-c100-004,004-REQ-000833,833,registro de prueba,2026-06-09T22:59:17.669511+00:00,2026-06-09T22:59:17.996727+00:00,327.2,200,ok,api-1,
benchmark-api4-1000-c100-004,004-REQ-000834,834,registro de prueba,2026-06-09T22:59:17.681478+00:00,2026-06-09T22:59:18.063533+00:00,382.04,200,ok,api-3,
benchmark-api4-1000-c100-004,004-REQ-000835,835,registro de prueba,2026-06-09T22:59:17.682902+00:00,2026-06-09T22:59:17.966712+00:00,283.8,200,ok,api-2,
benchmark-api4-1000-c100-004,004-REQ-000836,836,registro de prueba,2026-06-09T22:59:17.683789+00:00,2026-06-09T22:59:18.033471+00:00,349.67,200,ok,api-1,
benchmark-api4-1000-c100-004,004-REQ-000837,837,registro de prueba,2026-06-09T22:59:17.690026+00:00,2026-06-09T22:59:17.970165+00:00,280.1,200,ok,api-4,
benchmark-api4-1000-c100-004,004-REQ-000838,838,registro de prueba,2026-06-09T22:59:17.700205+00:00,2026-06-09T22:59:18.028596+00:00,328.38,200,ok,api-2,
benchmark-api4-1000-c100-004,004-REQ-000839,839,registro de prueba,2026-06-09T22:59:17.708123+00:00,2026-06-09T22:59:18.024420+00:00,316.28,200,ok,api-3,
benchmark-api4-1000-c100-004,004-REQ-000840,840,registro de prueba,2026-06-09T22:59:17.709184+00:00,2026-06-09T22:59:17.985995+00:00,276.78,200,ok,api-4,
benchmark-api4-1000-c100-004,004-REQ-000841,841,registro de prueba,2026-06-09T22:59:17.709726+00:00,2026-06-09T22:59:18.022111+00:00,312.36,200,ok,api-1,
benchmark-api4-1000-c100-004,004-REQ-000842,842,registro de prueba,2026-06-09T22:59:17.710663+00:00,2026-06-09T22:59:18.059841+00:00,349.15,200,ok,api-3,
benchmark-api4-1000-c100-004,004-REQ-000843,843,registro de prueba,2026-06-09T22:59:17.711795+00:00,2026-06-09T22:59:17.987991+00:00,276.18,200,ok,api-2,
benchmark-api4-1000-c100-004,004-REQ-000844,844,registro de prueba,2026-06-09T22:59:17.723351+00:00,2026-06-09T22:59:17.974739+00:00,251.38,200,ok,api-4,
benchmark-api4-1000-c100-004,004-REQ-000845,845,registro de prueba,2026-06-09T22:59:17.729729+00:00,2026-06-09T22:59:18.025294+00:00,295.55,200,ok,api-1,
benchmark-api4-1000-c100-004,004-REQ-000846,846,registro de prueba,2026-06-09T22:59:17.731510+00:00,2026-06-09T22:59:18.005150+00:00,273.63,200,ok,api-4,
benchmark-api4-1000-c100-004,004-REQ-000847,847,registro de prueba,2026-06-09T22:59:17.732385+00:00,2026-06-09T22:59:18.078115+00:00,345.65,200,ok,api-3,
benchmark-api4-1000-c100-004,004-REQ-000848,848,registro de prueba,2026-06-09T22:59:17.733863+00:00,2026-06-09T22:59:17.990013+00:00,256.07,200,ok,api-2,
benchmark-api4-1000-c100-004,004-REQ-000849,849,registro de prueba,2026-06-09T22:59:17.740560+00:00,2026-06-09T22:59:17.990916+00:00,250.35,200,ok,api-1,
benchmark-api4-1000-c100-004,004-REQ-000850,850,registro de prueba,2026-06-09T22:59:17.741655+00:00,2026-06-09T22:59:18.034913+00:00,293.25,200,ok,api-4,
benchmark-api4-1000-c100-004,004-REQ-000851,851,registro de prueba,2026-06-09T22:59:17.742095+00:00,2026-06-09T22:59:17.988187+00:00,246.08,200,ok,api-1,
benchmark-api4-1000-c100-004,004-REQ-000852,852,registro de prueba,2026-06-09T22:59:17.748805+00:00,2026-06-09T22:59:18.047218+00:00,298.4,200,ok,api-3,
benchmark-api4-1000-c100-004,004-REQ-000853,853,registro de prueba,2026-06-09T22:59:17.749307+00:00,2026-06-09T22:59:18.061531+00:00,312.2,200,ok,api-2,
benchmark-api4-1000-c100-004,004-REQ-000854,854,registro de prueba,2026-06-09T22:59:17.755190+00:00,2026-06-09T22:59:18.085449+00:00,330.25,200,ok,api-3,
benchmark-api4-1000-c100-004,004-REQ-000855,855,registro de prueba,2026-06-09T22:59:17.756286+00:00,2026-06-09T22:59:18.019540+00:00,263.23,200,ok,api-2,
benchmark-api4-1000-c100-004,004-REQ-000856,856,registro de prueba,2026-06-09T22:59:17.757451+00:00,2026-06-09T22:59:18.057717+00:00,300.25,200,ok,api-4,
benchmark-api4-1000-c100-004,004-REQ-000857,857,registro de prueba,2026-06-09T22:59:17.762932+00:00,2026-06-09T22:59:18.019752+00:00,256.81,200,ok,api-1,
benchmark-api4-1000-c100-004,004-REQ-000858,858,registro de prueba,2026-06-09T22:59:17.764257+00:00,2026-06-09T22:59:18.008637+00:00,244.37,200,ok,api-2,
benchmark-api4-1000-c100-004,004-REQ-000859,859,registro de prueba,2026-06-09T22:59:17.764868+00:00,2026-06-09T22:59:18.154179+00:00,389.28,200,ok,api-3,
benchmark-api4-1000-c100-004,004-REQ-000860,860,registro de prueba,2026-06-09T22:59:17.772181+00:00,2026-06-09T22:59:18.022348+00:00,250.16,200,ok,api-4,
benchmark-api4-1000-c100-004,004-REQ-000861,861,registro de prueba,2026-06-09T22:59:17.774062+00:00,2026-06-09T22:59:18.093803+00:00,319.73,200,ok,api-3,
benchmark-api4-1000-c100-004,004-REQ-000862,862,registro de prueba,2026-06-09T22:59:17.774610+00:00,2026-06-09T22:59:18.035232+00:00,260.61,200,ok,api-2,
benchmark-api4-1000-c100-004,004-REQ-000863,863,registro de prueba,2026-06-09T22:59:17.775316+00:00,2026-06-09T22:59:18.069236+00:00,293.91,200,ok,api-1,
benchmark-api4-1000-c100-004,004-REQ-000864,864,registro de prueba,2026-06-09T22:59:17.785560+00:00,2026-06-09T22:59:18.022571+00:00,237.0,200,ok,api-4,
benchmark-api4-1000-c100-004,004-REQ-000865,865,registro de prueba,2026-06-09T22:59:17.786604+00:00,2026-06-09T22:59:18.062520+00:00,275.91,200,ok,api-1,
benchmark-api4-1000-c100-004,004-REQ-000866,866,registro de prueba,2026-06-09T22:59:17.787694+00:00,2026-06-09T22:59:18.086496+00:00,298.79,200,ok,api-3,
benchmark-api4-1000-c100-004,004-REQ-000867,867,registro de prueba,2026-06-09T22:59:17.788139+00:00,2026-06-09T22:59:18.092109+00:00,303.95,200,ok,api-4,
benchmark-api4-1000-c100-004,004-REQ-000868,868,registro de prueba,2026-06-09T22:59:17.788929+00:00,2026-06-09T22:59:18.079600+00:00,290.66,200,ok,api-1,
benchmark-api4-1000-c100-004,004-REQ-000869,869,registro de prueba,2026-06-09T22:59:17.789276+00:00,2026-06-09T22:59:18.028386+00:00,239.09,200,ok,api-2,
benchmark-api4-1000-c100-004,004-REQ-000870,870,registro de prueba,2026-06-09T22:59:17.789659+00:00,2026-06-09T22:59:18.035110+00:00,245.44,200,ok,api-2,
benchmark-api4-1000-c100-004,004-REQ-000871,871,registro de prueba,2026-06-09T22:59:17.802735+00:00,2026-06-09T22:59:18.135276+00:00,332.53,200,ok,api-3,
benchmark-api4-1000-c100-004,004-REQ-000872,872,registro de prueba,2026-06-09T22:59:17.810487+00:00,2026-06-09T22:59:18.052274+00:00,241.77,200,ok,api-4,
benchmark-api4-1000-c100-004,004-REQ-000873,873,registro de prueba,2026-06-09T22:59:17.819315+00:00,2026-06-09T22:59:18.112084+00:00,292.74,200,ok,api-1,
benchmark-api4-1000-c100-004,004-REQ-000874,874,registro de prueba,2026-06-09T22:59:17.821890+00:00,2026-06-09T22:59:18.149534+00:00,327.62,200,ok,api-2,
benchmark-api4-1000-c100-004,004-REQ-000875,875,registro de prueba,2026-06-09T22:59:17.822781+00:00,2026-06-09T22:59:18.104830+00:00,282.03,200,ok,api-1,
benchmark-api4-1000-c100-004,004-REQ-000876,876,registro de prueba,2026-06-09T22:59:17.825912+00:00,2026-06-09T22:59:18.095433+00:00,269.51,200,ok,api-4,
benchmark-api4-1000-c100-004,004-REQ-000877,877,registro de prueba,2026-06-09T22:59:17.828443+00:00,2026-06-09T22:59:18.161861+00:00,333.37,200,ok,api-3,
benchmark-api4-1000-c100-004,004-REQ-000878,878,registro de prueba,2026-06-09T22:59:17.833488+00:00,2026-06-09T22:59:18.041111+00:00,207.61,200,ok,api-2,
benchmark-api4-1000-c100-004,004-REQ-000879,879,registro de prueba,2026-06-09T22:59:17.837761+00:00,2026-06-09T22:59:18.172320+00:00,334.54,200,ok,api-3,
benchmark-api4-1000-c100-004,004-REQ-000880,880,registro de prueba,2026-06-09T22:59:17.852431+00:00,2026-06-09T22:59:18.148340+00:00,295.89,200,ok,api-4,
benchmark-api4-1000-c100-004,004-REQ-000881,881,registro de prueba,2026-06-09T22:59:17.855495+00:00,2026-06-09T22:59:18.122086+00:00,266.58,200,ok,api-1,
benchmark-api4-1000-c100-004,004-REQ-000882,882,registro de prueba,2026-06-09T22:59:17.856236+00:00,2026-06-09T22:59:18.094718+00:00,238.47,200,ok,api-2,
benchmark-api4-1000-c100-004,004-REQ-000883,883,registro de prueba,2026-06-09T22:59:17.857055+00:00,2026-06-09T22:59:18.203996+00:00,346.93,200,ok,api-3,
benchmark-api4-1000-c100-004,004-REQ-000884,884,registro de prueba,2026-06-09T22:59:17.857392+00:00,2026-06-09T22:59:18.085300+00:00,227.89,200,ok,api-1,
benchmark-api4-1000-c100-004,004-REQ-000885,885,registro de prueba,2026-06-09T22:59:17.857927+00:00,2026-06-09T22:59:18.146465+00:00,288.53,200,ok,api-4,
benchmark-api4-1000-c100-004,004-REQ-000886,886,registro de prueba,2026-06-09T22:59:17.859972+00:00,2026-06-09T22:59:18.092269+00:00,232.29,200,ok,api-2,
benchmark-api4-1000-c100-004,004-REQ-000887,887,registro de prueba,2026-06-09T22:59:17.871183+00:00,2026-06-09T22:59:18.169416+00:00,298.21,200,ok,api-3,
benchmark-api4-1000-c100-004,004-REQ-000888,888,registro de prueba,2026-06-09T22:59:17.875780+00:00,2026-06-09T22:59:18.152055+00:00,276.26,200,ok,api-4,
benchmark-api4-1000-c100-004,004-REQ-000889,889,registro de prueba,2026-06-09T22:59:17.881737+00:00,2026-06-09T22:59:18.188485+00:00,306.74,200,ok,api-1,
benchmark-api4-1000-c100-004,004-REQ-000890,890,registro de prueba,2026-06-09T22:59:17.885310+00:00,2026-06-09T22:59:18.141289+00:00,255.97,200,ok,api-2,
benchmark-api4-1000-c100-004,004-REQ-000891,891,registro de prueba,2026-06-09T22:59:17.886710+00:00,2026-06-09T22:59:18.235249+00:00,348.52,200,ok,api-3,
benchmark-api4-1000-c100-004,004-REQ-000892,892,registro de prueba,2026-06-09T22:59:17.890178+00:00,2026-06-09T22:59:18.194083+00:00,303.89,200,ok,api-4,
benchmark-api4-1000-c100-004,004-REQ-000893,893,registro de prueba,2026-06-09T22:59:17.893767+00:00,2026-06-09T22:59:18.182502+00:00,288.72,200,ok,api-1,
benchmark-api4-1000-c100-004,004-REQ-000894,894,registro de prueba,2026-06-09T22:59:17.903535+00:00,2026-06-09T22:59:18.216704+00:00,313.15,200,ok,api-4,
benchmark-api4-1000-c100-004,004-REQ-000895,895,registro de prueba,2026-06-09T22:59:17.906492+00:00,2026-06-09T22:59:18.358147+00:00,451.63,200,ok,api-3,
benchmark-api4-1000-c100-004,004-REQ-000896,896,registro de prueba,2026-06-09T22:59:17.908170+00:00,2026-06-09T22:59:18.187329+00:00,279.09,200,ok,api-2,
benchmark-api4-1000-c100-004,004-REQ-000897,897,registro de prueba,2026-06-09T22:59:17.909734+00:00,2026-06-09T22:59:18.209254+00:00,299.51,200,ok,api-1,
benchmark-api4-1000-c100-004,004-REQ-000898,898,registro de prueba,2026-06-09T22:59:17.911755+00:00,2026-06-09T22:59:18.283117+00:00,371.32,200,ok,api-4,
benchmark-api4-1000-c100-004,004-REQ-000899,899,registro de prueba,2026-06-09T22:59:17.913387+00:00,2026-06-09T22:59:18.304594+00:00,391.2,200,ok,api-3,
benchmark-api4-1000-c100-004,004-REQ-000900,900,registro de prueba,2026-06-09T22:59:17.913950+00:00,2026-06-09T22:59:18.207115+00:00,293.14,200,ok,api-2,
benchmark-api4-1000-c100-004,004-REQ-000901,901,registro de prueba,2026-06-09T22:59:17.917367+00:00,2026-06-09T22:59:18.215367+00:00,297.98,200,ok,api-1,
benchmark-api4-1000-c100-004,004-REQ-000902,902,registro de prueba,2026-06-09T22:59:17.918552+00:00,2026-06-09T22:59:18.211386+00:00,292.81,200,ok,api-2,
benchmark-api4-1000-c100-004,004-REQ-000903,903,registro de prueba,2026-06-09T22:59:17.919102+00:00,2026-06-09T22:59:18.268712+00:00,349.59,200,ok,api-3,
benchmark-api4-1000-c100-004,004-REQ-000904,904,registro de prueba,2026-06-09T22:59:17.922912+00:00,2026-06-09T22:59:18.261666+00:00,338.74,200,ok,api-4,
benchmark-api4-1000-c100-004,004-REQ-000905,905,registro de prueba,2026-06-09T22:59:17.923398+00:00,2026-06-09T22:59:18.208191+00:00,284.77,200,ok,api-2,
benchmark-api4-1000-c100-004,004-REQ-000906,906,registro de prueba,2026-06-09T22:59:17.924666+00:00,2026-06-09T22:59:18.212689+00:00,288.01,200,ok,api-1,
benchmark-api4-1000-c100-004,004-REQ-000907,907,registro de prueba,2026-06-09T22:59:17.927345+00:00,2026-06-09T22:59:18.346257+00:00,418.9,200,ok,api-3,
benchmark-api4-1000-c100-004,004-REQ-000908,908,registro de prueba,2026-06-09T22:59:17.930688+00:00,2026-06-09T22:59:18.235545+00:00,304.85,200,ok,api-1,
benchmark-api4-1000-c100-004,004-REQ-000909,909,registro de prueba,2026-06-09T22:59:17.931514+00:00,2026-06-09T22:59:18.241783+00:00,310.26,200,ok,api-2,
benchmark-api4-1000-c100-004,004-REQ-000910,910,registro de prueba,2026-06-09T22:59:17.932507+00:00,2026-06-09T22:59:18.347115+00:00,414.59,200,ok,api-3,
benchmark-api4-1000-c100-004,004-REQ-000911,911,registro de prueba,2026-06-09T22:59:17.933156+00:00,2026-06-09T22:59:18.249595+00:00,316.42,200,ok,api-4,
benchmark-api4-1000-c100-004,004-REQ-000912,912,registro de prueba,2026-06-09T22:59:17.936807+00:00,2026-06-09T22:59:18.279754+00:00,342.93,200,ok,api-4,
benchmark-api4-1000-c100-004,004-REQ-000913,913,registro de prueba,2026-06-09T22:59:17.945327+00:00,2026-06-09T22:59:18.254335+00:00,308.99,200,ok,api-1,
benchmark-api4-1000-c100-004,004-REQ-000914,914,registro de prueba,2026-06-09T22:59:17.946614+00:00,2026-06-09T22:59:18.265598+00:00,318.97,200,ok,api-2,
benchmark-api4-1000-c100-004,004-REQ-000915,915,registro de prueba,2026-06-09T22:59:17.947563+00:00,2026-06-09T22:59:18.257322+00:00,309.75,200,ok,api-4,
benchmark-api4-1000-c100-004,004-REQ-000916,916,registro de prueba,2026-06-09T22:59:17.948456+00:00,2026-06-09T22:59:18.329348+00:00,380.88,200,ok,api-3,
benchmark-api4-1000-c100-004,004-REQ-000917,917,registro de prueba,2026-06-09T22:59:17.956694+00:00,2026-06-09T22:59:18.300052+00:00,343.33,200,ok,api-1,
benchmark-api4-1000-c100-004,004-REQ-000918,918,registro de prueba,2026-06-09T22:59:17.966053+00:00,2026-06-09T22:59:18.264754+00:00,298.69,200,ok,api-2,
benchmark-api4-1000-c100-004,004-REQ-000919,919,registro de prueba,2026-06-09T22:59:17.966799+00:00,2026-06-09T22:59:18.347364+00:00,380.56,200,ok,api-3,
benchmark-api4-1000-c100-004,004-REQ-000920,920,registro de prueba,2026-06-09T22:59:17.969151+00:00,2026-06-09T22:59:18.304310+00:00,335.14,200,ok,api-4,
benchmark-api4-1000-c100-004,004-REQ-000921,921,registro de prueba,2026-06-09T22:59:17.970453+00:00,2026-06-09T22:59:18.354130+00:00,383.66,200,ok,api-1,
benchmark-api4-1000-c100-004,004-REQ-000922,922,registro de prueba,2026-06-09T22:59:17.971617+00:00,2026-06-09T22:59:18.279970+00:00,308.34,200,ok,api-4,
benchmark-api4-1000-c100-004,004-REQ-000923,923,registro de prueba,2026-06-09T22:59:17.972103+00:00,2026-06-09T22:59:18.272644+00:00,300.52,200,ok,api-1,
benchmark-api4-1000-c100-004,004-REQ-000924,924,registro de prueba,2026-06-09T22:59:17.973255+00:00,2026-06-09T22:59:18.285707+00:00,312.44,200,ok,api-3,
benchmark-api4-1000-c100-004,004-REQ-000925,925,registro de prueba,2026-06-09T22:59:17.973667+00:00,2026-06-09T22:59:18.289419+00:00,315.73,200,ok,api-2,
benchmark-api4-1000-c100-004,004-REQ-000926,926,registro de prueba,2026-06-09T22:59:17.974093+00:00,2026-06-09T22:59:18.326376+00:00,352.27,200,ok,api-3,
benchmark-api4-1000-c100-004,004-REQ-000927,927,registro de prueba,2026-06-09T22:59:17.974957+00:00,2026-06-09T22:59:18.331120+00:00,356.15,200,ok,api-4,
benchmark-api4-1000-c100-004,004-REQ-000928,928,registro de prueba,2026-06-09T22:59:17.975315+00:00,2026-06-09T22:59:18.314828+00:00,339.49,200,ok,api-2,
benchmark-api4-1000-c100-004,004-REQ-000929,929,registro de prueba,2026-06-09T22:59:17.975976+00:00,2026-06-09T22:59:18.346072+00:00,370.08,200,ok,api-3,
benchmark-api4-1000-c100-004,004-REQ-000930,930,registro de prueba,2026-06-09T22:59:17.986141+00:00,2026-06-09T22:59:18.298995+00:00,312.84,200,ok,api-4,
benchmark-api4-1000-c100-004,004-REQ-000931,931,registro de prueba,2026-06-09T22:59:17.988356+00:00,2026-06-09T22:59:18.265763+00:00,277.4,200,ok,api-4,
benchmark-api4-1000-c100-004,004-REQ-000932,932,registro de prueba,2026-06-09T22:59:17.988819+00:00,2026-06-09T22:59:18.286045+00:00,297.21,200,ok,api-3,
benchmark-api4-1000-c100-004,004-REQ-000933,933,registro de prueba,2026-06-09T22:59:17.989408+00:00,2026-06-09T22:59:18.294525+00:00,305.1,200,ok,api-1,
benchmark-api4-1000-c100-004,004-REQ-000934,934,registro de prueba,2026-06-09T22:59:17.990079+00:00,2026-06-09T22:59:18.279538+00:00,289.45,200,ok,api-2,
benchmark-api4-1000-c100-004,004-REQ-000935,935,registro de prueba,2026-06-09T22:59:17.990418+00:00,2026-06-09T22:59:18.330776+00:00,340.34,200,ok,api-2,
benchmark-api4-1000-c100-004,004-REQ-000936,936,registro de prueba,2026-06-09T22:59:17.990980+00:00,2026-06-09T22:59:18.282912+00:00,291.92,200,ok,api-1,
benchmark-api4-1000-c100-004,004-REQ-000937,937,registro de prueba,2026-06-09T22:59:17.996854+00:00,2026-06-09T22:59:18.347029+00:00,350.17,200,ok,api-1,
benchmark-api4-1000-c100-004,004-REQ-000938,938,registro de prueba,2026-06-09T22:59:18.005316+00:00,2026-06-09T22:59:18.287455+00:00,282.13,200,ok,api-3,
benchmark-api4-1000-c100-004,004-REQ-000939,939,registro de prueba,2026-06-09T22:59:18.008842+00:00,2026-06-09T22:59:18.278877+00:00,270.01,200,ok,api-2,
benchmark-api4-1000-c100-004,004-REQ-000940,940,registro de prueba,2026-06-09T22:59:18.011382+00:00,2026-06-09T22:59:18.337669+00:00,326.27,200,ok,api-4,
benchmark-api4-1000-c100-004,004-REQ-000941,941,registro de prueba,2026-06-09T22:59:18.019809+00:00,2026-06-09T22:59:18.279196+00:00,259.38,200,ok,api-1,
benchmark-api4-1000-c100-004,004-REQ-000942,942,registro de prueba,2026-06-09T22:59:18.020785+00:00,2026-06-09T22:59:18.285518+00:00,264.7,200,ok,api-2,
benchmark-api4-1000-c100-004,004-REQ-000943,943,registro de prueba,2026-06-09T22:59:18.022683+00:00,2026-06-09T22:59:18.339988+00:00,317.29,200,ok,api-4,
benchmark-api4-1000-c100-004,004-REQ-000944,944,registro de prueba,2026-06-09T22:59:18.023197+00:00,2026-06-09T22:59:18.278455+00:00,255.23,200,ok,api-3,
benchmark-api4-1000-c100-004,004-REQ-000945,945,registro de prueba,2026-06-09T22:59:18.023556+00:00,2026-06-09T22:59:18.310868+00:00,287.29,200,ok,api-1,
benchmark-api4-1000-c100-004,004-REQ-000946,946,registro de prueba,2026-06-09T22:59:18.024534+00:00,2026-06-09T22:59:18.335786+00:00,311.24,200,ok,api-3,
benchmark-api4-1000-c100-004,004-REQ-000947,947,registro de prueba,2026-06-09T22:59:18.025386+00:00,2026-06-09T22:59:18.364711+00:00,339.32,200,ok,api-2,
benchmark-api4-1000-c100-004,004-REQ-000948,948,registro de prueba,2026-06-09T22:59:18.028784+00:00,2026-06-09T22:59:18.350796+00:00,322.0,200,ok,api-4,
benchmark-api4-1000-c100-004,004-REQ-000949,949,registro de prueba,2026-06-09T22:59:18.030434+00:00,2026-06-09T22:59:18.346917+00:00,316.45,200,ok,api-1,
benchmark-api4-1000-c100-004,004-REQ-000950,950,registro de prueba,2026-06-09T22:59:18.033730+00:00,2026-06-09T22:59:18.366317+00:00,332.57,200,ok,api-2,
benchmark-api4-1000-c100-004,004-REQ-000951,951,registro de prueba,2026-06-09T22:59:18.035302+00:00,2026-06-09T22:59:18.314259+00:00,278.95,200,ok,api-3,
benchmark-api4-1000-c100-004,004-REQ-000952,952,registro de prueba,2026-06-09T22:59:18.035876+00:00,2026-06-09T22:59:18.381544+00:00,345.65,200,ok,api-4,
benchmark-api4-1000-c100-004,004-REQ-000953,953,registro de prueba,2026-06-09T22:59:18.036285+00:00,2026-06-09T22:59:18.313367+00:00,277.06,200,ok,api-1,
benchmark-api4-1000-c100-004,004-REQ-000954,954,registro de prueba,2026-06-09T22:59:18.040274+00:00,2026-06-09T22:59:18.372797+00:00,332.51,200,ok,api-1,
benchmark-api4-1000-c100-004,004-REQ-000955,955,registro de prueba,2026-06-09T22:59:18.041242+00:00,2026-06-09T22:59:18.346546+00:00,305.3,200,ok,api-4,
benchmark-api4-1000-c100-004,004-REQ-000956,956,registro de prueba,2026-06-09T22:59:18.041928+00:00,2026-06-09T22:59:18.384749+00:00,342.81,200,ok,api-3,
benchmark-api4-1000-c100-004,004-REQ-000957,957,registro de prueba,2026-06-09T22:59:18.047343+00:00,2026-06-09T22:59:18.366879+00:00,319.52,200,ok,api-2,
benchmark-api4-1000-c100-004,004-REQ-000958,958,registro de prueba,2026-06-09T22:59:18.052431+00:00,2026-06-09T22:59:18.381443+00:00,329.0,200,ok,api-2,
benchmark-api4-1000-c100-004,004-REQ-000959,959,registro de prueba,2026-06-09T22:59:18.057858+00:00,2026-06-09T22:59:18.364428+00:00,306.56,200,ok,api-3,
benchmark-api4-1000-c100-004,004-REQ-000960,960,registro de prueba,2026-06-09T22:59:18.059950+00:00,2026-06-09T22:59:18.350912+00:00,290.95,200,ok,api-3,
benchmark-api4-1000-c100-004,004-REQ-000961,961,registro de prueba,2026-06-09T22:59:18.061664+00:00,2026-06-09T22:59:18.373260+00:00,311.59,200,ok,api-4,
benchmark-api4-1000-c100-004,004-REQ-000962,962,registro de prueba,2026-06-09T22:59:18.062589+00:00,2026-06-09T22:59:18.340203+00:00,277.61,200,ok,api-2,
benchmark-api4-1000-c100-004,004-REQ-000963,963,registro de prueba,2026-06-09T22:59:18.063653+00:00,2026-06-09T22:59:18.349696+00:00,286.03,200,ok,api-1,
benchmark-api4-1000-c100-004,004-REQ-000964,964,registro de prueba,2026-06-09T22:59:18.068235+00:00,2026-06-09T22:59:18.371268+00:00,303.02,200,ok,api-1,
benchmark-api4-1000-c100-004,004-REQ-000965,965,registro de prueba,2026-06-09T22:59:18.069390+00:00,2026-06-09T22:59:18.381254+00:00,311.85,200,ok,api-4,
benchmark-api4-1000-c100-004,004-REQ-000966,966,registro de prueba,2026-06-09T22:59:18.078310+00:00,2026-06-09T22:59:18.384344+00:00,306.02,200,ok,api-4,
benchmark-api4-1000-c100-004,004-REQ-000967,967,registro de prueba,2026-06-09T22:59:18.079727+00:00,2026-06-09T22:59:18.361621+00:00,281.89,200,ok,api-1,
benchmark-api4-1000-c100-004,004-REQ-000968,968,registro de prueba,2026-06-09T22:59:18.085565+00:00,2026-06-09T22:59:18.353707+00:00,268.13,200,ok,api-2,
benchmark-api4-1000-c100-004,004-REQ-000969,969,registro de prueba,2026-06-09T22:59:18.086105+00:00,2026-06-09T22:59:18.382102+00:00,295.98,200,ok,api-3,
benchmark-api4-1000-c100-004,004-REQ-000970,970,registro de prueba,2026-06-09T22:59:18.086578+00:00,2026-06-09T22:59:18.316556+00:00,229.97,200,ok,api-3,
benchmark-api4-1000-c100-004,004-REQ-000971,971,registro de prueba,2026-06-09T22:59:18.092413+00:00,2026-06-09T22:59:18.296278+00:00,203.75,200,ok,api-2,
benchmark-api4-1000-c100-004,004-REQ-000972,972,registro de prueba,2026-06-09T22:59:18.092971+00:00,2026-06-09T22:59:18.344961+00:00,251.97,200,ok,api-2,
benchmark-api4-1000-c100-004,004-REQ-000973,973,registro de prueba,2026-06-09T22:59:18.094058+00:00,2026-06-09T22:59:18.316871+00:00,222.8,200,ok,api-1,
benchmark-api4-1000-c100-004,004-REQ-000974,974,registro de prueba,2026-06-09T22:59:18.094920+00:00,2026-06-09T22:59:18.384877+00:00,289.95,200,ok,api-3,
benchmark-api4-1000-c100-004,004-REQ-000975,975,registro de prueba,2026-06-09T22:59:18.095544+00:00,2026-06-09T22:59:18.323168+00:00,227.61,200,ok,api-4,
benchmark-api4-1000-c100-004,004-REQ-000976,976,registro de prueba,2026-06-09T22:59:18.104988+00:00,2026-06-09T22:59:18.380615+00:00,275.61,200,ok,api-4,
benchmark-api4-1000-c100-004,004-REQ-000977,977,registro de prueba,2026-06-09T22:59:18.112229+00:00,2026-06-09T22:59:18.367129+00:00,254.89,200,ok,api-1,
benchmark-api4-1000-c100-004,004-REQ-000978,978,registro de prueba,2026-06-09T22:59:18.122210+00:00,2026-06-09T22:59:18.326112+00:00,203.9,200,ok,api-2,
benchmark-api4-1000-c100-004,004-REQ-000979,979,registro de prueba,2026-06-09T22:59:18.135402+00:00,2026-06-09T22:59:18.332138+00:00,196.72,200,ok,api-3,
benchmark-api4-1000-c100-004,004-REQ-000980,980,registro de prueba,2026-06-09T22:59:18.141410+00:00,2026-06-09T22:59:18.386091+00:00,244.67,200,ok,api-4,
benchmark-api4-1000-c100-004,004-REQ-000981,981,registro de prueba,2026-06-09T22:59:18.146778+00:00,2026-06-09T22:59:18.370857+00:00,224.06,200,ok,api-1,
benchmark-api4-1000-c100-004,004-REQ-000982,982,registro de prueba,2026-06-09T22:59:18.148671+00:00,2026-06-09T22:59:18.335981+00:00,187.29,200,ok,api-2,
benchmark-api4-1000-c100-004,004-REQ-000983,983,registro de prueba,2026-06-09T22:59:18.149660+00:00,2026-06-09T22:59:18.336500+00:00,186.83,200,ok,api-3,
benchmark-api4-1000-c100-004,004-REQ-000984,984,registro de prueba,2026-06-09T22:59:18.152226+00:00,2026-06-09T22:59:18.325867+00:00,173.62,200,ok,api-4,
benchmark-api4-1000-c100-004,004-REQ-000985,985,registro de prueba,2026-06-09T22:59:18.154352+00:00,2026-06-09T22:59:18.322838+00:00,168.47,200,ok,api-1,
benchmark-api4-1000-c100-004,004-REQ-000986,986,registro de prueba,2026-06-09T22:59:18.162128+00:00,2026-06-09T22:59:18.379060+00:00,216.91,200,ok,api-2,
benchmark-api4-1000-c100-004,004-REQ-000987,987,registro de prueba,2026-06-09T22:59:18.169627+00:00,2026-06-09T22:59:18.350450+00:00,180.81,200,ok,api-3,
benchmark-api4-1000-c100-004,004-REQ-000988,988,registro de prueba,2026-06-09T22:59:18.172473+00:00,2026-06-09T22:59:18.378425+00:00,205.93,200,ok,api-4,
benchmark-api4-1000-c100-004,004-REQ-000989,989,registro de prueba,2026-06-09T22:59:18.182643+00:00,2026-06-09T22:59:18.361104+00:00,178.45,200,ok,api-1,
benchmark-api4-1000-c100-004,004-REQ-000990,990,registro de prueba,2026-06-09T22:59:18.187480+00:00,2026-06-09T22:59:18.365974+00:00,178.48,200,ok,api-2,
benchmark-api4-1000-c100-004,004-REQ-000991,991,registro de prueba,2026-06-09T22:59:18.188601+00:00,2026-06-09T22:59:18.391222+00:00,202.61,200,ok,api-3,
benchmark-api4-1000-c100-004,004-REQ-000992,992,registro de prueba,2026-06-09T22:59:18.194239+00:00,2026-06-09T22:59:18.398181+00:00,203.93,200,ok,api-4,
benchmark-api4-1000-c100-004,004-REQ-000993,993,registro de prueba,2026-06-09T22:59:18.204160+00:00,2026-06-09T22:59:18.361497+00:00,157.33,200,ok,api-1,
benchmark-api4-1000-c100-004,004-REQ-000994,994,registro de prueba,2026-06-09T22:59:18.207374+00:00,2026-06-09T22:59:18.395398+00:00,188.0,200,ok,api-3,
benchmark-api4-1000-c100-004,004-REQ-000995,995,registro de prueba,2026-06-09T22:59:18.208482+00:00,2026-06-09T22:59:18.395920+00:00,187.42,200,ok,api-4,
benchmark-api4-1000-c100-004,004-REQ-000996,996,registro de prueba,2026-06-09T22:59:18.209624+00:00,2026-06-09T22:59:18.360494+00:00,150.85,200,ok,api-2,
benchmark-api4-1000-c100-004,004-REQ-000997,997,registro de prueba,2026-06-09T22:59:18.211882+00:00,2026-06-09T22:59:18.354238+00:00,142.34,200,ok,api-3,
benchmark-api4-1000-c100-004,004-REQ-000998,998,registro de prueba,2026-06-09T22:59:18.212922+00:00,2026-06-09T22:59:18.396459+00:00,183.52,200,ok,api-4,
benchmark-api4-1000-c100-004,004-REQ-000999,999,registro de prueba,2026-06-09T22:59:18.215503+00:00,2026-06-09T22:59:18.393080+00:00,177.57,200,ok,api-1,
benchmark-api4-1000-c100-004,004-REQ-001000,1000,registro de prueba,2026-06-09T22:59:18.216828+00:00,2026-06-09T22:59:18.389729+00:00,172.89,200,ok,api-2,
