test_id,request_id,value,description,sent_at,received_at,client_elapsed_ms,status_code,status,service_instance,error
benchmark-api4-5000-c1000-005,005-REQ-000001,1,registro de prueba,2026-06-09T23:11:44.665708+00:00,2026-06-09T23:11:45.602185+00:00,936.45,200,ok,api-4,
benchmark-api4-5000-c1000-005,005-REQ-000002,2,registro de prueba,2026-06-09T23:11:44.673119+00:00,2026-06-09T23:11:45.595722+00:00,922.58,200,ok,api-3,
benchmark-api4-5000-c1000-005,005-REQ-000003,3,registro de prueba,2026-06-09T23:11:44.673343+00:00,2026-06-09T23:11:45.643167+00:00,969.81,200,ok,api-3,
benchmark-api4-5000-c1000-005,005-REQ-000004,4,registro de prueba,2026-06-09T23:11:44.673422+00:00,2026-06-09T23:11:45.575855+00:00,902.43,200,ok,api-2,
benchmark-api4-5000-c1000-005,005-REQ-000005,5,registro de prueba,2026-06-09T23:11:44.673485+00:00,2026-06-09T23:11:45.580833+00:00,907.34,200,ok,api-4,
benchmark-api4-5000-c1000-005,005-REQ-000006,6,registro de prueba,2026-06-09T23:11:44.673538+00:00,2026-06-09T23:11:45.653133+00:00,979.59,200,ok,api-4,
benchmark-api4-5000-c1000-005,005-REQ-000007,7,registro de prueba,2026-06-09T23:11:44.673590+00:00,2026-06-09T23:11:45.435765+00:00,762.17,200,ok,api-1,
benchmark-api4-5000-c1000-005,005-REQ-000008,8,registro de prueba,2026-06-09T23:11:44.673636+00:00,2026-06-09T23:11:45.562544+00:00,888.9,200,ok,api-1,
benchmark-api4-5000-c1000-005,005-REQ-000009,9,registro de prueba,2026-06-09T23:11:44.673677+00:00,2026-06-09T23:11:45.531926+00:00,858.24,200,ok,api-2,
benchmark-api4-5000-c1000-005,005-REQ-000010,10,registro de prueba,2026-06-09T23:11:44.673716+00:00,2026-06-09T23:11:45.511855+00:00,838.13,200,ok,api-2,
benchmark-api4-5000-c1000-005,005-REQ-000011,11,registro de prueba,2026-06-09T23:11:44.673760+00:00,2026-06-09T23:11:45.591171+00:00,917.41,200,ok,api-4,
benchmark-api4-5000-c1000-005,005-REQ-000012,12,registro de prueba,2026-06-09T23:11:44.673801+00:00,2026-06-09T23:11:45.447631+00:00,773.82,200,ok,api-1,
benchmark-api4-5000-c1000-005,005-REQ-000013,13,registro de prueba,2026-06-09T23:11:44.673850+00:00,2026-06-09T23:11:45.665194+00:00,991.34,200,ok,api-3,
benchmark-api4-5000-c1000-005,005-REQ-000014,14,registro de prueba,2026-06-09T23:11:44.673891+00:00,2026-06-09T23:11:45.447966+00:00,774.07,200,ok,api-1,
benchmark-api4-5000-c1000-005,005-REQ-000015,15,registro de prueba,2026-06-09T23:11:44.673927+00:00,2026-06-09T23:11:45.564737+00:00,890.8,200,ok,api-1,
benchmark-api4-5000-c1000-005,005-REQ-000016,16,registro de prueba,2026-06-09T23:11:44.673963+00:00,2026-06-09T23:11:45.651270+00:00,977.3,200,ok,api-4,
benchmark-api4-5000-c1000-005,005-REQ-000017,17,registro de prueba,2026-06-09T23:11:44.674005+00:00,2026-06-09T23:11:45.640848+00:00,966.84,200,ok,api-1,
benchmark-api4-5000-c1000-005,005-REQ-000018,18,registro de prueba,2026-06-09T23:11:44.674046+00:00,2026-06-09T23:11:45.470426+00:00,796.38,200,ok,api-4,
benchmark-api4-5000-c1000-005,005-REQ-000019,19,registro de prueba,2026-06-09T23:11:44.674089+00:00,2026-06-09T23:11:45.585939+00:00,911.85,200,ok,api-1,
benchmark-api4-5000-c1000-005,005-REQ-000020,20,registro de prueba,2026-06-09T23:11:44.674125+00:00,2026-06-09T23:11:45.617221+00:00,942.62,200,ok,api-2,
benchmark-api4-5000-c1000-005,005-REQ-000021,21,registro de prueba,2026-06-09T23:11:44.674167+00:00,2026-06-09T23:11:45.507853+00:00,833.68,200,ok,api-2,
benchmark-api4-5000-c1000-005,005-REQ-000022,22,registro de prueba,2026-06-09T23:11:44.674205+00:00,2026-06-09T23:11:45.658219+00:00,984.0,200,ok,api-1,
benchmark-api4-5000-c1000-005,005-REQ-000023,23,registro de prueba,2026-06-09T23:11:44.674240+00:00,2026-06-09T23:11:45.468919+00:00,794.67,200,ok,api-2,
benchmark-api4-5000-c1000-005,005-REQ-000024,24,registro de prueba,2026-06-09T23:11:44.674278+00:00,2026-06-09T23:11:45.567984+00:00,893.7,200,ok,api-1,
benchmark-api4-5000-c1000-005,005-REQ-000025,25,registro de prueba,2026-06-09T23:11:44.674317+00:00,2026-06-09T23:11:45.530715+00:00,856.39,200,ok,api-2,
benchmark-api4-5000-c1000-005,005-REQ-000026,26,registro de prueba,2026-06-09T23:11:44.674361+00:00,2026-06-09T23:11:45.584112+00:00,909.74,200,ok,api-3,
benchmark-api4-5000-c1000-005,005-REQ-000027,27,registro de prueba,2026-06-09T23:11:44.674399+00:00,2026-06-09T23:11:45.546411+00:00,872.0,200,ok,api-2,
benchmark-api4-5000-c1000-005,005-REQ-000028,28,registro de prueba,2026-06-09T23:11:44.674443+00:00,2026-06-09T23:11:45.582191+00:00,907.74,200,ok,api-2,
benchmark-api4-5000-c1000-005,005-REQ-000029,29,registro de prueba,2026-06-09T23:11:44.674485+00:00,2026-06-09T23:11:45.450650+00:00,776.16,200,ok,api-1,
benchmark-api4-5000-c1000-005,005-REQ-000030,30,registro de prueba,2026-06-09T23:11:44.674524+00:00,2026-06-09T23:11:45.478370+00:00,803.83,200,ok,api-1,
benchmark-api4-5000-c1000-005,005-REQ-000031,31,registro de prueba,2026-06-09T23:11:44.674564+00:00,2026-06-09T23:11:45.637089+00:00,962.52,200,ok,api-2,
benchmark-api4-5000-c1000-005,005-REQ-000032,32,registro de prueba,2026-06-09T23:11:44.674603+00:00,2026-06-09T23:11:45.547606+00:00,873.0,200,ok,api-1,
benchmark-api4-5000-c1000-005,005-REQ-000033,33,registro de prueba,2026-06-09T23:11:44.674638+00:00,2026-06-09T23:11:45.515780+00:00,841.13,200,ok,api-1,
benchmark-api4-5000-c1000-005,005-REQ-000034,34,registro de prueba,2026-06-09T23:11:44.674680+00:00,2026-06-09T23:11:45.701789+00:00,1027.1,200,ok,api-3,
benchmark-api4-5000-c1000-005,005-REQ-000035,35,registro de prueba,2026-06-09T23:11:44.674719+00:00,2026-06-09T23:11:45.512926+00:00,838.2,200,ok,api-2,
benchmark-api4-5000-c1000-005,005-REQ-000036,36,registro de prueba,2026-06-09T23:11:44.674757+00:00,2026-06-09T23:11:45.425411+00:00,750.64,200,ok,api-3,
benchmark-api4-5000-c1000-005,005-REQ-000037,37,registro de prueba,2026-06-09T23:11:44.674807+00:00,2026-06-09T23:11:45.472217+00:00,797.4,200,ok,api-4,
benchmark-api4-5000-c1000-005,005-REQ-000038,38,registro de prueba,2026-06-09T23:11:44.674858+00:00,2026-06-09T23:11:45.487660+00:00,812.8,200,ok,api-2,
benchmark-api4-5000-c1000-005,005-REQ-000039,39,registro de prueba,2026-06-09T23:11:44.674903+00:00,2026-06-09T23:11:45.481998+00:00,807.09,200,ok,api-2,
benchmark-api4-5000-c1000-005,005-REQ-000040,40,registro de prueba,2026-06-09T23:11:44.674941+00:00,2026-06-09T23:11:45.563769+00:00,888.82,200,ok,api-1,
benchmark-api4-5000-c1000-005,005-REQ-000041,41,registro de prueba,2026-06-09T23:11:44.674981+00:00,2026-06-09T23:11:45.426854+00:00,751.86,200,ok,api-1,
benchmark-api4-5000-c1000-005,005-REQ-000042,42,registro de prueba,2026-06-09T23:11:44.675022+00:00,2026-06-09T23:11:45.575623+00:00,900.59,200,ok,api-2,
benchmark-api4-5000-c1000-005,005-REQ-000043,43,registro de prueba,2026-06-09T23:11:44.675065+00:00,2026-06-09T23:11:45.405796+00:00,730.73,200,ok,api-2,
benchmark-api4-5000-c1000-005,005-REQ-000044,44,registro de prueba,2026-06-09T23:11:44.675106+00:00,2026-06-09T23:11:45.486451+00:00,811.34,200,ok,api-2,
benchmark-api4-5000-c1000-005,005-REQ-000045,45,registro de prueba,2026-06-09T23:11:44.675148+00:00,2026-06-09T23:11:45.404207+00:00,729.05,200,ok,api-3,
benchmark-api4-5000-c1000-005,005-REQ-000046,46,registro de prueba,2026-06-09T23:11:44.675188+00:00,2026-06-09T23:11:45.444254+00:00,769.05,200,ok,api-2,
benchmark-api4-5000-c1000-005,005-REQ-000047,47,registro de prueba,2026-06-09T23:11:44.675228+00:00,2026-06-09T23:11:45.434581+00:00,759.34,200,ok,api-2,
benchmark-api4-5000-c1000-005,005-REQ-000048,48,registro de prueba,2026-06-09T23:11:44.675265+00:00,2026-06-09T23:11:45.487497+00:00,812.23,200,ok,api-3,
benchmark-api4-5000-c1000-005,005-REQ-000049,49,registro de prueba,2026-06-09T23:11:44.675301+00:00,2026-06-09T23:11:45.611890+00:00,936.58,200,ok,api-2,
benchmark-api4-5000-c1000-005,005-REQ-000050,50,registro de prueba,2026-06-09T23:11:44.675340+00:00,2026-06-09T23:11:45.635195+00:00,959.85,200,ok,api-4,
benchmark-api4-5000-c1000-005,005-REQ-000051,51,registro de prueba,2026-06-09T23:11:44.675384+00:00,2026-06-09T23:11:45.470193+00:00,794.8,200,ok,api-3,
benchmark-api4-5000-c1000-005,005-REQ-000052,52,registro de prueba,2026-06-09T23:11:44.675426+00:00,2026-06-09T23:11:45.415639+00:00,740.21,200,ok,api-2,
benchmark-api4-5000-c1000-005,005-REQ-000053,53,registro de prueba,2026-06-09T23:11:44.675463+00:00,2026-06-09T23:11:45.619458+00:00,943.99,200,ok,api-4,
benchmark-api4-5000-c1000-005,005-REQ-000054,54,registro de prueba,2026-06-09T23:11:44.675501+00:00,2026-06-09T23:11:45.465674+00:00,790.16,200,ok,api-3,
benchmark-api4-5000-c1000-005,005-REQ-000055,55,registro de prueba,2026-06-09T23:11:44.675547+00:00,2026-06-09T23:11:45.585707+00:00,910.15,200,ok,api-3,
benchmark-api4-5000-c1000-005,005-REQ-000056,56,registro de prueba,2026-06-09T23:11:44.675588+00:00,2026-06-09T23:11:45.663965+00:00,988.36,200,ok,api-3,
benchmark-api4-5000-c1000-005,005-REQ-000057,57,registro de prueba,2026-06-09T23:11:44.675627+00:00,2026-06-09T23:11:45.490946+00:00,815.31,200,ok,api-2,
benchmark-api4-5000-c1000-005,005-REQ-000058,58,registro de prueba,2026-06-09T23:11:44.675665+00:00,2026-06-09T23:11:45.517046+00:00,841.38,200,ok,api-4,
benchmark-api4-5000-c1000-005,005-REQ-000059,59,registro de prueba,2026-06-09T23:11:44.675710+00:00,2026-06-09T23:11:45.639174+00:00,963.46,200,ok,api-4,
benchmark-api4-5000-c1000-005,005-REQ-000060,60,registro de prueba,2026-06-09T23:11:44.675749+00:00,2026-06-09T23:11:45.716967+00:00,1041.21,200,ok,api-1,
benchmark-api4-5000-c1000-005,005-REQ-000061,61,registro de prueba,2026-06-09T23:11:44.675788+00:00,2026-06-09T23:11:45.502413+00:00,826.61,200,ok,api-4,
benchmark-api4-5000-c1000-005,005-REQ-000062,62,registro de prueba,2026-06-09T23:11:44.675830+00:00,2026-06-09T23:11:45.649486+00:00,973.65,200,ok,api-3,
benchmark-api4-5000-c1000-005,005-REQ-000063,63,registro de prueba,2026-06-09T23:11:44.675868+00:00,2026-06-09T23:11:45.589512+00:00,913.64,200,ok,api-4,
benchmark-api4-5000-c1000-005,005-REQ-000064,64,registro de prueba,2026-06-09T23:11:44.675909+00:00,2026-06-09T23:11:45.718467+00:00,1042.55,200,ok,api-1,
benchmark-api4-5000-c1000-005,005-REQ-000065,65,registro de prueba,2026-06-09T23:11:44.675946+00:00,2026-06-09T23:11:45.434744+00:00,758.79,200,ok,api-1,
benchmark-api4-5000-c1000-005,005-REQ-000066,66,registro de prueba,2026-06-09T23:11:44.675986+00:00,2026-06-09T23:11:45.678712+00:00,1002.72,200,ok,api-3,
benchmark-api4-5000-c1000-005,005-REQ-000067,67,registro de prueba,2026-06-09T23:11:44.676023+00:00,2026-06-09T23:11:45.555461+00:00,879.43,200,ok,api-1,
benchmark-api4-5000-c1000-005,005-REQ-000068,68,registro de prueba,2026-06-09T23:11:44.676063+00:00,2026-06-09T23:11:45.447856+00:00,771.79,200,ok,api-3,
benchmark-api4-5000-c1000-005,005-REQ-000069,69,registro de prueba,2026-06-09T23:11:44.676098+00:00,2026-06-09T23:11:45.414339+00:00,738.23,200,ok,api-1,
benchmark-api4-5000-c1000-005,005-REQ-000070,70,registro de prueba,2026-06-09T23:11:44.676137+00:00,2026-06-09T23:11:45.405888+00:00,729.75,200,ok,api-1,
benchmark-api4-5000-c1000-005,005-REQ-000071,71,registro de prueba,2026-06-09T23:11:44.676177+00:00,2026-06-09T23:11:45.543009+00:00,866.82,200,ok,api-2,
benchmark-api4-5000-c1000-005,005-REQ-000072,72,registro de prueba,2026-06-09T23:11:44.676216+00:00,2026-06-09T23:11:45.583161+00:00,906.94,200,ok,api-3,
benchmark-api4-5000-c1000-005,005-REQ-000073,73,registro de prueba,2026-06-09T23:11:44.676252+00:00,2026-06-09T23:11:45.644848+00:00,968.59,200,ok,api-4,
benchmark-api4-5000-c1000-005,005-REQ-000074,74,registro de prueba,2026-06-09T23:11:44.676294+00:00,2026-06-09T23:11:45.548645+00:00,872.35,200,ok,api-4,
benchmark-api4-5000-c1000-005,005-REQ-000075,75,registro de prueba,2026-06-09T23:11:44.676331+00:00,2026-06-09T23:11:45.444539+00:00,768.2,200,ok,api-4,
benchmark-api4-5000-c1000-005,005-REQ-000076,76,registro de prueba,2026-06-09T23:11:44.676373+00:00,2026-06-09T23:11:45.684264+00:00,1007.88,200,ok,api-3,
benchmark-api4-5000-c1000-005,005-REQ-000077,77,registro de prueba,2026-06-09T23:11:44.676413+00:00,2026-06-09T23:11:45.510723+00:00,834.3,200,ok,api-3,
benchmark-api4-5000-c1000-005,005-REQ-000078,78,registro de prueba,2026-06-09T23:11:44.676455+00:00,2026-06-09T23:11:45.585463+00:00,909.0,200,ok,api-4,
benchmark-api4-5000-c1000-005,005-REQ-000079,79,registro de prueba,2026-06-09T23:11:44.676493+00:00,2026-06-09T23:11:45.625416+00:00,948.91,200,ok,api-4,
benchmark-api4-5000-c1000-005,005-REQ-000080,80,registro de prueba,2026-06-09T23:11:44.676529+00:00,2026-06-09T23:11:45.558850+00:00,882.31,200,ok,api-4,
benchmark-api4-5000-c1000-005,005-REQ-000081,81,registro de prueba,2026-06-09T23:11:44.676572+00:00,2026-06-09T23:11:45.405687+00:00,729.11,200,ok,api-1,
benchmark-api4-5000-c1000-005,005-REQ-000082,82,registro de prueba,2026-06-09T23:11:44.676609+00:00,2026-06-09T23:11:45.604817+00:00,928.2,200,ok,api-3,
benchmark-api4-5000-c1000-005,005-REQ-000083,83,registro de prueba,2026-06-09T23:11:44.676647+00:00,2026-06-09T23:11:45.535646+00:00,858.99,200,ok,api-4,
benchmark-api4-5000-c1000-005,005-REQ-000084,84,registro de prueba,2026-06-09T23:11:44.676683+00:00,2026-06-09T23:11:45.400953+00:00,724.25,200,ok,api-4,
benchmark-api4-5000-c1000-005,005-REQ-000085,85,registro de prueba,2026-06-09T23:11:44.676721+00:00,2026-06-09T23:11:45.506605+00:00,829.88,200,ok,api-3,
benchmark-api4-5000-c1000-005,005-REQ-000086,86,registro de prueba,2026-06-09T23:11:44.676759+00:00,2026-06-09T23:11:45.519329+00:00,842.56,200,ok,api-2,
benchmark-api4-5000-c1000-005,005-REQ-000087,87,registro de prueba,2026-06-09T23:11:44.676805+00:00,2026-06-09T23:11:45.589357+00:00,912.55,200,ok,api-4,
benchmark-api4-5000-c1000-005,005-REQ-000088,88,registro de prueba,2026-06-09T23:11:44.676847+00:00,2026-06-09T23:11:45.598021+00:00,921.16,200,ok,api-3,
benchmark-api4-5000-c1000-005,005-REQ-000089,89,registro de prueba,2026-06-09T23:11:44.676886+00:00,2026-06-09T23:11:45.649327+00:00,972.43,200,ok,api-1,
benchmark-api4-5000-c1000-005,005-REQ-000090,90,registro de prueba,2026-06-09T23:11:44.676926+00:00,2026-06-09T23:11:45.617835+00:00,940.9,200,ok,api-3,
benchmark-api4-5000-c1000-005,005-REQ-000091,91,registro de prueba,2026-06-09T23:11:44.676967+00:00,2026-06-09T23:11:45.588472+00:00,911.5,200,ok,api-4,
benchmark-api4-5000-c1000-005,005-REQ-000092,92,registro de prueba,2026-06-09T23:11:44.677011+00:00,2026-06-09T23:11:45.671032+00:00,994.01,200,ok,api-1,
benchmark-api4-5000-c1000-005,005-REQ-000093,93,registro de prueba,2026-06-09T23:11:44.677047+00:00,2026-06-09T23:11:45.590948+00:00,913.9,200,ok,api-4,
benchmark-api4-5000-c1000-005,005-REQ-000094,94,registro de prueba,2026-06-09T23:11:44.677088+00:00,2026-06-09T23:11:45.656250+00:00,979.15,200,ok,api-3,
benchmark-api4-5000-c1000-005,005-REQ-000095,95,registro de prueba,2026-06-09T23:11:44.677127+00:00,2026-06-09T23:11:45.405496+00:00,728.36,200,ok,api-2,
benchmark-api4-5000-c1000-005,005-REQ-000096,96,registro de prueba,2026-06-09T23:11:44.680218+00:00,2026-06-09T23:11:45.504059+00:00,823.83,200,ok,api-3,
benchmark-api4-5000-c1000-005,005-REQ-000097,97,registro de prueba,2026-06-09T23:11:44.680340+00:00,2026-06-09T23:11:45.552985+00:00,872.63,200,ok,api-2,
benchmark-api4-5000-c1000-005,005-REQ-000098,98,registro de prueba,2026-06-09T23:11:44.680400+00:00,2026-06-09T23:11:45.521184+00:00,840.78,200,ok,api-4,
benchmark-api4-5000-c1000-005,005-REQ-000099,99,registro de prueba,2026-06-09T23:11:44.680452+00:00,2026-06-09T23:11:45.586134+00:00,905.68,200,ok,api-1,
benchmark-api4-5000-c1000-005,005-REQ-000100,100,registro de prueba,2026-06-09T23:11:44.680498+00:00,2026-06-09T23:11:45.666214+00:00,985.71,200,ok,api-3,
benchmark-api4-5000-c1000-005,005-REQ-000101,101,registro de prueba,2026-06-09T23:11:44.680541+00:00,2026-06-09T23:11:45.749745+00:00,1069.2,200,ok,api-1,
benchmark-api4-5000-c1000-005,005-REQ-000102,102,registro de prueba,2026-06-09T23:11:44.680584+00:00,2026-06-09T23:11:45.653499+00:00,972.91,200,ok,api-4,
benchmark-api4-5000-c1000-005,005-REQ-000103,103,registro de prueba,2026-06-09T23:11:44.680642+00:00,2026-06-09T23:11:45.765174+00:00,1084.52,200,ok,api-3,
benchmark-api4-5000-c1000-005,005-REQ-000104,104,registro de prueba,2026-06-09T23:11:44.680683+00:00,2026-06-09T23:11:45.665308+00:00,984.62,200,ok,api-2,
benchmark-api4-5000-c1000-005,005-REQ-000105,105,registro de prueba,2026-06-09T23:11:44.680723+00:00,2026-06-09T23:11:45.711663+00:00,1030.93,200,ok,api-3,
benchmark-api4-5000-c1000-005,005-REQ-000106,106,registro de prueba,2026-06-09T23:11:44.680765+00:00,2026-06-09T23:11:45.688219+00:00,1007.44,200,ok,api-4,
benchmark-api4-5000-c1000-005,005-REQ-000107,107,registro de prueba,2026-06-09T23:11:44.680815+00:00,2026-06-09T23:11:45.734919+00:00,1054.09,200,ok,api-1,
benchmark-api4-5000-c1000-005,005-REQ-000108,108,registro de prueba,2026-06-09T23:11:44.680852+00:00,2026-06-09T23:11:45.736800+00:00,1055.94,200,ok,api-2,
benchmark-api4-5000-c1000-005,005-REQ-000109,109,registro de prueba,2026-06-09T23:11:44.680889+00:00,2026-06-09T23:11:45.811763+00:00,1130.86,200,ok,api-3,
benchmark-api4-5000-c1000-005,005-REQ-000110,110,registro de prueba,2026-06-09T23:11:44.680929+00:00,2026-06-09T23:11:45.802411+00:00,1121.48,200,ok,api-1,
benchmark-api4-5000-c1000-005,005-REQ-000111,111,registro de prueba,2026-06-09T23:11:44.680963+00:00,2026-06-09T23:11:45.726683+00:00,1045.7,200,ok,api-4,
benchmark-api4-5000-c1000-005,005-REQ-000112,112,registro de prueba,2026-06-09T23:11:44.681004+00:00,2026-06-09T23:11:45.731876+00:00,1050.87,200,ok,api-2,
benchmark-api4-5000-c1000-005,005-REQ-000113,113,registro de prueba,2026-06-09T23:11:44.681044+00:00,2026-06-09T23:11:45.819558+00:00,1138.51,200,ok,api-3,
benchmark-api4-5000-c1000-005,005-REQ-000114,114,registro de prueba,2026-06-09T23:11:44.681082+00:00,2026-06-09T23:11:45.757093+00:00,1076.0,200,ok,api-3,
benchmark-api4-5000-c1000-005,005-REQ-000115,115,registro de prueba,2026-06-09T23:11:44.681118+00:00,2026-06-09T23:11:45.729433+00:00,1048.3,200,ok,api-4,
benchmark-api4-5000-c1000-005,005-REQ-000116,116,registro de prueba,2026-06-09T23:11:44.681153+00:00,2026-06-09T23:11:45.758556+00:00,1077.4,200,ok,api-1,
benchmark-api4-5000-c1000-005,005-REQ-000117,117,registro de prueba,2026-06-09T23:11:44.681187+00:00,2026-06-09T23:11:45.693487+00:00,1012.29,200,ok,api-2,
benchmark-api4-5000-c1000-005,005-REQ-000118,118,registro de prueba,2026-06-09T23:11:44.681224+00:00,2026-06-09T23:11:45.823294+00:00,1142.06,200,ok,api-3,
benchmark-api4-5000-c1000-005,005-REQ-000119,119,registro de prueba,2026-06-09T23:11:44.681264+00:00,2026-06-09T23:11:45.802179+00:00,1120.9,200,ok,api-1,
benchmark-api4-5000-c1000-005,005-REQ-000120,120,registro de prueba,2026-06-09T23:11:44.681297+00:00,2026-06-09T23:11:45.755725+00:00,1074.42,200,ok,api-2,
benchmark-api4-5000-c1000-005,005-REQ-000121,121,registro de prueba,2026-06-09T23:11:44.681331+00:00,2026-06-09T23:11:45.861186+00:00,1179.85,200,ok,api-3,
benchmark-api4-5000-c1000-005,005-REQ-000122,122,registro de prueba,2026-06-09T23:11:44.681375+00:00,2026-06-09T23:11:45.796105+00:00,1114.72,200,ok,api-1,
benchmark-api4-5000-c1000-005,005-REQ-000123,123,registro de prueba,2026-06-09T23:11:44.681418+00:00,2026-06-09T23:11:45.787606+00:00,1106.18,200,ok,api-2,
benchmark-api4-5000-c1000-005,005-REQ-000124,124,registro de prueba,2026-06-09T23:11:44.681455+00:00,2026-06-09T23:11:45.846587+00:00,1165.12,200,ok,api-3,
benchmark-api4-5000-c1000-005,005-REQ-000125,125,registro de prueba,2026-06-09T23:11:44.681492+00:00,2026-06-09T23:11:45.878626+00:00,1197.13,200,ok,api-3,
benchmark-api4-5000-c1000-005,005-REQ-000126,126,registro de prueba,2026-06-09T23:11:44.681525+00:00,2026-06-09T23:11:45.771583+00:00,1090.05,200,ok,api-4,
benchmark-api4-5000-c1000-005,005-REQ-000127,127,registro de prueba,2026-06-09T23:11:44.681561+00:00,2026-06-09T23:11:45.942372+00:00,1260.81,200,ok,api-1,
benchmark-api4-5000-c1000-005,005-REQ-000128,128,registro de prueba,2026-06-09T23:11:44.681596+00:00,2026-06-09T23:11:45.877433+00:00,1195.83,200,ok,api-2,
benchmark-api4-5000-c1000-005,005-REQ-000129,129,registro de prueba,2026-06-09T23:11:44.681668+00:00,2026-06-09T23:11:45.899751+00:00,1218.08,200,ok,api-3,
benchmark-api4-5000-c1000-005,005-REQ-000130,130,registro de prueba,2026-06-09T23:11:44.681735+00:00,2026-06-09T23:11:45.870442+00:00,1188.7,200,ok,api-1,
benchmark-api4-5000-c1000-005,005-REQ-000131,131,registro de prueba,2026-06-09T23:11:44.681773+00:00,2026-06-09T23:11:45.740236+00:00,1058.45,200,ok,api-4,
benchmark-api4-5000-c1000-005,005-REQ-000132,132,registro de prueba,2026-06-09T23:11:44.681813+00:00,2026-06-09T23:11:45.818538+00:00,1136.72,200,ok,api-2,
benchmark-api4-5000-c1000-005,005-REQ-000133,133,registro de prueba,2026-06-09T23:11:44.681849+00:00,2026-06-09T23:11:45.824806+00:00,1142.95,200,ok,api-4,
benchmark-api4-5000-c1000-005,005-REQ-000134,134,registro de prueba,2026-06-09T23:11:44.681885+00:00,2026-06-09T23:11:45.899648+00:00,1217.76,200,ok,api-1,
benchmark-api4-5000-c1000-005,005-REQ-000135,135,registro de prueba,2026-06-09T23:11:44.681920+00:00,2026-06-09T23:11:45.863416+00:00,1181.49,200,ok,api-2,
benchmark-api4-5000-c1000-005,005-REQ-000136,136,registro de prueba,2026-06-09T23:11:44.681953+00:00,2026-06-09T23:11:45.893981+00:00,1212.03,200,ok,api-3,
benchmark-api4-5000-c1000-005,005-REQ-000137,137,registro de prueba,2026-06-09T23:11:44.681989+00:00,2026-06-09T23:11:45.787329+00:00,1105.33,200,ok,api-4,
benchmark-api4-5000-c1000-005,005-REQ-000138,138,registro de prueba,2026-06-09T23:11:44.682022+00:00,2026-06-09T23:11:45.972010+00:00,1289.98,200,ok,api-1,
benchmark-api4-5000-c1000-005,005-REQ-000139,139,registro de prueba,2026-06-09T23:11:44.682059+00:00,2026-06-09T23:11:45.874953+00:00,1192.88,200,ok,api-2,
benchmark-api4-5000-c1000-005,005-REQ-000140,140,registro de prueba,2026-06-09T23:11:44.682092+00:00,2026-06-09T23:11:45.916549+00:00,1234.45,200,ok,api-3,
benchmark-api4-5000-c1000-005,005-REQ-000141,141,registro de prueba,2026-06-09T23:11:44.682126+00:00,2026-06-09T23:11:45.860997+00:00,1178.86,200,ok,api-4,
benchmark-api4-5000-c1000-005,005-REQ-000142,142,registro de prueba,2026-06-09T23:11:44.682176+00:00,2026-06-09T23:11:45.892642+00:00,1210.46,200,ok,api-1,
benchmark-api4-5000-c1000-005,005-REQ-000143,143,registro de prueba,2026-06-09T23:11:44.682212+00:00,2026-06-09T23:11:45.878786+00:00,1196.57,200,ok,api-2,
benchmark-api4-5000-c1000-005,005-REQ-000144,144,registro de prueba,2026-06-09T23:11:44.682251+00:00,2026-06-09T23:11:45.944518+00:00,1262.26,200,ok,api-2,
benchmark-api4-5000-c1000-005,005-REQ-000145,145,registro de prueba,2026-06-09T23:11:44.682292+00:00,2026-06-09T23:11:45.863210+00:00,1180.91,200,ok,api-3,
benchmark-api4-5000-c1000-005,005-REQ-000146,146,registro de prueba,2026-06-09T23:11:44.682332+00:00,2026-06-09T23:11:45.844244+00:00,1161.9,200,ok,api-4,
benchmark-api4-5000-c1000-005,005-REQ-000147,147,registro de prueba,2026-06-09T23:11:44.682365+00:00,2026-06-09T23:11:45.895234+00:00,1212.86,200,ok,api-1,
benchmark-api4-5000-c1000-005,005-REQ-000148,148,registro de prueba,2026-06-09T23:11:44.682403+00:00,2026-06-09T23:11:45.952254+00:00,1269.84,200,ok,api-4,
benchmark-api4-5000-c1000-005,005-REQ-000149,149,registro de prueba,2026-06-09T23:11:44.682438+00:00,2026-06-09T23:11:45.896942+00:00,1214.5,200,ok,api-3,
benchmark-api4-5000-c1000-005,005-REQ-000150,150,registro de prueba,2026-06-09T23:11:44.682471+00:00,2026-06-09T23:11:46.005393+00:00,1322.91,200,ok,api-1,
benchmark-api4-5000-c1000-005,005-REQ-000151,151,registro de prueba,2026-06-09T23:11:44.682510+00:00,2026-06-09T23:11:45.910552+00:00,1228.04,200,ok,api-1,
benchmark-api4-5000-c1000-005,005-REQ-000152,152,registro de prueba,2026-06-09T23:11:44.682544+00:00,2026-06-09T23:11:45.889856+00:00,1207.3,200,ok,api-3,
benchmark-api4-5000-c1000-005,005-REQ-000153,153,registro de prueba,2026-06-09T23:11:44.682577+00:00,2026-06-09T23:11:45.898425+00:00,1215.84,200,ok,api-4,
benchmark-api4-5000-c1000-005,005-REQ-000154,154,registro de prueba,2026-06-09T23:11:44.682610+00:00,2026-06-09T23:11:45.976295+00:00,1293.67,200,ok,api-2,
benchmark-api4-5000-c1000-005,005-REQ-000155,155,registro de prueba,2026-06-09T23:11:44.682646+00:00,2026-06-09T23:11:45.950453+00:00,1267.8,200,ok,api-4,
benchmark-api4-5000-c1000-005,005-REQ-000156,156,registro de prueba,2026-06-09T23:11:44.682682+00:00,2026-06-09T23:11:45.954929+00:00,1272.24,200,ok,api-3,
benchmark-api4-5000-c1000-005,005-REQ-000157,157,registro de prueba,2026-06-09T23:11:44.682714+00:00,2026-06-09T23:11:45.928816+00:00,1246.1,200,ok,api-2,
benchmark-api4-5000-c1000-005,005-REQ-000158,158,registro de prueba,2026-06-09T23:11:44.682752+00:00,2026-06-09T23:11:45.971760+00:00,1289.0,200,ok,api-2,
benchmark-api4-5000-c1000-005,005-REQ-000159,159,registro de prueba,2026-06-09T23:11:44.682793+00:00,2026-06-09T23:11:45.992633+00:00,1309.83,200,ok,api-3,
benchmark-api4-5000-c1000-005,005-REQ-000160,160,registro de prueba,2026-06-09T23:11:44.682829+00:00,2026-06-09T23:11:45.931307+00:00,1248.47,200,ok,api-4,
benchmark-api4-5000-c1000-005,005-REQ-000161,161,registro de prueba,2026-06-09T23:11:44.682863+00:00,2026-06-09T23:11:46.084206+00:00,1401.33,200,ok,api-1,
benchmark-api4-5000-c1000-005,005-REQ-000162,162,registro de prueba,2026-06-09T23:11:44.682902+00:00,2026-06-09T23:11:45.999425+00:00,1316.51,200,ok,api-2,
benchmark-api4-5000-c1000-005,005-REQ-000163,163,registro de prueba,2026-06-09T23:11:44.682936+00:00,2026-06-09T23:11:45.986301+00:00,1303.35,200,ok,api-3,
benchmark-api4-5000-c1000-005,005-REQ-000164,164,registro de prueba,2026-06-09T23:11:44.682969+00:00,2026-06-09T23:11:46.006786+00:00,1323.81,200,ok,api-1,
benchmark-api4-5000-c1000-005,005-REQ-000165,165,registro de prueba,2026-06-09T23:11:44.683006+00:00,2026-06-09T23:11:45.942092+00:00,1259.07,200,ok,api-2,
benchmark-api4-5000-c1000-005,005-REQ-000166,166,registro de prueba,2026-06-09T23:11:44.683039+00:00,2026-06-09T23:11:46.040517+00:00,1357.46,200,ok,api-3,
benchmark-api4-5000-c1000-005,005-REQ-000167,167,registro de prueba,2026-06-09T23:11:44.683072+00:00,2026-06-09T23:11:46.123001+00:00,1439.91,200,ok,api-4,
benchmark-api4-5000-c1000-005,005-REQ-000168,168,registro de prueba,2026-06-09T23:11:44.683106+00:00,2026-06-09T23:11:46.073177+00:00,1390.07,200,ok,api-1,
benchmark-api4-5000-c1000-005,005-REQ-000169,169,registro de prueba,2026-06-09T23:11:44.683140+00:00,2026-06-09T23:11:46.087986+00:00,1404.84,200,ok,api-2,
benchmark-api4-5000-c1000-005,005-REQ-000170,170,registro de prueba,2026-06-09T23:11:44.683175+00:00,2026-06-09T23:11:46.028904+00:00,1345.72,200,ok,api-3,
benchmark-api4-5000-c1000-005,005-REQ-000171,171,registro de prueba,2026-06-09T23:11:44.683209+00:00,2026-06-09T23:11:46.070752+00:00,1387.54,200,ok,api-4,
benchmark-api4-5000-c1000-005,005-REQ-000172,172,registro de prueba,2026-06-09T23:11:44.683242+00:00,2026-06-09T23:11:46.108315+00:00,1425.06,200,ok,api-1,
benchmark-api4-5000-c1000-005,005-REQ-000173,173,registro de prueba,2026-06-09T23:11:44.683276+00:00,2026-06-09T23:11:46.070577+00:00,1387.29,200,ok,api-2,
benchmark-api4-5000-c1000-005,005-REQ-000174,174,registro de prueba,2026-06-09T23:11:44.683313+00:00,2026-06-09T23:11:46.092401+00:00,1409.07,200,ok,api-4,
benchmark-api4-5000-c1000-005,005-REQ-000175,175,registro de prueba,2026-06-09T23:11:44.683346+00:00,2026-06-09T23:11:46.094880+00:00,1411.53,200,ok,api-1,
benchmark-api4-5000-c1000-005,005-REQ-000176,176,registro de prueba,2026-06-09T23:11:44.683380+00:00,2026-06-09T23:11:46.070274+00:00,1386.88,200,ok,api-3,
benchmark-api4-5000-c1000-005,005-REQ-000177,177,registro de prueba,2026-06-09T23:11:44.683414+00:00,2026-06-09T23:11:46.093883+00:00,1410.46,200,ok,api-4,
benchmark-api4-5000-c1000-005,005-REQ-000178,178,registro de prueba,2026-06-09T23:11:44.683449+00:00,2026-06-09T23:11:46.165052+00:00,1481.59,200,ok,api-2,
benchmark-api4-5000-c1000-005,005-REQ-000179,179,registro de prueba,2026-06-09T23:11:44.683483+00:00,2026-06-09T23:11:46.187030+00:00,1503.54,200,ok,api-4,
benchmark-api4-5000-c1000-005,005-REQ-000180,180,registro de prueba,2026-06-09T23:11:44.683515+00:00,2026-06-09T23:11:46.075125+00:00,1391.6,200,ok,api-1,
benchmark-api4-5000-c1000-005,005-REQ-000181,181,registro de prueba,2026-06-09T23:11:44.683551+00:00,2026-06-09T23:11:46.143108+00:00,1459.54,200,ok,api-3,
benchmark-api4-5000-c1000-005,005-REQ-000182,182,registro de prueba,2026-06-09T23:11:44.683582+00:00,2026-06-09T23:11:46.080794+00:00,1397.2,200,ok,api-2,
benchmark-api4-5000-c1000-005,005-REQ-000183,183,registro de prueba,2026-06-09T23:11:44.683630+00:00,2026-06-09T23:11:46.143455+00:00,1459.82,200,ok,api-3,
benchmark-api4-5000-c1000-005,005-REQ-000184,184,registro de prueba,2026-06-09T23:11:44.683668+00:00,2026-06-09T23:11:46.217546+00:00,1533.87,200,ok,api-4,
benchmark-api4-5000-c1000-005,005-REQ-000185,185,registro de prueba,2026-06-09T23:11:44.683702+00:00,2026-06-09T23:11:46.250556+00:00,1566.84,200,ok,api-1,
benchmark-api4-5000-c1000-005,005-REQ-000186,186,registro de prueba,2026-06-09T23:11:44.683738+00:00,2026-06-09T23:11:46.155526+00:00,1471.78,200,ok,api-2,
benchmark-api4-5000-c1000-005,005-REQ-000187,187,registro de prueba,2026-06-09T23:11:44.683781+00:00,2026-06-09T23:11:46.216755+00:00,1532.97,200,ok,api-3,
benchmark-api4-5000-c1000-005,005-REQ-000188,188,registro de prueba,2026-06-09T23:11:44.683815+00:00,2026-06-09T23:11:46.185887+00:00,1502.06,200,ok,api-4,
benchmark-api4-5000-c1000-005,005-REQ-000189,189,registro de prueba,2026-06-09T23:11:44.683850+00:00,2026-06-09T23:11:46.161954+00:00,1478.09,200,ok,api-1,
benchmark-api4-5000-c1000-005,005-REQ-000190,190,registro de prueba,2026-06-09T23:11:44.683886+00:00,2026-06-09T23:11:46.138834+00:00,1454.93,200,ok,api-2,
benchmark-api4-5000-c1000-005,005-REQ-000191,191,registro de prueba,2026-06-09T23:11:44.683923+00:00,2026-06-09T23:11:46.245093+00:00,1561.17,200,ok,api-3,
benchmark-api4-5000-c1000-005,005-REQ-000192,192,registro de prueba,2026-06-09T23:11:44.683958+00:00,2026-06-09T23:11:46.264174+00:00,1580.21,200,ok,api-4,
benchmark-api4-5000-c1000-005,005-REQ-000193,193,registro de prueba,2026-06-09T23:11:44.683992+00:00,2026-06-09T23:11:46.244884+00:00,1560.89,200,ok,api-3,
benchmark-api4-5000-c1000-005,005-REQ-000194,194,registro de prueba,2026-06-09T23:11:44.684027+00:00,2026-06-09T23:11:46.260108+00:00,1576.07,200,ok,api-1,
benchmark-api4-5000-c1000-005,005-REQ-000195,195,registro de prueba,2026-06-09T23:11:44.684061+00:00,2026-06-09T23:11:46.214652+00:00,1530.58,200,ok,api-4,
benchmark-api4-5000-c1000-005,005-REQ-000196,196,registro de prueba,2026-06-09T23:11:44.684094+00:00,2026-06-09T23:11:46.245193+00:00,1561.1,200,ok,api-1,
benchmark-api4-5000-c1000-005,005-REQ-000197,197,registro de prueba,2026-06-09T23:11:44.684129+00:00,2026-06-09T23:11:46.246809+00:00,1562.68,200,ok,api-2,
benchmark-api4-5000-c1000-005,005-REQ-000198,198,registro de prueba,2026-06-09T23:11:44.684167+00:00,2026-06-09T23:11:46.408875+00:00,1724.7,200,ok,api-3,
benchmark-api4-5000-c1000-005,005-REQ-000199,199,registro de prueba,2026-06-09T23:11:44.684201+00:00,2026-06-09T23:11:46.243519+00:00,1559.31,200,ok,api-4,
benchmark-api4-5000-c1000-005,005-REQ-000200,200,registro de prueba,2026-06-09T23:11:44.684234+00:00,2026-06-09T23:11:46.302573+00:00,1618.33,200,ok,api-2,
benchmark-api4-5000-c1000-005,005-REQ-000201,201,registro de prueba,2026-06-09T23:11:44.684267+00:00,2026-06-09T23:11:46.266331+00:00,1582.05,200,ok,api-1,
benchmark-api4-5000-c1000-005,005-REQ-000202,202,registro de prueba,2026-06-09T23:11:44.684306+00:00,2026-06-09T23:11:46.394159+00:00,1709.84,200,ok,api-3,
benchmark-api4-5000-c1000-005,005-REQ-000203,203,registro de prueba,2026-06-09T23:11:44.684341+00:00,2026-06-09T23:11:46.289918+00:00,1605.57,200,ok,api-4,
benchmark-api4-5000-c1000-005,005-REQ-000204,204,registro de prueba,2026-06-09T23:11:44.684375+00:00,2026-06-09T23:11:46.399666+00:00,1715.28,200,ok,api-1,
benchmark-api4-5000-c1000-005,005-REQ-000205,205,registro de prueba,2026-06-09T23:11:44.684407+00:00,2026-06-09T23:11:46.304213+00:00,1619.8,200,ok,api-3,
benchmark-api4-5000-c1000-005,005-REQ-000206,206,registro de prueba,2026-06-09T23:11:44.684446+00:00,2026-06-09T23:11:46.426832+00:00,1742.38,200,ok,api-4,
benchmark-api4-5000-c1000-005,005-REQ-000207,207,registro de prueba,2026-06-09T23:11:44.684479+00:00,2026-06-09T23:11:46.378596+00:00,1694.11,200,ok,api-1,
benchmark-api4-5000-c1000-005,005-REQ-000208,208,registro de prueba,2026-06-09T23:11:44.684514+00:00,2026-06-09T23:11:46.419112+00:00,1734.59,200,ok,api-3,
benchmark-api4-5000-c1000-005,005-REQ-000209,209,registro de prueba,2026-06-09T23:11:44.684551+00:00,2026-06-09T23:11:46.384554+00:00,1700.0,200,ok,api-4,
benchmark-api4-5000-c1000-005,005-REQ-000210,210,registro de prueba,2026-06-09T23:11:44.684588+00:00,2026-06-09T23:11:46.262171+00:00,1577.34,200,ok,api-1,
benchmark-api4-5000-c1000-005,005-REQ-000211,211,registro de prueba,2026-06-09T23:11:44.684625+00:00,2026-06-09T23:11:46.476485+00:00,1791.85,200,ok,api-3,
benchmark-api4-5000-c1000-005,005-REQ-000212,212,registro de prueba,2026-06-09T23:11:44.684659+00:00,2026-06-09T23:11:46.535658+00:00,1850.99,200,ok,api-2,
benchmark-api4-5000-c1000-005,005-REQ-000213,213,registro de prueba,2026-06-09T23:11:44.684693+00:00,2026-06-09T23:11:46.449711+00:00,1765.01,200,ok,api-4,
benchmark-api4-5000-c1000-005,005-REQ-000214,214,registro de prueba,2026-06-09T23:11:44.684725+00:00,2026-06-09T23:11:46.473236+00:00,1788.5,200,ok,api-3,
benchmark-api4-5000-c1000-005,005-REQ-000215,215,registro de prueba,2026-06-09T23:11:44.684756+00:00,2026-06-09T23:11:46.376922+00:00,1692.15,200,ok,api-1,
benchmark-api4-5000-c1000-005,005-REQ-000216,216,registro de prueba,2026-06-09T23:11:44.684792+00:00,2026-06-09T23:11:46.780934+00:00,2096.13,200,ok,api-2,
benchmark-api4-5000-c1000-005,005-REQ-000217,217,registro de prueba,2026-06-09T23:11:44.684827+00:00,2026-06-09T23:11:46.416063+00:00,1731.23,200,ok,api-1,
benchmark-api4-5000-c1000-005,005-REQ-000218,218,registro de prueba,2026-06-09T23:11:44.684862+00:00,2026-06-09T23:11:46.589271+00:00,1904.4,200,ok,api-2,
benchmark-api4-5000-c1000-005,005-REQ-000219,219,registro de prueba,2026-06-09T23:11:44.684900+00:00,2026-06-09T23:11:46.441194+00:00,1756.28,200,ok,api-4,
benchmark-api4-5000-c1000-005,005-REQ-000220,220,registro de prueba,2026-06-09T23:11:44.684935+00:00,2026-06-09T23:11:46.414777+00:00,1729.83,200,ok,api-1,
benchmark-api4-5000-c1000-005,005-REQ-000221,221,registro de prueba,2026-06-09T23:11:44.684973+00:00,2026-06-09T23:11:46.668992+00:00,1984.01,200,ok,api-2,
benchmark-api4-5000-c1000-005,005-REQ-000222,222,registro de prueba,2026-06-09T23:11:44.685007+00:00,2026-06-09T23:11:46.419281+00:00,1734.27,200,ok,api-4,
benchmark-api4-5000-c1000-005,005-REQ-000223,223,registro de prueba,2026-06-09T23:11:44.685040+00:00,2026-06-09T23:11:46.476690+00:00,1791.65,200,ok,api-1,
benchmark-api4-5000-c1000-005,005-REQ-000224,224,registro de prueba,2026-06-09T23:11:44.685072+00:00,2026-06-09T23:11:46.708326+00:00,2023.24,200,ok,api-2,
benchmark-api4-5000-c1000-005,005-REQ-000225,225,registro de prueba,2026-06-09T23:11:44.685109+00:00,2026-06-09T23:11:46.396127+00:00,1711.01,200,ok,api-1,
benchmark-api4-5000-c1000-005,005-REQ-000226,226,registro de prueba,2026-06-09T23:11:44.685144+00:00,2026-06-09T23:11:46.567832+00:00,1882.68,200,ok,api-3,
benchmark-api4-5000-c1000-005,005-REQ-000227,227,registro de prueba,2026-06-09T23:11:44.685178+00:00,2026-06-09T23:11:46.461540+00:00,1776.35,200,ok,api-4,
benchmark-api4-5000-c1000-005,005-REQ-000228,228,registro de prueba,2026-06-09T23:11:44.685210+00:00,2026-06-09T23:11:46.703083+00:00,2017.87,200,ok,api-2,
benchmark-api4-5000-c1000-005,005-REQ-000229,229,registro de prueba,2026-06-09T23:11:44.685249+00:00,2026-06-09T23:11:46.560647+00:00,1875.39,200,ok,api-3,
benchmark-api4-5000-c1000-005,005-REQ-000230,230,registro de prueba,2026-06-09T23:11:44.685285+00:00,2026-06-09T23:11:46.493536+00:00,1808.24,200,ok,api-1,
benchmark-api4-5000-c1000-005,005-REQ-000231,231,registro de prueba,2026-06-09T23:11:44.685317+00:00,2026-06-09T23:11:46.588105+00:00,1902.78,200,ok,api-3,
benchmark-api4-5000-c1000-005,005-REQ-000232,232,registro de prueba,2026-06-09T23:11:44.685351+00:00,2026-06-09T23:11:46.638636+00:00,1953.28,200,ok,api-4,
benchmark-api4-5000-c1000-005,005-REQ-000233,233,registro de prueba,2026-06-09T23:11:44.685387+00:00,2026-06-09T23:11:46.669219+00:00,1983.83,200,ok,api-1,
benchmark-api4-5000-c1000-005,005-REQ-000234,234,registro de prueba,2026-06-09T23:11:44.685425+00:00,2026-06-09T23:11:46.831840+00:00,2146.4,200,ok,api-2,
benchmark-api4-5000-c1000-005,005-REQ-000235,235,registro de prueba,2026-06-09T23:11:44.685459+00:00,2026-06-09T23:11:46.585052+00:00,1899.58,200,ok,api-4,
benchmark-api4-5000-c1000-005,005-REQ-000236,236,registro de prueba,2026-06-09T23:11:44.685491+00:00,2026-06-09T23:11:46.650344+00:00,1964.85,200,ok,api-3,
benchmark-api4-5000-c1000-005,005-REQ-000237,237,registro de prueba,2026-06-09T23:11:44.685528+00:00,2026-06-09T23:11:46.675502+00:00,1989.96,200,ok,api-1,
benchmark-api4-5000-c1000-005,005-REQ-000238,238,registro de prueba,2026-06-09T23:11:44.685561+00:00,2026-06-09T23:11:46.546648+00:00,1861.08,200,ok,api-3,
benchmark-api4-5000-c1000-005,005-REQ-000239,239,registro de prueba,2026-06-09T23:11:44.685599+00:00,2026-06-09T23:11:46.651582+00:00,1965.98,200,ok,api-4,
benchmark-api4-5000-c1000-005,005-REQ-000240,240,registro de prueba,2026-06-09T23:11:44.685642+00:00,2026-06-09T23:11:46.746838+00:00,2061.19,200,ok,api-1,
benchmark-api4-5000-c1000-005,005-REQ-000241,241,registro de prueba,2026-06-09T23:11:44.685680+00:00,2026-06-09T23:11:46.713325+00:00,2027.64,200,ok,api-2,
benchmark-api4-5000-c1000-005,005-REQ-000242,242,registro de prueba,2026-06-09T23:11:44.685715+00:00,2026-06-09T23:11:46.781984+00:00,2096.26,200,ok,api-1,
benchmark-api4-5000-c1000-005,005-REQ-000243,243,registro de prueba,2026-06-09T23:11:44.685751+00:00,2026-06-09T23:11:46.623834+00:00,1938.07,200,ok,api-3,
benchmark-api4-5000-c1000-005,005-REQ-000244,244,registro de prueba,2026-06-09T23:11:44.685787+00:00,2026-06-09T23:11:46.702898+00:00,2017.1,200,ok,api-2,
benchmark-api4-5000-c1000-005,005-REQ-000245,245,registro de prueba,2026-06-09T23:11:44.685819+00:00,2026-06-09T23:11:46.719292+00:00,2033.46,200,ok,api-4,
benchmark-api4-5000-c1000-005,005-REQ-000246,246,registro de prueba,2026-06-09T23:11:44.685851+00:00,2026-06-09T23:11:46.573430+00:00,1887.57,200,ok,api-3,
benchmark-api4-5000-c1000-005,005-REQ-000247,247,registro de prueba,2026-06-09T23:11:44.685886+00:00,2026-06-09T23:11:46.682003+00:00,1996.11,200,ok,api-1,
benchmark-api4-5000-c1000-005,005-REQ-000248,248,registro de prueba,2026-06-09T23:11:44.685920+00:00,2026-06-09T23:11:46.715034+00:00,2029.11,200,ok,api-2,
benchmark-api4-5000-c1000-005,005-REQ-000249,249,registro de prueba,2026-06-09T23:11:44.685963+00:00,2026-06-09T23:11:46.846790+00:00,2160.82,200,ok,api-3,
benchmark-api4-5000-c1000-005,005-REQ-000250,250,registro de prueba,2026-06-09T23:11:44.686003+00:00,2026-06-09T23:11:46.875567+00:00,2189.56,200,ok,api-2,
benchmark-api4-5000-c1000-005,005-REQ-000251,251,registro de prueba,2026-06-09T23:11:44.686037+00:00,2026-06-09T23:11:46.642506+00:00,1956.46,200,ok,api-1,
benchmark-api4-5000-c1000-005,005-REQ-000252,252,registro de prueba,2026-06-09T23:11:44.686073+00:00,2026-06-09T23:11:46.766681+00:00,2080.6,200,ok,api-4,
benchmark-api4-5000-c1000-005,005-REQ-000253,253,registro de prueba,2026-06-09T23:11:44.686107+00:00,2026-06-09T23:11:46.686019+00:00,1999.91,200,ok,api-3,
benchmark-api4-5000-c1000-005,005-REQ-000254,254,registro de prueba,2026-06-09T23:11:44.686138+00:00,2026-06-09T23:11:46.691340+00:00,2005.2,200,ok,api-4,
benchmark-api4-5000-c1000-005,005-REQ-000255,255,registro de prueba,2026-06-09T23:11:44.686168+00:00,2026-06-09T23:11:46.757821+00:00,2071.65,200,ok,api-1,
benchmark-api4-5000-c1000-005,005-REQ-000256,256,registro de prueba,2026-06-09T23:11:44.686202+00:00,2026-06-09T23:11:46.681687+00:00,1995.48,200,ok,api-2,
benchmark-api4-5000-c1000-005,005-REQ-000257,257,registro de prueba,2026-06-09T23:11:44.686236+00:00,2026-06-09T23:11:46.800360+00:00,2114.11,200,ok,api-1,
benchmark-api4-5000-c1000-005,005-REQ-000258,258,registro de prueba,2026-06-09T23:11:44.686271+00:00,2026-06-09T23:11:46.670566+00:00,1984.29,200,ok,api-4,
benchmark-api4-5000-c1000-005,005-REQ-000259,259,registro de prueba,2026-06-09T23:11:44.686306+00:00,2026-06-09T23:11:46.801660+00:00,2115.35,200,ok,api-3,
benchmark-api4-5000-c1000-005,005-REQ-000260,260,registro de prueba,2026-06-09T23:11:44.686343+00:00,2026-06-09T23:11:46.757936+00:00,2071.59,200,ok,api-4,
benchmark-api4-5000-c1000-005,005-REQ-000261,261,registro de prueba,2026-06-09T23:11:44.686386+00:00,2026-06-09T23:11:46.647628+00:00,1961.23,200,ok,api-1,
benchmark-api4-5000-c1000-005,005-REQ-000262,262,registro de prueba,2026-06-09T23:11:44.686421+00:00,2026-06-09T23:11:46.760422+00:00,2074.0,200,ok,api-2,
benchmark-api4-5000-c1000-005,005-REQ-000263,263,registro de prueba,2026-06-09T23:11:44.686461+00:00,2026-06-09T23:11:46.684990+00:00,1998.52,200,ok,api-3,
benchmark-api4-5000-c1000-005,005-REQ-000264,264,registro de prueba,2026-06-09T23:11:44.686495+00:00,2026-06-09T23:11:46.691056+00:00,2004.55,200,ok,api-4,
benchmark-api4-5000-c1000-005,005-REQ-000265,265,registro de prueba,2026-06-09T23:11:44.686527+00:00,2026-06-09T23:11:46.744250+00:00,2057.71,200,ok,api-2,
benchmark-api4-5000-c1000-005,005-REQ-000266,266,registro de prueba,2026-06-09T23:11:44.686560+00:00,2026-06-09T23:11:46.776231+00:00,2089.66,200,ok,api-1,
benchmark-api4-5000-c1000-005,005-REQ-000267,267,registro de prueba,2026-06-09T23:11:44.686595+00:00,2026-06-09T23:11:46.943349+00:00,2256.74,200,ok,api-1,
benchmark-api4-5000-c1000-005,005-REQ-000268,268,registro de prueba,2026-06-09T23:11:44.686630+00:00,2026-06-09T23:11:46.712126+00:00,2025.48,200,ok,api-3,
benchmark-api4-5000-c1000-005,005-REQ-000269,269,registro de prueba,2026-06-09T23:11:44.686663+00:00,2026-06-09T23:11:46.782906+00:00,2096.24,200,ok,api-2,
benchmark-api4-5000-c1000-005,005-REQ-000270,270,registro de prueba,2026-06-09T23:11:44.686695+00:00,2026-06-09T23:11:46.757541+00:00,2070.84,200,ok,api-4,
benchmark-api4-5000-c1000-005,005-REQ-000271,271,registro de prueba,2026-06-09T23:11:44.686735+00:00,2026-06-09T23:11:46.815610+00:00,2128.87,200,ok,api-3,
benchmark-api4-5000-c1000-005,005-REQ-000272,272,registro de prueba,2026-06-09T23:11:44.686791+00:00,2026-06-09T23:11:46.830293+00:00,2143.49,200,ok,api-1,
benchmark-api4-5000-c1000-005,005-REQ-000273,273,registro de prueba,2026-06-09T23:11:44.686825+00:00,2026-06-09T23:11:46.842199+00:00,2155.37,200,ok,api-3,
benchmark-api4-5000-c1000-005,005-REQ-000274,274,registro de prueba,2026-06-09T23:11:44.686857+00:00,2026-06-09T23:11:46.894544+00:00,2207.68,200,ok,api-4,
benchmark-api4-5000-c1000-005,005-REQ-000275,275,registro de prueba,2026-06-09T23:11:44.686892+00:00,2026-06-09T23:11:46.858194+00:00,2171.29,200,ok,api-2,
benchmark-api4-5000-c1000-005,005-REQ-000276,276,registro de prueba,2026-06-09T23:11:44.686928+00:00,2026-06-09T23:11:46.678670+00:00,1991.74,200,ok,api-1,
benchmark-api4-5000-c1000-005,005-REQ-000277,277,registro de prueba,2026-06-09T23:11:44.686960+00:00,2026-06-09T23:11:46.785086+00:00,2098.11,200,ok,api-3,
benchmark-api4-5000-c1000-005,005-REQ-000278,278,registro de prueba,2026-06-09T23:11:44.686998+00:00,2026-06-09T23:11:46.763601+00:00,2076.59,200,ok,api-3,
benchmark-api4-5000-c1000-005,005-REQ-000279,279,registro de prueba,2026-06-09T23:11:44.687029+00:00,2026-06-09T23:11:46.875294+00:00,2188.25,200,ok,api-1,
benchmark-api4-5000-c1000-005,005-REQ-000280,280,registro de prueba,2026-06-09T23:11:44.687061+00:00,2026-06-09T23:11:46.865633+00:00,2178.56,200,ok,api-2,
benchmark-api4-5000-c1000-005,005-REQ-000281,281,registro de prueba,2026-06-09T23:11:44.687096+00:00,2026-06-09T23:11:46.687014+00:00,1999.91,200,ok,api-4,
benchmark-api4-5000-c1000-005,005-REQ-000282,282,registro de prueba,2026-06-09T23:11:44.687130+00:00,2026-06-09T23:11:46.916802+00:00,2229.66,200,ok,api-4,
benchmark-api4-5000-c1000-005,005-REQ-000283,283,registro de prueba,2026-06-09T23:11:44.687170+00:00,2026-06-09T23:11:46.869594+00:00,2182.41,200,ok,api-1,
benchmark-api4-5000-c1000-005,005-REQ-000284,284,registro de prueba,2026-06-09T23:11:44.687200+00:00,2026-06-09T23:11:46.840649+00:00,2153.44,200,ok,api-2,
benchmark-api4-5000-c1000-005,005-REQ-000285,285,registro de prueba,2026-06-09T23:11:44.687236+00:00,2026-06-09T23:11:46.908593+00:00,2221.34,200,ok,api-2,
benchmark-api4-5000-c1000-005,005-REQ-000286,286,registro de prueba,2026-06-09T23:11:44.687270+00:00,2026-06-09T23:11:47.018804+00:00,2331.52,200,ok,api-1,
benchmark-api4-5000-c1000-005,005-REQ-000287,287,registro de prueba,2026-06-09T23:11:44.687301+00:00,2026-06-09T23:11:46.995769+00:00,2308.46,200,ok,api-3,
benchmark-api4-5000-c1000-005,005-REQ-000288,288,registro de prueba,2026-06-09T23:11:44.687332+00:00,2026-06-09T23:11:46.909059+00:00,2221.72,200,ok,api-4,
benchmark-api4-5000-c1000-005,005-REQ-000289,289,registro de prueba,2026-06-09T23:11:44.687369+00:00,2026-06-09T23:11:46.894800+00:00,2207.43,200,ok,api-4,
benchmark-api4-5000-c1000-005,005-REQ-000290,290,registro de prueba,2026-06-09T23:11:44.687403+00:00,2026-06-09T23:11:46.911526+00:00,2224.12,200,ok,api-1,
benchmark-api4-5000-c1000-005,005-REQ-000291,291,registro de prueba,2026-06-09T23:11:44.687434+00:00,2026-06-09T23:11:46.872410+00:00,2184.97,200,ok,api-2,
benchmark-api4-5000-c1000-005,005-REQ-000292,292,registro de prueba,2026-06-09T23:11:44.687468+00:00,2026-06-09T23:11:46.941078+00:00,2253.6,200,ok,api-2,
benchmark-api4-5000-c1000-005,005-REQ-000293,293,registro de prueba,2026-06-09T23:11:44.687500+00:00,2026-06-09T23:11:46.976984+00:00,2289.48,200,ok,api-4,
benchmark-api4-5000-c1000-005,005-REQ-000294,294,registro de prueba,2026-06-09T23:11:44.687535+00:00,2026-06-09T23:11:46.979491+00:00,2291.95,200,ok,api-3,
benchmark-api4-5000-c1000-005,005-REQ-000295,295,registro de prueba,2026-06-09T23:11:44.687568+00:00,2026-06-09T23:11:47.002386+00:00,2314.81,200,ok,api-4,
benchmark-api4-5000-c1000-005,005-REQ-000296,296,registro de prueba,2026-06-09T23:11:44.687599+00:00,2026-06-09T23:11:47.035301+00:00,2347.69,200,ok,api-1,
benchmark-api4-5000-c1000-005,005-REQ-000297,297,registro de prueba,2026-06-09T23:11:44.687641+00:00,2026-06-09T23:11:47.035498+00:00,2347.85,200,ok,api-2,
benchmark-api4-5000-c1000-005,005-REQ-000298,298,registro de prueba,2026-06-09T23:11:44.687680+00:00,2026-06-09T23:11:47.028047+00:00,2340.36,200,ok,api-3,
benchmark-api4-5000-c1000-005,005-REQ-000299,299,registro de prueba,2026-06-09T23:11:44.687745+00:00,2026-06-09T23:11:47.042860+00:00,2355.08,200,ok,api-1,
benchmark-api4-5000-c1000-005,005-REQ-000300,300,registro de prueba,2026-06-09T23:11:44.687777+00:00,2026-06-09T23:11:47.071253+00:00,2383.47,200,ok,api-3,
benchmark-api4-5000-c1000-005,005-REQ-000301,301,registro de prueba,2026-06-09T23:11:44.687808+00:00,2026-06-09T23:11:47.052480+00:00,2364.66,200,ok,api-1,
benchmark-api4-5000-c1000-005,005-REQ-000302,302,registro de prueba,2026-06-09T23:11:44.687842+00:00,2026-06-09T23:11:47.031187+00:00,2343.34,200,ok,api-3,
benchmark-api4-5000-c1000-005,005-REQ-000303,303,registro de prueba,2026-06-09T23:11:44.687876+00:00,2026-06-09T23:11:46.954526+00:00,2266.64,200,ok,api-4,
benchmark-api4-5000-c1000-005,005-REQ-000304,304,registro de prueba,2026-06-09T23:11:44.687910+00:00,2026-06-09T23:11:46.976820+00:00,2288.9,200,ok,api-2,
benchmark-api4-5000-c1000-005,005-REQ-000305,305,registro de prueba,2026-06-09T23:11:44.687948+00:00,2026-06-09T23:11:47.101042+00:00,2413.09,200,ok,api-1,
benchmark-api4-5000-c1000-005,005-REQ-000306,306,registro de prueba,2026-06-09T23:11:44.687980+00:00,2026-06-09T23:11:47.061221+00:00,2373.23,200,ok,api-3,
benchmark-api4-5000-c1000-005,005-REQ-000307,307,registro de prueba,2026-06-09T23:11:44.688014+00:00,2026-06-09T23:11:46.976324+00:00,2288.24,200,ok,api-4,
benchmark-api4-5000-c1000-005,005-REQ-000308,308,registro de prueba,2026-06-09T23:11:44.688048+00:00,2026-06-09T23:11:47.071089+00:00,2383.03,200,ok,api-3,
benchmark-api4-5000-c1000-005,005-REQ-000309,309,registro de prueba,2026-06-09T23:11:44.688082+00:00,2026-06-09T23:11:47.046068+00:00,2357.98,200,ok,api-1,
benchmark-api4-5000-c1000-005,005-REQ-000310,310,registro de prueba,2026-06-09T23:11:44.688115+00:00,2026-06-09T23:11:47.023073+00:00,2334.96,200,ok,api-4,
benchmark-api4-5000-c1000-005,005-REQ-000311,311,registro de prueba,2026-06-09T23:11:44.688152+00:00,2026-06-09T23:11:47.064127+00:00,2375.96,200,ok,api-1,
benchmark-api4-5000-c1000-005,005-REQ-000312,312,registro de prueba,2026-06-09T23:11:44.688184+00:00,2026-06-09T23:11:47.046324+00:00,2358.14,200,ok,api-2,
benchmark-api4-5000-c1000-005,005-REQ-000313,313,registro de prueba,2026-06-09T23:11:44.688220+00:00,2026-06-09T23:11:47.102192+00:00,2413.97,200,ok,api-3,
benchmark-api4-5000-c1000-005,005-REQ-000314,314,registro de prueba,2026-06-09T23:11:44.688251+00:00,2026-06-09T23:11:47.047771+00:00,2359.52,200,ok,api-4,
benchmark-api4-5000-c1000-005,005-REQ-000315,315,registro de prueba,2026-06-09T23:11:44.688289+00:00,2026-06-09T23:11:47.126286+00:00,2437.98,200,ok,api-1,
benchmark-api4-5000-c1000-005,005-REQ-000316,316,registro de prueba,2026-06-09T23:11:44.688321+00:00,2026-06-09T23:11:47.099853+00:00,2411.52,200,ok,api-4,
benchmark-api4-5000-c1000-005,005-REQ-000317,317,registro de prueba,2026-06-09T23:11:44.688354+00:00,2026-06-09T23:11:47.072729+00:00,2384.37,200,ok,api-2,
benchmark-api4-5000-c1000-005,005-REQ-000318,318,registro de prueba,2026-06-09T23:11:44.688390+00:00,2026-06-09T23:11:47.097558+00:00,2409.16,200,ok,api-3,
benchmark-api4-5000-c1000-005,005-REQ-000319,319,registro de prueba,2026-06-09T23:11:44.688421+00:00,2026-06-09T23:11:47.155544+00:00,2467.11,200,ok,api-1,
benchmark-api4-5000-c1000-005,005-REQ-000320,320,registro de prueba,2026-06-09T23:11:44.688452+00:00,2026-06-09T23:11:47.069627+00:00,2381.17,200,ok,api-2,
benchmark-api4-5000-c1000-005,005-REQ-000321,321,registro de prueba,2026-06-09T23:11:44.688488+00:00,2026-06-09T23:11:47.095598+00:00,2407.1,200,ok,api-3,
benchmark-api4-5000-c1000-005,005-REQ-000322,322,registro de prueba,2026-06-09T23:11:44.688519+00:00,2026-06-09T23:11:47.190662+00:00,2502.14,200,ok,api-1,
benchmark-api4-5000-c1000-005,005-REQ-000323,323,registro de prueba,2026-06-09T23:11:44.688556+00:00,2026-06-09T23:11:47.121671+00:00,2433.1,200,ok,api-2,
benchmark-api4-5000-c1000-005,005-REQ-000324,324,registro de prueba,2026-06-09T23:11:44.688589+00:00,2026-06-09T23:11:47.143611+00:00,2455.01,200,ok,api-4,
benchmark-api4-5000-c1000-005,005-REQ-000325,325,registro de prueba,2026-06-09T23:11:44.688622+00:00,2026-06-09T23:11:47.163104+00:00,2474.47,200,ok,api-1,
benchmark-api4-5000-c1000-005,005-REQ-000326,326,registro de prueba,2026-06-09T23:11:44.688656+00:00,2026-06-09T23:11:47.117022+00:00,2428.36,200,ok,api-4,
benchmark-api4-5000-c1000-005,005-REQ-000327,327,registro de prueba,2026-06-09T23:11:44.688692+00:00,2026-06-09T23:11:47.147063+00:00,2458.36,200,ok,api-3,
benchmark-api4-5000-c1000-005,005-REQ-000328,328,registro de prueba,2026-06-09T23:11:44.688727+00:00,2026-06-09T23:11:47.199158+00:00,2510.43,200,ok,api-2,
benchmark-api4-5000-c1000-005,005-REQ-000329,329,registro de prueba,2026-06-09T23:11:44.688769+00:00,2026-06-09T23:11:47.106082+00:00,2417.3,200,ok,api-4,
benchmark-api4-5000-c1000-005,005-REQ-000330,330,registro de prueba,2026-06-09T23:11:44.688800+00:00,2026-06-09T23:11:47.184327+00:00,2495.52,200,ok,api-3,
benchmark-api4-5000-c1000-005,005-REQ-000331,331,registro de prueba,2026-06-09T23:11:44.688832+00:00,2026-06-09T23:11:47.222038+00:00,2533.2,200,ok,api-1,
benchmark-api4-5000-c1000-005,005-REQ-000332,332,registro de prueba,2026-06-09T23:11:44.688867+00:00,2026-06-09T23:11:47.139733+00:00,2450.86,200,ok,api-3,
benchmark-api4-5000-c1000-005,005-REQ-000333,333,registro de prueba,2026-06-09T23:11:44.688898+00:00,2026-06-09T23:11:47.169443+00:00,2480.53,200,ok,api-4,
benchmark-api4-5000-c1000-005,005-REQ-000334,334,registro de prueba,2026-06-09T23:11:44.688934+00:00,2026-06-09T23:11:47.217800+00:00,2528.86,200,ok,api-1,
benchmark-api4-5000-c1000-005,005-REQ-000335,335,registro de prueba,2026-06-09T23:11:44.688967+00:00,2026-06-09T23:11:47.129991+00:00,2441.01,200,ok,api-2,
benchmark-api4-5000-c1000-005,005-REQ-000336,336,registro de prueba,2026-06-09T23:11:44.689001+00:00,2026-06-09T23:11:47.239936+00:00,2550.92,200,ok,api-3,
benchmark-api4-5000-c1000-005,005-REQ-000337,337,registro de prueba,2026-06-09T23:11:44.689037+00:00,2026-06-09T23:11:47.183145+00:00,2494.1,200,ok,api-4,
benchmark-api4-5000-c1000-005,005-REQ-000338,338,registro de prueba,2026-06-09T23:11:44.689072+00:00,2026-06-09T23:11:47.159438+00:00,2470.35,200,ok,api-2,
benchmark-api4-5000-c1000-005,005-REQ-000339,339,registro de prueba,2026-06-09T23:11:44.689103+00:00,2026-06-09T23:11:47.190269+00:00,2501.15,200,ok,api-2,
benchmark-api4-5000-c1000-005,005-REQ-000340,340,registro de prueba,2026-06-09T23:11:44.689133+00:00,2026-06-09T23:11:47.171119+00:00,2481.98,200,ok,api-3,
benchmark-api4-5000-c1000-005,005-REQ-000341,341,registro de prueba,2026-06-09T23:11:44.689167+00:00,2026-06-09T23:11:47.171548+00:00,2482.38,200,ok,api-2,
benchmark-api4-5000-c1000-005,005-REQ-000342,342,registro de prueba,2026-06-09T23:11:44.689200+00:00,2026-06-09T23:11:47.246586+00:00,2557.38,200,ok,api-1,
benchmark-api4-5000-c1000-005,005-REQ-000343,343,registro de prueba,2026-06-09T23:11:44.689233+00:00,2026-06-09T23:11:47.134841+00:00,2445.6,200,ok,api-4,
benchmark-api4-5000-c1000-005,005-REQ-000344,344,registro de prueba,2026-06-09T23:11:44.689268+00:00,2026-06-09T23:11:47.156700+00:00,2467.43,200,ok,api-2,
benchmark-api4-5000-c1000-005,005-REQ-000345,345,registro de prueba,2026-06-09T23:11:44.689305+00:00,2026-06-09T23:11:47.249249+00:00,2559.94,200,ok,api-3,
benchmark-api4-5000-c1000-005,005-REQ-000346,346,registro de prueba,2026-06-09T23:11:44.689341+00:00,2026-06-09T23:11:47.312595+00:00,2623.24,200,ok,api-1,
benchmark-api4-5000-c1000-005,005-REQ-000347,347,registro de prueba,2026-06-09T23:11:44.689376+00:00,2026-06-09T23:11:47.294444+00:00,2605.07,200,ok,api-2,
benchmark-api4-5000-c1000-005,005-REQ-000348,348,registro de prueba,2026-06-09T23:11:44.689408+00:00,2026-06-09T23:11:47.214390+00:00,2524.98,200,ok,api-3,
benchmark-api4-5000-c1000-005,005-REQ-000349,349,registro de prueba,2026-06-09T23:11:44.689442+00:00,2026-06-09T23:11:47.171380+00:00,2481.93,200,ok,api-4,
benchmark-api4-5000-c1000-005,005-REQ-000350,350,registro de prueba,2026-06-09T23:11:44.689473+00:00,2026-06-09T23:11:47.217683+00:00,2528.21,200,ok,api-2,
benchmark-api4-5000-c1000-005,005-REQ-000351,351,registro de prueba,2026-06-09T23:11:44.689506+00:00,2026-06-09T23:11:47.267144+00:00,2577.63,200,ok,api-4,
benchmark-api4-5000-c1000-005,005-REQ-000352,352,registro de prueba,2026-06-09T23:11:44.689539+00:00,2026-06-09T23:11:47.217329+00:00,2527.79,200,ok,api-3,
benchmark-api4-5000-c1000-005,005-REQ-000353,353,registro de prueba,2026-06-09T23:11:44.689572+00:00,2026-06-09T23:11:47.244068+00:00,2554.49,200,ok,api-1,
benchmark-api4-5000-c1000-005,005-REQ-000354,354,registro de prueba,2026-06-09T23:11:44.689605+00:00,2026-06-09T23:11:47.217530+00:00,2527.92,200,ok,api-2,
benchmark-api4-5000-c1000-005,005-REQ-000355,355,registro de prueba,2026-06-09T23:11:44.689649+00:00,2026-06-09T23:11:47.213922+00:00,2524.27,200,ok,api-4,
benchmark-api4-5000-c1000-005,005-REQ-000356,356,registro de prueba,2026-06-09T23:11:44.689685+00:00,2026-06-09T23:11:47.186478+00:00,2496.78,200,ok,api-3,
benchmark-api4-5000-c1000-005,005-REQ-000357,357,registro de prueba,2026-06-09T23:11:44.689716+00:00,2026-06-09T23:11:47.240169+00:00,2550.45,200,ok,api-3,
benchmark-api4-5000-c1000-005,005-REQ-000358,358,registro de prueba,2026-06-09T23:11:44.689749+00:00,2026-06-09T23:11:47.321715+00:00,2631.96,200,ok,api-1,
benchmark-api4-5000-c1000-005,005-REQ-000359,359,registro de prueba,2026-06-09T23:11:44.689786+00:00,2026-06-09T23:11:47.227282+00:00,2537.48,200,ok,api-2,
benchmark-api4-5000-c1000-005,005-REQ-000360,360,registro de prueba,2026-06-09T23:11:44.689821+00:00,2026-06-09T23:11:47.245233+00:00,2555.41,200,ok,api-4,
benchmark-api4-5000-c1000-005,005-REQ-000361,361,registro de prueba,2026-06-09T23:11:44.689857+00:00,2026-06-09T23:11:47.318601+00:00,2628.73,200,ok,api-1,
benchmark-api4-5000-c1000-005,005-REQ-000362,362,registro de prueba,2026-06-09T23:11:44.689892+00:00,2026-06-09T23:11:47.294359+00:00,2604.46,200,ok,api-2,
benchmark-api4-5000-c1000-005,005-REQ-000363,363,registro de prueba,2026-06-09T23:11:44.689924+00:00,2026-06-09T23:11:47.198118+00:00,2508.19,200,ok,api-2,
benchmark-api4-5000-c1000-005,005-REQ-000364,364,registro de prueba,2026-06-09T23:11:44.689956+00:00,2026-06-09T23:11:47.214134+00:00,2524.17,200,ok,api-3,
benchmark-api4-5000-c1000-005,005-REQ-000365,365,registro de prueba,2026-06-09T23:11:44.689989+00:00,2026-06-09T23:11:47.205418+00:00,2515.42,200,ok,api-3,
benchmark-api4-5000-c1000-005,005-REQ-000366,366,registro de prueba,2026-06-09T23:11:44.690024+00:00,2026-06-09T23:11:47.211194+00:00,2521.16,200,ok,api-4,
benchmark-api4-5000-c1000-005,005-REQ-000367,367,registro de prueba,2026-06-09T23:11:44.690061+00:00,2026-06-09T23:11:47.214273+00:00,2524.21,200,ok,api-3,
benchmark-api4-5000-c1000-005,005-REQ-000368,368,registro de prueba,2026-06-09T23:11:44.690094+00:00,2026-06-09T23:11:47.277861+00:00,2587.76,200,ok,api-2,
benchmark-api4-5000-c1000-005,005-REQ-000369,369,registro de prueba,2026-06-09T23:11:44.690158+00:00,2026-06-09T23:11:47.196797+00:00,2506.63,200,ok,api-4,
benchmark-api4-5000-c1000-005,005-REQ-000370,370,registro de prueba,2026-06-09T23:11:44.690191+00:00,2026-06-09T23:11:47.220798+00:00,2530.6,200,ok,api-1,
benchmark-api4-5000-c1000-005,005-REQ-000371,371,registro de prueba,2026-06-09T23:11:44.690225+00:00,2026-06-09T23:11:47.212208+00:00,2521.98,200,ok,api-3,
benchmark-api4-5000-c1000-005,005-REQ-000372,372,registro de prueba,2026-06-09T23:11:44.690258+00:00,2026-06-09T23:11:47.208645+00:00,2518.37,200,ok,api-1,
benchmark-api4-5000-c1000-005,005-REQ-000373,373,registro de prueba,2026-06-09T23:11:44.690290+00:00,2026-06-09T23:11:47.212375+00:00,2522.08,200,ok,api-4,
benchmark-api4-5000-c1000-005,005-REQ-000374,374,registro de prueba,2026-06-09T23:11:44.690327+00:00,2026-06-09T23:11:47.271242+00:00,2580.91,200,ok,api-1,
benchmark-api4-5000-c1000-005,005-REQ-000375,375,registro de prueba,2026-06-09T23:11:44.690361+00:00,2026-06-09T23:11:47.261847+00:00,2571.48,200,ok,api-2,
benchmark-api4-5000-c1000-005,005-REQ-000376,376,registro de prueba,2026-06-09T23:11:44.690396+00:00,2026-06-09T23:11:47.350595+00:00,2660.19,200,ok,api-4,
benchmark-api4-5000-c1000-005,005-REQ-000377,377,registro de prueba,2026-06-09T23:11:44.690432+00:00,2026-06-09T23:11:47.276618+00:00,2586.17,200,ok,api-2,
benchmark-api4-5000-c1000-005,005-REQ-000378,378,registro de prueba,2026-06-09T23:11:44.690464+00:00,2026-06-09T23:11:47.298672+00:00,2608.2,200,ok,api-3,
benchmark-api4-5000-c1000-005,005-REQ-000379,379,registro de prueba,2026-06-09T23:11:44.690500+00:00,2026-06-09T23:11:47.294220+00:00,2603.71,200,ok,api-1,
benchmark-api4-5000-c1000-005,005-REQ-000380,380,registro de prueba,2026-06-09T23:11:44.690534+00:00,2026-06-09T23:11:47.306120+00:00,2615.58,200,ok,api-3,
benchmark-api4-5000-c1000-005,005-REQ-000381,381,registro de prueba,2026-06-09T23:11:44.690567+00:00,2026-06-09T23:11:47.370983+00:00,2680.41,200,ok,api-2,
benchmark-api4-5000-c1000-005,005-REQ-000382,382,registro de prueba,2026-06-09T23:11:44.690603+00:00,2026-06-09T23:11:47.365140+00:00,2674.52,200,ok,api-1,
benchmark-api4-5000-c1000-005,005-REQ-000383,383,registro de prueba,2026-06-09T23:11:44.690634+00:00,2026-06-09T23:11:47.352653+00:00,2662.01,200,ok,api-4,
benchmark-api4-5000-c1000-005,005-REQ-000384,384,registro de prueba,2026-06-09T23:11:44.690669+00:00,2026-06-09T23:11:47.423108+00:00,2732.43,200,ok,api-1,
benchmark-api4-5000-c1000-005,005-REQ-000385,385,registro de prueba,2026-06-09T23:11:44.690705+00:00,2026-06-09T23:11:47.379827+00:00,2689.11,200,ok,api-4,
benchmark-api4-5000-c1000-005,005-REQ-000386,386,registro de prueba,2026-06-09T23:11:44.690737+00:00,2026-06-09T23:11:47.352860+00:00,2662.12,200,ok,api-3,
benchmark-api4-5000-c1000-005,005-REQ-000387,387,registro de prueba,2026-06-09T23:11:44.690773+00:00,2026-06-09T23:11:47.430803+00:00,2740.02,200,ok,api-1,
benchmark-api4-5000-c1000-005,005-REQ-000388,388,registro de prueba,2026-06-09T23:11:44.690805+00:00,2026-06-09T23:11:47.350808+00:00,2660.0,200,ok,api-2,
benchmark-api4-5000-c1000-005,005-REQ-000389,389,registro de prueba,2026-06-09T23:11:44.690934+00:00,2026-06-09T23:11:47.299711+00:00,2608.77,200,ok,api-3,
benchmark-api4-5000-c1000-005,005-REQ-000390,390,registro de prueba,2026-06-09T23:11:44.690973+00:00,2026-06-09T23:11:47.263464+00:00,2572.48,200,ok,api-4,
benchmark-api4-5000-c1000-005,005-REQ-000391,391,registro de prueba,2026-06-09T23:11:44.691006+00:00,2026-06-09T23:11:47.323250+00:00,2632.24,200,ok,api-4,
benchmark-api4-5000-c1000-005,005-REQ-000392,392,registro de prueba,2026-06-09T23:11:44.691040+00:00,2026-06-09T23:11:47.367427+00:00,2676.38,200,ok,api-2,
benchmark-api4-5000-c1000-005,005-REQ-000393,393,registro de prueba,2026-06-09T23:11:44.691081+00:00,2026-06-09T23:11:47.403471+00:00,2712.39,200,ok,api-1,
benchmark-api4-5000-c1000-005,005-REQ-000394,394,registro de prueba,2026-06-09T23:11:44.691113+00:00,2026-06-09T23:11:47.401157+00:00,2710.04,200,ok,api-3,
benchmark-api4-5000-c1000-005,005-REQ-000395,395,registro de prueba,2026-06-09T23:11:44.691147+00:00,2026-06-09T23:11:47.393587+00:00,2702.43,200,ok,api-4,
benchmark-api4-5000-c1000-005,005-REQ-000396,396,registro de prueba,2026-06-09T23:11:44.691182+00:00,2026-06-09T23:11:47.394654+00:00,2703.47,200,ok,api-2,
benchmark-api4-5000-c1000-005,005-REQ-000397,397,registro de prueba,2026-06-09T23:11:44.691216+00:00,2026-06-09T23:11:47.452494+00:00,2761.27,200,ok,api-3,
benchmark-api4-5000-c1000-005,005-REQ-000398,398,registro de prueba,2026-06-09T23:11:44.691257+00:00,2026-06-09T23:11:47.453435+00:00,2762.17,200,ok,api-1,
benchmark-api4-5000-c1000-005,005-REQ-000399,399,registro de prueba,2026-06-09T23:11:44.691289+00:00,2026-06-09T23:11:47.403333+00:00,2712.04,200,ok,api-2,
benchmark-api4-5000-c1000-005,005-REQ-000400,400,registro de prueba,2026-06-09T23:11:44.691325+00:00,2026-06-09T23:11:47.299834+00:00,2608.51,200,ok,api-3,
benchmark-api4-5000-c1000-005,005-REQ-000401,401,registro de prueba,2026-06-09T23:11:44.691356+00:00,2026-06-09T23:11:47.398419+00:00,2707.05,200,ok,api-1,
benchmark-api4-5000-c1000-005,005-REQ-000402,402,registro de prueba,2026-06-09T23:11:44.691389+00:00,2026-06-09T23:11:47.447659+00:00,2756.26,200,ok,api-2,
benchmark-api4-5000-c1000-005,005-REQ-000403,403,registro de prueba,2026-06-09T23:11:44.691426+00:00,2026-06-09T23:11:47.368761+00:00,2677.33,200,ok,api-3,
benchmark-api4-5000-c1000-005,005-REQ-000404,404,registro de prueba,2026-06-09T23:11:44.691458+00:00,2026-06-09T23:11:47.484940+00:00,2793.48,200,ok,api-1,
benchmark-api4-5000-c1000-005,005-REQ-000405,405,registro de prueba,2026-06-09T23:11:44.691495+00:00,2026-06-09T23:11:47.428393+00:00,2736.89,200,ok,api-4,
benchmark-api4-5000-c1000-005,005-REQ-000406,406,registro de prueba,2026-06-09T23:11:44.691529+00:00,2026-06-09T23:11:47.418457+00:00,2726.92,200,ok,api-2,
benchmark-api4-5000-c1000-005,005-REQ-000407,407,registro de prueba,2026-06-09T23:11:44.691561+00:00,2026-06-09T23:11:47.402336+00:00,2710.77,200,ok,api-3,
benchmark-api4-5000-c1000-005,005-REQ-000408,408,registro de prueba,2026-06-09T23:11:44.691595+00:00,2026-06-09T23:11:47.454178+00:00,2762.58,200,ok,api-4,
benchmark-api4-5000-c1000-005,005-REQ-000409,409,registro de prueba,2026-06-09T23:11:44.691627+00:00,2026-06-09T23:11:47.439437+00:00,2747.8,200,ok,api-2,
benchmark-api4-5000-c1000-005,005-REQ-000410,410,registro de prueba,2026-06-09T23:11:44.691670+00:00,2026-06-09T23:11:47.488372+00:00,2796.69,200,ok,api-1,
benchmark-api4-5000-c1000-005,005-REQ-000411,411,registro de prueba,2026-06-09T23:11:44.691707+00:00,2026-06-09T23:11:47.491309+00:00,2799.59,200,ok,api-3,
benchmark-api4-5000-c1000-005,005-REQ-000412,412,registro de prueba,2026-06-09T23:11:44.691741+00:00,2026-06-09T23:11:47.487009+00:00,2795.26,200,ok,api-1,
benchmark-api4-5000-c1000-005,005-REQ-000413,413,registro de prueba,2026-06-09T23:11:44.691779+00:00,2026-06-09T23:11:47.470422+00:00,2778.63,200,ok,api-4,
benchmark-api4-5000-c1000-005,005-REQ-000414,414,registro de prueba,2026-06-09T23:11:44.691812+00:00,2026-06-09T23:11:47.563152+00:00,2871.34,200,ok,api-2,
benchmark-api4-5000-c1000-005,005-REQ-000415,415,registro de prueba,2026-06-09T23:11:44.691847+00:00,2026-06-09T23:11:47.489806+00:00,2797.95,200,ok,api-3,
benchmark-api4-5000-c1000-005,005-REQ-000416,416,registro de prueba,2026-06-09T23:11:44.691884+00:00,2026-06-09T23:11:47.484671+00:00,2792.78,200,ok,api-4,
benchmark-api4-5000-c1000-005,005-REQ-000417,417,registro de prueba,2026-06-09T23:11:44.691920+00:00,2026-06-09T23:11:47.478722+00:00,2786.79,200,ok,api-1,
benchmark-api4-5000-c1000-005,005-REQ-000418,418,registro de prueba,2026-06-09T23:11:44.691954+00:00,2026-06-09T23:11:47.611087+00:00,2919.12,200,ok,api-2,
benchmark-api4-5000-c1000-005,005-REQ-000419,419,registro de prueba,2026-06-09T23:11:44.691988+00:00,2026-06-09T23:11:47.562914+00:00,2870.92,200,ok,api-3,
benchmark-api4-5000-c1000-005,005-REQ-000420,420,registro de prueba,2026-06-09T23:11:44.692021+00:00,2026-06-09T23:11:47.449088+00:00,2757.06,200,ok,api-4,
benchmark-api4-5000-c1000-005,005-REQ-000421,421,registro de prueba,2026-06-09T23:11:44.692055+00:00,2026-06-09T23:11:47.585209+00:00,2893.15,200,ok,api-1,
benchmark-api4-5000-c1000-005,005-REQ-000422,422,registro de prueba,2026-06-09T23:11:44.692088+00:00,2026-06-09T23:11:47.566391+00:00,2874.3,200,ok,api-2,
benchmark-api4-5000-c1000-005,005-REQ-000423,423,registro de prueba,2026-06-09T23:11:44.692120+00:00,2026-06-09T23:11:47.494017+00:00,2801.89,200,ok,api-4,
benchmark-api4-5000-c1000-005,005-REQ-000424,424,registro de prueba,2026-06-09T23:11:44.692157+00:00,2026-06-09T23:11:47.549594+00:00,2857.43,200,ok,api-1,
benchmark-api4-5000-c1000-005,005-REQ-000425,425,registro de prueba,2026-06-09T23:11:44.692190+00:00,2026-06-09T23:11:47.538089+00:00,2845.89,200,ok,api-2,
benchmark-api4-5000-c1000-005,005-REQ-000426,426,registro de prueba,2026-06-09T23:11:44.692229+00:00,2026-06-09T23:11:47.538284+00:00,2846.05,200,ok,api-3,
benchmark-api4-5000-c1000-005,005-REQ-000427,427,registro de prueba,2026-06-09T23:11:44.692261+00:00,2026-06-09T23:11:47.544444+00:00,2852.17,200,ok,api-4,
benchmark-api4-5000-c1000-005,005-REQ-000428,428,registro de prueba,2026-06-09T23:11:44.692296+00:00,2026-06-09T23:11:47.536679+00:00,2844.38,200,ok,api-3,
benchmark-api4-5000-c1000-005,005-REQ-000429,429,registro de prueba,2026-06-09T23:11:44.692332+00:00,2026-06-09T23:11:47.515528+00:00,2823.19,200,ok,api-1,
benchmark-api4-5000-c1000-005,005-REQ-000430,430,registro de prueba,2026-06-09T23:11:44.692366+00:00,2026-06-09T23:11:47.531792+00:00,2839.42,200,ok,api-2,
benchmark-api4-5000-c1000-005,005-REQ-000431,431,registro de prueba,2026-06-09T23:11:44.692401+00:00,2026-06-09T23:11:47.563254+00:00,2870.85,200,ok,api-1,
benchmark-api4-5000-c1000-005,005-REQ-000432,432,registro de prueba,2026-06-09T23:11:44.692437+00:00,2026-06-09T23:11:47.592681+00:00,2900.24,200,ok,api-2,
benchmark-api4-5000-c1000-005,005-REQ-000433,433,registro de prueba,2026-06-09T23:11:44.692470+00:00,2026-06-09T23:11:47.621841+00:00,2929.36,200,ok,api-3,
benchmark-api4-5000-c1000-005,005-REQ-000434,434,registro de prueba,2026-06-09T23:11:44.692506+00:00,2026-06-09T23:11:47.509930+00:00,2817.41,200,ok,api-4,
benchmark-api4-5000-c1000-005,005-REQ-000435,435,registro de prueba,2026-06-09T23:11:44.692537+00:00,2026-06-09T23:11:47.551861+00:00,2859.32,200,ok,api-4,
benchmark-api4-5000-c1000-005,005-REQ-000436,436,registro de prueba,2026-06-09T23:11:44.692578+00:00,2026-06-09T23:11:47.598432+00:00,2905.84,200,ok,api-3,
benchmark-api4-5000-c1000-005,005-REQ-000437,437,registro de prueba,2026-06-09T23:11:44.692614+00:00,2026-06-09T23:11:47.637210+00:00,2944.59,200,ok,api-2,
benchmark-api4-5000-c1000-005,005-REQ-000438,438,registro de prueba,2026-06-09T23:11:44.692648+00:00,2026-06-09T23:11:47.614769+00:00,2922.12,200,ok,api-2,
benchmark-api4-5000-c1000-005,005-REQ-000439,439,registro de prueba,2026-06-09T23:11:44.692723+00:00,2026-06-09T23:11:47.589107+00:00,2896.37,200,ok,api-1,
benchmark-api4-5000-c1000-005,005-REQ-000440,440,registro de prueba,2026-06-09T23:11:44.692757+00:00,2026-06-09T23:11:47.600164+00:00,2907.4,200,ok,api-1,
benchmark-api4-5000-c1000-005,005-REQ-000441,441,registro de prueba,2026-06-09T23:11:44.692791+00:00,2026-06-09T23:11:47.570857+00:00,2878.06,200,ok,api-1,
benchmark-api4-5000-c1000-005,005-REQ-000442,442,registro de prueba,2026-06-09T23:11:44.692821+00:00,2026-06-09T23:11:47.514323+00:00,2821.49,200,ok,api-4,
benchmark-api4-5000-c1000-005,005-REQ-000443,443,registro de prueba,2026-06-09T23:11:44.692877+00:00,2026-06-09T23:11:47.698355+00:00,3005.47,200,ok,api-2,
benchmark-api4-5000-c1000-005,005-REQ-000444,444,registro de prueba,2026-06-09T23:11:44.692913+00:00,2026-06-09T23:11:47.614566+00:00,2921.65,200,ok,api-4,
benchmark-api4-5000-c1000-005,005-REQ-000445,445,registro de prueba,2026-06-09T23:11:44.692948+00:00,2026-06-09T23:11:47.549348+00:00,2856.4,200,ok,api-1,
benchmark-api4-5000-c1000-005,005-REQ-000446,446,registro de prueba,2026-06-09T23:11:44.692981+00:00,2026-06-09T23:11:47.545921+00:00,2852.93,200,ok,api-2,
benchmark-api4-5000-c1000-005,005-REQ-000447,447,registro de prueba,2026-06-09T23:11:44.693017+00:00,2026-06-09T23:11:47.497145+00:00,2804.12,200,ok,api-4,
benchmark-api4-5000-c1000-005,005-REQ-000448,448,registro de prueba,2026-06-09T23:11:44.693050+00:00,2026-06-09T23:11:47.519971+00:00,2826.89,200,ok,api-1,
benchmark-api4-5000-c1000-005,005-REQ-000449,449,registro de prueba,2026-06-09T23:11:44.693081+00:00,2026-06-09T23:11:47.684070+00:00,2990.99,200,ok,api-2,
benchmark-api4-5000-c1000-005,005-REQ-000450,450,registro de prueba,2026-06-09T23:11:44.693114+00:00,2026-06-09T23:11:47.791957+00:00,3098.83,200,ok,api-3,
benchmark-api4-5000-c1000-005,005-REQ-000451,451,registro de prueba,2026-06-09T23:11:44.693149+00:00,2026-06-09T23:11:47.613769+00:00,2920.62,200,ok,api-4,
benchmark-api4-5000-c1000-005,005-REQ-000452,452,registro de prueba,2026-06-09T23:11:44.693182+00:00,2026-06-09T23:11:47.536447+00:00,2843.25,200,ok,api-1,
benchmark-api4-5000-c1000-005,005-REQ-000453,453,registro de prueba,2026-06-09T23:11:44.693215+00:00,2026-06-09T23:11:47.614669+00:00,2921.45,200,ok,api-3,
benchmark-api4-5000-c1000-005,005-REQ-000454,454,registro de prueba,2026-06-09T23:11:44.693249+00:00,2026-06-09T23:11:47.732034+00:00,3038.78,200,ok,api-4,
benchmark-api4-5000-c1000-005,005-REQ-000455,455,registro de prueba,2026-06-09T23:11:44.693280+00:00,2026-06-09T23:11:47.749214+00:00,3055.93,200,ok,api-2,
benchmark-api4-5000-c1000-005,005-REQ-000456,456,registro de prueba,2026-06-09T23:11:44.693313+00:00,2026-06-09T23:11:47.612645+00:00,2919.33,200,ok,api-1,
benchmark-api4-5000-c1000-005,005-REQ-000457,457,registro de prueba,2026-06-09T23:11:44.693343+00:00,2026-06-09T23:11:47.644018+00:00,2950.66,200,ok,api-3,
benchmark-api4-5000-c1000-005,005-REQ-000458,458,registro de prueba,2026-06-09T23:11:44.693380+00:00,2026-06-09T23:11:47.495797+00:00,2802.41,200,ok,api-4,
benchmark-api4-5000-c1000-005,005-REQ-000459,459,registro de prueba,2026-06-09T23:11:44.693419+00:00,2026-06-09T23:11:47.548260+00:00,2854.84,200,ok,api-4,
benchmark-api4-5000-c1000-005,005-REQ-000460,460,registro de prueba,2026-06-09T23:11:44.693452+00:00,2026-06-09T23:11:47.683827+00:00,2990.36,200,ok,api-2,
benchmark-api4-5000-c1000-005,005-REQ-000461,461,registro de prueba,2026-06-09T23:11:44.693484+00:00,2026-06-09T23:11:47.616064+00:00,2922.58,200,ok,api-3,
benchmark-api4-5000-c1000-005,005-REQ-000462,462,registro de prueba,2026-06-09T23:11:44.693515+00:00,2026-06-09T23:11:47.581753+00:00,2888.22,200,ok,api-1,
benchmark-api4-5000-c1000-005,005-REQ-000463,463,registro de prueba,2026-06-09T23:11:44.693547+00:00,2026-06-09T23:11:47.638337+00:00,2944.79,200,ok,api-3,
benchmark-api4-5000-c1000-005,005-REQ-000464,464,registro de prueba,2026-06-09T23:11:44.693585+00:00,2026-06-09T23:11:47.627845+00:00,2934.25,200,ok,api-2,
benchmark-api4-5000-c1000-005,005-REQ-000465,465,registro de prueba,2026-06-09T23:11:44.693618+00:00,2026-06-09T23:11:47.712669+00:00,3019.05,200,ok,api-4,
benchmark-api4-5000-c1000-005,005-REQ-000466,466,registro de prueba,2026-06-09T23:11:44.693657+00:00,2026-06-09T23:11:47.687035+00:00,2993.37,200,ok,api-1,
benchmark-api4-5000-c1000-005,005-REQ-000467,467,registro de prueba,2026-06-09T23:11:44.693694+00:00,2026-06-09T23:11:47.709267+00:00,3015.56,200,ok,api-3,
benchmark-api4-5000-c1000-005,005-REQ-000468,468,registro de prueba,2026-06-09T23:11:44.693727+00:00,2026-06-09T23:11:47.746899+00:00,3053.17,200,ok,api-2,
benchmark-api4-5000-c1000-005,005-REQ-000469,469,registro de prueba,2026-06-09T23:11:44.693760+00:00,2026-06-09T23:11:47.806006+00:00,3112.24,200,ok,api-3,
benchmark-api4-5000-c1000-005,005-REQ-000470,470,registro de prueba,2026-06-09T23:11:44.693796+00:00,2026-06-09T23:11:47.715991+00:00,3022.19,200,ok,api-4,
benchmark-api4-5000-c1000-005,005-REQ-000471,471,registro de prueba,2026-06-09T23:11:44.693831+00:00,2026-06-09T23:11:47.619262+00:00,2925.42,200,ok,api-1,
benchmark-api4-5000-c1000-005,005-REQ-000472,472,registro de prueba,2026-06-09T23:11:44.693866+00:00,2026-06-09T23:11:47.793326+00:00,3099.45,200,ok,api-3,
benchmark-api4-5000-c1000-005,005-REQ-000473,473,registro de prueba,2026-06-09T23:11:44.693903+00:00,2026-06-09T23:11:47.722345+00:00,3028.43,200,ok,api-4,
benchmark-api4-5000-c1000-005,005-REQ-000474,474,registro de prueba,2026-06-09T23:11:44.693937+00:00,2026-06-09T23:11:47.783445+00:00,3089.49,200,ok,api-2,
benchmark-api4-5000-c1000-005,005-REQ-000475,475,registro de prueba,2026-06-09T23:11:44.693968+00:00,2026-06-09T23:11:47.733573+00:00,3039.6,200,ok,api-4,
benchmark-api4-5000-c1000-005,005-REQ-000476,476,registro de prueba,2026-06-09T23:11:44.694002+00:00,2026-06-09T23:11:47.783742+00:00,3089.74,200,ok,api-1,
benchmark-api4-5000-c1000-005,005-REQ-000477,477,registro de prueba,2026-06-09T23:11:44.694036+00:00,2026-06-09T23:11:47.790191+00:00,3096.15,200,ok,api-2,
benchmark-api4-5000-c1000-005,005-REQ-000478,478,registro de prueba,2026-06-09T23:11:44.694070+00:00,2026-06-09T23:11:47.888154+00:00,3194.07,200,ok,api-3,
benchmark-api4-5000-c1000-005,005-REQ-000479,479,registro de prueba,2026-06-09T23:11:44.694100+00:00,2026-06-09T23:11:47.719182+00:00,3025.08,200,ok,api-4,
benchmark-api4-5000-c1000-005,005-REQ-000480,480,registro de prueba,2026-06-09T23:11:44.694134+00:00,2026-06-09T23:11:47.768614+00:00,3074.47,200,ok,api-1,
benchmark-api4-5000-c1000-005,005-REQ-000481,481,registro de prueba,2026-06-09T23:11:44.694171+00:00,2026-06-09T23:11:47.817723+00:00,3123.54,200,ok,api-3,
benchmark-api4-5000-c1000-005,005-REQ-000482,482,registro de prueba,2026-06-09T23:11:44.694203+00:00,2026-06-09T23:11:47.858200+00:00,3163.99,200,ok,api-4,
benchmark-api4-5000-c1000-005,005-REQ-000483,483,registro de prueba,2026-06-09T23:11:44.694237+00:00,2026-06-09T23:11:47.734791+00:00,3040.55,200,ok,api-1,
benchmark-api4-5000-c1000-005,005-REQ-000484,484,registro de prueba,2026-06-09T23:11:44.694268+00:00,2026-06-09T23:11:47.746775+00:00,3052.5,200,ok,api-2,
benchmark-api4-5000-c1000-005,005-REQ-000485,485,registro de prueba,2026-06-09T23:11:44.694300+00:00,2026-06-09T23:11:47.817911+00:00,3123.61,200,ok,api-3,
benchmark-api4-5000-c1000-005,005-REQ-000486,486,registro de prueba,2026-06-09T23:11:44.694330+00:00,2026-06-09T23:11:47.851988+00:00,3157.65,200,ok,api-4,
benchmark-api4-5000-c1000-005,005-REQ-000487,487,registro de prueba,2026-06-09T23:11:44.694362+00:00,2026-06-09T23:11:47.759925+00:00,3065.55,200,ok,api-1,
benchmark-api4-5000-c1000-005,005-REQ-000488,488,registro de prueba,2026-06-09T23:11:44.694399+00:00,2026-06-09T23:11:47.787882+00:00,3093.47,200,ok,api-2,
benchmark-api4-5000-c1000-005,005-REQ-000489,489,registro de prueba,2026-06-09T23:11:44.694434+00:00,2026-06-09T23:11:47.839305+00:00,3144.87,200,ok,api-3,
benchmark-api4-5000-c1000-005,005-REQ-000490,490,registro de prueba,2026-06-09T23:11:44.694465+00:00,2026-06-09T23:11:47.920668+00:00,3226.19,200,ok,api-4,
benchmark-api4-5000-c1000-005,005-REQ-000491,491,registro de prueba,2026-06-09T23:11:44.694499+00:00,2026-06-09T23:11:47.841323+00:00,3146.82,200,ok,api-1,
benchmark-api4-5000-c1000-005,005-REQ-000492,492,registro de prueba,2026-06-09T23:11:44.694531+00:00,2026-06-09T23:11:47.834671+00:00,3140.13,200,ok,api-2,
benchmark-api4-5000-c1000-005,005-REQ-000493,493,registro de prueba,2026-06-09T23:11:44.694565+00:00,2026-06-09T23:11:47.800193+00:00,3105.62,200,ok,api-3,
benchmark-api4-5000-c1000-005,005-REQ-000494,494,registro de prueba,2026-06-09T23:11:44.694597+00:00,2026-06-09T23:11:47.854075+00:00,3159.47,200,ok,api-4,
benchmark-api4-5000-c1000-005,005-REQ-000495,495,registro de prueba,2026-06-09T23:11:44.694628+00:00,2026-06-09T23:11:47.869547+00:00,3174.87,200,ok,api-1,
benchmark-api4-5000-c1000-005,005-REQ-000496,496,registro de prueba,2026-06-09T23:11:44.694662+00:00,2026-06-09T23:11:47.830303+00:00,3135.63,200,ok,api-2,
benchmark-api4-5000-c1000-005,005-REQ-000497,497,registro de prueba,2026-06-09T23:11:44.694696+00:00,2026-06-09T23:11:47.815557+00:00,3120.85,200,ok,api-1,
benchmark-api4-5000-c1000-005,005-REQ-000498,498,registro de prueba,2026-06-09T23:11:44.694732+00:00,2026-06-09T23:11:47.904943+00:00,3210.2,200,ok,api-4,
benchmark-api4-5000-c1000-005,005-REQ-000499,499,registro de prueba,2026-06-09T23:11:44.694765+00:00,2026-06-09T23:11:47.839060+00:00,3144.28,200,ok,api-2,
benchmark-api4-5000-c1000-005,005-REQ-000500,500,registro de prueba,2026-06-09T23:11:44.694796+00:00,2026-06-09T23:11:47.853119+00:00,3158.32,200,ok,api-3,
benchmark-api4-5000-c1000-005,005-REQ-000501,501,registro de prueba,2026-06-09T23:11:44.694828+00:00,2026-06-09T23:11:47.944697+00:00,3249.86,200,ok,api-4,
benchmark-api4-5000-c1000-005,005-REQ-000502,502,registro de prueba,2026-06-09T23:11:44.694875+00:00,2026-06-09T23:11:47.803341+00:00,3108.46,200,ok,api-1,
benchmark-api4-5000-c1000-005,005-REQ-000503,503,registro de prueba,2026-06-09T23:11:44.694911+00:00,2026-06-09T23:11:47.850392+00:00,3155.48,200,ok,api-2,
benchmark-api4-5000-c1000-005,005-REQ-000504,504,registro de prueba,2026-06-09T23:11:44.694952+00:00,2026-06-09T23:11:47.920940+00:00,3225.98,200,ok,api-3,
benchmark-api4-5000-c1000-005,005-REQ-000505,505,registro de prueba,2026-06-09T23:11:44.694988+00:00,2026-06-09T23:11:47.885563+00:00,3190.57,200,ok,api-4,
benchmark-api4-5000-c1000-005,005-REQ-000506,506,registro de prueba,2026-06-09T23:11:44.695022+00:00,2026-06-09T23:11:47.834419+00:00,3139.38,200,ok,api-1,
benchmark-api4-5000-c1000-005,005-REQ-000507,507,registro de prueba,2026-06-09T23:11:44.695055+00:00,2026-06-09T23:11:47.850130+00:00,3155.06,200,ok,api-2,
benchmark-api4-5000-c1000-005,005-REQ-000508,508,registro de prueba,2026-06-09T23:11:44.695086+00:00,2026-06-09T23:11:47.899182+00:00,3204.09,200,ok,api-3,
benchmark-api4-5000-c1000-005,005-REQ-000509,509,registro de prueba,2026-06-09T23:11:44.695117+00:00,2026-06-09T23:11:47.950223+00:00,3255.1,200,ok,api-4,
benchmark-api4-5000-c1000-005,005-REQ-000510,510,registro de prueba,2026-06-09T23:11:44.695147+00:00,2026-06-09T23:11:47.981676+00:00,3286.52,200,ok,api-3,
benchmark-api4-5000-c1000-005,005-REQ-000511,511,registro de prueba,2026-06-09T23:11:44.695179+00:00,2026-06-09T23:11:48.005132+00:00,3309.94,200,ok,api-4,
benchmark-api4-5000-c1000-005,005-REQ-000512,512,registro de prueba,2026-06-09T23:11:44.695218+00:00,2026-06-09T23:11:47.961217+00:00,3265.99,200,ok,api-1,
benchmark-api4-5000-c1000-005,005-REQ-000513,513,registro de prueba,2026-06-09T23:11:44.695254+00:00,2026-06-09T23:11:47.918536+00:00,3223.28,200,ok,api-2,
benchmark-api4-5000-c1000-005,005-REQ-000514,514,registro de prueba,2026-06-09T23:11:44.695287+00:00,2026-06-09T23:11:47.978638+00:00,3283.35,200,ok,api-3,
benchmark-api4-5000-c1000-005,005-REQ-000515,515,registro de prueba,2026-06-09T23:11:44.695321+00:00,2026-06-09T23:11:47.897792+00:00,3202.46,200,ok,api-1,
benchmark-api4-5000-c1000-005,005-REQ-000516,516,registro de prueba,2026-06-09T23:11:44.695355+00:00,2026-06-09T23:11:48.031129+00:00,3335.77,200,ok,api-4,
benchmark-api4-5000-c1000-005,005-REQ-000517,517,registro de prueba,2026-06-09T23:11:44.695390+00:00,2026-06-09T23:11:47.836542+00:00,3141.15,200,ok,api-2,
benchmark-api4-5000-c1000-005,005-REQ-000518,518,registro de prueba,2026-06-09T23:11:44.695422+00:00,2026-06-09T23:11:48.060670+00:00,3365.24,200,ok,api-4,
benchmark-api4-5000-c1000-005,005-REQ-000519,519,registro de prueba,2026-06-09T23:11:44.695454+00:00,2026-06-09T23:11:47.945885+00:00,3250.42,200,ok,api-1,
benchmark-api4-5000-c1000-005,005-REQ-000520,520,registro de prueba,2026-06-09T23:11:44.695487+00:00,2026-06-09T23:11:47.911388+00:00,3215.89,200,ok,api-3,
benchmark-api4-5000-c1000-005,005-REQ-000521,521,registro de prueba,2026-06-09T23:11:44.695520+00:00,2026-06-09T23:11:47.942752+00:00,3247.23,200,ok,api-4,
benchmark-api4-5000-c1000-005,005-REQ-000522,522,registro de prueba,2026-06-09T23:11:44.695555+00:00,2026-06-09T23:11:47.906208+00:00,3210.65,200,ok,api-1,
benchmark-api4-5000-c1000-005,005-REQ-000523,523,registro de prueba,2026-06-09T23:11:44.695592+00:00,2026-06-09T23:11:47.918227+00:00,3222.62,200,ok,api-2,
benchmark-api4-5000-c1000-005,005-REQ-000524,524,registro de prueba,2026-06-09T23:11:44.695628+00:00,2026-06-09T23:11:48.042558+00:00,3346.92,200,ok,api-2,
benchmark-api4-5000-c1000-005,005-REQ-000525,525,registro de prueba,2026-06-09T23:11:44.695672+00:00,2026-06-09T23:11:48.022653+00:00,3326.98,200,ok,api-4,
benchmark-api4-5000-c1000-005,005-REQ-000526,526,registro de prueba,2026-06-09T23:11:44.695707+00:00,2026-06-09T23:11:47.929340+00:00,3233.62,200,ok,api-3,
benchmark-api4-5000-c1000-005,005-REQ-000527,527,registro de prueba,2026-06-09T23:11:44.695742+00:00,2026-06-09T23:11:47.939092+00:00,3243.35,200,ok,api-1,
benchmark-api4-5000-c1000-005,005-REQ-000528,528,registro de prueba,2026-06-09T23:11:44.695774+00:00,2026-06-09T23:11:47.990791+00:00,3295.0,200,ok,api-4,
benchmark-api4-5000-c1000-005,005-REQ-000529,529,registro de prueba,2026-06-09T23:11:44.695805+00:00,2026-06-09T23:11:47.951333+00:00,3255.52,200,ok,api-1,
benchmark-api4-5000-c1000-005,005-REQ-000530,530,registro de prueba,2026-06-09T23:11:44.695838+00:00,2026-06-09T23:11:47.993602+00:00,3297.75,200,ok,api-3,
benchmark-api4-5000-c1000-005,005-REQ-000531,531,registro de prueba,2026-06-09T23:11:44.695872+00:00,2026-06-09T23:11:47.890490+00:00,3194.61,200,ok,api-2,
benchmark-api4-5000-c1000-005,005-REQ-000532,532,registro de prueba,2026-06-09T23:11:44.695907+00:00,2026-06-09T23:11:48.020088+00:00,3324.17,200,ok,api-4,
benchmark-api4-5000-c1000-005,005-REQ-000533,533,registro de prueba,2026-06-09T23:11:44.695939+00:00,2026-06-09T23:11:47.883376+00:00,3187.43,200,ok,api-1,
benchmark-api4-5000-c1000-005,005-REQ-000534,534,registro de prueba,2026-06-09T23:11:44.695972+00:00,2026-06-09T23:11:47.977224+00:00,3281.25,200,ok,api-2,
benchmark-api4-5000-c1000-005,005-REQ-000535,535,registro de prueba,2026-06-09T23:11:44.696006+00:00,2026-06-09T23:11:48.027158+00:00,3331.14,200,ok,api-4,
benchmark-api4-5000-c1000-005,005-REQ-000536,536,registro de prueba,2026-06-09T23:11:44.696039+00:00,2026-06-09T23:11:47.977012+00:00,3280.94,200,ok,api-3,
benchmark-api4-5000-c1000-005,005-REQ-000537,537,registro de prueba,2026-06-09T23:11:44.696071+00:00,2026-06-09T23:11:48.008123+00:00,3312.05,200,ok,api-4,
benchmark-api4-5000-c1000-005,005-REQ-000538,538,registro de prueba,2026-06-09T23:11:44.696108+00:00,2026-06-09T23:11:47.938847+00:00,3242.73,200,ok,api-1,
benchmark-api4-5000-c1000-005,005-REQ-000539,539,registro de prueba,2026-06-09T23:11:44.696139+00:00,2026-06-09T23:11:47.903697+00:00,3207.55,200,ok,api-2,
benchmark-api4-5000-c1000-005,005-REQ-000540,540,registro de prueba,2026-06-09T23:11:44.696172+00:00,2026-06-09T23:11:47.963096+00:00,3266.91,200,ok,api-3,
benchmark-api4-5000-c1000-005,005-REQ-000541,541,registro de prueba,2026-06-09T23:11:44.696204+00:00,2026-06-09T23:11:47.987409+00:00,3291.19,200,ok,api-1,
benchmark-api4-5000-c1000-005,005-REQ-000542,542,registro de prueba,2026-06-09T23:11:44.696235+00:00,2026-06-09T23:11:48.028708+00:00,3332.47,200,ok,api-2,
benchmark-api4-5000-c1000-005,005-REQ-000543,543,registro de prueba,2026-06-09T23:11:44.696271+00:00,2026-06-09T23:11:47.996523+00:00,3300.24,200,ok,api-4,
benchmark-api4-5000-c1000-005,005-REQ-000544,544,registro de prueba,2026-06-09T23:11:44.696334+00:00,2026-06-09T23:11:47.975001+00:00,3278.65,200,ok,api-1,
benchmark-api4-5000-c1000-005,005-REQ-000545,545,registro de prueba,2026-06-09T23:11:44.696366+00:00,2026-06-09T23:11:47.947038+00:00,3250.67,200,ok,api-2,
benchmark-api4-5000-c1000-005,005-REQ-000546,546,registro de prueba,2026-06-09T23:11:44.696396+00:00,2026-06-09T23:11:48.028519+00:00,3332.12,200,ok,api-3,
benchmark-api4-5000-c1000-005,005-REQ-000547,547,registro de prueba,2026-06-09T23:11:44.696428+00:00,2026-06-09T23:11:48.068716+00:00,3372.26,200,ok,api-4,
benchmark-api4-5000-c1000-005,005-REQ-000548,548,registro de prueba,2026-06-09T23:11:44.696460+00:00,2026-06-09T23:11:48.010392+00:00,3313.92,200,ok,api-1,
benchmark-api4-5000-c1000-005,005-REQ-000549,549,registro de prueba,2026-06-09T23:11:44.696495+00:00,2026-06-09T23:11:48.054947+00:00,3358.45,200,ok,api-3,
benchmark-api4-5000-c1000-005,005-REQ-000550,550,registro de prueba,2026-06-09T23:11:44.696530+00:00,2026-06-09T23:11:48.083716+00:00,3387.18,200,ok,api-4,
benchmark-api4-5000-c1000-005,005-REQ-000551,551,registro de prueba,2026-06-09T23:11:44.696566+00:00,2026-06-09T23:11:48.030168+00:00,3333.6,200,ok,api-1,
benchmark-api4-5000-c1000-005,005-REQ-000552,552,registro de prueba,2026-06-09T23:11:44.696598+00:00,2026-06-09T23:11:48.072243+00:00,3375.64,200,ok,api-3,
benchmark-api4-5000-c1000-005,005-REQ-000553,553,registro de prueba,2026-06-09T23:11:44.696630+00:00,2026-06-09T23:11:48.143497+00:00,3446.86,200,ok,api-4,
benchmark-api4-5000-c1000-005,005-REQ-000554,554,registro de prueba,2026-06-09T23:11:44.696660+00:00,2026-06-09T23:11:48.002360+00:00,3305.69,200,ok,api-2,
benchmark-api4-5000-c1000-005,005-REQ-000555,555,registro de prueba,2026-06-09T23:11:44.696693+00:00,2026-06-09T23:11:48.062287+00:00,3365.59,200,ok,api-1,
benchmark-api4-5000-c1000-005,005-REQ-000556,556,registro de prueba,2026-06-09T23:11:44.696723+00:00,2026-06-09T23:11:48.105184+00:00,3408.45,200,ok,api-2,
benchmark-api4-5000-c1000-005,005-REQ-000557,557,registro de prueba,2026-06-09T23:11:44.696755+00:00,2026-06-09T23:11:48.200437+00:00,3503.67,200,ok,api-3,
benchmark-api4-5000-c1000-005,005-REQ-000558,558,registro de prueba,2026-06-09T23:11:44.696788+00:00,2026-06-09T23:11:48.060434+00:00,3363.64,200,ok,api-4,
benchmark-api4-5000-c1000-005,005-REQ-000559,559,registro de prueba,2026-06-09T23:11:44.696826+00:00,2026-06-09T23:11:48.172484+00:00,3475.65,200,ok,api-2,
benchmark-api4-5000-c1000-005,005-REQ-000560,560,registro de prueba,2026-06-09T23:11:44.696858+00:00,2026-06-09T23:11:48.114192+00:00,3417.32,200,ok,api-3,
benchmark-api4-5000-c1000-005,005-REQ-000561,561,registro de prueba,2026-06-09T23:11:44.696892+00:00,2026-06-09T23:11:48.083198+00:00,3386.3,200,ok,api-1,
benchmark-api4-5000-c1000-005,005-REQ-000562,562,registro de prueba,2026-06-09T23:11:44.696923+00:00,2026-06-09T23:11:48.070542+00:00,3373.61,200,ok,api-1,
benchmark-api4-5000-c1000-005,005-REQ-000563,563,registro de prueba,2026-06-09T23:11:44.696957+00:00,2026-06-09T23:11:48.070214+00:00,3373.25,200,ok,api-2,
benchmark-api4-5000-c1000-005,005-REQ-000564,564,registro de prueba,2026-06-09T23:11:44.696990+00:00,2026-06-09T23:11:48.083441+00:00,3386.45,200,ok,api-2,
benchmark-api4-5000-c1000-005,005-REQ-000565,565,registro de prueba,2026-06-09T23:11:44.697022+00:00,2026-06-09T23:11:48.074160+00:00,3377.13,200,ok,api-3,
benchmark-api4-5000-c1000-005,005-REQ-000566,566,registro de prueba,2026-06-09T23:11:44.697059+00:00,2026-06-09T23:11:48.086041+00:00,3388.98,200,ok,api-1,
benchmark-api4-5000-c1000-005,005-REQ-000567,567,registro de prueba,2026-06-09T23:11:44.697092+00:00,2026-06-09T23:11:48.101628+00:00,3404.53,200,ok,api-4,
benchmark-api4-5000-c1000-005,005-REQ-000568,568,registro de prueba,2026-06-09T23:11:44.697123+00:00,2026-06-09T23:11:48.083552+00:00,3386.43,200,ok,api-3,
benchmark-api4-5000-c1000-005,005-REQ-000569,569,registro de prueba,2026-06-09T23:11:44.697157+00:00,2026-06-09T23:11:48.233092+00:00,3535.93,200,ok,api-1,
benchmark-api4-5000-c1000-005,005-REQ-000570,570,registro de prueba,2026-06-09T23:11:44.697191+00:00,2026-06-09T23:11:48.117262+00:00,3420.07,200,ok,api-2,
benchmark-api4-5000-c1000-005,005-REQ-000571,571,registro de prueba,2026-06-09T23:11:44.697225+00:00,2026-06-09T23:11:48.170119+00:00,3472.89,200,ok,api-3,
benchmark-api4-5000-c1000-005,005-REQ-000572,572,registro de prueba,2026-06-09T23:11:44.697257+00:00,2026-06-09T23:11:48.164964+00:00,3467.7,200,ok,api-4,
benchmark-api4-5000-c1000-005,005-REQ-000573,573,registro de prueba,2026-06-09T23:11:44.697289+00:00,2026-06-09T23:11:48.111039+00:00,3413.75,200,ok,api-3,
benchmark-api4-5000-c1000-005,005-REQ-000574,574,registro de prueba,2026-06-09T23:11:44.697323+00:00,2026-06-09T23:11:48.176604+00:00,3479.27,200,ok,api-1,
benchmark-api4-5000-c1000-005,005-REQ-000575,575,registro de prueba,2026-06-09T23:11:44.697359+00:00,2026-06-09T23:11:48.126591+00:00,3429.22,200,ok,api-2,
benchmark-api4-5000-c1000-005,005-REQ-000576,576,registro de prueba,2026-06-09T23:11:44.697392+00:00,2026-06-09T23:11:48.166492+00:00,3469.04,200,ok,api-4,
benchmark-api4-5000-c1000-005,005-REQ-000577,577,registro de prueba,2026-06-09T23:11:44.697688+00:00,2026-06-09T23:11:48.191588+00:00,3493.89,200,ok,api-2,
benchmark-api4-5000-c1000-005,005-REQ-000578,578,registro de prueba,2026-06-09T23:11:44.697752+00:00,2026-06-09T23:11:48.109885+00:00,3412.12,200,ok,api-3,
benchmark-api4-5000-c1000-005,005-REQ-000579,579,registro de prueba,2026-06-09T23:11:44.697792+00:00,2026-06-09T23:11:48.185453+00:00,3487.65,200,ok,api-2,
benchmark-api4-5000-c1000-005,005-REQ-000580,580,registro de prueba,2026-06-09T23:11:44.697830+00:00,2026-06-09T23:11:48.237548+00:00,3539.71,200,ok,api-4,
benchmark-api4-5000-c1000-005,005-REQ-000581,581,registro de prueba,2026-06-09T23:11:44.697868+00:00,2026-06-09T23:11:48.117016+00:00,3419.14,200,ok,api-1,
benchmark-api4-5000-c1000-005,005-REQ-000582,582,registro de prueba,2026-06-09T23:11:44.697901+00:00,2026-06-09T23:11:48.237638+00:00,3539.73,200,ok,api-4,
benchmark-api4-5000-c1000-005,005-REQ-000583,583,registro de prueba,2026-06-09T23:11:44.697942+00:00,2026-06-09T23:11:48.193309+00:00,3495.36,200,ok,api-1,
benchmark-api4-5000-c1000-005,005-REQ-000584,584,registro de prueba,2026-06-09T23:11:44.697976+00:00,2026-06-09T23:11:48.158291+00:00,3460.3,200,ok,api-4,
benchmark-api4-5000-c1000-005,005-REQ-000585,585,registro de prueba,2026-06-09T23:11:44.698008+00:00,2026-06-09T23:11:48.151081+00:00,3453.06,200,ok,api-2,
benchmark-api4-5000-c1000-005,005-REQ-000586,586,registro de prueba,2026-06-09T23:11:44.698042+00:00,2026-06-09T23:11:48.128792+00:00,3430.74,200,ok,api-2,
benchmark-api4-5000-c1000-005,005-REQ-000587,587,registro de prueba,2026-06-09T23:11:44.698076+00:00,2026-06-09T23:11:48.130737+00:00,3432.66,200,ok,api-3,
benchmark-api4-5000-c1000-005,005-REQ-000588,588,registro de prueba,2026-06-09T23:11:44.698108+00:00,2026-06-09T23:11:48.119480+00:00,3421.37,200,ok,api-4,
benchmark-api4-5000-c1000-005,005-REQ-000589,589,registro de prueba,2026-06-09T23:11:44.698146+00:00,2026-06-09T23:11:48.128526+00:00,3430.37,200,ok,api-1,
benchmark-api4-5000-c1000-005,005-REQ-000590,590,registro de prueba,2026-06-09T23:11:44.698181+00:00,2026-06-09T23:11:48.143299+00:00,3445.11,200,ok,api-2,
benchmark-api4-5000-c1000-005,005-REQ-000591,591,registro de prueba,2026-06-09T23:11:44.698295+00:00,2026-06-09T23:11:48.189628+00:00,3491.32,200,ok,api-3,
benchmark-api4-5000-c1000-005,005-REQ-000592,592,registro de prueba,2026-06-09T23:11:44.698334+00:00,2026-06-09T23:11:48.138902+00:00,3440.56,200,ok,api-4,
benchmark-api4-5000-c1000-005,005-REQ-000593,593,registro de prueba,2026-06-09T23:11:44.698369+00:00,2026-06-09T23:11:48.218347+00:00,3519.97,200,ok,api-1,
benchmark-api4-5000-c1000-005,005-REQ-000594,594,registro de prueba,2026-06-09T23:11:44.698406+00:00,2026-06-09T23:11:48.240056+00:00,3541.64,200,ok,api-2,
benchmark-api4-5000-c1000-005,005-REQ-000595,595,registro de prueba,2026-06-09T23:11:44.698438+00:00,2026-06-09T23:11:48.249817+00:00,3551.37,200,ok,api-3,
benchmark-api4-5000-c1000-005,005-REQ-000596,596,registro de prueba,2026-06-09T23:11:44.698473+00:00,2026-06-09T23:11:48.162787+00:00,3464.31,200,ok,api-4,
benchmark-api4-5000-c1000-005,005-REQ-000597,597,registro de prueba,2026-06-09T23:11:44.698509+00:00,2026-06-09T23:11:48.203207+00:00,3504.69,200,ok,api-1,
benchmark-api4-5000-c1000-005,005-REQ-000598,598,registro de prueba,2026-06-09T23:11:44.698544+00:00,2026-06-09T23:11:48.358485+00:00,3659.93,200,ok,api-2,
benchmark-api4-5000-c1000-005,005-REQ-000599,599,registro de prueba,2026-06-09T23:11:44.698580+00:00,2026-06-09T23:11:48.238514+00:00,3539.93,200,ok,api-4,
benchmark-api4-5000-c1000-005,005-REQ-000600,600,registro de prueba,2026-06-09T23:11:44.698616+00:00,2026-06-09T23:11:48.258142+00:00,3559.52,200,ok,api-1,
benchmark-api4-5000-c1000-005,005-REQ-000601,601,registro de prueba,2026-06-09T23:11:44.698650+00:00,2026-06-09T23:11:48.234821+00:00,3536.17,200,ok,api-2,
benchmark-api4-5000-c1000-005,005-REQ-000602,602,registro de prueba,2026-06-09T23:11:44.698686+00:00,2026-06-09T23:11:48.289946+00:00,3591.26,200,ok,api-4,
benchmark-api4-5000-c1000-005,005-REQ-000603,603,registro de prueba,2026-06-09T23:11:44.698723+00:00,2026-06-09T23:11:48.214530+00:00,3515.8,200,ok,api-2,
benchmark-api4-5000-c1000-005,005-REQ-000604,604,registro de prueba,2026-06-09T23:11:44.698759+00:00,2026-06-09T23:11:48.289493+00:00,3590.73,200,ok,api-3,
benchmark-api4-5000-c1000-005,005-REQ-000605,605,registro de prueba,2026-06-09T23:11:44.698794+00:00,2026-06-09T23:11:48.289869+00:00,3591.07,200,ok,api-1,
benchmark-api4-5000-c1000-005,005-REQ-000606,606,registro de prueba,2026-06-09T23:11:44.698825+00:00,2026-06-09T23:11:48.236317+00:00,3537.49,200,ok,api-2,
benchmark-api4-5000-c1000-005,005-REQ-000607,607,registro de prueba,2026-06-09T23:11:44.698860+00:00,2026-06-09T23:11:48.216638+00:00,3517.77,200,ok,api-3,
benchmark-api4-5000-c1000-005,005-REQ-000608,608,registro de prueba,2026-06-09T23:11:44.698893+00:00,2026-06-09T23:11:48.236959+00:00,3538.06,200,ok,api-4,
benchmark-api4-5000-c1000-005,005-REQ-000609,609,registro de prueba,2026-06-09T23:11:44.698930+00:00,2026-06-09T23:11:48.319857+00:00,3620.92,200,ok,api-2,
benchmark-api4-5000-c1000-005,005-REQ-000610,610,registro de prueba,2026-06-09T23:11:44.698966+00:00,2026-06-09T23:11:48.296427+00:00,3597.46,200,ok,api-1,
benchmark-api4-5000-c1000-005,005-REQ-000611,611,registro de prueba,2026-06-09T23:11:44.698997+00:00,2026-06-09T23:11:48.197791+00:00,3498.78,200,ok,api-3,
benchmark-api4-5000-c1000-005,005-REQ-000612,612,registro de prueba,2026-06-09T23:11:44.699030+00:00,2026-06-09T23:11:48.289631+00:00,3590.6,200,ok,api-4,
benchmark-api4-5000-c1000-005,005-REQ-000613,613,registro de prueba,2026-06-09T23:11:44.699066+00:00,2026-06-09T23:11:48.238617+00:00,3539.55,200,ok,api-1,
benchmark-api4-5000-c1000-005,005-REQ-000614,614,registro de prueba,2026-06-09T23:11:44.699109+00:00,2026-06-09T23:11:48.260697+00:00,3561.58,200,ok,api-2,
benchmark-api4-5000-c1000-005,005-REQ-000615,615,registro de prueba,2026-06-09T23:11:44.699146+00:00,2026-06-09T23:11:48.233989+00:00,3534.84,200,ok,api-4,
benchmark-api4-5000-c1000-005,005-REQ-000616,616,registro de prueba,2026-06-09T23:11:44.699182+00:00,2026-06-09T23:11:48.412129+00:00,3712.94,200,ok,api-2,
benchmark-api4-5000-c1000-005,005-REQ-000617,617,registro de prueba,2026-06-09T23:11:44.699217+00:00,2026-06-09T23:11:48.176805+00:00,3477.58,200,ok,api-3,
benchmark-api4-5000-c1000-005,005-REQ-000618,618,registro de prueba,2026-06-09T23:11:44.699254+00:00,2026-06-09T23:11:48.289222+00:00,3589.96,200,ok,api-4,
benchmark-api4-5000-c1000-005,005-REQ-000619,619,registro de prueba,2026-06-09T23:11:44.699287+00:00,2026-06-09T23:11:48.307564+00:00,3608.27,200,ok,api-1,
benchmark-api4-5000-c1000-005,005-REQ-000620,620,registro de prueba,2026-06-09T23:11:44.699319+00:00,2026-06-09T23:11:48.419050+00:00,3719.73,200,ok,api-2,
benchmark-api4-5000-c1000-005,005-REQ-000621,621,registro de prueba,2026-06-09T23:11:44.699351+00:00,2026-06-09T23:11:48.294221+00:00,3594.87,200,ok,api-4,
benchmark-api4-5000-c1000-005,005-REQ-000622,622,registro de prueba,2026-06-09T23:11:44.699387+00:00,2026-06-09T23:11:48.353607+00:00,3654.21,200,ok,api-1,
benchmark-api4-5000-c1000-005,005-REQ-000623,623,registro de prueba,2026-06-09T23:11:44.699442+00:00,2026-06-09T23:11:48.295359+00:00,3595.91,200,ok,api-2,
benchmark-api4-5000-c1000-005,005-REQ-000624,624,registro de prueba,2026-06-09T23:11:44.699478+00:00,2026-06-09T23:11:48.326723+00:00,3627.24,200,ok,api-3,
benchmark-api4-5000-c1000-005,005-REQ-000625,625,registro de prueba,2026-06-09T23:11:44.699509+00:00,2026-06-09T23:11:48.235558+00:00,3536.05,200,ok,api-4,
benchmark-api4-5000-c1000-005,005-REQ-000626,626,registro de prueba,2026-06-09T23:11:44.699540+00:00,2026-06-09T23:11:48.286985+00:00,3587.44,200,ok,api-1,
benchmark-api4-5000-c1000-005,005-REQ-000627,627,registro de prueba,2026-06-09T23:11:44.699575+00:00,2026-06-09T23:11:48.278336+00:00,3578.75,200,ok,api-3,
benchmark-api4-5000-c1000-005,005-REQ-000628,628,registro de prueba,2026-06-09T23:11:44.699612+00:00,2026-06-09T23:11:48.415936+00:00,3716.32,200,ok,api-2,
benchmark-api4-5000-c1000-005,005-REQ-000629,629,registro de prueba,2026-06-09T23:11:44.699649+00:00,2026-06-09T23:11:48.289739+00:00,3590.09,200,ok,api-4,
benchmark-api4-5000-c1000-005,005-REQ-000630,630,registro de prueba,2026-06-09T23:11:44.699682+00:00,2026-06-09T23:11:48.323821+00:00,3624.13,200,ok,api-1,
benchmark-api4-5000-c1000-005,005-REQ-000631,631,registro de prueba,2026-06-09T23:11:44.699715+00:00,2026-06-09T23:11:48.299597+00:00,3599.87,200,ok,api-3,
benchmark-api4-5000-c1000-005,005-REQ-000632,632,registro de prueba,2026-06-09T23:11:44.699747+00:00,2026-06-09T23:11:48.303984+00:00,3604.23,200,ok,api-4,
benchmark-api4-5000-c1000-005,005-REQ-000633,633,registro de prueba,2026-06-09T23:11:44.699778+00:00,2026-06-09T23:11:48.287233+00:00,3587.45,200,ok,api-1,
benchmark-api4-5000-c1000-005,005-REQ-000634,634,registro de prueba,2026-06-09T23:11:44.699811+00:00,2026-06-09T23:11:48.278084+00:00,3578.26,200,ok,api-2,
benchmark-api4-5000-c1000-005,005-REQ-000635,635,registro de prueba,2026-06-09T23:11:44.699850+00:00,2026-06-09T23:11:48.336376+00:00,3636.52,200,ok,api-4,
benchmark-api4-5000-c1000-005,005-REQ-000636,636,registro de prueba,2026-06-09T23:11:44.699882+00:00,2026-06-09T23:11:48.318731+00:00,3618.84,200,ok,api-1,
benchmark-api4-5000-c1000-005,005-REQ-000637,637,registro de prueba,2026-06-09T23:11:44.699916+00:00,2026-06-09T23:11:48.325693+00:00,3625.77,200,ok,api-3,
benchmark-api4-5000-c1000-005,005-REQ-000638,638,registro de prueba,2026-06-09T23:11:44.699953+00:00,2026-06-09T23:11:48.337549+00:00,3637.59,200,ok,api-3,
benchmark-api4-5000-c1000-005,005-REQ-000639,639,registro de prueba,2026-06-09T23:11:44.699988+00:00,2026-06-09T23:11:48.332955+00:00,3632.96,200,ok,api-4,
benchmark-api4-5000-c1000-005,005-REQ-000640,640,registro de prueba,2026-06-09T23:11:44.700023+00:00,2026-06-09T23:11:48.357100+00:00,3657.07,200,ok,api-1,
benchmark-api4-5000-c1000-005,005-REQ-000641,641,registro de prueba,2026-06-09T23:11:44.700055+00:00,2026-06-09T23:11:48.502785+00:00,3802.73,200,ok,api-1,
benchmark-api4-5000-c1000-005,005-REQ-000642,642,registro de prueba,2026-06-09T23:11:44.700091+00:00,2026-06-09T23:11:48.377801+00:00,3677.7,200,ok,api-1,
benchmark-api4-5000-c1000-005,005-REQ-000643,643,registro de prueba,2026-06-09T23:11:44.700125+00:00,2026-06-09T23:11:48.473061+00:00,3772.93,200,ok,api-2,
benchmark-api4-5000-c1000-005,005-REQ-000644,644,registro de prueba,2026-06-09T23:11:44.700156+00:00,2026-06-09T23:11:48.363682+00:00,3663.52,200,ok,api-3,
benchmark-api4-5000-c1000-005,005-REQ-000645,645,registro de prueba,2026-06-09T23:11:44.700187+00:00,2026-06-09T23:11:48.354910+00:00,3654.72,200,ok,api-3,
benchmark-api4-5000-c1000-005,005-REQ-000646,646,registro de prueba,2026-06-09T23:11:44.700220+00:00,2026-06-09T23:11:48.360689+00:00,3660.46,200,ok,api-4,
benchmark-api4-5000-c1000-005,005-REQ-000647,647,registro de prueba,2026-06-09T23:11:44.700252+00:00,2026-06-09T23:11:48.366548+00:00,3666.29,200,ok,api-1,
benchmark-api4-5000-c1000-005,005-REQ-000648,648,registro de prueba,2026-06-09T23:11:44.700282+00:00,2026-06-09T23:11:48.416845+00:00,3716.56,200,ok,api-2,
benchmark-api4-5000-c1000-005,005-REQ-000649,649,registro de prueba,2026-06-09T23:11:44.700323+00:00,2026-06-09T23:11:48.373267+00:00,3672.93,200,ok,api-3,
benchmark-api4-5000-c1000-005,005-REQ-000650,650,registro de prueba,2026-06-09T23:11:44.700356+00:00,2026-06-09T23:11:48.409895+00:00,3709.53,200,ok,api-4,
benchmark-api4-5000-c1000-005,005-REQ-000651,651,registro de prueba,2026-06-09T23:11:44.700392+00:00,2026-06-09T23:11:48.500719+00:00,3800.32,200,ok,api-2,
benchmark-api4-5000-c1000-005,005-REQ-000652,652,registro de prueba,2026-06-09T23:11:44.700427+00:00,2026-06-09T23:11:48.366680+00:00,3666.25,200,ok,api-3,
benchmark-api4-5000-c1000-005,005-REQ-000653,653,registro de prueba,2026-06-09T23:11:44.700459+00:00,2026-06-09T23:11:48.471927+00:00,3771.46,200,ok,api-4,
benchmark-api4-5000-c1000-005,005-REQ-000654,654,registro de prueba,2026-06-09T23:11:44.700492+00:00,2026-06-09T23:11:48.375554+00:00,3675.06,200,ok,api-1,
benchmark-api4-5000-c1000-005,005-REQ-000655,655,registro de prueba,2026-06-09T23:11:44.700530+00:00,2026-06-09T23:11:48.406879+00:00,3706.34,200,ok,api-4,
benchmark-api4-5000-c1000-005,005-REQ-000656,656,registro de prueba,2026-06-09T23:11:44.700562+00:00,2026-06-09T23:11:48.366378+00:00,3665.81,200,ok,api-3,
benchmark-api4-5000-c1000-005,005-REQ-000657,657,registro de prueba,2026-06-09T23:11:44.700596+00:00,2026-06-09T23:11:48.430917+00:00,3730.31,200,ok,api-1,
benchmark-api4-5000-c1000-005,005-REQ-000658,658,registro de prueba,2026-06-09T23:11:44.700632+00:00,2026-06-09T23:11:48.535092+00:00,3834.45,200,ok,api-2,
benchmark-api4-5000-c1000-005,005-REQ-000659,659,registro de prueba,2026-06-09T23:11:44.700664+00:00,2026-06-09T23:11:48.452937+00:00,3752.27,200,ok,api-4,
benchmark-api4-5000-c1000-005,005-REQ-000660,660,registro de prueba,2026-06-09T23:11:44.700698+00:00,2026-06-09T23:11:48.446458+00:00,3745.75,200,ok,api-1,
benchmark-api4-5000-c1000-005,005-REQ-000661,661,registro de prueba,2026-06-09T23:11:44.700729+00:00,2026-06-09T23:11:48.542567+00:00,3841.83,200,ok,api-2,
benchmark-api4-5000-c1000-005,005-REQ-000662,662,registro de prueba,2026-06-09T23:11:44.700764+00:00,2026-06-09T23:11:48.384383+00:00,3683.61,200,ok,api-3,
benchmark-api4-5000-c1000-005,005-REQ-000663,663,registro de prueba,2026-06-09T23:11:44.700797+00:00,2026-06-09T23:11:48.412303+00:00,3711.5,200,ok,api-4,
benchmark-api4-5000-c1000-005,005-REQ-000664,664,registro de prueba,2026-06-09T23:11:44.700829+00:00,2026-06-09T23:11:48.500864+00:00,3800.03,200,ok,api-1,
benchmark-api4-5000-c1000-005,005-REQ-000665,665,registro de prueba,2026-06-09T23:11:44.700863+00:00,2026-06-09T23:11:48.378851+00:00,3677.98,200,ok,api-3,
benchmark-api4-5000-c1000-005,005-REQ-000666,666,registro de prueba,2026-06-09T23:11:44.700900+00:00,2026-06-09T23:11:48.450421+00:00,3749.52,200,ok,api-1,
benchmark-api4-5000-c1000-005,005-REQ-000667,667,registro de prueba,2026-06-09T23:11:44.700934+00:00,2026-06-09T23:11:48.452808+00:00,3751.87,200,ok,api-4,
benchmark-api4-5000-c1000-005,005-REQ-000668,668,registro de prueba,2026-06-09T23:11:44.700972+00:00,2026-06-09T23:11:48.560368+00:00,3859.39,200,ok,api-2,
benchmark-api4-5000-c1000-005,005-REQ-000669,669,registro de prueba,2026-06-09T23:11:44.701007+00:00,2026-06-09T23:11:48.537203+00:00,3836.19,200,ok,api-1,
benchmark-api4-5000-c1000-005,005-REQ-000670,670,registro de prueba,2026-06-09T23:11:44.701043+00:00,2026-06-09T23:11:48.525927+00:00,3824.88,200,ok,api-4,
benchmark-api4-5000-c1000-005,005-REQ-000671,671,registro de prueba,2026-06-09T23:11:44.701073+00:00,2026-06-09T23:11:48.375279+00:00,3674.2,200,ok,api-3,
benchmark-api4-5000-c1000-005,005-REQ-000672,672,registro de prueba,2026-06-09T23:11:44.701106+00:00,2026-06-09T23:11:48.571732+00:00,3870.62,200,ok,api-2,
benchmark-api4-5000-c1000-005,005-REQ-000673,673,registro de prueba,2026-06-09T23:11:44.701139+00:00,2026-06-09T23:11:48.556551+00:00,3855.4,200,ok,api-2,
benchmark-api4-5000-c1000-005,005-REQ-000674,674,registro de prueba,2026-06-09T23:11:44.701173+00:00,2026-06-09T23:11:48.489229+00:00,3788.05,200,ok,api-1,
benchmark-api4-5000-c1000-005,005-REQ-000675,675,registro de prueba,2026-06-09T23:11:44.701208+00:00,2026-06-09T23:11:48.593540+00:00,3892.32,200,ok,api-4,
benchmark-api4-5000-c1000-005,005-REQ-000676,676,registro de prueba,2026-06-09T23:11:44.701245+00:00,2026-06-09T23:11:48.499614+00:00,3798.36,200,ok,api-1,
benchmark-api4-5000-c1000-005,005-REQ-000677,677,registro de prueba,2026-06-09T23:11:44.701276+00:00,2026-06-09T23:11:48.538145+00:00,3836.86,200,ok,api-2,
benchmark-api4-5000-c1000-005,005-REQ-000678,678,registro de prueba,2026-06-09T23:11:44.701311+00:00,2026-06-09T23:11:48.488092+00:00,3786.77,200,ok,api-3,
benchmark-api4-5000-c1000-005,005-REQ-000679,679,registro de prueba,2026-06-09T23:11:44.701346+00:00,2026-06-09T23:11:48.515950+00:00,3814.6,200,ok,api-4,
benchmark-api4-5000-c1000-005,005-REQ-000680,680,registro de prueba,2026-06-09T23:11:44.701382+00:00,2026-06-09T23:11:48.579541+00:00,3878.15,200,ok,api-1,
benchmark-api4-5000-c1000-005,005-REQ-000681,681,registro de prueba,2026-06-09T23:11:44.701426+00:00,2026-06-09T23:11:48.536215+00:00,3834.78,200,ok,api-2,
benchmark-api4-5000-c1000-005,005-REQ-000682,682,registro de prueba,2026-06-09T23:11:44.701465+00:00,2026-06-09T23:11:48.461570+00:00,3760.1,200,ok,api-3,
benchmark-api4-5000-c1000-005,005-REQ-000683,683,registro de prueba,2026-06-09T23:11:44.701500+00:00,2026-06-09T23:11:48.577377+00:00,3875.87,200,ok,api-4,
benchmark-api4-5000-c1000-005,005-REQ-000684,684,registro de prueba,2026-06-09T23:11:44.701532+00:00,2026-06-09T23:11:48.652384+00:00,3950.85,200,ok,api-1,
benchmark-api4-5000-c1000-005,005-REQ-000685,685,registro de prueba,2026-06-09T23:11:44.701568+00:00,2026-06-09T23:11:48.479414+00:00,3777.84,200,ok,api-3,
benchmark-api4-5000-c1000-005,005-REQ-000686,686,registro de prueba,2026-06-09T23:11:44.701603+00:00,2026-06-09T23:11:48.571535+00:00,3869.92,200,ok,api-2,
benchmark-api4-5000-c1000-005,005-REQ-000687,687,registro de prueba,2026-06-09T23:11:44.701637+00:00,2026-06-09T23:11:48.563377+00:00,3861.73,200,ok,api-2,
benchmark-api4-5000-c1000-005,005-REQ-000688,688,registro de prueba,2026-06-09T23:11:44.701681+00:00,2026-06-09T23:11:48.502124+00:00,3800.44,200,ok,api-3,
benchmark-api4-5000-c1000-005,005-REQ-000689,689,registro de prueba,2026-06-09T23:11:44.701719+00:00,2026-06-09T23:11:48.625760+00:00,3924.02,200,ok,api-4,
benchmark-api4-5000-c1000-005,005-REQ-000690,690,registro de prueba,2026-06-09T23:11:44.701753+00:00,2026-06-09T23:11:48.622188+00:00,3920.42,200,ok,api-1,
benchmark-api4-5000-c1000-005,005-REQ-000691,691,registro de prueba,2026-06-09T23:11:44.701789+00:00,2026-06-09T23:11:48.566212+00:00,3864.42,200,ok,api-2,
benchmark-api4-5000-c1000-005,005-REQ-000692,692,registro de prueba,2026-06-09T23:11:44.701820+00:00,2026-06-09T23:11:48.492417+00:00,3790.59,200,ok,api-3,
benchmark-api4-5000-c1000-005,005-REQ-000693,693,registro de prueba,2026-06-09T23:11:44.701853+00:00,2026-06-09T23:11:48.646795+00:00,3944.93,200,ok,api-4,
benchmark-api4-5000-c1000-005,005-REQ-000694,694,registro de prueba,2026-06-09T23:11:44.701884+00:00,2026-06-09T23:11:48.571845+00:00,3869.96,200,ok,api-2,
benchmark-api4-5000-c1000-005,005-REQ-000695,695,registro de prueba,2026-06-09T23:11:44.701919+00:00,2026-06-09T23:11:48.575867+00:00,3873.94,200,ok,api-4,
benchmark-api4-5000-c1000-005,005-REQ-000696,696,registro de prueba,2026-06-09T23:11:44.701949+00:00,2026-06-09T23:11:48.490928+00:00,3788.97,200,ok,api-3,
benchmark-api4-5000-c1000-005,005-REQ-000697,697,registro de prueba,2026-06-09T23:11:44.701986+00:00,2026-06-09T23:11:48.570085+00:00,3868.09,200,ok,api-2,
benchmark-api4-5000-c1000-005,005-REQ-000698,698,registro de prueba,2026-06-09T23:11:44.702020+00:00,2026-06-09T23:11:48.786377+00:00,4084.34,200,ok,api-1,
benchmark-api4-5000-c1000-005,005-REQ-000699,699,registro de prueba,2026-06-09T23:11:44.702053+00:00,2026-06-09T23:11:48.714422+00:00,4012.36,200,ok,api-2,
benchmark-api4-5000-c1000-005,005-REQ-000700,700,registro de prueba,2026-06-09T23:11:44.702086+00:00,2026-06-09T23:11:48.710249+00:00,4008.16,200,ok,api-3,
benchmark-api4-5000-c1000-005,005-REQ-000701,701,registro de prueba,2026-06-09T23:11:44.702121+00:00,2026-06-09T23:11:48.791235+00:00,4089.11,200,ok,api-1,
benchmark-api4-5000-c1000-005,005-REQ-000702,702,registro de prueba,2026-06-09T23:11:44.702157+00:00,2026-06-09T23:11:48.722310+00:00,4020.14,200,ok,api-1,
benchmark-api4-5000-c1000-005,005-REQ-000703,703,registro de prueba,2026-06-09T23:11:44.702190+00:00,2026-06-09T23:11:48.647121+00:00,3944.93,200,ok,api-3,
benchmark-api4-5000-c1000-005,005-REQ-000704,704,registro de prueba,2026-06-09T23:11:44.702224+00:00,2026-06-09T23:11:48.650712+00:00,3948.48,200,ok,api-4,
benchmark-api4-5000-c1000-005,005-REQ-000705,705,registro de prueba,2026-06-09T23:11:44.702253+00:00,2026-06-09T23:11:48.791518+00:00,4089.26,200,ok,api-1,
benchmark-api4-5000-c1000-005,005-REQ-000706,706,registro de prueba,2026-06-09T23:11:44.702286+00:00,2026-06-09T23:11:48.679374+00:00,3977.08,200,ok,api-4,
benchmark-api4-5000-c1000-005,005-REQ-000707,707,registro de prueba,2026-06-09T23:11:44.702320+00:00,2026-06-09T23:11:48.794095+00:00,4091.77,200,ok,api-1,
benchmark-api4-5000-c1000-005,005-REQ-000708,708,registro de prueba,2026-06-09T23:11:44.702357+00:00,2026-06-09T23:11:48.682401+00:00,3980.04,200,ok,api-2,
benchmark-api4-5000-c1000-005,005-REQ-000709,709,registro de prueba,2026-06-09T23:11:44.702391+00:00,2026-06-09T23:11:48.628777+00:00,3926.38,200,ok,api-3,
benchmark-api4-5000-c1000-005,005-REQ-000710,710,registro de prueba,2026-06-09T23:11:44.702424+00:00,2026-06-09T23:11:48.699877+00:00,3997.44,200,ok,api-4,
benchmark-api4-5000-c1000-005,005-REQ-000711,711,registro de prueba,2026-06-09T23:11:44.702456+00:00,2026-06-09T23:11:48.709115+00:00,4006.65,200,ok,api-2,
benchmark-api4-5000-c1000-005,005-REQ-000712,712,registro de prueba,2026-06-09T23:11:44.702492+00:00,2026-06-09T23:11:48.759184+00:00,4056.68,200,ok,api-3,
benchmark-api4-5000-c1000-005,005-REQ-000713,713,registro de prueba,2026-06-09T23:11:44.702527+00:00,2026-06-09T23:11:48.766644+00:00,4064.11,200,ok,api-1,
benchmark-api4-5000-c1000-005,005-REQ-000714,714,registro de prueba,2026-06-09T23:11:44.702564+00:00,2026-06-09T23:11:48.761087+00:00,4058.52,200,ok,api-2,
benchmark-api4-5000-c1000-005,005-REQ-000715,715,registro de prueba,2026-06-09T23:11:44.702597+00:00,2026-06-09T23:11:48.738869+00:00,4036.26,200,ok,api-1,
benchmark-api4-5000-c1000-005,005-REQ-000716,716,registro de prueba,2026-06-09T23:11:44.702632+00:00,2026-06-09T23:11:48.683159+00:00,3980.52,200,ok,api-2,
benchmark-api4-5000-c1000-005,005-REQ-000717,717,registro de prueba,2026-06-09T23:11:44.702664+00:00,2026-06-09T23:11:48.686244+00:00,3983.57,200,ok,api-4,
benchmark-api4-5000-c1000-005,005-REQ-000718,718,registro de prueba,2026-06-09T23:11:44.702697+00:00,2026-06-09T23:11:48.806548+00:00,4103.84,200,ok,api-1,
benchmark-api4-5000-c1000-005,005-REQ-000719,719,registro de prueba,2026-06-09T23:11:44.702733+00:00,2026-06-09T23:11:48.715769+00:00,4013.03,200,ok,api-2,
benchmark-api4-5000-c1000-005,005-REQ-000720,720,registro de prueba,2026-06-09T23:11:44.702764+00:00,2026-06-09T23:11:48.676759+00:00,3973.98,200,ok,api-3,
benchmark-api4-5000-c1000-005,005-REQ-000721,721,registro de prueba,2026-06-09T23:11:44.702798+00:00,2026-06-09T23:11:48.744996+00:00,4042.19,200,ok,api-4,
benchmark-api4-5000-c1000-005,005-REQ-000722,722,registro de prueba,2026-06-09T23:11:44.702829+00:00,2026-06-09T23:11:48.745757+00:00,4042.92,200,ok,api-2,
benchmark-api4-5000-c1000-005,005-REQ-000723,723,registro de prueba,2026-06-09T23:11:44.702864+00:00,2026-06-09T23:11:48.889103+00:00,4186.23,200,ok,api-1,
benchmark-api4-5000-c1000-005,005-REQ-000724,724,registro de prueba,2026-06-09T23:11:44.702898+00:00,2026-06-09T23:11:48.743053+00:00,4040.14,200,ok,api-4,
benchmark-api4-5000-c1000-005,005-REQ-000725,725,registro de prueba,2026-06-09T23:11:44.702931+00:00,2026-06-09T23:11:48.743290+00:00,4040.36,200,ok,api-3,
benchmark-api4-5000-c1000-005,005-REQ-000726,726,registro de prueba,2026-06-09T23:11:44.702963+00:00,2026-06-09T23:11:48.796807+00:00,4093.84,200,ok,api-2,
benchmark-api4-5000-c1000-005,005-REQ-000727,727,registro de prueba,2026-06-09T23:11:44.703000+00:00,2026-06-09T23:11:48.770070+00:00,4067.06,200,ok,api-4,
benchmark-api4-5000-c1000-005,005-REQ-000728,728,registro de prueba,2026-06-09T23:11:44.703036+00:00,2026-06-09T23:11:48.876538+00:00,4173.5,200,ok,api-1,
benchmark-api4-5000-c1000-005,005-REQ-000729,729,registro de prueba,2026-06-09T23:11:44.703075+00:00,2026-06-09T23:11:48.796136+00:00,4093.06,200,ok,api-3,
benchmark-api4-5000-c1000-005,005-REQ-000730,730,registro de prueba,2026-06-09T23:11:44.703107+00:00,2026-06-09T23:11:48.800988+00:00,4097.87,200,ok,api-2,
benchmark-api4-5000-c1000-005,005-REQ-000731,731,registro de prueba,2026-06-09T23:11:44.703142+00:00,2026-06-09T23:11:48.878927+00:00,4175.78,200,ok,api-1,
benchmark-api4-5000-c1000-005,005-REQ-000732,732,registro de prueba,2026-06-09T23:11:44.703174+00:00,2026-06-09T23:11:48.746452+00:00,4043.27,200,ok,api-3,
benchmark-api4-5000-c1000-005,005-REQ-000733,733,registro de prueba,2026-06-09T23:11:44.703209+00:00,2026-06-09T23:11:48.776704+00:00,4073.48,200,ok,api-4,
benchmark-api4-5000-c1000-005,005-REQ-000734,734,registro de prueba,2026-06-09T23:11:44.703245+00:00,2026-06-09T23:11:48.845922+00:00,4142.67,200,ok,api-1,
benchmark-api4-5000-c1000-005,005-REQ-000735,735,registro de prueba,2026-06-09T23:11:44.703279+00:00,2026-06-09T23:11:48.970983+00:00,4267.7,200,ok,api-1,
benchmark-api4-5000-c1000-005,005-REQ-000736,736,registro de prueba,2026-06-09T23:11:44.703314+00:00,2026-06-09T23:11:48.905332+00:00,4202.01,200,ok,api-4,
benchmark-api4-5000-c1000-005,005-REQ-000737,737,registro de prueba,2026-06-09T23:11:44.703345+00:00,2026-06-09T23:11:48.825291+00:00,4121.94,200,ok,api-2,
benchmark-api4-5000-c1000-005,005-REQ-000738,738,registro de prueba,2026-06-09T23:11:44.703380+00:00,2026-06-09T23:11:48.794353+00:00,4090.97,200,ok,api-3,
benchmark-api4-5000-c1000-005,005-REQ-000739,739,registro de prueba,2026-06-09T23:11:44.703411+00:00,2026-06-09T23:11:48.860477+00:00,4157.05,200,ok,api-2,
benchmark-api4-5000-c1000-005,005-REQ-000740,740,registro de prueba,2026-06-09T23:11:44.703494+00:00,2026-06-09T23:11:48.789027+00:00,4085.52,200,ok,api-3,
benchmark-api4-5000-c1000-005,005-REQ-000741,741,registro de prueba,2026-06-09T23:11:44.703533+00:00,2026-06-09T23:11:48.897156+00:00,4193.62,200,ok,api-4,
benchmark-api4-5000-c1000-005,005-REQ-000742,742,registro de prueba,2026-06-09T23:11:44.703574+00:00,2026-06-09T23:11:49.002942+00:00,4299.36,200,ok,api-1,
benchmark-api4-5000-c1000-005,005-REQ-000743,743,registro de prueba,2026-06-09T23:11:44.703615+00:00,2026-06-09T23:11:48.927715+00:00,4224.09,200,ok,api-2,
benchmark-api4-5000-c1000-005,005-REQ-000744,744,registro de prueba,2026-06-09T23:11:44.703652+00:00,2026-06-09T23:11:48.794242+00:00,4090.59,200,ok,api-3,
benchmark-api4-5000-c1000-005,005-REQ-000745,745,registro de prueba,2026-06-09T23:11:44.703688+00:00,2026-06-09T23:11:48.886167+00:00,4182.47,200,ok,api-4,
benchmark-api4-5000-c1000-005,005-REQ-000746,746,registro de prueba,2026-06-09T23:11:44.703721+00:00,2026-06-09T23:11:48.878681+00:00,4174.95,200,ok,api-1,
benchmark-api4-5000-c1000-005,005-REQ-000747,747,registro de prueba,2026-06-09T23:11:44.703756+00:00,2026-06-09T23:11:48.900729+00:00,4196.97,200,ok,api-2,
benchmark-api4-5000-c1000-005,005-REQ-000748,748,registro de prueba,2026-06-09T23:11:44.703791+00:00,2026-06-09T23:11:48.823493+00:00,4119.69,200,ok,api-3,
benchmark-api4-5000-c1000-005,005-REQ-000749,749,registro de prueba,2026-06-09T23:11:44.703825+00:00,2026-06-09T23:11:48.883695+00:00,4179.86,200,ok,api-4,
benchmark-api4-5000-c1000-005,005-REQ-000750,750,registro de prueba,2026-06-09T23:11:44.703858+00:00,2026-06-09T23:11:48.983123+00:00,4279.25,200,ok,api-1,
benchmark-api4-5000-c1000-005,005-REQ-000751,751,registro de prueba,2026-06-09T23:11:44.703894+00:00,2026-06-09T23:11:48.962262+00:00,4258.34,200,ok,api-2,
benchmark-api4-5000-c1000-005,005-REQ-000752,752,registro de prueba,2026-06-09T23:11:44.703927+00:00,2026-06-09T23:11:48.829752+00:00,4125.81,200,ok,api-3,
benchmark-api4-5000-c1000-005,005-REQ-000753,753,registro de prueba,2026-06-09T23:11:44.703964+00:00,2026-06-09T23:11:48.988796+00:00,4284.82,200,ok,api-1,
benchmark-api4-5000-c1000-005,005-REQ-000754,754,registro de prueba,2026-06-09T23:11:44.703997+00:00,2026-06-09T23:11:48.898513+00:00,4194.51,200,ok,api-2,
benchmark-api4-5000-c1000-005,005-REQ-000755,755,registro de prueba,2026-06-09T23:11:44.704035+00:00,2026-06-09T23:11:48.883961+00:00,4179.92,200,ok,api-4,
benchmark-api4-5000-c1000-005,005-REQ-000756,756,registro de prueba,2026-06-09T23:11:44.704067+00:00,2026-06-09T23:11:48.937805+00:00,4233.73,200,ok,api-3,
benchmark-api4-5000-c1000-005,005-REQ-000757,757,registro de prueba,2026-06-09T23:11:44.704105+00:00,2026-06-09T23:11:48.831006+00:00,4126.89,200,ok,api-1,
benchmark-api4-5000-c1000-005,005-REQ-000758,758,registro de prueba,2026-06-09T23:11:44.704143+00:00,2026-06-09T23:11:48.926399+00:00,4222.25,200,ok,api-2,
benchmark-api4-5000-c1000-005,005-REQ-000759,759,registro de prueba,2026-06-09T23:11:44.704173+00:00,2026-06-09T23:11:48.853118+00:00,4148.93,200,ok,api-3,
benchmark-api4-5000-c1000-005,005-REQ-000760,760,registro de prueba,2026-06-09T23:11:44.704208+00:00,2026-06-09T23:11:48.854454+00:00,4150.24,200,ok,api-4,
benchmark-api4-5000-c1000-005,005-REQ-000761,761,registro de prueba,2026-06-09T23:11:44.707822+00:00,2026-06-09T23:11:48.879030+00:00,4171.2,200,ok,api-1,
benchmark-api4-5000-c1000-005,005-REQ-000762,762,registro de prueba,2026-06-09T23:11:44.707891+00:00,2026-06-09T23:11:48.964520+00:00,4256.62,200,ok,api-2,
benchmark-api4-5000-c1000-005,005-REQ-000763,763,registro de prueba,2026-06-09T23:11:44.707929+00:00,2026-06-09T23:11:48.854631+00:00,4146.7,200,ok,api-3,
benchmark-api4-5000-c1000-005,005-REQ-000764,764,registro de prueba,2026-06-09T23:11:44.707963+00:00,2026-06-09T23:11:48.921719+00:00,4213.66,200,ok,api-1,
benchmark-api4-5000-c1000-005,005-REQ-000765,765,registro de prueba,2026-06-09T23:11:44.708005+00:00,2026-06-09T23:11:48.920325+00:00,4212.32,200,ok,api-3,
benchmark-api4-5000-c1000-005,005-REQ-000766,766,registro de prueba,2026-06-09T23:11:44.708044+00:00,2026-06-09T23:11:48.914571+00:00,4206.52,200,ok,api-4,
benchmark-api4-5000-c1000-005,005-REQ-000767,767,registro de prueba,2026-06-09T23:11:44.708083+00:00,2026-06-09T23:11:48.930262+00:00,4222.17,200,ok,api-4,
benchmark-api4-5000-c1000-005,005-REQ-000768,768,registro de prueba,2026-06-09T23:11:44.708117+00:00,2026-06-09T23:11:48.861951+00:00,4153.83,200,ok,api-2,
benchmark-api4-5000-c1000-005,005-REQ-000769,769,registro de prueba,2026-06-09T23:11:44.708152+00:00,2026-06-09T23:11:48.990399+00:00,4282.24,200,ok,api-1,
benchmark-api4-5000-c1000-005,005-REQ-000770,770,registro de prueba,2026-06-09T23:11:44.708187+00:00,2026-06-09T23:11:48.876280+00:00,4168.08,200,ok,api-2,
benchmark-api4-5000-c1000-005,005-REQ-000771,771,registro de prueba,2026-06-09T23:11:44.708224+00:00,2026-06-09T23:11:48.865498+00:00,4157.27,200,ok,api-3,
benchmark-api4-5000-c1000-005,005-REQ-000772,772,registro de prueba,2026-06-09T23:11:44.708260+00:00,2026-06-09T23:11:48.943332+00:00,4235.06,200,ok,api-3,
benchmark-api4-5000-c1000-005,005-REQ-000773,773,registro de prueba,2026-06-09T23:11:44.708303+00:00,2026-06-09T23:11:48.868952+00:00,4160.55,200,ok,api-4,
benchmark-api4-5000-c1000-005,005-REQ-000774,774,registro de prueba,2026-06-09T23:11:44.708335+00:00,2026-06-09T23:11:48.905100+00:00,4196.75,200,ok,api-1,
benchmark-api4-5000-c1000-005,005-REQ-000775,775,registro de prueba,2026-06-09T23:11:44.708372+00:00,2026-06-09T23:11:48.865207+00:00,4156.82,200,ok,api-2,
benchmark-api4-5000-c1000-005,005-REQ-000776,776,registro de prueba,2026-06-09T23:11:44.708405+00:00,2026-06-09T23:11:48.937351+00:00,4228.93,200,ok,api-3,
benchmark-api4-5000-c1000-005,005-REQ-000777,777,registro de prueba,2026-06-09T23:11:44.708439+00:00,2026-06-09T23:11:48.964915+00:00,4256.47,200,ok,api-1,
benchmark-api4-5000-c1000-005,005-REQ-000778,778,registro de prueba,2026-06-09T23:11:44.708473+00:00,2026-06-09T23:11:48.927990+00:00,4219.51,200,ok,api-4,
benchmark-api4-5000-c1000-005,005-REQ-000779,779,registro de prueba,2026-06-09T23:11:44.708509+00:00,2026-06-09T23:11:48.933392+00:00,4224.87,200,ok,api-4,
benchmark-api4-5000-c1000-005,005-REQ-000780,780,registro de prueba,2026-06-09T23:11:44.708543+00:00,2026-06-09T23:11:48.919170+00:00,4210.62,200,ok,api-3,
benchmark-api4-5000-c1000-005,005-REQ-000781,781,registro de prueba,2026-06-09T23:11:44.708580+00:00,2026-06-09T23:11:49.019311+00:00,4310.72,200,ok,api-2,
benchmark-api4-5000-c1000-005,005-REQ-000782,782,registro de prueba,2026-06-09T23:11:44.708619+00:00,2026-06-09T23:11:48.924434+00:00,4215.81,200,ok,api-1,
benchmark-api4-5000-c1000-005,005-REQ-000783,783,registro de prueba,2026-06-09T23:11:44.708655+00:00,2026-06-09T23:11:48.905459+00:00,4196.8,200,ok,api-3,
benchmark-api4-5000-c1000-005,005-REQ-000784,784,registro de prueba,2026-06-09T23:11:44.708762+00:00,2026-06-09T23:11:48.971150+00:00,4262.38,200,ok,api-4,
benchmark-api4-5000-c1000-005,005-REQ-000785,785,registro de prueba,2026-06-09T23:11:44.708811+00:00,2026-06-09T23:11:48.967647+00:00,4258.83,200,ok,api-3,
benchmark-api4-5000-c1000-005,005-REQ-000786,786,registro de prueba,2026-06-09T23:11:44.708849+00:00,2026-06-09T23:11:49.052750+00:00,4343.89,200,ok,api-1,
benchmark-api4-5000-c1000-005,005-REQ-000787,787,registro de prueba,2026-06-09T23:11:44.708886+00:00,2026-06-09T23:11:49.054343+00:00,4345.45,200,ok,api-4,
benchmark-api4-5000-c1000-005,005-REQ-000788,788,registro de prueba,2026-06-09T23:11:44.708918+00:00,2026-06-09T23:11:49.037933+00:00,4329.01,200,ok,api-1,
benchmark-api4-5000-c1000-005,005-REQ-000789,789,registro de prueba,2026-06-09T23:11:44.708961+00:00,2026-06-09T23:11:49.070398+00:00,4361.43,200,ok,api-2,
benchmark-api4-5000-c1000-005,005-REQ-000790,790,registro de prueba,2026-06-09T23:11:44.708993+00:00,2026-06-09T23:11:48.983468+00:00,4274.47,200,ok,api-2,
benchmark-api4-5000-c1000-005,005-REQ-000791,791,registro de prueba,2026-06-09T23:11:44.709025+00:00,2026-06-09T23:11:48.967442+00:00,4258.41,200,ok,api-3,
benchmark-api4-5000-c1000-005,005-REQ-000792,792,registro de prueba,2026-06-09T23:11:44.709061+00:00,2026-06-09T23:11:48.954153+00:00,4245.08,200,ok,api-4,
benchmark-api4-5000-c1000-005,005-REQ-000793,793,registro de prueba,2026-06-09T23:11:44.709101+00:00,2026-06-09T23:11:49.019840+00:00,4310.73,200,ok,api-1,
benchmark-api4-5000-c1000-005,005-REQ-000794,794,registro de prueba,2026-06-09T23:11:44.709133+00:00,2026-06-09T23:11:48.967233+00:00,4258.09,200,ok,api-3,
benchmark-api4-5000-c1000-005,005-REQ-000795,795,registro de prueba,2026-06-09T23:11:44.709171+00:00,2026-06-09T23:11:49.005685+00:00,4296.51,200,ok,api-2,
benchmark-api4-5000-c1000-005,005-REQ-000796,796,registro de prueba,2026-06-09T23:11:44.709207+00:00,2026-06-09T23:11:49.026165+00:00,4316.95,200,ok,api-1,
benchmark-api4-5000-c1000-005,005-REQ-000797,797,registro de prueba,2026-06-09T23:11:44.709247+00:00,2026-06-09T23:11:49.009905+00:00,4300.65,200,ok,api-2,
benchmark-api4-5000-c1000-005,005-REQ-000798,798,registro de prueba,2026-06-09T23:11:44.709278+00:00,2026-06-09T23:11:49.042952+00:00,4333.67,200,ok,api-3,
benchmark-api4-5000-c1000-005,005-REQ-000799,799,registro de prueba,2026-06-09T23:11:44.709316+00:00,2026-06-09T23:11:48.983367+00:00,4274.05,200,ok,api-4,
benchmark-api4-5000-c1000-005,005-REQ-000800,800,registro de prueba,2026-06-09T23:11:44.709347+00:00,2026-06-09T23:11:49.085475+00:00,4376.12,200,ok,api-3,
benchmark-api4-5000-c1000-005,005-REQ-000801,801,registro de prueba,2026-06-09T23:11:44.709378+00:00,2026-06-09T23:11:49.011305+00:00,4301.92,200,ok,api-2,
benchmark-api4-5000-c1000-005,005-REQ-000802,802,registro de prueba,2026-06-09T23:11:44.709411+00:00,2026-06-09T23:11:49.056395+00:00,4346.98,200,ok,api-1,
benchmark-api4-5000-c1000-005,005-REQ-000803,803,registro de prueba,2026-06-09T23:11:44.709444+00:00,2026-06-09T23:11:49.075690+00:00,4366.24,200,ok,api-1,
benchmark-api4-5000-c1000-005,005-REQ-000804,804,registro de prueba,2026-06-09T23:11:44.709482+00:00,2026-06-09T23:11:49.054146+00:00,4344.66,200,ok,api-1,
benchmark-api4-5000-c1000-005,005-REQ-000805,805,registro de prueba,2026-06-09T23:11:44.709519+00:00,2026-06-09T23:11:49.019573+00:00,4310.05,200,ok,api-2,
benchmark-api4-5000-c1000-005,005-REQ-000806,806,registro de prueba,2026-06-09T23:11:44.709555+00:00,2026-06-09T23:11:49.063262+00:00,4353.7,200,ok,api-3,
benchmark-api4-5000-c1000-005,005-REQ-000807,807,registro de prueba,2026-06-09T23:11:44.709591+00:00,2026-06-09T23:11:48.990203+00:00,4280.61,200,ok,api-4,
benchmark-api4-5000-c1000-005,005-REQ-000808,808,registro de prueba,2026-06-09T23:11:44.709626+00:00,2026-06-09T23:11:49.072208+00:00,4362.58,200,ok,api-2,
benchmark-api4-5000-c1000-005,005-REQ-000809,809,registro de prueba,2026-06-09T23:11:44.709658+00:00,2026-06-09T23:11:49.048482+00:00,4338.82,200,ok,api-4,
benchmark-api4-5000-c1000-005,005-REQ-000810,810,registro de prueba,2026-06-09T23:11:44.709690+00:00,2026-06-09T23:11:49.077967+00:00,4368.27,200,ok,api-3,
benchmark-api4-5000-c1000-005,005-REQ-000811,811,registro de prueba,2026-06-09T23:11:44.709725+00:00,2026-06-09T23:11:49.041516+00:00,4331.78,200,ok,api-1,
benchmark-api4-5000-c1000-005,005-REQ-000812,812,registro de prueba,2026-06-09T23:11:44.709762+00:00,2026-06-09T23:11:49.011194+00:00,4301.43,200,ok,api-4,
benchmark-api4-5000-c1000-005,005-REQ-000813,813,registro de prueba,2026-06-09T23:11:44.709796+00:00,2026-06-09T23:11:49.070237+00:00,4360.43,200,ok,api-3,
benchmark-api4-5000-c1000-005,005-REQ-000814,814,registro de prueba,2026-06-09T23:11:44.709829+00:00,2026-06-09T23:11:49.045426+00:00,4335.59,200,ok,api-4,
benchmark-api4-5000-c1000-005,005-REQ-000815,815,registro de prueba,2026-06-09T23:11:44.709861+00:00,2026-06-09T23:11:49.072125+00:00,4362.26,200,ok,api-2,
benchmark-api4-5000-c1000-005,005-REQ-000816,816,registro de prueba,2026-06-09T23:11:44.709893+00:00,2026-06-09T23:11:49.071866+00:00,4361.97,200,ok,api-1,
benchmark-api4-5000-c1000-005,005-REQ-000817,817,registro de prueba,2026-06-09T23:11:44.709926+00:00,2026-06-09T23:11:48.999683+00:00,4289.69,200,ok,api-3,
benchmark-api4-5000-c1000-005,005-REQ-000818,818,registro de prueba,2026-06-09T23:11:44.709960+00:00,2026-06-09T23:11:49.111818+00:00,4401.85,200,ok,api-4,
benchmark-api4-5000-c1000-005,005-REQ-000819,819,registro de prueba,2026-06-09T23:11:44.709995+00:00,2026-06-09T23:11:49.075891+00:00,4365.89,200,ok,api-1,
benchmark-api4-5000-c1000-005,005-REQ-000820,820,registro de prueba,2026-06-09T23:11:44.710025+00:00,2026-06-09T23:11:49.085615+00:00,4375.59,200,ok,api-2,
benchmark-api4-5000-c1000-005,005-REQ-000821,821,registro de prueba,2026-06-09T23:11:44.710064+00:00,2026-06-09T23:11:49.028032+00:00,4317.96,200,ok,api-3,
benchmark-api4-5000-c1000-005,005-REQ-000822,822,registro de prueba,2026-06-09T23:11:44.710098+00:00,2026-06-09T23:11:48.996460+00:00,4286.35,200,ok,api-4,
benchmark-api4-5000-c1000-005,005-REQ-000823,823,registro de prueba,2026-06-09T23:11:44.710128+00:00,2026-06-09T23:11:49.067019+00:00,4356.88,200,ok,api-1,
benchmark-api4-5000-c1000-005,005-REQ-000824,824,registro de prueba,2026-06-09T23:11:44.710160+00:00,2026-06-09T23:11:49.101246+00:00,4391.08,200,ok,api-2,
benchmark-api4-5000-c1000-005,005-REQ-000825,825,registro de prueba,2026-06-09T23:11:44.710198+00:00,2026-06-09T23:11:49.134624+00:00,4424.42,200,ok,api-4,
benchmark-api4-5000-c1000-005,005-REQ-000826,826,registro de prueba,2026-06-09T23:11:44.710231+00:00,2026-06-09T23:11:49.029134+00:00,4318.9,200,ok,api-3,
benchmark-api4-5000-c1000-005,005-REQ-000827,827,registro de prueba,2026-06-09T23:11:44.710263+00:00,2026-06-09T23:11:49.102318+00:00,4392.05,200,ok,api-2,
benchmark-api4-5000-c1000-005,005-REQ-000828,828,registro de prueba,2026-06-09T23:11:44.710301+00:00,2026-06-09T23:11:49.004207+00:00,4293.9,200,ok,api-3,
benchmark-api4-5000-c1000-005,005-REQ-000829,829,registro de prueba,2026-06-09T23:11:44.710331+00:00,2026-06-09T23:11:49.205976+00:00,4495.64,200,ok,api-1,
benchmark-api4-5000-c1000-005,005-REQ-000830,830,registro de prueba,2026-06-09T23:11:44.710360+00:00,2026-06-09T23:11:49.055972+00:00,4345.61,200,ok,api-3,
benchmark-api4-5000-c1000-005,005-REQ-000831,831,registro de prueba,2026-06-09T23:11:44.710391+00:00,2026-06-09T23:11:49.269585+00:00,4559.18,200,ok,api-1,
benchmark-api4-5000-c1000-005,005-REQ-000832,832,registro de prueba,2026-06-09T23:11:44.710423+00:00,2026-06-09T23:11:49.132558+00:00,4422.13,200,ok,api-4,
benchmark-api4-5000-c1000-005,005-REQ-000833,833,registro de prueba,2026-06-09T23:11:44.710456+00:00,2026-06-09T23:11:49.159194+00:00,4448.73,200,ok,api-2,
benchmark-api4-5000-c1000-005,005-REQ-000834,834,registro de prueba,2026-06-09T23:11:44.710488+00:00,2026-06-09T23:11:49.124043+00:00,4413.54,200,ok,api-4,
benchmark-api4-5000-c1000-005,005-REQ-000835,835,registro de prueba,2026-06-09T23:11:44.710523+00:00,2026-06-09T23:11:49.186317+00:00,4475.79,200,ok,api-2,
benchmark-api4-5000-c1000-005,005-REQ-000836,836,registro de prueba,2026-06-09T23:11:44.710558+00:00,2026-06-09T23:11:49.138102+00:00,4427.53,200,ok,api-3,
benchmark-api4-5000-c1000-005,005-REQ-000837,837,registro de prueba,2026-06-09T23:11:44.710591+00:00,2026-06-09T23:11:49.186549+00:00,4475.95,200,ok,api-2,
benchmark-api4-5000-c1000-005,005-REQ-000838,838,registro de prueba,2026-06-09T23:11:44.710625+00:00,2026-06-09T23:11:49.405759+00:00,4695.13,200,ok,api-1,
benchmark-api4-5000-c1000-005,005-REQ-000839,839,registro de prueba,2026-06-09T23:11:44.710657+00:00,2026-06-09T23:11:49.112112+00:00,4401.45,200,ok,api-4,
benchmark-api4-5000-c1000-005,005-REQ-000840,840,registro de prueba,2026-06-09T23:11:44.710687+00:00,2026-06-09T23:11:49.155972+00:00,4445.28,200,ok,api-3,
benchmark-api4-5000-c1000-005,005-REQ-000841,841,registro de prueba,2026-06-09T23:11:44.710721+00:00,2026-06-09T23:11:49.594466+00:00,4883.73,200,ok,api-1,
benchmark-api4-5000-c1000-005,005-REQ-000842,842,registro de prueba,2026-06-09T23:11:44.710768+00:00,2026-06-09T23:11:49.157692+00:00,4446.92,200,ok,api-2,
benchmark-api4-5000-c1000-005,005-REQ-000843,843,registro de prueba,2026-06-09T23:11:44.710802+00:00,2026-06-09T23:11:49.127420+00:00,4416.6,200,ok,api-3,
benchmark-api4-5000-c1000-005,005-REQ-000844,844,registro de prueba,2026-06-09T23:11:44.710838+00:00,2026-06-09T23:11:49.209529+00:00,4498.68,200,ok,api-4,
benchmark-api4-5000-c1000-005,005-REQ-000845,845,registro de prueba,2026-06-09T23:11:44.710872+00:00,2026-06-09T23:11:49.459870+00:00,4748.99,200,ok,api-1,
benchmark-api4-5000-c1000-005,005-REQ-000846,846,registro de prueba,2026-06-09T23:11:44.710906+00:00,2026-06-09T23:11:49.185000+00:00,4474.08,200,ok,api-3,
benchmark-api4-5000-c1000-005,005-REQ-000847,847,registro de prueba,2026-06-09T23:11:44.710936+00:00,2026-06-09T23:11:49.235668+00:00,4524.73,200,ok,api-4,
benchmark-api4-5000-c1000-005,005-REQ-000848,848,registro de prueba,2026-06-09T23:11:44.710968+00:00,2026-06-09T23:11:49.218633+00:00,4507.65,200,ok,api-2,
benchmark-api4-5000-c1000-005,005-REQ-000849,849,registro de prueba,2026-06-09T23:11:44.711002+00:00,2026-06-09T23:11:49.596038+00:00,4885.03,200,ok,api-1,
benchmark-api4-5000-c1000-005,005-REQ-000850,850,registro de prueba,2026-06-09T23:11:44.711036+00:00,2026-06-09T23:11:49.233088+00:00,4522.05,200,ok,api-3,
benchmark-api4-5000-c1000-005,005-REQ-000851,851,registro de prueba,2026-06-09T23:11:44.711069+00:00,2026-06-09T23:11:49.470896+00:00,4759.82,200,ok,api-1,
benchmark-api4-5000-c1000-005,005-REQ-000852,852,registro de prueba,2026-06-09T23:11:44.711102+00:00,2026-06-09T23:11:49.255365+00:00,4544.25,200,ok,api-4,
benchmark-api4-5000-c1000-005,005-REQ-000853,853,registro de prueba,2026-06-09T23:11:44.711138+00:00,2026-06-09T23:11:49.145320+00:00,4434.17,200,ok,api-2,
benchmark-api4-5000-c1000-005,005-REQ-000854,854,registro de prueba,2026-06-09T23:11:44.711169+00:00,2026-06-09T23:11:49.290482+00:00,4579.3,200,ok,api-4,
benchmark-api4-5000-c1000-005,005-REQ-000855,855,registro de prueba,2026-06-09T23:11:44.711204+00:00,2026-06-09T23:11:49.637120+00:00,4925.9,200,ok,api-1,
benchmark-api4-5000-c1000-005,005-REQ-000856,856,registro de prueba,2026-06-09T23:11:44.711238+00:00,2026-06-09T23:11:49.240320+00:00,4529.07,200,ok,api-3,
benchmark-api4-5000-c1000-005,005-REQ-000857,857,registro de prueba,2026-06-09T23:11:44.711272+00:00,2026-06-09T23:11:49.293813+00:00,4582.53,200,ok,api-4,
benchmark-api4-5000-c1000-005,005-REQ-000858,858,registro de prueba,2026-06-09T23:11:44.711305+00:00,2026-06-09T23:11:49.389141+00:00,4677.83,200,ok,api-1,
benchmark-api4-5000-c1000-005,005-REQ-000859,859,registro de prueba,2026-06-09T23:11:44.711337+00:00,2026-06-09T23:11:49.234125+00:00,4522.78,200,ok,api-2,
benchmark-api4-5000-c1000-005,005-REQ-000860,860,registro de prueba,2026-06-09T23:11:44.711370+00:00,2026-06-09T23:11:49.266223+00:00,4554.84,200,ok,api-3,
benchmark-api4-5000-c1000-005,005-REQ-000861,861,registro de prueba,2026-06-09T23:11:44.711403+00:00,2026-06-09T23:11:49.231885+00:00,4520.47,200,ok,api-2,
benchmark-api4-5000-c1000-005,005-REQ-000862,862,registro de prueba,2026-06-09T23:11:44.711436+00:00,2026-06-09T23:11:49.351140+00:00,4639.69,200,ok,api-3,
benchmark-api4-5000-c1000-005,005-REQ-000863,863,registro de prueba,2026-06-09T23:11:44.711469+00:00,2026-06-09T23:11:49.495343+00:00,4783.87,200,ok,api-1,
benchmark-api4-5000-c1000-005,005-REQ-000864,864,registro de prueba,2026-06-09T23:11:44.711499+00:00,2026-06-09T23:11:49.486133+00:00,4774.63,200,ok,api-1,
benchmark-api4-5000-c1000-005,005-REQ-000865,865,registro de prueba,2026-06-09T23:11:44.711534+00:00,2026-06-09T23:11:49.560119+00:00,4848.58,200,ok,api-2,
benchmark-api4-5000-c1000-005,005-REQ-000866,866,registro de prueba,2026-06-09T23:11:44.711567+00:00,2026-06-09T23:11:49.396366+00:00,4684.79,200,ok,api-4,
benchmark-api4-5000-c1000-005,005-REQ-000867,867,registro de prueba,2026-06-09T23:11:44.711598+00:00,2026-06-09T23:11:49.334508+00:00,4622.9,200,ok,api-2,
benchmark-api4-5000-c1000-005,005-REQ-000868,868,registro de prueba,2026-06-09T23:11:44.711628+00:00,2026-06-09T23:11:49.361963+00:00,4650.33,200,ok,api-3,
benchmark-api4-5000-c1000-005,005-REQ-000869,869,registro de prueba,2026-06-09T23:11:44.711663+00:00,2026-06-09T23:11:49.561915+00:00,4850.24,200,ok,api-1,
benchmark-api4-5000-c1000-005,005-REQ-000870,870,registro de prueba,2026-06-09T23:11:44.711702+00:00,2026-06-09T23:11:49.282774+00:00,4571.06,200,ok,api-4,
benchmark-api4-5000-c1000-005,005-REQ-000871,871,registro de prueba,2026-06-09T23:11:44.711735+00:00,2026-06-09T23:11:49.340261+00:00,4628.51,200,ok,api-3,
benchmark-api4-5000-c1000-005,005-REQ-000872,872,registro de prueba,2026-06-09T23:11:44.711778+00:00,2026-06-09T23:11:49.370015+00:00,4658.23,200,ok,api-4,
benchmark-api4-5000-c1000-005,005-REQ-000873,873,registro de prueba,2026-06-09T23:11:44.711812+00:00,2026-06-09T23:11:49.630550+00:00,4918.73,200,ok,api-1,
benchmark-api4-5000-c1000-005,005-REQ-000874,874,registro de prueba,2026-06-09T23:11:44.711843+00:00,2026-06-09T23:11:49.532186+00:00,4820.33,200,ok,api-3,
benchmark-api4-5000-c1000-005,005-REQ-000875,875,registro de prueba,2026-06-09T23:11:44.711877+00:00,2026-06-09T23:11:49.552152+00:00,4840.27,200,ok,api-2,
benchmark-api4-5000-c1000-005,005-REQ-000876,876,registro de prueba,2026-06-09T23:11:44.711910+00:00,2026-06-09T23:11:49.387879+00:00,4675.97,200,ok,api-1,
benchmark-api4-5000-c1000-005,005-REQ-000877,877,registro de prueba,2026-06-09T23:11:44.711941+00:00,2026-06-09T23:11:49.361126+00:00,4649.18,200,ok,api-2,
benchmark-api4-5000-c1000-005,005-REQ-000878,878,registro de prueba,2026-06-09T23:11:44.711977+00:00,2026-06-09T23:11:49.344048+00:00,4632.06,200,ok,api-4,
benchmark-api4-5000-c1000-005,005-REQ-000879,879,registro de prueba,2026-06-09T23:11:44.712010+00:00,2026-06-09T23:11:49.457660+00:00,4745.64,200,ok,api-2,
benchmark-api4-5000-c1000-005,005-REQ-000880,880,registro de prueba,2026-06-09T23:11:44.712042+00:00,2026-06-09T23:11:49.540733+00:00,4828.51,200,ok,api-4,
benchmark-api4-5000-c1000-005,005-REQ-000881,881,registro de prueba,2026-06-09T23:11:44.712074+00:00,2026-06-09T23:11:49.448405+00:00,4736.32,200,ok,api-3,
benchmark-api4-5000-c1000-005,005-REQ-000882,882,registro de prueba,2026-06-09T23:11:44.712105+00:00,2026-06-09T23:11:49.380420+00:00,4668.31,200,ok,api-2,
benchmark-api4-5000-c1000-005,005-REQ-000883,883,registro de prueba,2026-06-09T23:11:44.712139+00:00,2026-06-09T23:11:49.462979+00:00,4750.83,200,ok,api-4,
benchmark-api4-5000-c1000-005,005-REQ-000884,884,registro de prueba,2026-06-09T23:11:44.712176+00:00,2026-06-09T23:11:49.412701+00:00,4700.52,200,ok,api-1,
benchmark-api4-5000-c1000-005,005-REQ-000885,885,registro de prueba,2026-06-09T23:11:44.712208+00:00,2026-06-09T23:11:49.506729+00:00,4794.51,200,ok,api-3,
benchmark-api4-5000-c1000-005,005-REQ-000886,886,registro de prueba,2026-06-09T23:11:44.712239+00:00,2026-06-09T23:11:49.363207+00:00,4650.96,200,ok,api-4,
benchmark-api4-5000-c1000-005,005-REQ-000887,887,registro de prueba,2026-06-09T23:11:44.712273+00:00,2026-06-09T23:11:49.495054+00:00,4782.78,200,ok,api-2,
benchmark-api4-5000-c1000-005,005-REQ-000888,888,registro de prueba,2026-06-09T23:11:44.712309+00:00,2026-06-09T23:11:49.553122+00:00,4840.81,200,ok,api-1,
benchmark-api4-5000-c1000-005,005-REQ-000889,889,registro de prueba,2026-06-09T23:11:44.712343+00:00,2026-06-09T23:11:49.454578+00:00,4742.21,200,ok,api-3,
benchmark-api4-5000-c1000-005,005-REQ-000890,890,registro de prueba,2026-06-09T23:11:44.712374+00:00,2026-06-09T23:11:49.582923+00:00,4870.54,200,ok,api-1,
benchmark-api4-5000-c1000-005,005-REQ-000891,891,registro de prueba,2026-06-09T23:11:44.712408+00:00,2026-06-09T23:11:49.416469+00:00,4704.06,200,ok,api-4,
benchmark-api4-5000-c1000-005,005-REQ-000892,892,registro de prueba,2026-06-09T23:11:44.712442+00:00,2026-06-09T23:11:49.460084+00:00,4747.64,200,ok,api-3,
benchmark-api4-5000-c1000-005,005-REQ-000893,893,registro de prueba,2026-06-09T23:11:44.712476+00:00,2026-06-09T23:11:49.569177+00:00,4856.69,200,ok,api-2,
benchmark-api4-5000-c1000-005,005-REQ-000894,894,registro de prueba,2026-06-09T23:11:44.712509+00:00,2026-06-09T23:11:49.547547+00:00,4835.03,200,ok,api-3,
benchmark-api4-5000-c1000-005,005-REQ-000895,895,registro de prueba,2026-06-09T23:11:44.712599+00:00,2026-06-09T23:11:49.395241+00:00,4682.63,200,ok,api-4,
benchmark-api4-5000-c1000-005,005-REQ-000896,896,registro de prueba,2026-06-09T23:11:44.712633+00:00,2026-06-09T23:11:49.460213+00:00,4747.58,200,ok,api-1,
benchmark-api4-5000-c1000-005,005-REQ-000897,897,registro de prueba,2026-06-09T23:11:44.712667+00:00,2026-06-09T23:11:49.598118+00:00,4885.44,200,ok,api-2,
benchmark-api4-5000-c1000-005,005-REQ-000898,898,registro de prueba,2026-06-09T23:11:44.712700+00:00,2026-06-09T23:11:49.451133+00:00,4738.42,200,ok,api-3,
benchmark-api4-5000-c1000-005,005-REQ-000899,899,registro de prueba,2026-06-09T23:11:44.712775+00:00,2026-06-09T23:11:49.470600+00:00,4757.81,200,ok,api-4,
benchmark-api4-5000-c1000-005,005-REQ-000900,900,registro de prueba,2026-06-09T23:11:44.712814+00:00,2026-06-09T23:11:49.403678+00:00,4690.84,200,ok,api-1,
benchmark-api4-5000-c1000-005,005-REQ-000901,901,registro de prueba,2026-06-09T23:11:44.713087+00:00,2026-06-09T23:11:49.465683+00:00,4752.58,200,ok,api-1,
benchmark-api4-5000-c1000-005,005-REQ-000902,902,registro de prueba,2026-06-09T23:11:44.713162+00:00,2026-06-09T23:11:49.534434+00:00,4821.27,200,ok,api-3,
benchmark-api4-5000-c1000-005,005-REQ-000903,903,registro de prueba,2026-06-09T23:11:44.713208+00:00,2026-06-09T23:11:49.387653+00:00,4674.43,200,ok,api-1,
benchmark-api4-5000-c1000-005,005-REQ-000904,904,registro de prueba,2026-06-09T23:11:44.713253+00:00,2026-06-09T23:11:49.503788+00:00,4790.53,200,ok,api-3,
benchmark-api4-5000-c1000-005,005-REQ-000905,905,registro de prueba,2026-06-09T23:11:44.713290+00:00,2026-06-09T23:11:49.489761+00:00,4776.46,200,ok,api-2,
benchmark-api4-5000-c1000-005,005-REQ-000906,906,registro de prueba,2026-06-09T23:11:44.713329+00:00,2026-06-09T23:11:49.618889+00:00,4905.55,200,ok,api-1,
benchmark-api4-5000-c1000-005,005-REQ-000907,907,registro de prueba,2026-06-09T23:11:44.713367+00:00,2026-06-09T23:11:49.491520+00:00,4778.15,200,ok,api-2,
benchmark-api4-5000-c1000-005,005-REQ-000908,908,registro de prueba,2026-06-09T23:11:44.713406+00:00,2026-06-09T23:11:49.525777+00:00,4812.36,200,ok,api-3,
benchmark-api4-5000-c1000-005,005-REQ-000909,909,registro de prueba,2026-06-09T23:11:44.713444+00:00,2026-06-09T23:11:49.416210+00:00,4702.76,200,ok,api-1,
benchmark-api4-5000-c1000-005,005-REQ-000910,910,registro de prueba,2026-06-09T23:11:44.713484+00:00,2026-06-09T23:11:49.446353+00:00,4732.86,200,ok,api-4,
benchmark-api4-5000-c1000-005,005-REQ-000911,911,registro de prueba,2026-06-09T23:11:44.713521+00:00,2026-06-09T23:11:49.418311+00:00,4704.79,200,ok,api-4,
benchmark-api4-5000-c1000-005,005-REQ-000912,912,registro de prueba,2026-06-09T23:11:44.713558+00:00,2026-06-09T23:11:49.610316+00:00,4896.75,200,ok,api-1,
benchmark-api4-5000-c1000-005,005-REQ-000913,913,registro de prueba,2026-06-09T23:11:44.713594+00:00,2026-06-09T23:11:49.508289+00:00,4794.69,200,ok,api-3,
benchmark-api4-5000-c1000-005,005-REQ-000914,914,registro de prueba,2026-06-09T23:11:44.713628+00:00,2026-06-09T23:11:49.415120+00:00,4701.48,200,ok,api-4,
benchmark-api4-5000-c1000-005,005-REQ-000915,915,registro de prueba,2026-06-09T23:11:44.713662+00:00,2026-06-09T23:11:49.358680+00:00,4645.01,200,ok,api-2,
benchmark-api4-5000-c1000-005,005-REQ-000916,916,registro de prueba,2026-06-09T23:11:44.713698+00:00,2026-06-09T23:11:49.433435+00:00,4719.73,200,ok,api-1,
benchmark-api4-5000-c1000-005,005-REQ-000917,917,registro de prueba,2026-06-09T23:11:44.713732+00:00,2026-06-09T23:11:49.492934+00:00,4779.2,200,ok,api-2,
benchmark-api4-5000-c1000-005,005-REQ-000918,918,registro de prueba,2026-06-09T23:11:44.713767+00:00,2026-06-09T23:11:49.390788+00:00,4677.01,200,ok,api-4,
benchmark-api4-5000-c1000-005,005-REQ-000919,919,registro de prueba,2026-06-09T23:11:44.713802+00:00,2026-06-09T23:11:49.634550+00:00,4920.74,200,ok,api-1,
benchmark-api4-5000-c1000-005,005-REQ-000920,920,registro de prueba,2026-06-09T23:11:44.713835+00:00,2026-06-09T23:11:49.532442+00:00,4818.6,200,ok,api-2,
benchmark-api4-5000-c1000-005,005-REQ-000921,921,registro de prueba,2026-06-09T23:11:44.713876+00:00,2026-06-09T23:11:49.364696+00:00,4650.81,200,ok,api-3,
benchmark-api4-5000-c1000-005,005-REQ-000922,922,registro de prueba,2026-06-09T23:11:44.713913+00:00,2026-06-09T23:11:49.640168+00:00,4926.25,200,ok,api-1,
benchmark-api4-5000-c1000-005,005-REQ-000923,923,registro de prueba,2026-06-09T23:11:44.713952+00:00,2026-06-09T23:11:49.493123+00:00,4779.17,200,ok,api-3,
benchmark-api4-5000-c1000-005,005-REQ-000924,924,registro de prueba,2026-06-09T23:11:44.713988+00:00,2026-06-09T23:11:49.616533+00:00,4902.53,200,ok,api-1,
benchmark-api4-5000-c1000-005,005-REQ-000925,925,registro de prueba,2026-06-09T23:11:44.714021+00:00,2026-06-09T23:11:49.483721+00:00,4769.69,200,ok,api-4,
benchmark-api4-5000-c1000-005,005-REQ-000926,926,registro de prueba,2026-06-09T23:11:44.714054+00:00,2026-06-09T23:11:49.550444+00:00,4836.38,200,ok,api-3,
benchmark-api4-5000-c1000-005,005-REQ-000927,927,registro de prueba,2026-06-09T23:11:44.714088+00:00,2026-06-09T23:11:49.438028+00:00,4723.93,200,ok,api-2,
benchmark-api4-5000-c1000-005,005-REQ-000928,928,registro de prueba,2026-06-09T23:11:44.714124+00:00,2026-06-09T23:11:49.563049+00:00,4848.92,200,ok,api-2,
benchmark-api4-5000-c1000-005,005-REQ-000929,929,registro de prueba,2026-06-09T23:11:44.714156+00:00,2026-06-09T23:11:49.536245+00:00,4822.08,200,ok,api-4,
benchmark-api4-5000-c1000-005,005-REQ-000930,930,registro de prueba,2026-06-09T23:11:44.714190+00:00,2026-06-09T23:11:49.639773+00:00,4925.58,200,ok,api-1,
benchmark-api4-5000-c1000-005,005-REQ-000931,931,registro de prueba,2026-06-09T23:11:44.714224+00:00,2026-06-09T23:11:49.644910+00:00,4930.68,200,ok,api-2,
benchmark-api4-5000-c1000-005,005-REQ-000932,932,registro de prueba,2026-06-09T23:11:44.714258+00:00,2026-06-09T23:11:49.487588+00:00,4773.32,200,ok,api-3,
benchmark-api4-5000-c1000-005,005-REQ-000933,933,registro de prueba,2026-06-09T23:11:44.714293+00:00,2026-06-09T23:11:49.638747+00:00,4924.45,200,ok,api-4,
benchmark-api4-5000-c1000-005,005-REQ-000934,934,registro de prueba,2026-06-09T23:11:44.714328+00:00,2026-06-09T23:11:49.654567+00:00,4940.23,200,ok,api-1,
benchmark-api4-5000-c1000-005,005-REQ-000935,935,registro de prueba,2026-06-09T23:11:44.714361+00:00,2026-06-09T23:11:49.566473+00:00,4852.11,200,ok,api-2,
benchmark-api4-5000-c1000-005,005-REQ-000936,936,registro de prueba,2026-06-09T23:11:44.714394+00:00,2026-06-09T23:11:49.586333+00:00,4871.93,200,ok,api-3,
benchmark-api4-5000-c1000-005,005-REQ-000937,937,registro de prueba,2026-06-09T23:11:44.714427+00:00,2026-06-09T23:11:49.537315+00:00,4822.88,200,ok,api-4,
benchmark-api4-5000-c1000-005,005-REQ-000938,938,registro de prueba,2026-06-09T23:11:44.714462+00:00,2026-06-09T23:11:49.645926+00:00,4931.46,200,ok,api-1,
benchmark-api4-5000-c1000-005,005-REQ-000939,939,registro de prueba,2026-06-09T23:11:44.714501+00:00,2026-06-09T23:11:49.688697+00:00,4974.14,200,ok,api-2,
benchmark-api4-5000-c1000-005,005-REQ-000940,940,registro de prueba,2026-06-09T23:11:44.714537+00:00,2026-06-09T23:11:49.664526+00:00,4949.98,200,ok,api-3,
benchmark-api4-5000-c1000-005,005-REQ-000941,941,registro de prueba,2026-06-09T23:11:44.714573+00:00,2026-06-09T23:11:49.639444+00:00,4924.86,200,ok,api-4,
benchmark-api4-5000-c1000-005,005-REQ-000942,942,registro de prueba,2026-06-09T23:11:44.714608+00:00,2026-06-09T23:11:49.703104+00:00,4988.49,200,ok,api-1,
benchmark-api4-5000-c1000-005,005-REQ-000943,943,registro de prueba,2026-06-09T23:11:44.714646+00:00,2026-06-09T23:11:49.681281+00:00,4966.61,200,ok,api-3,
benchmark-api4-5000-c1000-005,005-REQ-000944,944,registro de prueba,2026-06-09T23:11:44.714677+00:00,2026-06-09T23:11:49.697008+00:00,4982.32,200,ok,api-2,
benchmark-api4-5000-c1000-005,005-REQ-000945,945,registro de prueba,2026-06-09T23:11:44.714725+00:00,2026-06-09T23:11:49.722021+00:00,5007.29,200,ok,api-1,
benchmark-api4-5000-c1000-005,005-REQ-000946,946,registro de prueba,2026-06-09T23:11:44.714761+00:00,2026-06-09T23:11:49.720943+00:00,5006.18,200,ok,api-4,
benchmark-api4-5000-c1000-005,005-REQ-000947,947,registro de prueba,2026-06-09T23:11:44.714795+00:00,2026-06-09T23:11:49.666198+00:00,4951.39,200,ok,api-2,
benchmark-api4-5000-c1000-005,005-REQ-000948,948,registro de prueba,2026-06-09T23:11:44.714831+00:00,2026-06-09T23:11:49.706053+00:00,4991.21,200,ok,api-3,
benchmark-api4-5000-c1000-005,005-REQ-000949,949,registro de prueba,2026-06-09T23:11:44.714865+00:00,2026-06-09T23:11:49.735880+00:00,5021.01,200,ok,api-1,
benchmark-api4-5000-c1000-005,005-REQ-000950,950,registro de prueba,2026-06-09T23:11:44.714899+00:00,2026-06-09T23:11:49.707720+00:00,4992.81,200,ok,api-2,
benchmark-api4-5000-c1000-005,005-REQ-000951,951,registro de prueba,2026-06-09T23:11:44.714934+00:00,2026-06-09T23:11:49.686560+00:00,4971.62,200,ok,api-3,
benchmark-api4-5000-c1000-005,005-REQ-000952,952,registro de prueba,2026-06-09T23:11:44.714968+00:00,2026-06-09T23:11:49.819680+00:00,5104.7,200,ok,api-1,
benchmark-api4-5000-c1000-005,005-REQ-000953,953,registro de prueba,2026-06-09T23:11:44.715002+00:00,2026-06-09T23:11:49.722129+00:00,5007.12,200,ok,api-2,
benchmark-api4-5000-c1000-005,005-REQ-000954,954,registro de prueba,2026-06-09T23:11:44.715039+00:00,2026-06-09T23:11:49.747546+00:00,5032.5,200,ok,api-2,
benchmark-api4-5000-c1000-005,005-REQ-000955,955,registro de prueba,2026-06-09T23:11:44.715072+00:00,2026-06-09T23:11:49.718141+00:00,5003.06,200,ok,api-3,
benchmark-api4-5000-c1000-005,005-REQ-000956,956,registro de prueba,2026-06-09T23:11:44.715107+00:00,2026-06-09T23:11:49.699019+00:00,4983.9,200,ok,api-4,
benchmark-api4-5000-c1000-005,005-REQ-000957,957,registro de prueba,2026-06-09T23:11:44.715144+00:00,2026-06-09T23:11:49.801640+00:00,5086.48,200,ok,api-1,
benchmark-api4-5000-c1000-005,005-REQ-000958,958,registro de prueba,2026-06-09T23:11:44.715175+00:00,2026-06-09T23:11:49.747703+00:00,5032.52,200,ok,api-3,
benchmark-api4-5000-c1000-005,005-REQ-000959,959,registro de prueba,2026-06-09T23:11:44.715207+00:00,2026-06-09T23:11:49.746273+00:00,5031.06,200,ok,api-1,
benchmark-api4-5000-c1000-005,005-REQ-000960,960,registro de prueba,2026-06-09T23:11:44.715242+00:00,2026-06-09T23:11:49.884436+00:00,5169.19,200,ok,api-2,
benchmark-api4-5000-c1000-005,005-REQ-000961,961,registro de prueba,2026-06-09T23:11:44.715277+00:00,2026-06-09T23:11:49.755264+00:00,5039.98,200,ok,api-4,
benchmark-api4-5000-c1000-005,005-REQ-000962,962,registro de prueba,2026-06-09T23:11:44.715310+00:00,2026-06-09T23:11:49.753569+00:00,5038.26,200,ok,api-4,
benchmark-api4-5000-c1000-005,005-REQ-000963,963,registro de prueba,2026-06-09T23:11:44.715345+00:00,2026-06-09T23:11:49.792793+00:00,5077.44,200,ok,api-1,
benchmark-api4-5000-c1000-005,005-REQ-000964,964,registro de prueba,2026-06-09T23:11:44.715382+00:00,2026-06-09T23:11:49.809763+00:00,5094.37,200,ok,api-2,
benchmark-api4-5000-c1000-005,005-REQ-000965,965,registro de prueba,2026-06-09T23:11:44.715415+00:00,2026-06-09T23:11:49.786299+00:00,5070.87,200,ok,api-3,
benchmark-api4-5000-c1000-005,005-REQ-000966,966,registro de prueba,2026-06-09T23:11:44.715446+00:00,2026-06-09T23:11:49.774122+00:00,5058.67,200,ok,api-1,
benchmark-api4-5000-c1000-005,005-REQ-000967,967,registro de prueba,2026-06-09T23:11:44.715482+00:00,2026-06-09T23:11:49.716731+00:00,5001.24,200,ok,api-4,
benchmark-api4-5000-c1000-005,005-REQ-000968,968,registro de prueba,2026-06-09T23:11:44.715512+00:00,2026-06-09T23:11:49.897771+00:00,5182.25,200,ok,api-1,
benchmark-api4-5000-c1000-005,005-REQ-000969,969,registro de prueba,2026-06-09T23:11:44.715548+00:00,2026-06-09T23:11:49.748806+00:00,5033.25,200,ok,api-4,
benchmark-api4-5000-c1000-005,005-REQ-000970,970,registro de prueba,2026-06-09T23:11:44.715581+00:00,2026-06-09T23:11:49.769866+00:00,5054.28,200,ok,api-4,
benchmark-api4-5000-c1000-005,005-REQ-000971,971,registro de prueba,2026-06-09T23:11:44.715614+00:00,2026-06-09T23:11:49.788165+00:00,5072.55,200,ok,api-2,
benchmark-api4-5000-c1000-005,005-REQ-000972,972,registro de prueba,2026-06-09T23:11:44.715650+00:00,2026-06-09T23:11:49.753334+00:00,5037.66,200,ok,api-4,
benchmark-api4-5000-c1000-005,005-REQ-000973,973,registro de prueba,2026-06-09T23:11:44.715682+00:00,2026-06-09T23:11:49.803732+00:00,5088.04,200,ok,api-2,
benchmark-api4-5000-c1000-005,005-REQ-000974,974,registro de prueba,2026-06-09T23:11:44.715719+00:00,2026-06-09T23:11:49.838223+00:00,5122.49,200,ok,api-1,
benchmark-api4-5000-c1000-005,005-REQ-000975,975,registro de prueba,2026-06-09T23:11:44.715756+00:00,2026-06-09T23:11:49.843282+00:00,5127.52,200,ok,api-2,
benchmark-api4-5000-c1000-005,005-REQ-000976,976,registro de prueba,2026-06-09T23:11:44.715789+00:00,2026-06-09T23:11:49.845210+00:00,5129.42,200,ok,api-2,
benchmark-api4-5000-c1000-005,005-REQ-000977,977,registro de prueba,2026-06-09T23:11:44.715824+00:00,2026-06-09T23:11:49.792920+00:00,5077.09,200,ok,api-4,
benchmark-api4-5000-c1000-005,005-REQ-000978,978,registro de prueba,2026-06-09T23:11:44.715856+00:00,2026-06-09T23:11:49.855431+00:00,5139.57,200,ok,api-1,
benchmark-api4-5000-c1000-005,005-REQ-000979,979,registro de prueba,2026-06-09T23:11:44.715889+00:00,2026-06-09T23:11:49.962722+00:00,5246.83,200,ok,api-2,
benchmark-api4-5000-c1000-005,005-REQ-000980,980,registro de prueba,2026-06-09T23:11:44.715925+00:00,2026-06-09T23:11:49.847054+00:00,5131.12,200,ok,api-1,
benchmark-api4-5000-c1000-005,005-REQ-000981,981,registro de prueba,2026-06-09T23:11:44.715957+00:00,2026-06-09T23:11:49.743774+00:00,5027.81,200,ok,api-3,
benchmark-api4-5000-c1000-005,005-REQ-000982,982,registro de prueba,2026-06-09T23:11:44.715992+00:00,2026-06-09T23:11:49.878642+00:00,5162.64,200,ok,api-4,
benchmark-api4-5000-c1000-005,005-REQ-000983,983,registro de prueba,2026-06-09T23:11:44.716026+00:00,2026-06-09T23:11:49.768650+00:00,5052.61,200,ok,api-4,
benchmark-api4-5000-c1000-005,005-REQ-000984,984,registro de prueba,2026-06-09T23:11:44.716058+00:00,2026-06-09T23:11:49.935263+00:00,5219.2,200,ok,api-3,
benchmark-api4-5000-c1000-005,005-REQ-000985,985,registro de prueba,2026-06-09T23:11:44.716091+00:00,2026-06-09T23:11:49.920209+00:00,5204.11,200,ok,api-2,
benchmark-api4-5000-c1000-005,005-REQ-000986,986,registro de prueba,2026-06-09T23:11:44.716126+00:00,2026-06-09T23:11:49.787902+00:00,5071.77,200,ok,api-3,
benchmark-api4-5000-c1000-005,005-REQ-000987,987,registro de prueba,2026-06-09T23:11:44.716160+00:00,2026-06-09T23:11:49.804124+00:00,5087.96,200,ok,api-4,
benchmark-api4-5000-c1000-005,005-REQ-000988,988,registro de prueba,2026-06-09T23:11:44.716195+00:00,2026-06-09T23:11:49.980333+00:00,5264.13,200,ok,api-2,
benchmark-api4-5000-c1000-005,005-REQ-000989,989,registro de prueba,2026-06-09T23:11:44.716229+00:00,2026-06-09T23:11:49.851554+00:00,5135.31,200,ok,api-3,
benchmark-api4-5000-c1000-005,005-REQ-000990,990,registro de prueba,2026-06-09T23:11:44.716261+00:00,2026-06-09T23:11:49.897985+00:00,5181.72,200,ok,api-4,
benchmark-api4-5000-c1000-005,005-REQ-000991,991,registro de prueba,2026-06-09T23:11:44.716298+00:00,2026-06-09T23:11:49.797256+00:00,5080.95,200,ok,api-1,
benchmark-api4-5000-c1000-005,005-REQ-000992,992,registro de prueba,2026-06-09T23:11:44.716331+00:00,2026-06-09T23:11:49.959783+00:00,5243.44,200,ok,api-2,
benchmark-api4-5000-c1000-005,005-REQ-000993,993,registro de prueba,2026-06-09T23:11:44.716362+00:00,2026-06-09T23:11:49.922839+00:00,5206.47,200,ok,api-2,
benchmark-api4-5000-c1000-005,005-REQ-000994,994,registro de prueba,2026-06-09T23:11:44.716396+00:00,2026-06-09T23:11:49.844886+00:00,5128.48,200,ok,api-4,
benchmark-api4-5000-c1000-005,005-REQ-000995,995,registro de prueba,2026-06-09T23:11:44.716430+00:00,2026-06-09T23:11:49.878880+00:00,5162.45,200,ok,api-1,
benchmark-api4-5000-c1000-005,005-REQ-000996,996,registro de prueba,2026-06-09T23:11:44.716468+00:00,2026-06-09T23:11:49.961743+00:00,5245.27,200,ok,api-3,
benchmark-api4-5000-c1000-005,005-REQ-000997,997,registro de prueba,2026-06-09T23:11:44.716505+00:00,2026-06-09T23:11:49.910651+00:00,5194.13,200,ok,api-4,
benchmark-api4-5000-c1000-005,005-REQ-000998,998,registro de prueba,2026-06-09T23:11:44.716541+00:00,2026-06-09T23:11:49.923123+00:00,5206.58,200,ok,api-2,
benchmark-api4-5000-c1000-005,005-REQ-000999,999,registro de prueba,2026-06-09T23:11:44.716577+00:00,2026-06-09T23:11:49.862930+00:00,5146.34,200,ok,api-3,
benchmark-api4-5000-c1000-005,005-REQ-001000,1000,registro de prueba,2026-06-09T23:11:44.716610+00:00,2026-06-09T23:11:49.900055+00:00,5183.44,200,ok,api-1,
benchmark-api4-5000-c1000-005,005-REQ-001001,1001,registro de prueba,2026-06-09T23:11:45.401692+00:00,2026-06-09T23:11:49.864422+00:00,4462.71,200,ok,api-4,
benchmark-api4-5000-c1000-005,005-REQ-001002,1002,registro de prueba,2026-06-09T23:11:45.405015+00:00,2026-06-09T23:11:49.950033+00:00,4544.99,200,ok,api-2,
benchmark-api4-5000-c1000-005,005-REQ-001003,1003,registro de prueba,2026-06-09T23:11:45.406335+00:00,2026-06-09T23:11:45.729592+00:00,323.24,200,ok,api-2,
benchmark-api4-5000-c1000-005,005-REQ-001004,1004,registro de prueba,2026-06-09T23:11:45.407069+00:00,2026-06-09T23:11:45.842224+00:00,435.13,200,ok,api-1,
benchmark-api4-5000-c1000-005,005-REQ-001005,1005,registro de prueba,2026-06-09T23:11:45.407672+00:00,2026-06-09T23:11:49.971904+00:00,4564.21,200,ok,api-2,
benchmark-api4-5000-c1000-005,005-REQ-001006,1006,registro de prueba,2026-06-09T23:11:45.407875+00:00,2026-06-09T23:11:49.792621+00:00,4384.73,200,ok,api-3,
benchmark-api4-5000-c1000-005,005-REQ-001007,1007,registro de prueba,2026-06-09T23:11:45.414993+00:00,2026-06-09T23:11:49.845101+00:00,4430.05,200,ok,api-1,
benchmark-api4-5000-c1000-005,005-REQ-001008,1008,registro de prueba,2026-06-09T23:11:45.416557+00:00,2026-06-09T23:11:49.860307+00:00,4443.6,200,ok,api-3,
benchmark-api4-5000-c1000-005,005-REQ-001009,1009,registro de prueba,2026-06-09T23:11:45.426017+00:00,2026-06-09T23:11:49.874580+00:00,4448.53,200,ok,api-1,
benchmark-api4-5000-c1000-005,005-REQ-001010,1010,registro de prueba,2026-06-09T23:11:45.427438+00:00,2026-06-09T23:11:49.894171+00:00,4466.25,200,ok,api-4,
benchmark-api4-5000-c1000-005,005-REQ-001011,1011,registro de prueba,2026-06-09T23:11:45.435057+00:00,2026-06-09T23:11:45.723331+00:00,288.26,200,ok,api-4,
benchmark-api4-5000-c1000-005,005-REQ-001012,1012,registro de prueba,2026-06-09T23:11:45.435416+00:00,2026-06-09T23:11:49.942317+00:00,4506.88,200,ok,api-2,
benchmark-api4-5000-c1000-005,005-REQ-001013,1013,registro de prueba,2026-06-09T23:11:45.436009+00:00,2026-06-09T23:11:49.913468+00:00,4477.42,200,ok,api-3,
benchmark-api4-5000-c1000-005,005-REQ-001014,1014,registro de prueba,2026-06-09T23:11:45.445059+00:00,2026-06-09T23:11:45.899471+00:00,454.39,200,ok,api-1,
benchmark-api4-5000-c1000-005,005-REQ-001015,1015,registro de prueba,2026-06-09T23:11:45.445646+00:00,2026-06-09T23:11:49.918981+00:00,4473.31,200,ok,api-4,
benchmark-api4-5000-c1000-005,005-REQ-001016,1016,registro de prueba,2026-06-09T23:11:45.448328+00:00,2026-06-09T23:11:45.751344+00:00,303.0,200,ok,api-2,
benchmark-api4-5000-c1000-005,005-REQ-001017,1017,registro de prueba,2026-06-09T23:11:45.449115+00:00,2026-06-09T23:11:49.848340+00:00,4399.2,200,ok,api-1,
benchmark-api4-5000-c1000-005,005-REQ-001018,1018,registro de prueba,2026-06-09T23:11:45.449345+00:00,2026-06-09T23:11:49.954497+00:00,4505.14,200,ok,api-2,
benchmark-api4-5000-c1000-005,005-REQ-001019,1019,registro de prueba,2026-06-09T23:11:45.451180+00:00,2026-06-09T23:11:49.827617+00:00,4376.41,200,ok,api-4,
benchmark-api4-5000-c1000-005,005-REQ-001020,1020,registro de prueba,2026-06-09T23:11:45.466110+00:00,2026-06-09T23:11:49.960005+00:00,4493.88,200,ok,api-3,
benchmark-api4-5000-c1000-005,005-REQ-001021,1021,registro de prueba,2026-06-09T23:11:45.469479+00:00,2026-06-09T23:11:49.804008+00:00,4334.51,200,ok,api-1,
benchmark-api4-5000-c1000-005,005-REQ-001022,1022,registro de prueba,2026-06-09T23:11:45.470776+00:00,2026-06-09T23:11:45.721088+00:00,250.29,200,ok,api-4,
benchmark-api4-5000-c1000-005,005-REQ-001023,1023,registro de prueba,2026-06-09T23:11:45.471202+00:00,2026-06-09T23:11:49.963629+00:00,4492.41,200,ok,api-2,
benchmark-api4-5000-c1000-005,005-REQ-001024,1024,registro de prueba,2026-06-09T23:11:45.472576+00:00,2026-06-09T23:11:49.967231+00:00,4494.63,200,ok,api-3,
benchmark-api4-5000-c1000-005,005-REQ-001025,1025,registro de prueba,2026-06-09T23:11:45.478979+00:00,2026-06-09T23:11:49.920557+00:00,4441.55,200,ok,api-3,
benchmark-api4-5000-c1000-005,005-REQ-001026,1026,registro de prueba,2026-06-09T23:11:45.482587+00:00,2026-06-09T23:11:49.833516+00:00,4350.9,200,ok,api-1,
benchmark-api4-5000-c1000-005,005-REQ-001027,1027,registro de prueba,2026-06-09T23:11:45.487065+00:00,2026-06-09T23:11:49.895964+00:00,4408.87,200,ok,api-1,
benchmark-api4-5000-c1000-005,005-REQ-001028,1028,registro de prueba,2026-06-09T23:11:45.488037+00:00,2026-06-09T23:11:45.794760+00:00,306.7,200,ok,api-4,
benchmark-api4-5000-c1000-005,005-REQ-001029,1029,registro de prueba,2026-06-09T23:11:45.488402+00:00,2026-06-09T23:11:49.913941+00:00,4425.53,200,ok,api-4,
benchmark-api4-5000-c1000-005,005-REQ-001030,1030,registro de prueba,2026-06-09T23:11:45.491386+00:00,2026-06-09T23:11:50.021515+00:00,4530.11,200,ok,api-2,
benchmark-api4-5000-c1000-005,005-REQ-001031,1031,registro de prueba,2026-06-09T23:11:45.503156+00:00,2026-06-09T23:11:49.965368+00:00,4462.19,200,ok,api-3,
benchmark-api4-5000-c1000-005,005-REQ-001032,1032,registro de prueba,2026-06-09T23:11:45.504841+00:00,2026-06-09T23:11:49.947315+00:00,4442.45,200,ok,api-4,
benchmark-api4-5000-c1000-005,005-REQ-001033,1033,registro de prueba,2026-06-09T23:11:45.507056+00:00,2026-06-09T23:11:49.913789+00:00,4406.71,200,ok,api-1,
benchmark-api4-5000-c1000-005,005-REQ-001034,1034,registro de prueba,2026-06-09T23:11:45.509815+00:00,2026-06-09T23:11:49.980473+00:00,4470.53,200,ok,api-2,
benchmark-api4-5000-c1000-005,005-REQ-001035,1035,registro de prueba,2026-06-09T23:11:45.511178+00:00,2026-06-09T23:11:49.987668+00:00,4476.47,200,ok,api-3,
benchmark-api4-5000-c1000-005,005-REQ-001036,1036,registro de prueba,2026-06-09T23:11:45.512201+00:00,2026-06-09T23:11:49.896189+00:00,4383.98,200,ok,api-4,
benchmark-api4-5000-c1000-005,005-REQ-001037,1037,registro de prueba,2026-06-09T23:11:45.513216+00:00,2026-06-09T23:11:49.905723+00:00,4392.49,200,ok,api-1,
benchmark-api4-5000-c1000-005,005-REQ-001038,1038,registro de prueba,2026-06-09T23:11:45.516333+00:00,2026-06-09T23:11:49.950931+00:00,4434.58,200,ok,api-4,
benchmark-api4-5000-c1000-005,005-REQ-001039,1039,registro de prueba,2026-06-09T23:11:45.517633+00:00,2026-06-09T23:11:50.027813+00:00,4510.16,200,ok,api-2,
benchmark-api4-5000-c1000-005,005-REQ-001040,1040,registro de prueba,2026-06-09T23:11:45.519985+00:00,2026-06-09T23:11:49.983961+00:00,4463.95,200,ok,api-3,
benchmark-api4-5000-c1000-005,005-REQ-001041,1041,registro de prueba,2026-06-09T23:11:45.521583+00:00,2026-06-09T23:11:49.933289+00:00,4411.68,200,ok,api-1,
benchmark-api4-5000-c1000-005,005-REQ-001042,1042,registro de prueba,2026-06-09T23:11:45.531236+00:00,2026-06-09T23:11:50.040801+00:00,4509.54,200,ok,api-2,
benchmark-api4-5000-c1000-005,005-REQ-001043,1043,registro de prueba,2026-06-09T23:11:45.532329+00:00,2026-06-09T23:11:49.995317+00:00,4462.97,200,ok,api-3,
benchmark-api4-5000-c1000-005,005-REQ-001044,1044,registro de prueba,2026-06-09T23:11:45.536273+00:00,2026-06-09T23:11:49.935454+00:00,4399.16,200,ok,api-1,
benchmark-api4-5000-c1000-005,005-REQ-001045,1045,registro de prueba,2026-06-09T23:11:45.543842+00:00,2026-06-09T23:11:49.980067+00:00,4436.19,200,ok,api-4,
benchmark-api4-5000-c1000-005,005-REQ-001046,1046,registro de prueba,2026-06-09T23:11:45.546954+00:00,2026-06-09T23:11:50.019157+00:00,4472.17,200,ok,api-3,
benchmark-api4-5000-c1000-005,005-REQ-001047,1047,registro de prueba,2026-06-09T23:11:45.548054+00:00,2026-06-09T23:11:50.067125+00:00,4519.05,200,ok,api-2,
benchmark-api4-5000-c1000-005,005-REQ-001048,1048,registro de prueba,2026-06-09T23:11:45.549027+00:00,2026-06-09T23:11:49.997849+00:00,4448.8,200,ok,api-3,
benchmark-api4-5000-c1000-005,005-REQ-001049,1049,registro de prueba,2026-06-09T23:11:45.553432+00:00,2026-06-09T23:11:49.971518+00:00,4418.06,200,ok,api-4,
benchmark-api4-5000-c1000-005,005-REQ-001050,1050,registro de prueba,2026-06-09T23:11:45.555972+00:00,2026-06-09T23:11:50.045424+00:00,4489.42,200,ok,api-4,
benchmark-api4-5000-c1000-005,005-REQ-001051,1051,registro de prueba,2026-06-09T23:11:45.559701+00:00,2026-06-09T23:11:50.052839+00:00,4493.11,200,ok,api-3,
benchmark-api4-5000-c1000-005,005-REQ-001052,1052,registro de prueba,2026-06-09T23:11:45.563101+00:00,2026-06-09T23:11:50.019424+00:00,4456.3,200,ok,api-2,
benchmark-api4-5000-c1000-005,005-REQ-001053,1053,registro de prueba,2026-06-09T23:11:45.564229+00:00,2026-06-09T23:11:50.030575+00:00,4466.33,200,ok,api-4,
benchmark-api4-5000-c1000-005,005-REQ-001054,1054,registro de prueba,2026-06-09T23:11:45.565136+00:00,2026-06-09T23:11:49.964441+00:00,4399.29,200,ok,api-1,
benchmark-api4-5000-c1000-005,005-REQ-001055,1055,registro de prueba,2026-06-09T23:11:45.568553+00:00,2026-06-09T23:11:50.047255+00:00,4478.68,200,ok,api-2,
benchmark-api4-5000-c1000-005,005-REQ-001056,1056,registro de prueba,2026-06-09T23:11:45.576442+00:00,2026-06-09T23:11:45.910293+00:00,333.78,200,ok,api-1,
benchmark-api4-5000-c1000-005,005-REQ-001057,1057,registro de prueba,2026-06-09T23:11:45.577452+00:00,2026-06-09T23:11:50.106727+00:00,4529.24,200,ok,api-3,
benchmark-api4-5000-c1000-005,005-REQ-001058,1058,registro de prueba,2026-06-09T23:11:45.581416+00:00,2026-06-09T23:11:50.029228+00:00,4447.79,200,ok,api-4,
benchmark-api4-5000-c1000-005,005-REQ-001059,1059,registro de prueba,2026-06-09T23:11:45.582748+00:00,2026-06-09T23:11:49.982794+00:00,4400.02,200,ok,api-1,
benchmark-api4-5000-c1000-005,005-REQ-001060,1060,registro de prueba,2026-06-09T23:11:45.583676+00:00,2026-06-09T23:11:50.065745+00:00,4482.05,200,ok,api-2,
benchmark-api4-5000-c1000-005,005-REQ-001061,1061,registro de prueba,2026-06-09T23:11:45.584551+00:00,2026-06-09T23:11:50.036043+00:00,4451.47,200,ok,api-4,
benchmark-api4-5000-c1000-005,005-REQ-001062,1062,registro de prueba,2026-06-09T23:11:45.586827+00:00,2026-06-09T23:11:45.927515+00:00,340.65,200,ok,api-3,
benchmark-api4-5000-c1000-005,005-REQ-001063,1063,registro de prueba,2026-06-09T23:11:45.587618+00:00,2026-06-09T23:11:45.969789+00:00,382.15,200,ok,api-2,
benchmark-api4-5000-c1000-005,005-REQ-001064,1064,registro de prueba,2026-06-09T23:11:45.588015+00:00,2026-06-09T23:11:50.094151+00:00,4506.12,200,ok,api-2,
benchmark-api4-5000-c1000-005,005-REQ-001065,1065,registro de prueba,2026-06-09T23:11:45.588195+00:00,2026-06-09T23:11:50.010268+00:00,4422.06,200,ok,api-1,
benchmark-api4-5000-c1000-005,005-REQ-001066,1066,registro de prueba,2026-06-09T23:11:45.588851+00:00,2026-06-09T23:11:50.055769+00:00,4466.89,200,ok,api-4,
benchmark-api4-5000-c1000-005,005-REQ-001067,1067,registro de prueba,2026-06-09T23:11:45.589823+00:00,2026-06-09T23:11:46.048025+00:00,458.18,200,ok,api-1,
benchmark-api4-5000-c1000-005,005-REQ-001068,1068,registro de prueba,2026-06-09T23:11:45.590219+00:00,2026-06-09T23:11:50.073807+00:00,4483.56,200,ok,api-2,
benchmark-api4-5000-c1000-005,005-REQ-001069,1069,registro de prueba,2026-06-09T23:11:45.591602+00:00,2026-06-09T23:11:45.912625+00:00,321.0,200,ok,api-4,
benchmark-api4-5000-c1000-005,005-REQ-001070,1070,registro de prueba,2026-06-09T23:11:45.592170+00:00,2026-06-09T23:11:50.080541+00:00,4488.35,200,ok,api-4,
benchmark-api4-5000-c1000-005,005-REQ-001071,1071,registro de prueba,2026-06-09T23:11:45.596243+00:00,2026-06-09T23:11:50.079613+00:00,4483.34,200,ok,api-1,
benchmark-api4-5000-c1000-005,005-REQ-001072,1072,registro de prueba,2026-06-09T23:11:45.598419+00:00,2026-06-09T23:11:50.086619+00:00,4488.18,200,ok,api-2,
benchmark-api4-5000-c1000-005,005-REQ-001073,1073,registro de prueba,2026-06-09T23:11:45.602742+00:00,2026-06-09T23:11:50.170307+00:00,4567.54,200,ok,api-3,
benchmark-api4-5000-c1000-005,005-REQ-001074,1074,registro de prueba,2026-06-09T23:11:45.605366+00:00,2026-06-09T23:11:50.058447+00:00,4453.06,200,ok,api-4,
benchmark-api4-5000-c1000-005,005-REQ-001075,1075,registro de prueba,2026-06-09T23:11:45.612341+00:00,2026-06-09T23:11:50.111710+00:00,4499.35,200,ok,api-2,
benchmark-api4-5000-c1000-005,005-REQ-001076,1076,registro de prueba,2026-06-09T23:11:45.618394+00:00,2026-06-09T23:11:46.017923+00:00,399.51,200,ok,api-4,
benchmark-api4-5000-c1000-005,005-REQ-001077,1077,registro de prueba,2026-06-09T23:11:45.618925+00:00,2026-06-09T23:11:50.164024+00:00,4545.08,200,ok,api-3,
benchmark-api4-5000-c1000-005,005-REQ-001078,1078,registro de prueba,2026-06-09T23:11:45.619771+00:00,2026-06-09T23:11:50.138650+00:00,4518.86,200,ok,api-1,
benchmark-api4-5000-c1000-005,005-REQ-001079,1079,registro de prueba,2026-06-09T23:11:45.626175+00:00,2026-06-09T23:11:50.092777+00:00,4466.56,200,ok,api-4,
benchmark-api4-5000-c1000-005,005-REQ-001080,1080,registro de prueba,2026-06-09T23:11:45.636013+00:00,2026-06-09T23:11:50.188087+00:00,4552.04,200,ok,api-3,
benchmark-api4-5000-c1000-005,005-REQ-001081,1081,registro de prueba,2026-06-09T23:11:45.638160+00:00,2026-06-09T23:11:50.185041+00:00,4546.85,200,ok,api-4,
benchmark-api4-5000-c1000-005,005-REQ-001082,1082,registro de prueba,2026-06-09T23:11:45.640043+00:00,2026-06-09T23:11:50.109960+00:00,4469.89,200,ok,api-2,
benchmark-api4-5000-c1000-005,005-REQ-001083,1083,registro de prueba,2026-06-09T23:11:45.642105+00:00,2026-06-09T23:11:50.192158+00:00,4550.01,200,ok,api-4,
benchmark-api4-5000-c1000-005,005-REQ-001084,1084,registro de prueba,2026-06-09T23:11:45.644198+00:00,2026-06-09T23:11:50.196512+00:00,4552.29,200,ok,api-3,
benchmark-api4-5000-c1000-005,005-REQ-001085,1085,registro de prueba,2026-06-09T23:11:45.645459+00:00,2026-06-09T23:11:50.132157+00:00,4486.67,200,ok,api-1,
benchmark-api4-5000-c1000-005,005-REQ-001086,1086,registro de prueba,2026-06-09T23:11:45.649935+00:00,2026-06-09T23:11:46.072987+00:00,423.04,200,ok,api-3,
benchmark-api4-5000-c1000-005,005-REQ-001087,1087,registro de prueba,2026-06-09T23:11:45.650596+00:00,2026-06-09T23:11:50.247511+00:00,4596.89,200,ok,api-3,
benchmark-api4-5000-c1000-005,005-REQ-001088,1088,registro de prueba,2026-06-09T23:11:45.652065+00:00,2026-06-09T23:11:50.158898+00:00,4506.77,200,ok,api-2,
benchmark-api4-5000-c1000-005,005-REQ-001089,1089,registro de prueba,2026-06-09T23:11:45.654184+00:00,2026-06-09T23:11:46.013090+00:00,358.87,200,ok,api-2,
benchmark-api4-5000-c1000-005,005-REQ-001090,1090,registro de prueba,2026-06-09T23:11:45.654807+00:00,2026-06-09T23:11:50.183746+00:00,4528.91,200,ok,api-4,
benchmark-api4-5000-c1000-005,005-REQ-001091,1091,registro de prueba,2026-06-09T23:11:45.657028+00:00,2026-06-09T23:11:50.114780+00:00,4457.72,200,ok,api-1,
benchmark-api4-5000-c1000-005,005-REQ-001092,1092,registro de prueba,2026-06-09T23:11:45.658886+00:00,2026-06-09T23:11:50.137233+00:00,4478.31,200,ok,api-2,
benchmark-api4-5000-c1000-005,005-REQ-001093,1093,registro de prueba,2026-06-09T23:11:45.664838+00:00,2026-06-09T23:11:50.218797+00:00,4553.93,200,ok,api-3,
benchmark-api4-5000-c1000-005,005-REQ-001094,1094,registro de prueba,2026-06-09T23:11:45.665639+00:00,2026-06-09T23:11:46.187205+00:00,521.56,200,ok,api-1,
benchmark-api4-5000-c1000-005,005-REQ-001095,1095,registro de prueba,2026-06-09T23:11:45.665999+00:00,2026-06-09T23:11:50.145257+00:00,4479.24,200,ok,api-4,
benchmark-api4-5000-c1000-005,005-REQ-001096,1096,registro de prueba,2026-06-09T23:11:45.666466+00:00,2026-06-09T23:11:50.146282+00:00,4479.81,200,ok,api-1,
benchmark-api4-5000-c1000-005,005-REQ-001097,1097,registro de prueba,2026-06-09T23:11:45.671476+00:00,2026-06-09T23:11:50.250085+00:00,4578.59,200,ok,api-3,
benchmark-api4-5000-c1000-005,005-REQ-001098,1098,registro de prueba,2026-06-09T23:11:45.679259+00:00,2026-06-09T23:11:50.093938+00:00,4414.66,200,ok,api-1,
benchmark-api4-5000-c1000-005,005-REQ-001099,1099,registro de prueba,2026-06-09T23:11:45.684956+00:00,2026-06-09T23:11:50.146173+00:00,4461.19,200,ok,api-4,
benchmark-api4-5000-c1000-005,005-REQ-001100,1100,registro de prueba,2026-06-09T23:11:45.688737+00:00,2026-06-09T23:11:50.214169+00:00,4525.37,200,ok,api-2,
benchmark-api4-5000-c1000-005,005-REQ-001101,1101,registro de prueba,2026-06-09T23:11:45.694101+00:00,2026-06-09T23:11:50.130000+00:00,4435.87,200,ok,api-1,
benchmark-api4-5000-c1000-005,005-REQ-001102,1102,registro de prueba,2026-06-09T23:11:45.702282+00:00,2026-06-09T23:11:50.201025+00:00,4498.72,200,ok,api-4,
benchmark-api4-5000-c1000-005,005-REQ-001103,1103,registro de prueba,2026-06-09T23:11:45.712058+00:00,2026-06-09T23:11:50.307242+00:00,4595.17,200,ok,api-3,
benchmark-api4-5000-c1000-005,005-REQ-001104,1104,registro de prueba,2026-06-09T23:11:45.717692+00:00,2026-06-09T23:11:50.131134+00:00,4413.42,200,ok,api-4,
benchmark-api4-5000-c1000-005,005-REQ-001105,1105,registro de prueba,2026-06-09T23:11:45.718949+00:00,2026-06-09T23:11:50.128639+00:00,4409.66,200,ok,api-1,
benchmark-api4-5000-c1000-005,005-REQ-001106,1106,registro de prueba,2026-06-09T23:11:45.721666+00:00,2026-06-09T23:11:50.232195+00:00,4510.49,200,ok,api-4,
benchmark-api4-5000-c1000-005,005-REQ-001107,1107,registro de prueba,2026-06-09T23:11:45.723714+00:00,2026-06-09T23:11:50.277352+00:00,4553.62,200,ok,api-3,
benchmark-api4-5000-c1000-005,005-REQ-001108,1108,registro de prueba,2026-06-09T23:11:45.727276+00:00,2026-06-09T23:11:50.177045+00:00,4449.74,200,ok,api-1,
benchmark-api4-5000-c1000-005,005-REQ-001109,1109,registro de prueba,2026-06-09T23:11:45.729953+00:00,2026-06-09T23:11:46.215830+00:00,485.86,200,ok,api-2,
benchmark-api4-5000-c1000-005,005-REQ-001110,1110,registro de prueba,2026-06-09T23:11:45.730412+00:00,2026-06-09T23:11:50.192465+00:00,4462.04,200,ok,api-2,
benchmark-api4-5000-c1000-005,005-REQ-001111,1111,registro de prueba,2026-06-09T23:11:45.732308+00:00,2026-06-09T23:11:50.249953+00:00,4517.63,200,ok,api-2,
benchmark-api4-5000-c1000-005,005-REQ-001112,1112,registro de prueba,2026-06-09T23:11:45.735413+00:00,2026-06-09T23:11:50.242280+00:00,4506.84,200,ok,api-4,
benchmark-api4-5000-c1000-005,005-REQ-001113,1113,registro de prueba,2026-06-09T23:11:45.737162+00:00,2026-06-09T23:11:50.196205+00:00,4459.02,200,ok,api-1,
benchmark-api4-5000-c1000-005,005-REQ-001114,1114,registro de prueba,2026-06-09T23:11:45.740957+00:00,2026-06-09T23:11:50.249731+00:00,4508.75,200,ok,api-4,
benchmark-api4-5000-c1000-005,005-REQ-001115,1115,registro de prueba,2026-06-09T23:11:45.750250+00:00,2026-06-09T23:11:50.199634+00:00,4449.37,200,ok,api-2,
benchmark-api4-5000-c1000-005,005-REQ-001116,1116,registro de prueba,2026-06-09T23:11:45.751808+00:00,2026-06-09T23:11:50.305429+00:00,4553.6,200,ok,api-3,
benchmark-api4-5000-c1000-005,005-REQ-001117,1117,registro de prueba,2026-06-09T23:11:45.756221+00:00,2026-06-09T23:11:50.216558+00:00,4460.31,200,ok,api-4,
benchmark-api4-5000-c1000-005,005-REQ-001118,1118,registro de prueba,2026-06-09T23:11:45.757779+00:00,2026-06-09T23:11:50.318599+00:00,4560.8,200,ok,api-3,
benchmark-api4-5000-c1000-005,005-REQ-001119,1119,registro de prueba,2026-06-09T23:11:45.759018+00:00,2026-06-09T23:11:50.289788+00:00,4530.75,200,ok,api-2,
benchmark-api4-5000-c1000-005,005-REQ-001120,1120,registro de prueba,2026-06-09T23:11:45.765573+00:00,2026-06-09T23:11:50.215515+00:00,4449.93,200,ok,api-1,
benchmark-api4-5000-c1000-005,005-REQ-001121,1121,registro de prueba,2026-06-09T23:11:45.772143+00:00,2026-06-09T23:11:50.266625+00:00,4494.46,200,ok,api-4,
benchmark-api4-5000-c1000-005,005-REQ-001122,1122,registro de prueba,2026-06-09T23:11:45.788385+00:00,2026-06-09T23:11:46.401406+00:00,612.99,200,ok,api-2,
benchmark-api4-5000-c1000-005,005-REQ-001123,1123,registro de prueba,2026-06-09T23:11:45.789057+00:00,2026-06-09T23:11:50.317475+00:00,4528.39,200,ok,api-3,
benchmark-api4-5000-c1000-005,005-REQ-001124,1124,registro de prueba,2026-06-09T23:11:45.795393+00:00,2026-06-09T23:11:50.207577+00:00,4412.15,200,ok,api-2,
benchmark-api4-5000-c1000-005,005-REQ-001125,1125,registro de prueba,2026-06-09T23:11:45.796516+00:00,2026-06-09T23:11:50.180227+00:00,4383.7,200,ok,api-1,
benchmark-api4-5000-c1000-005,005-REQ-001126,1126,registro de prueba,2026-06-09T23:11:45.802786+00:00,2026-06-09T23:11:46.434443+00:00,631.64,200,ok,api-2,
benchmark-api4-5000-c1000-005,005-REQ-001127,1127,registro de prueba,2026-06-09T23:11:45.803273+00:00,2026-06-09T23:11:50.259890+00:00,4456.6,200,ok,api-4,
benchmark-api4-5000-c1000-005,005-REQ-001128,1128,registro de prueba,2026-06-09T23:11:45.812421+00:00,2026-06-09T23:11:50.293362+00:00,4480.91,200,ok,api-2,
benchmark-api4-5000-c1000-005,005-REQ-001129,1129,registro de prueba,2026-06-09T23:11:45.819147+00:00,2026-06-09T23:11:50.280192+00:00,4461.02,200,ok,api-4,
benchmark-api4-5000-c1000-005,005-REQ-001130,1130,registro de prueba,2026-06-09T23:11:45.819933+00:00,2026-06-09T23:11:50.373844+00:00,4553.9,200,ok,api-2,
benchmark-api4-5000-c1000-005,005-REQ-001131,1131,registro de prueba,2026-06-09T23:11:45.824056+00:00,2026-06-09T23:11:50.326943+00:00,4502.86,200,ok,api-3,
benchmark-api4-5000-c1000-005,005-REQ-001132,1132,registro de prueba,2026-06-09T23:11:45.825401+00:00,2026-06-09T23:11:50.297654+00:00,4472.23,200,ok,api-4,
benchmark-api4-5000-c1000-005,005-REQ-001133,1133,registro de prueba,2026-06-09T23:11:45.843051+00:00,2026-06-09T23:11:50.223893+00:00,4380.81,200,ok,api-1,
benchmark-api4-5000-c1000-005,005-REQ-001134,1134,registro de prueba,2026-06-09T23:11:45.844710+00:00,2026-06-09T23:11:50.316295+00:00,4471.57,200,ok,api-2,
benchmark-api4-5000-c1000-005,005-REQ-001135,1135,registro de prueba,2026-06-09T23:11:45.847004+00:00,2026-06-09T23:11:50.403893+00:00,4556.87,200,ok,api-3,
benchmark-api4-5000-c1000-005,005-REQ-001136,1136,registro de prueba,2026-06-09T23:11:45.861667+00:00,2026-06-09T23:11:46.275115+00:00,413.42,200,ok,api-4,
benchmark-api4-5000-c1000-005,005-REQ-001137,1137,registro de prueba,2026-06-09T23:11:45.862350+00:00,2026-06-09T23:11:50.277683+00:00,4415.31,200,ok,api-4,
benchmark-api4-5000-c1000-005,005-REQ-001138,1138,registro de prueba,2026-06-09T23:11:45.864010+00:00,2026-06-09T23:11:46.461947+00:00,597.91,200,ok,api-3,
benchmark-api4-5000-c1000-005,005-REQ-001139,1139,registro de prueba,2026-06-09T23:11:45.864615+00:00,2026-06-09T23:11:50.242559+00:00,4377.92,200,ok,api-1,
benchmark-api4-5000-c1000-005,005-REQ-001140,1140,registro de prueba,2026-06-09T23:11:45.871015+00:00,2026-06-09T23:11:50.424477+00:00,4553.43,200,ok,api-3,
benchmark-api4-5000-c1000-005,005-REQ-001141,1141,registro de prueba,2026-06-09T23:11:45.875556+00:00,2026-06-09T23:11:50.336131+00:00,4460.55,200,ok,api-2,
benchmark-api4-5000-c1000-005,005-REQ-001142,1142,registro de prueba,2026-06-09T23:11:45.878098+00:00,2026-06-09T23:11:50.247769+00:00,4369.65,200,ok,api-1,
benchmark-api4-5000-c1000-005,005-REQ-001143,1143,registro de prueba,2026-06-09T23:11:45.879266+00:00,2026-06-09T23:11:46.476121+00:00,596.83,200,ok,api-3,
benchmark-api4-5000-c1000-005,005-REQ-001144,1144,registro de prueba,2026-06-09T23:11:45.879867+00:00,2026-06-09T23:11:50.373559+00:00,4493.67,200,ok,api-2,
benchmark-api4-5000-c1000-005,005-REQ-001145,1145,registro de prueba,2026-06-09T23:11:45.890305+00:00,2026-06-09T23:11:50.425851+00:00,4535.53,200,ok,api-3,
benchmark-api4-5000-c1000-005,005-REQ-001146,1146,registro de prueba,2026-06-09T23:11:45.893560+00:00,2026-06-09T23:11:50.355482+00:00,4461.91,200,ok,api-2,
benchmark-api4-5000-c1000-005,005-REQ-001147,1147,registro de prueba,2026-06-09T23:11:45.894326+00:00,2026-06-09T23:11:50.364151+00:00,4469.81,200,ok,api-1,
benchmark-api4-5000-c1000-005,005-REQ-001148,1148,registro de prueba,2026-06-09T23:11:45.895695+00:00,2026-06-09T23:11:50.352476+00:00,4456.76,200,ok,api-4,
benchmark-api4-5000-c1000-005,005-REQ-001149,1149,registro de prueba,2026-06-09T23:11:45.897471+00:00,2026-06-09T23:11:50.292225+00:00,4394.73,200,ok,api-3,
benchmark-api4-5000-c1000-005,005-REQ-001150,1150,registro de prueba,2026-06-09T23:11:45.898792+00:00,2026-06-09T23:11:50.373707+00:00,4474.9,200,ok,api-2,
benchmark-api4-5000-c1000-005,005-REQ-001151,1151,registro de prueba,2026-06-09T23:11:45.900149+00:00,2026-06-09T23:11:46.677096+00:00,776.87,200,ok,api-4,
benchmark-api4-5000-c1000-005,005-REQ-001152,1152,registro de prueba,2026-06-09T23:11:45.900818+00:00,2026-06-09T23:11:50.394938+00:00,4494.09,200,ok,api-4,
benchmark-api4-5000-c1000-005,005-REQ-001153,1153,registro de prueba,2026-06-09T23:11:45.901122+00:00,2026-06-09T23:11:50.347325+00:00,4446.18,200,ok,api-3,
benchmark-api4-5000-c1000-005,005-REQ-001154,1154,registro de prueba,2026-06-09T23:11:45.911039+00:00,2026-06-09T23:11:46.701407+00:00,790.34,200,ok,api-2,
benchmark-api4-5000-c1000-005,005-REQ-001155,1155,registro de prueba,2026-06-09T23:11:45.911661+00:00,2026-06-09T23:11:50.353769+00:00,4442.09,200,ok,api-1,
benchmark-api4-5000-c1000-005,005-REQ-001156,1156,registro de prueba,2026-06-09T23:11:45.913059+00:00,2026-06-09T23:11:50.406803+00:00,4493.72,200,ok,api-2,
benchmark-api4-5000-c1000-005,005-REQ-001157,1157,registro de prueba,2026-06-09T23:11:45.917103+00:00,2026-06-09T23:11:50.425675+00:00,4508.55,200,ok,api-3,
benchmark-api4-5000-c1000-005,005-REQ-001158,1158,registro de prueba,2026-06-09T23:11:45.928059+00:00,2026-06-09T23:11:50.334828+00:00,4406.74,200,ok,api-4,
benchmark-api4-5000-c1000-005,005-REQ-001159,1159,registro de prueba,2026-06-09T23:11:45.929277+00:00,2026-06-09T23:11:50.373286+00:00,4443.99,200,ok,api-2,
benchmark-api4-5000-c1000-005,005-REQ-001160,1160,registro de prueba,2026-06-09T23:11:45.931807+00:00,2026-06-09T23:11:50.369321+00:00,4437.49,200,ok,api-1,
benchmark-api4-5000-c1000-005,005-REQ-001161,1161,registro de prueba,2026-06-09T23:11:45.943080+00:00,2026-06-09T23:11:46.643839+00:00,700.73,200,ok,api-2,
benchmark-api4-5000-c1000-005,005-REQ-001162,1162,registro de prueba,2026-06-09T23:11:45.944006+00:00,2026-06-09T23:11:50.377791+00:00,4433.76,200,ok,api-4,
benchmark-api4-5000-c1000-005,005-REQ-001163,1163,registro de prueba,2026-06-09T23:11:45.945248+00:00,2026-06-09T23:11:50.391651+00:00,4446.38,200,ok,api-3,
benchmark-api4-5000-c1000-005,005-REQ-001164,1164,registro de prueba,2026-06-09T23:11:45.951545+00:00,2026-06-09T23:11:50.307060+00:00,4355.48,200,ok,api-1,
benchmark-api4-5000-c1000-005,005-REQ-001165,1165,registro de prueba,2026-06-09T23:11:45.953468+00:00,2026-06-09T23:11:50.377517+00:00,4424.01,200,ok,api-2,
benchmark-api4-5000-c1000-005,005-REQ-001166,1166,registro de prueba,2026-06-09T23:11:45.955486+00:00,2026-06-09T23:11:50.452862+00:00,4497.35,200,ok,api-4,
benchmark-api4-5000-c1000-005,005-REQ-001167,1167,registro de prueba,2026-06-09T23:11:45.970476+00:00,2026-06-09T23:11:50.353995+00:00,4383.49,200,ok,api-1,
benchmark-api4-5000-c1000-005,005-REQ-001168,1168,registro de prueba,2026-06-09T23:11:45.972559+00:00,2026-06-09T23:11:46.614630+00:00,642.04,200,ok,api-4,
benchmark-api4-5000-c1000-005,005-REQ-001169,1169,registro de prueba,2026-06-09T23:11:45.973219+00:00,2026-06-09T23:11:50.299246+00:00,4326.0,200,ok,api-2,
benchmark-api4-5000-c1000-005,005-REQ-001170,1170,registro de prueba,2026-06-09T23:11:45.977104+00:00,2026-06-09T23:11:50.408524+00:00,4431.39,200,ok,api-3,
benchmark-api4-5000-c1000-005,005-REQ-001171,1171,registro de prueba,2026-06-09T23:11:45.986969+00:00,2026-06-09T23:11:50.503459+00:00,4516.46,200,ok,api-1,
benchmark-api4-5000-c1000-005,005-REQ-001172,1172,registro de prueba,2026-06-09T23:11:45.993462+00:00,2026-06-09T23:11:50.422212+00:00,4428.72,200,ok,api-3,
benchmark-api4-5000-c1000-005,005-REQ-001173,1173,registro de prueba,2026-06-09T23:11:46.000087+00:00,2026-06-09T23:11:50.404030+00:00,4403.92,200,ok,api-4,
benchmark-api4-5000-c1000-005,005-REQ-001174,1174,registro de prueba,2026-06-09T23:11:46.006113+00:00,2026-06-09T23:11:50.380228+00:00,4374.08,200,ok,api-1,
benchmark-api4-5000-c1000-005,005-REQ-001175,1175,registro de prueba,2026-06-09T23:11:46.007353+00:00,2026-06-09T23:11:50.506515+00:00,4499.14,200,ok,api-2,
benchmark-api4-5000-c1000-005,005-REQ-001176,1176,registro de prueba,2026-06-09T23:11:46.013767+00:00,2026-06-09T23:11:50.428168+00:00,4414.37,200,ok,api-3,
benchmark-api4-5000-c1000-005,005-REQ-001177,1177,registro de prueba,2026-06-09T23:11:46.018426+00:00,2026-06-09T23:11:50.411487+00:00,4393.03,200,ok,api-4,
benchmark-api4-5000-c1000-005,005-REQ-001178,1178,registro de prueba,2026-06-09T23:11:46.029791+00:00,2026-06-09T23:11:50.401864+00:00,4372.03,200,ok,api-1,
benchmark-api4-5000-c1000-005,005-REQ-001179,1179,registro de prueba,2026-06-09T23:11:46.041630+00:00,2026-06-09T23:11:50.484622+00:00,4442.95,200,ok,api-2,
benchmark-api4-5000-c1000-005,005-REQ-001180,1180,registro de prueba,2026-06-09T23:11:46.048484+00:00,2026-06-09T23:11:50.509606+00:00,4461.1,200,ok,api-3,
benchmark-api4-5000-c1000-005,005-REQ-001181,1181,registro de prueba,2026-06-09T23:11:46.071501+00:00,2026-06-09T23:11:46.714099+00:00,642.58,200,ok,api-2,
benchmark-api4-5000-c1000-005,005-REQ-001182,1182,registro de prueba,2026-06-09T23:11:46.072380+00:00,2026-06-09T23:11:50.449300+00:00,4376.89,200,ok,api-4,
benchmark-api4-5000-c1000-005,005-REQ-001183,1183,registro de prueba,2026-06-09T23:11:46.072642+00:00,2026-06-09T23:11:50.386966+00:00,4314.31,200,ok,api-1,
benchmark-api4-5000-c1000-005,005-REQ-001184,1184,registro de prueba,2026-06-09T23:11:46.073584+00:00,2026-06-09T23:11:46.845480+00:00,771.88,200,ok,api-3,
benchmark-api4-5000-c1000-005,005-REQ-001185,1185,registro de prueba,2026-06-09T23:11:46.074376+00:00,2026-06-09T23:11:50.450475+00:00,4376.08,200,ok,api-2,
benchmark-api4-5000-c1000-005,005-REQ-001186,1186,registro de prueba,2026-06-09T23:11:46.075766+00:00,2026-06-09T23:11:50.503706+00:00,4427.92,200,ok,api-4,
benchmark-api4-5000-c1000-005,005-REQ-001187,1187,registro de prueba,2026-06-09T23:11:46.081401+00:00,2026-06-09T23:11:50.486205+00:00,4404.78,200,ok,api-1,
benchmark-api4-5000-c1000-005,005-REQ-001188,1188,registro de prueba,2026-06-09T23:11:46.084790+00:00,2026-06-09T23:11:50.403651+00:00,4318.84,200,ok,api-2,
benchmark-api4-5000-c1000-005,005-REQ-001189,1189,registro de prueba,2026-06-09T23:11:46.088674+00:00,2026-06-09T23:11:50.456963+00:00,4368.26,200,ok,api-3,
benchmark-api4-5000-c1000-005,005-REQ-001190,1190,registro de prueba,2026-06-09T23:11:46.093079+00:00,2026-06-09T23:11:50.472949+00:00,4379.84,200,ok,api-1,
benchmark-api4-5000-c1000-005,005-REQ-001191,1191,registro de prueba,2026-06-09T23:11:46.094487+00:00,2026-06-09T23:11:50.528922+00:00,4434.41,200,ok,api-4,
benchmark-api4-5000-c1000-005,005-REQ-001192,1192,registro de prueba,2026-06-09T23:11:46.095292+00:00,2026-06-09T23:11:50.434731+00:00,4339.42,200,ok,api-3,
benchmark-api4-5000-c1000-005,005-REQ-001193,1193,registro de prueba,2026-06-09T23:11:46.109198+00:00,2026-06-09T23:11:50.520617+00:00,4411.38,200,ok,api-4,
benchmark-api4-5000-c1000-005,005-REQ-001194,1194,registro de prueba,2026-06-09T23:11:46.123857+00:00,2026-06-09T23:11:50.484786+00:00,4360.88,200,ok,api-1,
benchmark-api4-5000-c1000-005,005-REQ-001195,1195,registro de prueba,2026-06-09T23:11:46.139609+00:00,2026-06-09T23:11:50.506286+00:00,4366.65,200,ok,api-2,
benchmark-api4-5000-c1000-005,005-REQ-001196,1196,registro de prueba,2026-06-09T23:11:46.147978+00:00,2026-06-09T23:11:46.681913+00:00,533.91,200,ok,api-4,
benchmark-api4-5000-c1000-005,005-REQ-001197,1197,registro de prueba,2026-06-09T23:11:46.150644+00:00,2026-06-09T23:11:50.521837+00:00,4371.16,200,ok,api-3,
benchmark-api4-5000-c1000-005,005-REQ-001198,1198,registro de prueba,2026-06-09T23:11:46.158329+00:00,2026-06-09T23:11:50.559495+00:00,4401.12,200,ok,api-2,
benchmark-api4-5000-c1000-005,005-REQ-001199,1199,registro de prueba,2026-06-09T23:11:46.163503+00:00,2026-06-09T23:11:50.483513+00:00,4319.95,200,ok,api-3,
benchmark-api4-5000-c1000-005,005-REQ-001200,1200,registro de prueba,2026-06-09T23:11:46.165854+00:00,2026-06-09T23:11:50.555915+00:00,4390.03,200,ok,api-4,
benchmark-api4-5000-c1000-005,005-REQ-001201,1201,registro de prueba,2026-06-09T23:11:46.186336+00:00,2026-06-09T23:11:50.547407+00:00,4361.05,200,ok,api-1,
benchmark-api4-5000-c1000-005,005-REQ-001202,1202,registro de prueba,2026-06-09T23:11:46.187541+00:00,2026-06-09T23:11:46.676905+00:00,489.35,200,ok,api-2,
benchmark-api4-5000-c1000-005,005-REQ-001203,1203,registro de prueba,2026-06-09T23:11:46.187996+00:00,2026-06-09T23:11:50.513291+00:00,4325.28,200,ok,api-2,
benchmark-api4-5000-c1000-005,005-REQ-001204,1204,registro de prueba,2026-06-09T23:11:46.215185+00:00,2026-06-09T23:11:50.454754+00:00,4239.55,200,ok,api-4,
benchmark-api4-5000-c1000-005,005-REQ-001205,1205,registro de prueba,2026-06-09T23:11:46.216302+00:00,2026-06-09T23:11:50.469359+00:00,4253.03,200,ok,api-1,
benchmark-api4-5000-c1000-005,005-REQ-001206,1206,registro de prueba,2026-06-09T23:11:46.217227+00:00,2026-06-09T23:11:50.469845+00:00,4252.6,200,ok,api-2,
benchmark-api4-5000-c1000-005,005-REQ-001207,1207,registro de prueba,2026-06-09T23:11:46.217912+00:00,2026-06-09T23:11:50.536036+00:00,4318.1,200,ok,api-3,
benchmark-api4-5000-c1000-005,005-REQ-001208,1208,registro de prueba,2026-06-09T23:11:46.244346+00:00,2026-06-09T23:11:50.469658+00:00,4225.29,200,ok,api-4,
benchmark-api4-5000-c1000-005,005-REQ-001209,1209,registro de prueba,2026-06-09T23:11:46.245833+00:00,2026-06-09T23:11:46.908881+00:00,663.03,200,ok,api-3,
benchmark-api4-5000-c1000-005,005-REQ-001210,1210,registro de prueba,2026-06-09T23:11:46.246415+00:00,2026-06-09T23:11:50.440382+00:00,4193.95,200,ok,api-1,
benchmark-api4-5000-c1000-005,005-REQ-001211,1211,registro de prueba,2026-06-09T23:11:46.246587+00:00,2026-06-09T23:11:50.608776+00:00,4362.17,200,ok,api-2,
benchmark-api4-5000-c1000-005,005-REQ-001212,1212,registro de prueba,2026-06-09T23:11:46.247112+00:00,2026-06-09T23:11:50.525792+00:00,4278.66,200,ok,api-3,
benchmark-api4-5000-c1000-005,005-REQ-001213,1213,registro de prueba,2026-06-09T23:11:46.251074+00:00,2026-06-09T23:11:50.557992+00:00,4306.89,200,ok,api-3,
benchmark-api4-5000-c1000-005,005-REQ-001214,1214,registro de prueba,2026-06-09T23:11:46.260914+00:00,2026-06-09T23:11:50.676376+00:00,4415.43,200,ok,api-4,
benchmark-api4-5000-c1000-005,005-REQ-001215,1215,registro de prueba,2026-06-09T23:11:46.263618+00:00,2026-06-09T23:11:50.523359+00:00,4259.71,200,ok,api-2,
benchmark-api4-5000-c1000-005,005-REQ-001216,1216,registro de prueba,2026-06-09T23:11:46.265070+00:00,2026-06-09T23:11:50.666525+00:00,4401.42,200,ok,api-3,
benchmark-api4-5000-c1000-005,005-REQ-001217,1217,registro de prueba,2026-06-09T23:11:46.266865+00:00,2026-06-09T23:11:50.514977+00:00,4248.09,200,ok,api-2,
benchmark-api4-5000-c1000-005,005-REQ-001218,1218,registro de prueba,2026-06-09T23:11:46.276928+00:00,2026-06-09T23:11:50.560820+00:00,4283.85,200,ok,api-4,
benchmark-api4-5000-c1000-005,005-REQ-001219,1219,registro de prueba,2026-06-09T23:11:46.290463+00:00,2026-06-09T23:11:50.645391+00:00,4354.9,200,ok,api-2,
benchmark-api4-5000-c1000-005,005-REQ-001220,1220,registro de prueba,2026-06-09T23:11:46.303583+00:00,2026-06-09T23:11:50.588473+00:00,4284.86,200,ok,api-3,
benchmark-api4-5000-c1000-005,005-REQ-001221,1221,registro de prueba,2026-06-09T23:11:46.304870+00:00,2026-06-09T23:11:50.552074+00:00,4247.15,200,ok,api-2,
benchmark-api4-5000-c1000-005,005-REQ-001222,1222,registro de prueba,2026-06-09T23:11:46.377631+00:00,2026-06-09T23:11:50.590985+00:00,4213.33,200,ok,api-3,
benchmark-api4-5000-c1000-005,005-REQ-001223,1223,registro de prueba,2026-06-09T23:11:46.379123+00:00,2026-06-09T23:11:50.685253+00:00,4306.07,200,ok,api-4,
benchmark-api4-5000-c1000-005,005-REQ-001224,1224,registro de prueba,2026-06-09T23:11:46.385058+00:00,2026-06-09T23:11:50.676140+00:00,4291.05,200,ok,api-1,
benchmark-api4-5000-c1000-005,005-REQ-001225,1225,registro de prueba,2026-06-09T23:11:46.395049+00:00,2026-06-09T23:11:50.702959+00:00,4307.88,200,ok,api-2,
benchmark-api4-5000-c1000-005,005-REQ-001226,1226,registro de prueba,2026-06-09T23:11:46.396914+00:00,2026-06-09T23:11:50.603884+00:00,4206.94,200,ok,api-3,
benchmark-api4-5000-c1000-005,005-REQ-001227,1227,registro de prueba,2026-06-09T23:11:46.400416+00:00,2026-06-09T23:11:50.726869+00:00,4326.43,200,ok,api-4,
benchmark-api4-5000-c1000-005,005-REQ-001228,1228,registro de prueba,2026-06-09T23:11:46.402020+00:00,2026-06-09T23:11:50.565435+00:00,4163.39,200,ok,api-1,
benchmark-api4-5000-c1000-005,005-REQ-001229,1229,registro de prueba,2026-06-09T23:11:46.410041+00:00,2026-06-09T23:11:50.584862+00:00,4174.79,200,ok,api-2,
benchmark-api4-5000-c1000-005,005-REQ-001230,1230,registro de prueba,2026-06-09T23:11:46.415380+00:00,2026-06-09T23:11:50.648312+00:00,4232.9,200,ok,api-4,
benchmark-api4-5000-c1000-005,005-REQ-001231,1231,registro de prueba,2026-06-09T23:11:46.417013+00:00,2026-06-09T23:11:50.729722+00:00,4312.68,200,ok,api-2,
benchmark-api4-5000-c1000-005,005-REQ-001232,1232,registro de prueba,2026-06-09T23:11:46.419684+00:00,2026-06-09T23:11:46.998046+00:00,578.2,200,ok,api-4,
benchmark-api4-5000-c1000-005,005-REQ-001233,1233,registro de prueba,2026-06-09T23:11:46.420217+00:00,2026-06-09T23:11:50.661103+00:00,4240.87,200,ok,api-1,
benchmark-api4-5000-c1000-005,005-REQ-001234,1234,registro de prueba,2026-06-09T23:11:46.427346+00:00,2026-06-09T23:11:50.594622+00:00,4167.25,200,ok,api-3,
benchmark-api4-5000-c1000-005,005-REQ-001235,1235,registro de prueba,2026-06-09T23:11:46.435209+00:00,2026-06-09T23:11:50.697082+00:00,4261.85,200,ok,api-4,
benchmark-api4-5000-c1000-005,005-REQ-001236,1236,registro de prueba,2026-06-09T23:11:46.443106+00:00,2026-06-09T23:11:50.606387+00:00,4163.24,200,ok,api-1,
benchmark-api4-5000-c1000-005,005-REQ-001237,1237,registro de prueba,2026-06-09T23:11:46.450496+00:00,2026-06-09T23:11:50.620464+00:00,4169.94,200,ok,api-2,
benchmark-api4-5000-c1000-005,005-REQ-001238,1238,registro de prueba,2026-06-09T23:11:46.462531+00:00,2026-06-09T23:11:47.026991+00:00,564.43,200,ok,api-2,
benchmark-api4-5000-c1000-005,005-REQ-001239,1239,registro de prueba,2026-06-09T23:11:46.463169+00:00,2026-06-09T23:11:50.786172+00:00,4322.98,200,ok,api-3,
benchmark-api4-5000-c1000-005,005-REQ-001240,1240,registro de prueba,2026-06-09T23:11:46.474871+00:00,2026-06-09T23:11:50.677800+00:00,4202.88,200,ok,api-2,
benchmark-api4-5000-c1000-005,005-REQ-001241,1241,registro de prueba,2026-06-09T23:11:46.477361+00:00,2026-06-09T23:11:47.022874+00:00,545.48,200,ok,api-2,
benchmark-api4-5000-c1000-005,005-REQ-001242,1242,registro de prueba,2026-06-09T23:11:46.478694+00:00,2026-06-09T23:11:50.787120+00:00,4308.4,200,ok,api-4,
benchmark-api4-5000-c1000-005,005-REQ-001243,1243,registro de prueba,2026-06-09T23:11:46.479075+00:00,2026-06-09T23:11:50.678523+00:00,4199.43,200,ok,api-3,
benchmark-api4-5000-c1000-005,005-REQ-001244,1244,registro de prueba,2026-06-09T23:11:46.494219+00:00,2026-06-09T23:11:50.667641+00:00,4173.4,200,ok,api-2,
benchmark-api4-5000-c1000-005,005-REQ-001245,1245,registro de prueba,2026-06-09T23:11:46.536243+00:00,2026-06-09T23:11:50.642620+00:00,4106.35,200,ok,api-4,
benchmark-api4-5000-c1000-005,005-REQ-001246,1246,registro de prueba,2026-06-09T23:11:46.547113+00:00,2026-06-09T23:11:50.644138+00:00,4097.0,200,ok,api-4,
benchmark-api4-5000-c1000-005,005-REQ-001247,1247,registro de prueba,2026-06-09T23:11:46.561268+00:00,2026-06-09T23:11:50.776333+00:00,4215.03,200,ok,api-1,
benchmark-api4-5000-c1000-005,005-REQ-001248,1248,registro de prueba,2026-06-09T23:11:46.568521+00:00,2026-06-09T23:11:50.654893+00:00,4086.3,200,ok,api-3,
benchmark-api4-5000-c1000-005,005-REQ-001249,1249,registro de prueba,2026-06-09T23:11:46.574347+00:00,2026-06-09T23:11:50.702717+00:00,4128.33,200,ok,api-4,
benchmark-api4-5000-c1000-005,005-REQ-001250,1250,registro de prueba,2026-06-09T23:11:46.585609+00:00,2026-06-09T23:11:50.717293+00:00,4131.64,200,ok,api-2,
benchmark-api4-5000-c1000-005,005-REQ-001251,1251,registro de prueba,2026-06-09T23:11:46.588635+00:00,2026-06-09T23:11:50.602061+00:00,4013.4,200,ok,api-4,
benchmark-api4-5000-c1000-005,005-REQ-001252,1252,registro de prueba,2026-06-09T23:11:46.589719+00:00,2026-06-09T23:11:50.707362+00:00,4117.63,200,ok,api-1,
benchmark-api4-5000-c1000-005,005-REQ-001253,1253,registro de prueba,2026-06-09T23:11:46.615440+00:00,2026-06-09T23:11:50.689339+00:00,4073.87,200,ok,api-2,
benchmark-api4-5000-c1000-005,005-REQ-001254,1254,registro de prueba,2026-06-09T23:11:46.624552+00:00,2026-06-09T23:11:50.708217+00:00,4083.64,200,ok,api-3,
benchmark-api4-5000-c1000-005,005-REQ-001255,1255,registro de prueba,2026-06-09T23:11:46.639138+00:00,2026-06-09T23:11:50.729970+00:00,4090.81,200,ok,api-4,
benchmark-api4-5000-c1000-005,005-REQ-001256,1256,registro de prueba,2026-06-09T23:11:46.643114+00:00,2026-06-09T23:11:50.766963+00:00,4123.82,200,ok,api-2,
benchmark-api4-5000-c1000-005,005-REQ-001257,1257,registro de prueba,2026-06-09T23:11:46.644261+00:00,2026-06-09T23:11:50.704167+00:00,4059.89,200,ok,api-1,
benchmark-api4-5000-c1000-005,005-REQ-001258,1258,registro de prueba,2026-06-09T23:11:46.649447+00:00,2026-06-09T23:11:50.686603+00:00,4037.12,200,ok,api-1,
benchmark-api4-5000-c1000-005,005-REQ-001259,1259,registro de prueba,2026-06-09T23:11:46.650895+00:00,2026-06-09T23:11:50.676522+00:00,4025.61,200,ok,api-4,
benchmark-api4-5000-c1000-005,005-REQ-001260,1260,registro de prueba,2026-06-09T23:11:46.652075+00:00,2026-06-09T23:11:50.740110+00:00,4088.01,200,ok,api-3,
benchmark-api4-5000-c1000-005,005-REQ-001261,1261,registro de prueba,2026-06-09T23:11:46.669654+00:00,2026-06-09T23:11:47.113807+00:00,444.14,200,ok,api-3,
benchmark-api4-5000-c1000-005,005-REQ-001262,1262,registro de prueba,2026-06-09T23:11:46.670099+00:00,2026-06-09T23:11:50.708329+00:00,4038.22,200,ok,api-3,
benchmark-api4-5000-c1000-005,005-REQ-001263,1263,registro de prueba,2026-06-09T23:11:46.670945+00:00,2026-06-09T23:11:50.826958+00:00,4155.99,200,ok,api-4,
benchmark-api4-5000-c1000-005,005-REQ-001264,1264,registro de prueba,2026-06-09T23:11:46.676365+00:00,2026-06-09T23:11:50.724178+00:00,4047.78,200,ok,api-2,
benchmark-api4-5000-c1000-005,005-REQ-001265,1265,registro de prueba,2026-06-09T23:11:46.677668+00:00,2026-06-09T23:11:47.174136+00:00,496.45,200,ok,api-4,
benchmark-api4-5000-c1000-005,005-REQ-001266,1266,registro de prueba,2026-06-09T23:11:46.678253+00:00,2026-06-09T23:11:50.813406+00:00,4135.13,200,ok,api-3,
benchmark-api4-5000-c1000-005,005-REQ-001267,1267,registro de prueba,2026-06-09T23:11:46.679032+00:00,2026-06-09T23:11:50.733047+00:00,4054.0,200,ok,api-4,
benchmark-api4-5000-c1000-005,005-REQ-001268,1268,registro de prueba,2026-06-09T23:11:46.682625+00:00,2026-06-09T23:11:47.209945+00:00,527.29,200,ok,api-1,
benchmark-api4-5000-c1000-005,005-REQ-001269,1269,registro de prueba,2026-06-09T23:11:46.684002+00:00,2026-06-09T23:11:50.724542+00:00,4040.5,200,ok,api-1,
benchmark-api4-5000-c1000-005,005-REQ-001270,1270,registro de prueba,2026-06-09T23:11:46.684349+00:00,2026-06-09T23:11:50.768330+00:00,4083.96,200,ok,api-2,
benchmark-api4-5000-c1000-005,005-REQ-001271,1271,registro de prueba,2026-06-09T23:11:46.685490+00:00,2026-06-09T23:11:50.706327+00:00,4020.81,200,ok,api-3,
benchmark-api4-5000-c1000-005,005-REQ-001272,1272,registro de prueba,2026-06-09T23:11:46.686494+00:00,2026-06-09T23:11:50.710981+00:00,4024.46,200,ok,api-4,
benchmark-api4-5000-c1000-005,005-REQ-001273,1273,registro de prueba,2026-06-09T23:11:46.687337+00:00,2026-06-09T23:11:50.728309+00:00,4040.96,200,ok,api-1,
benchmark-api4-5000-c1000-005,005-REQ-001274,1274,registro de prueba,2026-06-09T23:11:46.691834+00:00,2026-06-09T23:11:47.306327+00:00,614.48,200,ok,api-1,
benchmark-api4-5000-c1000-005,005-REQ-001275,1275,registro de prueba,2026-06-09T23:11:46.692454+00:00,2026-06-09T23:11:50.736623+00:00,4044.15,200,ok,api-2,
benchmark-api4-5000-c1000-005,005-REQ-001276,1276,registro de prueba,2026-06-09T23:11:46.702076+00:00,2026-06-09T23:11:50.752142+00:00,4050.04,200,ok,api-3,
benchmark-api4-5000-c1000-005,005-REQ-001277,1277,registro de prueba,2026-06-09T23:11:46.703423+00:00,2026-06-09T23:11:47.133063+00:00,429.62,200,ok,api-4,
benchmark-api4-5000-c1000-005,005-REQ-001278,1278,registro de prueba,2026-06-09T23:11:46.703875+00:00,2026-06-09T23:11:50.782516+00:00,4078.62,200,ok,api-4,
benchmark-api4-5000-c1000-005,005-REQ-001279,1279,registro de prueba,2026-06-09T23:11:46.709255+00:00,2026-06-09T23:11:50.652741+00:00,3943.4,200,ok,api-1,
benchmark-api4-5000-c1000-005,005-REQ-001280,1280,registro de prueba,2026-06-09T23:11:46.712665+00:00,2026-06-09T23:11:50.751048+00:00,4038.36,200,ok,api-3,
benchmark-api4-5000-c1000-005,005-REQ-001281,1281,registro de prueba,2026-06-09T23:11:46.713756+00:00,2026-06-09T23:11:50.783992+00:00,4070.22,200,ok,api-4,
benchmark-api4-5000-c1000-005,005-REQ-001282,1282,registro de prueba,2026-06-09T23:11:46.714493+00:00,2026-06-09T23:11:50.768632+00:00,4054.12,200,ok,api-1,
benchmark-api4-5000-c1000-005,005-REQ-001283,1283,registro de prueba,2026-06-09T23:11:46.715366+00:00,2026-06-09T23:11:50.732818+00:00,4017.43,200,ok,api-2,
benchmark-api4-5000-c1000-005,005-REQ-001284,1284,registro de prueba,2026-06-09T23:11:46.719868+00:00,2026-06-09T23:11:50.700143+00:00,3980.25,200,ok,api-3,
benchmark-api4-5000-c1000-005,005-REQ-001285,1285,registro de prueba,2026-06-09T23:11:46.744937+00:00,2026-06-09T23:11:50.829715+00:00,4084.75,200,ok,api-1,
benchmark-api4-5000-c1000-005,005-REQ-001286,1286,registro de prueba,2026-06-09T23:11:46.747958+00:00,2026-06-09T23:11:50.829411+00:00,4081.42,200,ok,api-2,
benchmark-api4-5000-c1000-005,005-REQ-001287,1287,registro de prueba,2026-06-09T23:11:46.758627+00:00,2026-06-09T23:11:47.301180+00:00,542.53,200,ok,api-1,
benchmark-api4-5000-c1000-005,005-REQ-001288,1288,registro de prueba,2026-06-09T23:11:46.759609+00:00,2026-06-09T23:11:50.825512+00:00,4065.88,200,ok,api-1,
benchmark-api4-5000-c1000-005,005-REQ-001289,1289,registro de prueba,2026-06-09T23:11:46.759859+00:00,2026-06-09T23:11:50.792195+00:00,4032.32,200,ok,api-2,
benchmark-api4-5000-c1000-005,005-REQ-001290,1290,registro de prueba,2026-06-09T23:11:46.760872+00:00,2026-06-09T23:11:50.864122+00:00,4103.24,200,ok,api-4,
benchmark-api4-5000-c1000-005,005-REQ-001291,1291,registro de prueba,2026-06-09T23:11:46.764157+00:00,2026-06-09T23:11:50.831783+00:00,4067.61,200,ok,api-3,
benchmark-api4-5000-c1000-005,005-REQ-001292,1292,registro de prueba,2026-06-09T23:11:46.767299+00:00,2026-06-09T23:11:50.785167+00:00,4017.84,200,ok,api-1,
benchmark-api4-5000-c1000-005,005-REQ-001293,1293,registro de prueba,2026-06-09T23:11:46.776848+00:00,2026-06-09T23:11:50.813583+00:00,4036.72,200,ok,api-3,
benchmark-api4-5000-c1000-005,005-REQ-001294,1294,registro de prueba,2026-06-09T23:11:46.781557+00:00,2026-06-09T23:11:50.761659+00:00,3980.08,200,ok,api-2,
benchmark-api4-5000-c1000-005,005-REQ-001295,1295,registro de prueba,2026-06-09T23:11:46.782435+00:00,2026-06-09T23:11:50.828199+00:00,4045.75,200,ok,api-4,
benchmark-api4-5000-c1000-005,005-REQ-001296,1296,registro de prueba,2026-06-09T23:11:46.783205+00:00,2026-06-09T23:11:50.894613+00:00,4111.39,200,ok,api-1,
benchmark-api4-5000-c1000-005,005-REQ-001297,1297,registro de prueba,2026-06-09T23:11:46.785606+00:00,2026-06-09T23:11:50.841622+00:00,4055.98,200,ok,api-2,
benchmark-api4-5000-c1000-005,005-REQ-001298,1298,registro de prueba,2026-06-09T23:11:46.800936+00:00,2026-06-09T23:11:50.805176+00:00,4004.22,200,ok,api-3,
benchmark-api4-5000-c1000-005,005-REQ-001299,1299,registro de prueba,2026-06-09T23:11:46.802054+00:00,2026-06-09T23:11:50.851462+00:00,4049.4,200,ok,api-4,
benchmark-api4-5000-c1000-005,005-REQ-001300,1300,registro de prueba,2026-06-09T23:11:46.816358+00:00,2026-06-09T23:11:50.810690+00:00,3994.3,200,ok,api-1,
benchmark-api4-5000-c1000-005,005-REQ-001301,1301,registro de prueba,2026-06-09T23:11:46.830845+00:00,2026-06-09T23:11:50.820766+00:00,3989.89,200,ok,api-2,
benchmark-api4-5000-c1000-005,005-REQ-001302,1302,registro de prueba,2026-06-09T23:11:46.832410+00:00,2026-06-09T23:11:50.867417+00:00,4034.98,200,ok,api-3,
benchmark-api4-5000-c1000-005,005-REQ-001303,1303,registro de prueba,2026-06-09T23:11:46.841374+00:00,2026-06-09T23:11:50.881509+00:00,4040.1,200,ok,api-4,
benchmark-api4-5000-c1000-005,005-REQ-001304,1304,registro de prueba,2026-06-09T23:11:46.843078+00:00,2026-06-09T23:11:50.804867+00:00,3961.77,200,ok,api-1,
benchmark-api4-5000-c1000-005,005-REQ-001305,1305,registro de prueba,2026-06-09T23:11:46.846119+00:00,2026-06-09T23:11:50.810903+00:00,3964.76,200,ok,api-3,
benchmark-api4-5000-c1000-005,005-REQ-001306,1306,registro de prueba,2026-06-09T23:11:46.847104+00:00,2026-06-09T23:11:50.853256+00:00,4006.12,200,ok,api-4,
benchmark-api4-5000-c1000-005,005-REQ-001307,1307,registro de prueba,2026-06-09T23:11:46.858786+00:00,2026-06-09T23:11:50.851175+00:00,3992.36,200,ok,api-2,
benchmark-api4-5000-c1000-005,005-REQ-001308,1308,registro de prueba,2026-06-09T23:11:46.866042+00:00,2026-06-09T23:11:50.812392+00:00,3946.34,200,ok,api-1,
benchmark-api4-5000-c1000-005,005-REQ-001309,1309,registro de prueba,2026-06-09T23:11:46.870201+00:00,2026-06-09T23:11:50.864735+00:00,3994.51,200,ok,api-3,
benchmark-api4-5000-c1000-005,005-REQ-001310,1310,registro de prueba,2026-06-09T23:11:46.872853+00:00,2026-06-09T23:11:50.862878+00:00,3990.01,200,ok,api-2,
benchmark-api4-5000-c1000-005,005-REQ-001311,1311,registro de prueba,2026-06-09T23:11:46.876462+00:00,2026-06-09T23:11:47.370767+00:00,494.28,200,ok,api-1,
benchmark-api4-5000-c1000-005,005-REQ-001312,1312,registro de prueba,2026-06-09T23:11:46.877096+00:00,2026-06-09T23:11:50.844343+00:00,3967.22,200,ok,api-4,
benchmark-api4-5000-c1000-005,005-REQ-001313,1313,registro de prueba,2026-06-09T23:11:46.895316+00:00,2026-06-09T23:11:47.302040+00:00,406.71,200,ok,api-2,
benchmark-api4-5000-c1000-005,005-REQ-001314,1314,registro de prueba,2026-06-09T23:11:46.895822+00:00,2026-06-09T23:11:50.803225+00:00,3907.38,200,ok,api-1,
benchmark-api4-5000-c1000-005,005-REQ-001315,1315,registro de prueba,2026-06-09T23:11:46.909832+00:00,2026-06-09T23:11:47.306484+00:00,396.59,200,ok,api-3,
benchmark-api4-5000-c1000-005,005-REQ-001316,1316,registro de prueba,2026-06-09T23:11:46.910787+00:00,2026-06-09T23:11:50.862685+00:00,3951.87,200,ok,api-2,
benchmark-api4-5000-c1000-005,005-REQ-001317,1317,registro de prueba,2026-06-09T23:11:46.911041+00:00,2026-06-09T23:11:50.868660+00:00,3957.61,200,ok,api-3,
benchmark-api4-5000-c1000-005,005-REQ-001318,1318,registro de prueba,2026-06-09T23:11:46.911957+00:00,2026-06-09T23:11:50.829596+00:00,3917.62,200,ok,api-4,
benchmark-api4-5000-c1000-005,005-REQ-001319,1319,registro de prueba,2026-06-09T23:11:46.917620+00:00,2026-06-09T23:11:50.823996+00:00,3906.34,200,ok,api-1,
benchmark-api4-5000-c1000-005,005-REQ-001320,1320,registro de prueba,2026-06-09T23:11:46.942144+00:00,2026-06-09T23:11:50.855676+00:00,3913.49,200,ok,api-2,
benchmark-api4-5000-c1000-005,005-REQ-001321,1321,registro de prueba,2026-06-09T23:11:46.944093+00:00,2026-06-09T23:11:50.882976+00:00,3938.86,200,ok,api-4,
benchmark-api4-5000-c1000-005,005-REQ-001322,1322,registro de prueba,2026-06-09T23:11:46.955368+00:00,2026-06-09T23:11:50.832690+00:00,3877.25,200,ok,api-3,
benchmark-api4-5000-c1000-005,005-REQ-001323,1323,registro de prueba,2026-06-09T23:11:46.977831+00:00,2026-06-09T23:11:47.247204+00:00,269.35,200,ok,api-4,
benchmark-api4-5000-c1000-005,005-REQ-001324,1324,registro de prueba,2026-06-09T23:11:46.978855+00:00,2026-06-09T23:11:50.911064+00:00,3932.18,200,ok,api-1,
benchmark-api4-5000-c1000-005,005-REQ-001325,1325,registro de prueba,2026-06-09T23:11:46.979154+00:00,2026-06-09T23:11:50.917499+00:00,3938.32,200,ok,api-2,
benchmark-api4-5000-c1000-005,005-REQ-001326,1326,registro de prueba,2026-06-09T23:11:46.979961+00:00,2026-06-09T23:11:50.903182+00:00,3923.2,200,ok,api-3,
benchmark-api4-5000-c1000-005,005-REQ-001327,1327,registro de prueba,2026-06-09T23:11:46.996771+00:00,2026-06-09T23:11:50.936207+00:00,3939.4,200,ok,api-4,
benchmark-api4-5000-c1000-005,005-REQ-001328,1328,registro de prueba,2026-06-09T23:11:46.998749+00:00,2026-06-09T23:11:51.128414+00:00,4129.64,200,ok,api-3,
benchmark-api4-5000-c1000-005,005-REQ-001329,1329,registro de prueba,2026-06-09T23:11:47.002914+00:00,2026-06-09T23:11:50.904260+00:00,3901.24,200,ok,api-2,
benchmark-api4-5000-c1000-005,005-REQ-001330,1330,registro de prueba,2026-06-09T23:11:47.019353+00:00,2026-06-09T23:11:50.925351+00:00,3905.97,200,ok,api-1,
benchmark-api4-5000-c1000-005,005-REQ-001331,1331,registro de prueba,2026-06-09T23:11:47.023710+00:00,2026-06-09T23:11:47.386435+00:00,362.71,200,ok,api-2,
benchmark-api4-5000-c1000-005,005-REQ-001332,1332,registro de prueba,2026-06-09T23:11:47.024208+00:00,2026-06-09T23:11:50.975704+00:00,3951.48,200,ok,api-2,
benchmark-api4-5000-c1000-005,005-REQ-001333,1333,registro de prueba,2026-06-09T23:11:47.027604+00:00,2026-06-09T23:11:51.103730+00:00,4076.1,200,ok,api-4,
benchmark-api4-5000-c1000-005,005-REQ-001334,1334,registro de prueba,2026-06-09T23:11:47.028426+00:00,2026-06-09T23:11:50.938634+00:00,3910.19,200,ok,api-1,
benchmark-api4-5000-c1000-005,005-REQ-001335,1335,registro de prueba,2026-06-09T23:11:47.031633+00:00,2026-06-09T23:11:50.912322+00:00,3880.67,200,ok,api-3,
benchmark-api4-5000-c1000-005,005-REQ-001336,1336,registro de prueba,2026-06-09T23:11:47.035871+00:00,2026-06-09T23:11:47.386261+00:00,350.37,200,ok,api-1,
benchmark-api4-5000-c1000-005,005-REQ-001337,1337,registro de prueba,2026-06-09T23:11:47.036319+00:00,2026-06-09T23:11:50.988698+00:00,3952.36,200,ok,api-4,
benchmark-api4-5000-c1000-005,005-REQ-001338,1338,registro de prueba,2026-06-09T23:11:47.043755+00:00,2026-06-09T23:11:50.931872+00:00,3888.09,200,ok,api-1,
benchmark-api4-5000-c1000-005,005-REQ-001339,1339,registro de prueba,2026-06-09T23:11:47.046839+00:00,2026-06-09T23:11:47.368531+00:00,321.68,200,ok,api-4,
benchmark-api4-5000-c1000-005,005-REQ-001340,1340,registro de prueba,2026-06-09T23:11:47.047398+00:00,2026-06-09T23:11:51.059220+00:00,4011.8,200,ok,api-2,
benchmark-api4-5000-c1000-005,005-REQ-001341,1341,registro de prueba,2026-06-09T23:11:47.048178+00:00,2026-06-09T23:11:50.913214+00:00,3865.02,200,ok,api-3,
benchmark-api4-5000-c1000-005,005-REQ-001342,1342,registro de prueba,2026-06-09T23:11:47.053025+00:00,2026-06-09T23:11:50.944736+00:00,3891.69,200,ok,api-4,
benchmark-api4-5000-c1000-005,005-REQ-001343,1343,registro de prueba,2026-06-09T23:11:47.061976+00:00,2026-06-09T23:11:50.985617+00:00,3923.61,200,ok,api-3,
benchmark-api4-5000-c1000-005,005-REQ-001344,1344,registro de prueba,2026-06-09T23:11:47.064857+00:00,2026-06-09T23:11:51.048076+00:00,3983.19,200,ok,api-1,
benchmark-api4-5000-c1000-005,005-REQ-001345,1345,registro de prueba,2026-06-09T23:11:47.070255+00:00,2026-06-09T23:11:50.986671+00:00,3916.38,200,ok,api-2,
benchmark-api4-5000-c1000-005,005-REQ-001346,1346,registro de prueba,2026-06-09T23:11:47.071719+00:00,2026-06-09T23:11:47.372294+00:00,300.56,200,ok,api-4,
benchmark-api4-5000-c1000-005,005-REQ-001347,1347,registro de prueba,2026-06-09T23:11:47.072317+00:00,2026-06-09T23:11:51.137690+00:00,4065.35,200,ok,api-1,
benchmark-api4-5000-c1000-005,005-REQ-001348,1348,registro de prueba,2026-06-09T23:11:47.073157+00:00,2026-06-09T23:11:50.928141+00:00,3854.97,200,ok,api-2,
benchmark-api4-5000-c1000-005,005-REQ-001349,1349,registro de prueba,2026-06-09T23:11:47.096117+00:00,2026-06-09T23:11:51.029192+00:00,3933.05,200,ok,api-3,
benchmark-api4-5000-c1000-005,005-REQ-001350,1350,registro de prueba,2026-06-09T23:11:47.098097+00:00,2026-06-09T23:11:51.099120+00:00,4001.0,200,ok,api-4,
benchmark-api4-5000-c1000-005,005-REQ-001351,1351,registro de prueba,2026-06-09T23:11:47.100542+00:00,2026-06-09T23:11:51.045930+00:00,3945.36,200,ok,api-1,
benchmark-api4-5000-c1000-005,005-REQ-001352,1352,registro de prueba,2026-06-09T23:11:47.101524+00:00,2026-06-09T23:11:51.146847+00:00,4045.3,200,ok,api-4,
benchmark-api4-5000-c1000-005,005-REQ-001353,1353,registro de prueba,2026-06-09T23:11:47.102602+00:00,2026-06-09T23:11:51.085408+00:00,3982.79,200,ok,api-2,
benchmark-api4-5000-c1000-005,005-REQ-001354,1354,registro de prueba,2026-06-09T23:11:47.106864+00:00,2026-06-09T23:11:50.974045+00:00,3867.13,200,ok,api-3,
benchmark-api4-5000-c1000-005,005-REQ-001355,1355,registro de prueba,2026-06-09T23:11:47.114450+00:00,2026-06-09T23:11:51.019090+00:00,3904.62,200,ok,api-2,
benchmark-api4-5000-c1000-005,005-REQ-001356,1356,registro de prueba,2026-06-09T23:11:47.117590+00:00,2026-06-09T23:11:51.016807+00:00,3899.2,200,ok,api-3,
benchmark-api4-5000-c1000-005,005-REQ-001357,1357,registro de prueba,2026-06-09T23:11:47.122264+00:00,2026-06-09T23:11:51.023210+00:00,3900.87,200,ok,api-1,
benchmark-api4-5000-c1000-005,005-REQ-001358,1358,registro de prueba,2026-06-09T23:11:47.127047+00:00,2026-06-09T23:11:51.002549+00:00,3875.47,200,ok,api-2,
benchmark-api4-5000-c1000-005,005-REQ-001359,1359,registro de prueba,2026-06-09T23:11:47.130665+00:00,2026-06-09T23:11:51.016553+00:00,3885.86,200,ok,api-3,
benchmark-api4-5000-c1000-005,005-REQ-001360,1360,registro de prueba,2026-06-09T23:11:47.133624+00:00,2026-06-09T23:11:51.119063+00:00,3985.41,200,ok,api-4,
benchmark-api4-5000-c1000-005,005-REQ-001361,1361,registro de prueba,2026-06-09T23:11:47.135320+00:00,2026-06-09T23:11:51.120490+00:00,3985.15,200,ok,api-2,
benchmark-api4-5000-c1000-005,005-REQ-001362,1362,registro de prueba,2026-06-09T23:11:47.140476+00:00,2026-06-09T23:11:51.145007+00:00,4004.51,200,ok,api-3,
benchmark-api4-5000-c1000-005,005-REQ-001363,1363,registro de prueba,2026-06-09T23:11:47.144214+00:00,2026-06-09T23:11:51.063596+00:00,3919.36,200,ok,api-4,
benchmark-api4-5000-c1000-005,005-REQ-001364,1364,registro de prueba,2026-06-09T23:11:47.147722+00:00,2026-06-09T23:11:51.199058+00:00,4051.31,200,ok,api-1,
benchmark-api4-5000-c1000-005,005-REQ-001365,1365,registro de prueba,2026-06-09T23:11:47.156086+00:00,2026-06-09T23:11:51.081992+00:00,3925.88,200,ok,api-4,
benchmark-api4-5000-c1000-005,005-REQ-001366,1366,registro de prueba,2026-06-09T23:11:47.157173+00:00,2026-06-09T23:11:51.106132+00:00,3948.94,200,ok,api-1,
benchmark-api4-5000-c1000-005,005-REQ-001367,1367,registro de prueba,2026-06-09T23:11:47.160070+00:00,2026-06-09T23:11:51.147207+00:00,3987.08,200,ok,api-2,
benchmark-api4-5000-c1000-005,005-REQ-001368,1368,registro de prueba,2026-06-09T23:11:47.163610+00:00,2026-06-09T23:11:51.166052+00:00,4002.42,200,ok,api-3,
benchmark-api4-5000-c1000-005,005-REQ-001369,1369,registro de prueba,2026-06-09T23:11:47.170105+00:00,2026-06-09T23:11:50.983041+00:00,3812.9,200,ok,api-4,
benchmark-api4-5000-c1000-005,005-REQ-001370,1370,registro de prueba,2026-06-09T23:11:47.172010+00:00,2026-06-09T23:11:47.553365+00:00,381.34,200,ok,api-3,
benchmark-api4-5000-c1000-005,005-REQ-001371,1371,registro de prueba,2026-06-09T23:11:47.172942+00:00,2026-06-09T23:11:50.987532+00:00,3814.57,200,ok,api-1,
benchmark-api4-5000-c1000-005,005-REQ-001372,1372,registro de prueba,2026-06-09T23:11:47.173234+00:00,2026-06-09T23:11:51.012511+00:00,3839.26,200,ok,api-2,
benchmark-api4-5000-c1000-005,005-REQ-001373,1373,registro de prueba,2026-06-09T23:11:47.174980+00:00,2026-06-09T23:11:51.134032+00:00,3959.02,200,ok,api-3,
benchmark-api4-5000-c1000-005,005-REQ-001374,1374,registro de prueba,2026-06-09T23:11:47.183818+00:00,2026-06-09T23:11:51.075381+00:00,3891.53,200,ok,api-4,
benchmark-api4-5000-c1000-005,005-REQ-001375,1375,registro de prueba,2026-06-09T23:11:47.184784+00:00,2026-06-09T23:11:51.083030+00:00,3898.23,200,ok,api-1,
benchmark-api4-5000-c1000-005,005-REQ-001376,1376,registro de prueba,2026-06-09T23:11:47.187138+00:00,2026-06-09T23:11:51.157014+00:00,3969.8,200,ok,api-2,
benchmark-api4-5000-c1000-005,005-REQ-001377,1377,registro de prueba,2026-06-09T23:11:47.191508+00:00,2026-06-09T23:11:47.474212+00:00,282.67,200,ok,api-4,
benchmark-api4-5000-c1000-005,005-REQ-001378,1378,registro de prueba,2026-06-09T23:11:47.192312+00:00,2026-06-09T23:11:51.142424+00:00,3950.09,200,ok,api-3,
benchmark-api4-5000-c1000-005,005-REQ-001379,1379,registro de prueba,2026-06-09T23:11:47.197398+00:00,2026-06-09T23:11:51.124834+00:00,3927.41,200,ok,api-1,
benchmark-api4-5000-c1000-005,005-REQ-001380,1380,registro de prueba,2026-06-09T23:11:47.198761+00:00,2026-06-09T23:11:51.014630+00:00,3815.84,200,ok,api-4,
benchmark-api4-5000-c1000-005,005-REQ-001381,1381,registro de prueba,2026-06-09T23:11:47.199567+00:00,2026-06-09T23:11:51.144798+00:00,3945.22,200,ok,api-3,
benchmark-api4-5000-c1000-005,005-REQ-001382,1382,registro de prueba,2026-06-09T23:11:47.205986+00:00,2026-06-09T23:11:50.992717+00:00,3786.71,200,ok,api-4,
benchmark-api4-5000-c1000-005,005-REQ-001383,1383,registro de prueba,2026-06-09T23:11:47.209302+00:00,2026-06-09T23:11:51.126562+00:00,3917.24,200,ok,api-1,
benchmark-api4-5000-c1000-005,005-REQ-001384,1384,registro de prueba,2026-06-09T23:11:47.210350+00:00,2026-06-09T23:11:51.128568+00:00,3918.21,200,ok,api-2,
benchmark-api4-5000-c1000-005,005-REQ-001385,1385,registro de prueba,2026-06-09T23:11:47.211797+00:00,2026-06-09T23:11:50.984424+00:00,3772.61,200,ok,api-3,
benchmark-api4-5000-c1000-005,005-REQ-001386,1386,registro de prueba,2026-06-09T23:11:47.213043+00:00,2026-06-09T23:11:47.549500+00:00,336.44,200,ok,api-4,
benchmark-api4-5000-c1000-005,005-REQ-001387,1387,registro de prueba,2026-06-09T23:11:47.213565+00:00,2026-06-09T23:11:51.096962+00:00,3883.36,200,ok,api-4,
benchmark-api4-5000-c1000-005,005-REQ-001388,1388,registro de prueba,2026-06-09T23:11:47.215303+00:00,2026-06-09T23:11:47.505307+00:00,289.96,200,ok,api-2,
benchmark-api4-5000-c1000-005,005-REQ-001389,1389,registro de prueba,2026-06-09T23:11:47.216154+00:00,2026-06-09T23:11:47.593526+00:00,377.35,200,ok,api-1,
benchmark-api4-5000-c1000-005,005-REQ-001390,1390,registro de prueba,2026-06-09T23:11:47.216681+00:00,2026-06-09T23:11:51.124127+00:00,3907.42,200,ok,api-1,
benchmark-api4-5000-c1000-005,005-REQ-001391,1391,registro de prueba,2026-06-09T23:11:47.216983+00:00,2026-06-09T23:11:50.988965+00:00,3771.97,200,ok,api-3,
benchmark-api4-5000-c1000-005,005-REQ-001392,1392,registro de prueba,2026-06-09T23:11:47.218342+00:00,2026-06-09T23:11:47.576872+00:00,358.5,200,ok,api-3,
benchmark-api4-5000-c1000-005,005-REQ-001393,1393,registro de prueba,2026-06-09T23:11:47.219258+00:00,2026-06-09T23:11:47.547228+00:00,327.94,200,ok,api-3,
benchmark-api4-5000-c1000-005,005-REQ-001394,1394,registro de prueba,2026-06-09T23:11:47.219853+00:00,2026-06-09T23:11:51.174960+00:00,3955.08,200,ok,api-4,
benchmark-api4-5000-c1000-005,005-REQ-001395,1395,registro de prueba,2026-06-09T23:11:47.220126+00:00,2026-06-09T23:11:51.062322+00:00,3842.18,200,ok,api-2,
benchmark-api4-5000-c1000-005,005-REQ-001396,1396,registro de prueba,2026-06-09T23:11:47.221272+00:00,2026-06-09T23:11:50.993857+00:00,3772.57,200,ok,api-3,
benchmark-api4-5000-c1000-005,005-REQ-001397,1397,registro de prueba,2026-06-09T23:11:47.222468+00:00,2026-06-09T23:11:51.171394+00:00,3948.91,200,ok,api-1,
benchmark-api4-5000-c1000-005,005-REQ-001398,1398,registro de prueba,2026-06-09T23:11:47.227864+00:00,2026-06-09T23:11:51.127939+00:00,3900.05,200,ok,api-3,
benchmark-api4-5000-c1000-005,005-REQ-001399,1399,registro de prueba,2026-06-09T23:11:47.240633+00:00,2026-06-09T23:11:47.645163+00:00,404.51,200,ok,api-3,
benchmark-api4-5000-c1000-005,005-REQ-001400,1400,registro de prueba,2026-06-09T23:11:47.241421+00:00,2026-06-09T23:11:51.087363+00:00,3845.91,200,ok,api-1,
benchmark-api4-5000-c1000-005,005-REQ-001401,1401,registro de prueba,2026-06-09T23:11:47.244552+00:00,2026-06-09T23:11:51.162089+00:00,3917.52,200,ok,api-4,
benchmark-api4-5000-c1000-005,005-REQ-001402,1402,registro de prueba,2026-06-09T23:11:47.245907+00:00,2026-06-09T23:11:51.147064+00:00,3901.14,200,ok,api-2,
benchmark-api4-5000-c1000-005,005-REQ-001403,1403,registro de prueba,2026-06-09T23:11:47.247780+00:00,2026-06-09T23:11:47.668802+00:00,421.0,200,ok,api-3,
benchmark-api4-5000-c1000-005,005-REQ-001404,1404,registro de prueba,2026-06-09T23:11:47.248483+00:00,2026-06-09T23:11:51.182378+00:00,3933.87,200,ok,api-3,
benchmark-api4-5000-c1000-005,005-REQ-001405,1405,registro de prueba,2026-06-09T23:11:47.249955+00:00,2026-06-09T23:11:51.154469+00:00,3904.49,200,ok,api-4,
benchmark-api4-5000-c1000-005,005-REQ-001406,1406,registro de prueba,2026-06-09T23:11:47.262263+00:00,2026-06-09T23:11:51.162396+00:00,3900.12,200,ok,api-1,
benchmark-api4-5000-c1000-005,005-REQ-001407,1407,registro de prueba,2026-06-09T23:11:47.263908+00:00,2026-06-09T23:11:51.138080+00:00,3874.15,200,ok,api-2,
benchmark-api4-5000-c1000-005,005-REQ-001408,1408,registro de prueba,2026-06-09T23:11:47.267703+00:00,2026-06-09T23:11:51.226635+00:00,3958.89,200,ok,api-3,
benchmark-api4-5000-c1000-005,005-REQ-001409,1409,registro de prueba,2026-06-09T23:11:47.271632+00:00,2026-06-09T23:11:51.128492+00:00,3856.85,200,ok,api-1,
benchmark-api4-5000-c1000-005,005-REQ-001410,1410,registro de prueba,2026-06-09T23:11:47.277334+00:00,2026-06-09T23:11:51.128178+00:00,3850.81,200,ok,api-2,
benchmark-api4-5000-c1000-005,005-REQ-001411,1411,registro de prueba,2026-06-09T23:11:47.278273+00:00,2026-06-09T23:11:51.210772+00:00,3932.49,200,ok,api-3,
benchmark-api4-5000-c1000-005,005-REQ-001412,1412,registro de prueba,2026-06-09T23:11:47.294853+00:00,2026-06-09T23:11:47.638225+00:00,343.34,200,ok,api-2,
benchmark-api4-5000-c1000-005,005-REQ-001413,1413,registro de prueba,2026-06-09T23:11:47.295491+00:00,2026-06-09T23:11:51.191379+00:00,3895.87,200,ok,api-1,
benchmark-api4-5000-c1000-005,005-REQ-001414,1414,registro de prueba,2026-06-09T23:11:47.295668+00:00,2026-06-09T23:11:51.149903+00:00,3854.23,200,ok,api-2,
benchmark-api4-5000-c1000-005,005-REQ-001415,1415,registro de prueba,2026-06-09T23:11:47.299300+00:00,2026-06-09T23:11:51.186056+00:00,3886.73,200,ok,api-3,
benchmark-api4-5000-c1000-005,005-REQ-001416,1416,registro de prueba,2026-06-09T23:11:47.300214+00:00,2026-06-09T23:11:47.622964+00:00,322.74,200,ok,api-1,
benchmark-api4-5000-c1000-005,005-REQ-001417,1417,registro de prueba,2026-06-09T23:11:47.300614+00:00,2026-06-09T23:11:51.194047+00:00,3893.42,200,ok,api-3,
benchmark-api4-5000-c1000-005,005-REQ-001418,1418,registro de prueba,2026-06-09T23:11:47.301680+00:00,2026-06-09T23:11:51.128329+00:00,3826.63,200,ok,api-1,
benchmark-api4-5000-c1000-005,005-REQ-001419,1419,registro de prueba,2026-06-09T23:11:47.302425+00:00,2026-06-09T23:11:51.181412+00:00,3878.97,200,ok,api-4,
benchmark-api4-5000-c1000-005,005-REQ-001420,1420,registro de prueba,2026-06-09T23:11:47.307058+00:00,2026-06-09T23:11:47.746493+00:00,439.41,200,ok,api-2,
benchmark-api4-5000-c1000-005,005-REQ-001421,1421,registro de prueba,2026-06-09T23:11:47.307813+00:00,2026-06-09T23:11:51.176421+00:00,3868.58,200,ok,api-1,
benchmark-api4-5000-c1000-005,005-REQ-001422,1422,registro de prueba,2026-06-09T23:11:47.308147+00:00,2026-06-09T23:11:51.063751+00:00,3755.59,200,ok,api-4,
benchmark-api4-5000-c1000-005,005-REQ-001423,1423,registro de prueba,2026-06-09T23:11:47.313240+00:00,2026-06-09T23:11:51.149989+00:00,3836.73,200,ok,api-2,
benchmark-api4-5000-c1000-005,005-REQ-001424,1424,registro de prueba,2026-06-09T23:11:47.319218+00:00,2026-06-09T23:11:51.098192+00:00,3778.95,200,ok,api-3,
benchmark-api4-5000-c1000-005,005-REQ-001425,1425,registro de prueba,2026-06-09T23:11:47.322403+00:00,2026-06-09T23:11:51.173111+00:00,3850.68,200,ok,api-4,
benchmark-api4-5000-c1000-005,005-REQ-001426,1426,registro de prueba,2026-06-09T23:11:47.324663+00:00,2026-06-09T23:11:51.142165+00:00,3817.46,200,ok,api-1,
benchmark-api4-5000-c1000-005,005-REQ-001427,1427,registro de prueba,2026-06-09T23:11:47.351296+00:00,2026-06-09T23:11:47.718203+00:00,366.89,200,ok,api-4,
benchmark-api4-5000-c1000-005,005-REQ-001428,1428,registro de prueba,2026-06-09T23:11:47.351885+00:00,2026-06-09T23:11:51.149808+00:00,3797.9,200,ok,api-2,
benchmark-api4-5000-c1000-005,005-REQ-001429,1429,registro de prueba,2026-06-09T23:11:47.353391+00:00,2026-06-09T23:11:47.704103+00:00,350.69,200,ok,api-1,
benchmark-api4-5000-c1000-005,005-REQ-001430,1430,registro de prueba,2026-06-09T23:11:47.354158+00:00,2026-06-09T23:11:51.162265+00:00,3808.08,200,ok,api-3,
benchmark-api4-5000-c1000-005,005-REQ-001431,1431,registro de prueba,2026-06-09T23:11:47.366795+00:00,2026-06-09T23:11:51.155884+00:00,3789.05,200,ok,api-4,
benchmark-api4-5000-c1000-005,005-REQ-001432,1432,registro de prueba,2026-06-09T23:11:47.368026+00:00,2026-06-09T23:11:51.191144+00:00,3823.1,200,ok,api-1,
benchmark-api4-5000-c1000-005,005-REQ-001433,1433,registro de prueba,2026-06-09T23:11:47.369383+00:00,2026-06-09T23:11:47.688173+00:00,318.77,200,ok,api-2,
benchmark-api4-5000-c1000-005,005-REQ-001434,1434,registro de prueba,2026-06-09T23:11:47.370107+00:00,2026-06-09T23:11:51.169254+00:00,3799.12,200,ok,api-2,
benchmark-api4-5000-c1000-005,005-REQ-001435,1435,registro de prueba,2026-06-09T23:11:47.371338+00:00,2026-06-09T23:11:47.677814+00:00,306.43,200,ok,api-1,
benchmark-api4-5000-c1000-005,005-REQ-001436,1436,registro de prueba,2026-06-09T23:11:47.371753+00:00,2026-06-09T23:11:51.188946+00:00,3817.17,200,ok,api-3,
benchmark-api4-5000-c1000-005,005-REQ-001437,1437,registro de prueba,2026-06-09T23:11:47.372806+00:00,2026-06-09T23:11:51.203481+00:00,3830.66,200,ok,api-1,
benchmark-api4-5000-c1000-005,005-REQ-001438,1438,registro de prueba,2026-06-09T23:11:47.380444+00:00,2026-06-09T23:11:51.161711+00:00,3781.24,200,ok,api-4,
benchmark-api4-5000-c1000-005,005-REQ-001439,1439,registro de prueba,2026-06-09T23:11:47.386944+00:00,2026-06-09T23:11:47.711500+00:00,324.54,200,ok,api-3,
benchmark-api4-5000-c1000-005,005-REQ-001440,1440,registro de prueba,2026-06-09T23:11:47.387406+00:00,2026-06-09T23:11:51.268217+00:00,3880.79,200,ok,api-2,
benchmark-api4-5000-c1000-005,005-REQ-001441,1441,registro de prueba,2026-06-09T23:11:47.394114+00:00,2026-06-09T23:11:51.196311+00:00,3802.16,200,ok,api-3,
benchmark-api4-5000-c1000-005,005-REQ-001442,1442,registro de prueba,2026-06-09T23:11:47.395118+00:00,2026-06-09T23:11:51.209309+00:00,3814.17,200,ok,api-4,
benchmark-api4-5000-c1000-005,005-REQ-001443,1443,registro de prueba,2026-06-09T23:11:47.399066+00:00,2026-06-09T23:11:51.203724+00:00,3804.64,200,ok,api-1,
benchmark-api4-5000-c1000-005,005-REQ-001444,1444,registro de prueba,2026-06-09T23:11:47.401700+00:00,2026-06-09T23:11:51.213450+00:00,3811.72,200,ok,api-2,
benchmark-api4-5000-c1000-005,005-REQ-001445,1445,registro de prueba,2026-06-09T23:11:47.402690+00:00,2026-06-09T23:11:51.228397+00:00,3825.69,200,ok,api-4,
benchmark-api4-5000-c1000-005,005-REQ-001446,1446,registro de prueba,2026-06-09T23:11:47.403743+00:00,2026-06-09T23:11:47.763213+00:00,359.45,200,ok,api-2,
benchmark-api4-5000-c1000-005,005-REQ-001447,1447,registro de prueba,2026-06-09T23:11:47.404257+00:00,2026-06-09T23:11:51.290252+00:00,3885.97,200,ok,api-3,
benchmark-api4-5000-c1000-005,005-REQ-001448,1448,registro de prueba,2026-06-09T23:11:47.418859+00:00,2026-06-09T23:11:51.209467+00:00,3790.59,200,ok,api-1,
benchmark-api4-5000-c1000-005,005-REQ-001449,1449,registro de prueba,2026-06-09T23:11:47.423736+00:00,2026-06-09T23:11:51.292397+00:00,3868.61,200,ok,api-3,
benchmark-api4-5000-c1000-005,005-REQ-001450,1450,registro de prueba,2026-06-09T23:11:47.428770+00:00,2026-06-09T23:11:51.287591+00:00,3858.8,200,ok,api-2,
benchmark-api4-5000-c1000-005,005-REQ-001451,1451,registro de prueba,2026-06-09T23:11:47.431399+00:00,2026-06-09T23:11:51.231858+00:00,3800.43,200,ok,api-1,
benchmark-api4-5000-c1000-005,005-REQ-001452,1452,registro de prueba,2026-06-09T23:11:47.439866+00:00,2026-06-09T23:11:51.276607+00:00,3836.73,200,ok,api-3,
benchmark-api4-5000-c1000-005,005-REQ-001453,1453,registro de prueba,2026-06-09T23:11:47.448222+00:00,2026-06-09T23:11:51.233390+00:00,3785.14,200,ok,api-2,
benchmark-api4-5000-c1000-005,005-REQ-001454,1454,registro de prueba,2026-06-09T23:11:47.449716+00:00,2026-06-09T23:11:51.214682+00:00,3764.95,200,ok,api-4,
benchmark-api4-5000-c1000-005,005-REQ-001455,1455,registro de prueba,2026-06-09T23:11:47.452923+00:00,2026-06-09T23:11:51.207949+00:00,3755.01,200,ok,api-1,
benchmark-api4-5000-c1000-005,005-REQ-001456,1456,registro de prueba,2026-06-09T23:11:47.453743+00:00,2026-06-09T23:11:51.268694+00:00,3814.93,200,ok,api-2,
benchmark-api4-5000-c1000-005,005-REQ-001457,1457,registro de prueba,2026-06-09T23:11:47.454411+00:00,2026-06-09T23:11:51.238912+00:00,3784.48,200,ok,api-3,
benchmark-api4-5000-c1000-005,005-REQ-001458,1458,registro de prueba,2026-06-09T23:11:47.471832+00:00,2026-06-09T23:11:51.268864+00:00,3797.0,200,ok,api-3,
benchmark-api4-5000-c1000-005,005-REQ-001459,1459,registro de prueba,2026-06-09T23:11:47.475004+00:00,2026-06-09T23:11:51.315934+00:00,3840.86,200,ok,api-1,
benchmark-api4-5000-c1000-005,005-REQ-001460,1460,registro de prueba,2026-06-09T23:11:47.479339+00:00,2026-06-09T23:11:51.262252+00:00,3782.88,200,ok,api-2,
benchmark-api4-5000-c1000-005,005-REQ-001461,1461,registro de prueba,2026-06-09T23:11:47.485675+00:00,2026-06-09T23:11:47.875483+00:00,389.78,200,ok,api-3,
benchmark-api4-5000-c1000-005,005-REQ-001462,1462,registro de prueba,2026-06-09T23:11:47.486443+00:00,2026-06-09T23:11:51.271160+00:00,3784.59,200,ok,api-4,
benchmark-api4-5000-c1000-005,005-REQ-001463,1463,registro de prueba,2026-06-09T23:11:47.487534+00:00,2026-06-09T23:11:51.341736+00:00,3854.17,200,ok,api-1,
benchmark-api4-5000-c1000-005,005-REQ-001464,1464,registro de prueba,2026-06-09T23:11:47.488987+00:00,2026-06-09T23:11:51.314624+00:00,3825.61,200,ok,api-2,
benchmark-api4-5000-c1000-005,005-REQ-001465,1465,registro de prueba,2026-06-09T23:11:47.490526+00:00,2026-06-09T23:11:51.418617+00:00,3928.07,200,ok,api-3,
benchmark-api4-5000-c1000-005,005-REQ-001466,1466,registro de prueba,2026-06-09T23:11:47.491773+00:00,2026-06-09T23:11:51.400145+00:00,3908.36,200,ok,api-4,
benchmark-api4-5000-c1000-005,005-REQ-001467,1467,registro de prueba,2026-06-09T23:11:47.494558+00:00,2026-06-09T23:11:51.342970+00:00,3848.39,200,ok,api-1,
benchmark-api4-5000-c1000-005,005-REQ-001468,1468,registro de prueba,2026-06-09T23:11:47.496304+00:00,2026-06-09T23:11:51.336573+00:00,3840.25,200,ok,api-2,
benchmark-api4-5000-c1000-005,005-REQ-001469,1469,registro de prueba,2026-06-09T23:11:47.497628+00:00,2026-06-09T23:11:51.344707+00:00,3847.06,200,ok,api-4,
benchmark-api4-5000-c1000-005,005-REQ-001470,1470,registro de prueba,2026-06-09T23:11:47.505769+00:00,2026-06-09T23:11:51.379300+00:00,3873.51,200,ok,api-1,
benchmark-api4-5000-c1000-005,005-REQ-001471,1471,registro de prueba,2026-06-09T23:11:47.510367+00:00,2026-06-09T23:11:51.370533+00:00,3860.14,200,ok,api-2,
benchmark-api4-5000-c1000-005,005-REQ-001472,1472,registro de prueba,2026-06-09T23:11:47.514979+00:00,2026-06-09T23:11:51.389855+00:00,3874.85,200,ok,api-3,
benchmark-api4-5000-c1000-005,005-REQ-001473,1473,registro de prueba,2026-06-09T23:11:47.516017+00:00,2026-06-09T23:11:51.384458+00:00,3868.42,200,ok,api-1,
benchmark-api4-5000-c1000-005,005-REQ-001474,1474,registro de prueba,2026-06-09T23:11:47.520612+00:00,2026-06-09T23:11:51.383179+00:00,3862.54,200,ok,api-4,
benchmark-api4-5000-c1000-005,005-REQ-001475,1475,registro de prueba,2026-06-09T23:11:47.533915+00:00,2026-06-09T23:11:51.387202+00:00,3853.19,200,ok,api-2,
benchmark-api4-5000-c1000-005,005-REQ-001476,1476,registro de prueba,2026-06-09T23:11:47.537120+00:00,2026-06-09T23:11:47.906078+00:00,368.95,200,ok,api-1,
benchmark-api4-5000-c1000-005,005-REQ-001477,1477,registro de prueba,2026-06-09T23:11:47.537694+00:00,2026-06-09T23:11:51.397229+00:00,3859.5,200,ok,api-3,
benchmark-api4-5000-c1000-005,005-REQ-001478,1478,registro de prueba,2026-06-09T23:11:47.538707+00:00,2026-06-09T23:11:47.856245+00:00,317.52,200,ok,api-2,
benchmark-api4-5000-c1000-005,005-REQ-001479,1479,registro de prueba,2026-06-09T23:11:47.539153+00:00,2026-06-09T23:11:51.500693+00:00,3961.52,200,ok,api-1,
benchmark-api4-5000-c1000-005,005-REQ-001480,1480,registro de prueba,2026-06-09T23:11:47.545316+00:00,2026-06-09T23:11:51.480100+00:00,3934.75,200,ok,api-4,
benchmark-api4-5000-c1000-005,005-REQ-001481,1481,registro de prueba,2026-06-09T23:11:47.546483+00:00,2026-06-09T23:11:51.401294+00:00,3854.79,200,ok,api-2,
benchmark-api4-5000-c1000-005,005-REQ-001482,1482,registro de prueba,2026-06-09T23:11:47.547811+00:00,2026-06-09T23:11:51.438997+00:00,3891.16,200,ok,api-3,
benchmark-api4-5000-c1000-005,005-REQ-001483,1483,registro de prueba,2026-06-09T23:11:47.548737+00:00,2026-06-09T23:11:51.496616+00:00,3947.86,200,ok,api-4,
benchmark-api4-5000-c1000-005,005-REQ-001484,1484,registro de prueba,2026-06-09T23:11:47.550057+00:00,2026-06-09T23:11:47.975308+00:00,425.23,200,ok,api-3,
benchmark-api4-5000-c1000-005,005-REQ-001485,1485,registro de prueba,2026-06-09T23:11:47.550690+00:00,2026-06-09T23:11:51.417585+00:00,3866.88,200,ok,api-2,
benchmark-api4-5000-c1000-005,005-REQ-001486,1486,registro de prueba,2026-06-09T23:11:47.550888+00:00,2026-06-09T23:11:51.511258+00:00,3960.36,200,ok,api-4,
benchmark-api4-5000-c1000-005,005-REQ-001487,1487,registro de prueba,2026-06-09T23:11:47.552166+00:00,2026-06-09T23:11:51.507640+00:00,3955.44,200,ok,api-1,
benchmark-api4-5000-c1000-005,005-REQ-001488,1488,registro de prueba,2026-06-09T23:11:47.553690+00:00,2026-06-09T23:11:51.458232+00:00,3904.52,200,ok,api-3,
benchmark-api4-5000-c1000-005,005-REQ-001489,1489,registro de prueba,2026-06-09T23:11:47.563706+00:00,2026-06-09T23:11:48.006879+00:00,443.15,200,ok,api-2,
benchmark-api4-5000-c1000-005,005-REQ-001490,1490,registro de prueba,2026-06-09T23:11:47.564571+00:00,2026-06-09T23:11:51.440432+00:00,3875.83,200,ok,api-1,
benchmark-api4-5000-c1000-005,005-REQ-001491,1491,registro de prueba,2026-06-09T23:11:47.564901+00:00,2026-06-09T23:11:51.503387+00:00,3938.47,200,ok,api-2,
benchmark-api4-5000-c1000-005,005-REQ-001492,1492,registro de prueba,2026-06-09T23:11:47.567030+00:00,2026-06-09T23:11:51.499339+00:00,3932.29,200,ok,api-2,
benchmark-api4-5000-c1000-005,005-REQ-001493,1493,registro de prueba,2026-06-09T23:11:47.571372+00:00,2026-06-09T23:11:51.498417+00:00,3927.02,200,ok,api-1,
benchmark-api4-5000-c1000-005,005-REQ-001494,1494,registro de prueba,2026-06-09T23:11:47.578841+00:00,2026-06-09T23:11:51.485535+00:00,3906.65,200,ok,api-4,
benchmark-api4-5000-c1000-005,005-REQ-001495,1495,registro de prueba,2026-06-09T23:11:47.584202+00:00,2026-06-09T23:11:51.570552+00:00,3986.31,200,ok,api-4,
benchmark-api4-5000-c1000-005,005-REQ-001496,1496,registro de prueba,2026-06-09T23:11:47.585766+00:00,2026-06-09T23:11:51.476372+00:00,3890.58,200,ok,api-2,
benchmark-api4-5000-c1000-005,005-REQ-001497,1497,registro de prueba,2026-06-09T23:11:47.589686+00:00,2026-06-09T23:11:51.465944+00:00,3876.23,200,ok,api-2,
benchmark-api4-5000-c1000-005,005-REQ-001498,1498,registro de prueba,2026-06-09T23:11:47.593088+00:00,2026-06-09T23:11:51.566074+00:00,3972.97,200,ok,api-1,
benchmark-api4-5000-c1000-005,005-REQ-001499,1499,registro de prueba,2026-06-09T23:11:47.593825+00:00,2026-06-09T23:11:51.556294+00:00,3962.46,200,ok,api-4,
benchmark-api4-5000-c1000-005,005-REQ-001500,1500,registro de prueba,2026-06-09T23:11:47.599027+00:00,2026-06-09T23:11:51.480263+00:00,3881.22,200,ok,api-4,
benchmark-api4-5000-c1000-005,005-REQ-001501,1501,registro de prueba,2026-06-09T23:11:47.600624+00:00,2026-06-09T23:11:51.511099+00:00,3910.45,200,ok,api-4,
benchmark-api4-5000-c1000-005,005-REQ-001502,1502,registro de prueba,2026-06-09T23:11:47.611950+00:00,2026-06-09T23:11:51.540448+00:00,3928.47,200,ok,api-3,
benchmark-api4-5000-c1000-005,005-REQ-001503,1503,registro de prueba,2026-06-09T23:11:47.613074+00:00,2026-06-09T23:11:51.516709+00:00,3903.62,200,ok,api-3,
benchmark-api4-5000-c1000-005,005-REQ-001504,1504,registro de prueba,2026-06-09T23:11:47.614091+00:00,2026-06-09T23:11:51.550513+00:00,3936.41,200,ok,api-2,
benchmark-api4-5000-c1000-005,005-REQ-001505,1505,registro de prueba,2026-06-09T23:11:47.615131+00:00,2026-06-09T23:11:47.996115+00:00,380.97,200,ok,api-3,
benchmark-api4-5000-c1000-005,005-REQ-001506,1506,registro de prueba,2026-06-09T23:11:47.615544+00:00,2026-06-09T23:11:51.535214+00:00,3919.65,200,ok,api-4,
benchmark-api4-5000-c1000-005,005-REQ-001507,1507,registro de prueba,2026-06-09T23:11:47.615695+00:00,2026-06-09T23:11:51.653926+00:00,4038.22,200,ok,api-3,
benchmark-api4-5000-c1000-005,005-REQ-001508,1508,registro de prueba,2026-06-09T23:11:47.616289+00:00,2026-06-09T23:11:51.792156+00:00,4175.85,200,ok,api-3,
benchmark-api4-5000-c1000-005,005-REQ-001509,1509,registro de prueba,2026-06-09T23:11:47.619790+00:00,2026-06-09T23:11:51.558952+00:00,3939.14,200,ok,api-1,
benchmark-api4-5000-c1000-005,005-REQ-001510,1510,registro de prueba,2026-06-09T23:11:47.622322+00:00,2026-06-09T23:11:51.579528+00:00,3957.19,200,ok,api-4,
benchmark-api4-5000-c1000-005,005-REQ-001511,1511,registro de prueba,2026-06-09T23:11:47.623393+00:00,2026-06-09T23:11:51.587393+00:00,3963.98,200,ok,api-3,
benchmark-api4-5000-c1000-005,005-REQ-001512,1512,registro de prueba,2026-06-09T23:11:47.628684+00:00,2026-06-09T23:11:51.603009+00:00,3974.3,200,ok,api-1,
benchmark-api4-5000-c1000-005,005-REQ-001513,1513,registro de prueba,2026-06-09T23:11:47.637870+00:00,2026-06-09T23:11:51.530636+00:00,3892.74,200,ok,api-2,
benchmark-api4-5000-c1000-005,005-REQ-001514,1514,registro de prueba,2026-06-09T23:11:47.638599+00:00,2026-06-09T23:11:48.021512+00:00,382.9,200,ok,api-3,
benchmark-api4-5000-c1000-005,005-REQ-001515,1515,registro de prueba,2026-06-09T23:11:47.638904+00:00,2026-06-09T23:11:51.718925+00:00,4080.01,200,ok,api-3,
benchmark-api4-5000-c1000-005,005-REQ-001516,1516,registro de prueba,2026-06-09T23:11:47.644544+00:00,2026-06-09T23:11:51.538738+00:00,3894.17,200,ok,api-4,
benchmark-api4-5000-c1000-005,005-REQ-001517,1517,registro de prueba,2026-06-09T23:11:47.645637+00:00,2026-06-09T23:11:51.633666+00:00,3987.99,200,ok,api-1,
benchmark-api4-5000-c1000-005,005-REQ-001518,1518,registro de prueba,2026-06-09T23:11:47.669229+00:00,2026-06-09T23:11:51.676591+00:00,4007.33,200,ok,api-3,
benchmark-api4-5000-c1000-005,005-REQ-001519,1519,registro de prueba,2026-06-09T23:11:47.678345+00:00,2026-06-09T23:11:51.606343+00:00,3927.97,200,ok,api-4,
benchmark-api4-5000-c1000-005,005-REQ-001520,1520,registro de prueba,2026-06-09T23:11:47.684506+00:00,2026-06-09T23:11:48.074784+00:00,390.26,200,ok,api-2,
benchmark-api4-5000-c1000-005,005-REQ-001521,1521,registro de prueba,2026-06-09T23:11:47.685062+00:00,2026-06-09T23:11:51.772093+00:00,4087.01,200,ok,api-4,
benchmark-api4-5000-c1000-005,005-REQ-001522,1522,registro de prueba,2026-06-09T23:11:47.687470+00:00,2026-06-09T23:11:51.626035+00:00,3938.54,200,ok,api-3,
benchmark-api4-5000-c1000-005,005-REQ-001523,1523,registro de prueba,2026-06-09T23:11:47.688598+00:00,2026-06-09T23:11:51.560849+00:00,3872.23,200,ok,api-1,
benchmark-api4-5000-c1000-005,005-REQ-001524,1524,registro de prueba,2026-06-09T23:11:47.698781+00:00,2026-06-09T23:11:51.586187+00:00,3887.38,200,ok,api-2,
benchmark-api4-5000-c1000-005,005-REQ-001525,1525,registro de prueba,2026-06-09T23:11:47.705532+00:00,2026-06-09T23:11:51.603184+00:00,3897.58,200,ok,api-3,
benchmark-api4-5000-c1000-005,005-REQ-001526,1526,registro de prueba,2026-06-09T23:11:47.710968+00:00,2026-06-09T23:11:51.644872+00:00,3933.87,200,ok,api-4,
benchmark-api4-5000-c1000-005,005-REQ-001527,1527,registro de prueba,2026-06-09T23:11:47.712050+00:00,2026-06-09T23:11:51.642568+00:00,3930.5,200,ok,api-1,
benchmark-api4-5000-c1000-005,005-REQ-001528,1528,registro de prueba,2026-06-09T23:11:47.712979+00:00,2026-06-09T23:11:51.675607+00:00,3962.62,200,ok,api-4,
benchmark-api4-5000-c1000-005,005-REQ-001529,1529,registro de prueba,2026-06-09T23:11:47.716435+00:00,2026-06-09T23:11:51.538311+00:00,3821.85,200,ok,api-2,
benchmark-api4-5000-c1000-005,005-REQ-001530,1530,registro de prueba,2026-06-09T23:11:47.718782+00:00,2026-06-09T23:11:51.838659+00:00,4119.86,200,ok,api-3,
benchmark-api4-5000-c1000-005,005-REQ-001531,1531,registro de prueba,2026-06-09T23:11:47.719529+00:00,2026-06-09T23:11:51.657055+00:00,3937.51,200,ok,api-3,
benchmark-api4-5000-c1000-005,005-REQ-001532,1532,registro de prueba,2026-06-09T23:11:47.722829+00:00,2026-06-09T23:11:51.824179+00:00,4101.34,200,ok,api-4,
benchmark-api4-5000-c1000-005,005-REQ-001533,1533,registro de prueba,2026-06-09T23:11:47.732687+00:00,2026-06-09T23:11:51.673241+00:00,3940.25,200,ok,api-1,
benchmark-api4-5000-c1000-005,005-REQ-001534,1534,registro de prueba,2026-06-09T23:11:47.734174+00:00,2026-06-09T23:11:51.667206+00:00,3933.01,200,ok,api-2,
benchmark-api4-5000-c1000-005,005-REQ-001535,1535,registro de prueba,2026-06-09T23:11:47.735393+00:00,2026-06-09T23:11:51.792421+00:00,4056.99,200,ok,api-1,
benchmark-api4-5000-c1000-005,005-REQ-001536,1536,registro de prueba,2026-06-09T23:11:47.747370+00:00,2026-06-09T23:11:48.054661+00:00,307.27,200,ok,api-4,
benchmark-api4-5000-c1000-005,005-REQ-001537,1537,registro de prueba,2026-06-09T23:11:47.748148+00:00,2026-06-09T23:11:51.695822+00:00,3947.65,200,ok,api-3,
benchmark-api4-5000-c1000-005,005-REQ-001538,1538,registro de prueba,2026-06-09T23:11:47.748378+00:00,2026-06-09T23:11:51.684932+00:00,3936.54,200,ok,api-4,
benchmark-api4-5000-c1000-005,005-REQ-001539,1539,registro de prueba,2026-06-09T23:11:47.749589+00:00,2026-06-09T23:11:51.681478+00:00,3931.87,200,ok,api-2,
benchmark-api4-5000-c1000-005,005-REQ-001540,1540,registro de prueba,2026-06-09T23:11:47.760638+00:00,2026-06-09T23:11:51.800895+00:00,4040.23,200,ok,api-2,
benchmark-api4-5000-c1000-005,005-REQ-001541,1541,registro de prueba,2026-06-09T23:11:47.763758+00:00,2026-06-09T23:11:51.802648+00:00,4038.87,200,ok,api-4,
benchmark-api4-5000-c1000-005,005-REQ-001542,1542,registro de prueba,2026-06-09T23:11:47.768957+00:00,2026-06-09T23:11:51.702664+00:00,3933.69,200,ok,api-3,
benchmark-api4-5000-c1000-005,005-REQ-001543,1543,registro de prueba,2026-06-09T23:11:47.784580+00:00,2026-06-09T23:11:48.169905+00:00,385.3,200,ok,api-4,
benchmark-api4-5000-c1000-005,005-REQ-001544,1544,registro de prueba,2026-06-09T23:11:47.785378+00:00,2026-06-09T23:11:51.806564+00:00,4021.16,200,ok,api-3,
benchmark-api4-5000-c1000-005,005-REQ-001545,1545,registro de prueba,2026-06-09T23:11:47.788656+00:00,2026-06-09T23:11:51.620113+00:00,3831.43,200,ok,api-4,
benchmark-api4-5000-c1000-005,005-REQ-001546,1546,registro de prueba,2026-06-09T23:11:47.790857+00:00,2026-06-09T23:11:51.624709+00:00,3833.83,200,ok,api-1,
benchmark-api4-5000-c1000-005,005-REQ-001547,1547,registro de prueba,2026-06-09T23:11:47.792888+00:00,2026-06-09T23:11:51.646950+00:00,3854.03,200,ok,api-2,
benchmark-api4-5000-c1000-005,005-REQ-001548,1548,registro de prueba,2026-06-09T23:11:47.793784+00:00,2026-06-09T23:11:51.691865+00:00,3898.06,200,ok,api-3,
benchmark-api4-5000-c1000-005,005-REQ-001549,1549,registro de prueba,2026-06-09T23:11:47.801104+00:00,2026-06-09T23:11:51.661382+00:00,3860.25,200,ok,api-1,
benchmark-api4-5000-c1000-005,005-REQ-001550,1550,registro de prueba,2026-06-09T23:11:47.804759+00:00,2026-06-09T23:11:51.704479+00:00,3899.69,200,ok,api-4,
benchmark-api4-5000-c1000-005,005-REQ-001551,1551,registro de prueba,2026-06-09T23:11:47.807422+00:00,2026-06-09T23:11:51.813714+00:00,4006.26,200,ok,api-2,
benchmark-api4-5000-c1000-005,005-REQ-001552,1552,registro de prueba,2026-06-09T23:11:47.816021+00:00,2026-06-09T23:11:51.721229+00:00,3905.19,200,ok,api-3,
benchmark-api4-5000-c1000-005,005-REQ-001553,1553,registro de prueba,2026-06-09T23:11:47.818289+00:00,2026-06-09T23:11:48.131946+00:00,313.64,200,ok,api-1,
benchmark-api4-5000-c1000-005,005-REQ-001554,1554,registro de prueba,2026-06-09T23:11:47.818774+00:00,2026-06-09T23:11:51.836202+00:00,4017.41,200,ok,api-4,
benchmark-api4-5000-c1000-005,005-REQ-001555,1555,registro de prueba,2026-06-09T23:11:47.830836+00:00,2026-06-09T23:11:51.761416+00:00,3930.55,200,ok,api-1,
benchmark-api4-5000-c1000-005,005-REQ-001556,1556,registro de prueba,2026-06-09T23:11:47.835177+00:00,2026-06-09T23:11:48.141964+00:00,306.76,200,ok,api-1,
benchmark-api4-5000-c1000-005,005-REQ-001557,1557,registro de prueba,2026-06-09T23:11:47.835820+00:00,2026-06-09T23:11:51.707027+00:00,3871.18,200,ok,api-2,
benchmark-api4-5000-c1000-005,005-REQ-001558,1558,registro de prueba,2026-06-09T23:11:47.837035+00:00,2026-06-09T23:11:51.766752+00:00,3929.69,200,ok,api-3,
benchmark-api4-5000-c1000-005,005-REQ-001559,1559,registro de prueba,2026-06-09T23:11:47.839820+00:00,2026-06-09T23:11:48.117432+00:00,277.59,200,ok,api-3,
benchmark-api4-5000-c1000-005,005-REQ-001560,1560,registro de prueba,2026-06-09T23:11:47.840559+00:00,2026-06-09T23:11:51.720103+00:00,3879.52,200,ok,api-4,
benchmark-api4-5000-c1000-005,005-REQ-001561,1561,registro de prueba,2026-06-09T23:11:47.841827+00:00,2026-06-09T23:11:51.740172+00:00,3898.32,200,ok,api-2,
benchmark-api4-5000-c1000-005,005-REQ-001562,1562,registro de prueba,2026-06-09T23:11:47.850955+00:00,2026-06-09T23:11:48.095205+00:00,244.22,200,ok,api-3,
benchmark-api4-5000-c1000-005,005-REQ-001563,1563,registro de prueba,2026-06-09T23:11:47.851563+00:00,2026-06-09T23:11:51.752269+00:00,3900.66,200,ok,api-3,
benchmark-api4-5000-c1000-005,005-REQ-001564,1564,registro de prueba,2026-06-09T23:11:47.852502+00:00,2026-06-09T23:11:51.764232+00:00,3911.7,200,ok,api-1,
benchmark-api4-5000-c1000-005,005-REQ-001565,1565,registro de prueba,2026-06-09T23:11:47.853520+00:00,2026-06-09T23:11:51.754701+00:00,3901.16,200,ok,api-4,
benchmark-api4-5000-c1000-005,005-REQ-001566,1566,registro de prueba,2026-06-09T23:11:47.854541+00:00,2026-06-09T23:11:51.756391+00:00,3901.83,200,ok,api-1,
benchmark-api4-5000-c1000-005,005-REQ-001567,1567,registro de prueba,2026-06-09T23:11:47.856946+00:00,2026-06-09T23:11:51.738982+00:00,3882.01,200,ok,api-3,
benchmark-api4-5000-c1000-005,005-REQ-001568,1568,registro de prueba,2026-06-09T23:11:47.859076+00:00,2026-06-09T23:11:51.873081+00:00,4013.92,200,ok,api-2,
benchmark-api4-5000-c1000-005,005-REQ-001569,1569,registro de prueba,2026-06-09T23:11:47.870362+00:00,2026-06-09T23:11:51.868338+00:00,3997.95,200,ok,api-1,
benchmark-api4-5000-c1000-005,005-REQ-001570,1570,registro de prueba,2026-06-09T23:11:47.875959+00:00,2026-06-09T23:11:51.847620+00:00,3971.64,200,ok,api-4,
benchmark-api4-5000-c1000-005,005-REQ-001571,1571,registro de prueba,2026-06-09T23:11:47.883931+00:00,2026-06-09T23:11:51.802820+00:00,3918.87,200,ok,api-2,
benchmark-api4-5000-c1000-005,005-REQ-001572,1572,registro de prueba,2026-06-09T23:11:47.886152+00:00,2026-06-09T23:11:51.700598+00:00,3814.41,200,ok,api-3,
benchmark-api4-5000-c1000-005,005-REQ-001573,1573,registro de prueba,2026-06-09T23:11:47.888713+00:00,2026-06-09T23:11:51.776502+00:00,3887.76,200,ok,api-1,
benchmark-api4-5000-c1000-005,005-REQ-001574,1574,registro de prueba,2026-06-09T23:11:47.891331+00:00,2026-06-09T23:11:51.782585+00:00,3891.22,200,ok,api-2,
benchmark-api4-5000-c1000-005,005-REQ-001575,1575,registro de prueba,2026-06-09T23:11:47.898402+00:00,2026-06-09T23:11:51.833642+00:00,3935.21,200,ok,api-3,
benchmark-api4-5000-c1000-005,005-REQ-001576,1576,registro de prueba,2026-06-09T23:11:47.899697+00:00,2026-06-09T23:11:51.800691+00:00,3900.97,200,ok,api-4,
benchmark-api4-5000-c1000-005,005-REQ-001577,1577,registro de prueba,2026-06-09T23:11:47.904220+00:00,2026-06-09T23:11:51.812345+00:00,3908.1,200,ok,api-1,
benchmark-api4-5000-c1000-005,005-REQ-001578,1578,registro de prueba,2026-06-09T23:11:47.905423+00:00,2026-06-09T23:11:51.869845+00:00,3964.4,200,ok,api-2,
benchmark-api4-5000-c1000-005,005-REQ-001579,1579,registro de prueba,2026-06-09T23:11:47.906904+00:00,2026-06-09T23:11:48.172256+00:00,265.32,200,ok,api-3,
benchmark-api4-5000-c1000-005,005-REQ-001580,1580,registro de prueba,2026-06-09T23:11:47.907578+00:00,2026-06-09T23:11:51.938034+00:00,4030.43,200,ok,api-4,
benchmark-api4-5000-c1000-005,005-REQ-001581,1581,registro de prueba,2026-06-09T23:11:47.911916+00:00,2026-06-09T23:11:51.824275+00:00,3912.34,200,ok,api-1,
benchmark-api4-5000-c1000-005,005-REQ-001582,1582,registro de prueba,2026-06-09T23:11:47.919052+00:00,2026-06-09T23:11:48.254167+00:00,335.09,200,ok,api-3,
benchmark-api4-5000-c1000-005,005-REQ-001583,1583,registro de prueba,2026-06-09T23:11:47.919818+00:00,2026-06-09T23:11:51.902237+00:00,3982.39,200,ok,api-3,
benchmark-api4-5000-c1000-005,005-REQ-001584,1584,registro de prueba,2026-06-09T23:11:47.921320+00:00,2026-06-09T23:11:48.255426+00:00,334.09,200,ok,api-1,
benchmark-api4-5000-c1000-005,005-REQ-001585,1585,registro de prueba,2026-06-09T23:11:47.921880+00:00,2026-06-09T23:11:51.949097+00:00,4027.19,200,ok,api-2,
benchmark-api4-5000-c1000-005,005-REQ-001586,1586,registro de prueba,2026-06-09T23:11:47.930003+00:00,2026-06-09T23:11:51.905930+00:00,3975.9,200,ok,api-1,
benchmark-api4-5000-c1000-005,005-REQ-001587,1587,registro de prueba,2026-06-09T23:11:47.940051+00:00,2026-06-09T23:11:48.174942+00:00,234.86,200,ok,api-4,
benchmark-api4-5000-c1000-005,005-REQ-001588,1588,registro de prueba,2026-06-09T23:11:47.942235+00:00,2026-06-09T23:11:51.924782+00:00,3982.48,200,ok,api-4,
benchmark-api4-5000-c1000-005,005-REQ-001589,1589,registro de prueba,2026-06-09T23:11:47.943349+00:00,2026-06-09T23:11:51.776701+00:00,3833.33,200,ok,api-3,
benchmark-api4-5000-c1000-005,005-REQ-001590,1590,registro de prueba,2026-06-09T23:11:47.945221+00:00,2026-06-09T23:11:51.865068+00:00,3919.82,200,ok,api-2,
benchmark-api4-5000-c1000-005,005-REQ-001591,1591,registro de prueba,2026-06-09T23:11:47.946413+00:00,2026-06-09T23:11:51.904701+00:00,3958.27,200,ok,api-4,
benchmark-api4-5000-c1000-005,005-REQ-001592,1592,registro de prueba,2026-06-09T23:11:47.947527+00:00,2026-06-09T23:11:51.896239+00:00,3948.69,200,ok,api-3,
benchmark-api4-5000-c1000-005,005-REQ-001593,1593,registro de prueba,2026-06-09T23:11:47.950917+00:00,2026-06-09T23:11:51.823923+00:00,3872.98,200,ok,api-1,
benchmark-api4-5000-c1000-005,005-REQ-001594,1594,registro de prueba,2026-06-09T23:11:47.951716+00:00,2026-06-09T23:11:52.009943+00:00,4058.21,200,ok,api-2,
benchmark-api4-5000-c1000-005,005-REQ-001595,1595,registro de prueba,2026-06-09T23:11:47.961786+00:00,2026-06-09T23:11:51.961265+00:00,3999.46,200,ok,api-2,
benchmark-api4-5000-c1000-005,005-REQ-001596,1596,registro de prueba,2026-06-09T23:11:47.963641+00:00,2026-06-09T23:11:51.975892+00:00,4012.22,200,ok,api-3,
benchmark-api4-5000-c1000-005,005-REQ-001597,1597,registro de prueba,2026-06-09T23:11:47.975993+00:00,2026-06-09T23:11:48.191242+00:00,215.23,200,ok,api-3,
benchmark-api4-5000-c1000-005,005-REQ-001598,1598,registro de prueba,2026-06-09T23:11:47.976568+00:00,2026-06-09T23:11:51.883879+00:00,3907.29,200,ok,api-1,
benchmark-api4-5000-c1000-005,005-REQ-001599,1599,registro de prueba,2026-06-09T23:11:47.977613+00:00,2026-06-09T23:11:48.366172+00:00,388.55,200,ok,api-1,
benchmark-api4-5000-c1000-005,005-REQ-001600,1600,registro de prueba,2026-06-09T23:11:47.978061+00:00,2026-06-09T23:11:51.964439+00:00,3986.36,200,ok,api-2,
benchmark-api4-5000-c1000-005,005-REQ-001601,1601,registro de prueba,2026-06-09T23:11:47.979085+00:00,2026-06-09T23:11:51.847417+00:00,3868.31,200,ok,api-3,
benchmark-api4-5000-c1000-005,005-REQ-001602,1602,registro de prueba,2026-06-09T23:11:47.982282+00:00,2026-06-09T23:11:51.883704+00:00,3901.4,200,ok,api-3,
benchmark-api4-5000-c1000-005,005-REQ-001603,1603,registro de prueba,2026-06-09T23:11:47.987992+00:00,2026-06-09T23:11:51.882432+00:00,3894.41,200,ok,api-1,
benchmark-api4-5000-c1000-005,005-REQ-001604,1604,registro de prueba,2026-06-09T23:11:47.992756+00:00,2026-06-09T23:11:51.894964+00:00,3902.17,200,ok,api-1,
benchmark-api4-5000-c1000-005,005-REQ-001605,1605,registro de prueba,2026-06-09T23:11:47.994491+00:00,2026-06-09T23:11:51.985323+00:00,3990.8,200,ok,api-4,
benchmark-api4-5000-c1000-005,005-REQ-001606,1606,registro de prueba,2026-06-09T23:11:47.997475+00:00,2026-06-09T23:11:48.355135+00:00,357.58,200,ok,api-3,
benchmark-api4-5000-c1000-005,005-REQ-001607,1607,registro de prueba,2026-06-09T23:11:47.998228+00:00,2026-06-09T23:11:51.980750+00:00,3982.49,200,ok,api-4,
benchmark-api4-5000-c1000-005,005-REQ-001608,1608,registro de prueba,2026-06-09T23:11:48.004160+00:00,2026-06-09T23:11:51.896437+00:00,3892.24,200,ok,api-4,
benchmark-api4-5000-c1000-005,005-REQ-001609,1609,registro de prueba,2026-06-09T23:11:48.005813+00:00,2026-06-09T23:11:51.914393+00:00,3908.55,200,ok,api-2,
benchmark-api4-5000-c1000-005,005-REQ-001610,1610,registro de prueba,2026-06-09T23:11:48.007630+00:00,2026-06-09T23:11:51.842652+00:00,3834.99,200,ok,api-3,
benchmark-api4-5000-c1000-005,005-REQ-001611,1611,registro de prueba,2026-06-09T23:11:48.008727+00:00,2026-06-09T23:11:51.928582+00:00,3919.83,200,ok,api-1,
benchmark-api4-5000-c1000-005,005-REQ-001612,1612,registro de prueba,2026-06-09T23:11:48.010881+00:00,2026-06-09T23:11:52.014138+00:00,4003.23,200,ok,api-2,
benchmark-api4-5000-c1000-005,005-REQ-001613,1613,registro de prueba,2026-06-09T23:11:48.020732+00:00,2026-06-09T23:11:51.952000+00:00,3931.24,200,ok,api-4,
benchmark-api4-5000-c1000-005,005-REQ-001614,1614,registro de prueba,2026-06-09T23:11:48.022123+00:00,2026-06-09T23:11:51.943424+00:00,3921.28,200,ok,api-3,
benchmark-api4-5000-c1000-005,005-REQ-001615,1615,registro de prueba,2026-06-09T23:11:48.023405+00:00,2026-06-09T23:11:51.903545+00:00,3880.11,200,ok,api-1,
benchmark-api4-5000-c1000-005,005-REQ-001616,1616,registro de prueba,2026-06-09T23:11:48.027990+00:00,2026-06-09T23:11:52.000154+00:00,3972.11,200,ok,api-2,
benchmark-api4-5000-c1000-005,005-REQ-001617,1617,registro de prueba,2026-06-09T23:11:48.029302+00:00,2026-06-09T23:11:48.365988+00:00,336.67,200,ok,api-2,
benchmark-api4-5000-c1000-005,005-REQ-001618,1618,registro de prueba,2026-06-09T23:11:48.029772+00:00,2026-06-09T23:11:51.846220+00:00,3816.43,200,ok,api-4,
benchmark-api4-5000-c1000-005,005-REQ-001619,1619,registro de prueba,2026-06-09T23:11:48.030746+00:00,2026-06-09T23:11:51.870070+00:00,3839.31,200,ok,api-3,
benchmark-api4-5000-c1000-005,005-REQ-001620,1620,registro de prueba,2026-06-09T23:11:48.031535+00:00,2026-06-09T23:11:51.959721+00:00,3928.17,200,ok,api-1,
benchmark-api4-5000-c1000-005,005-REQ-001621,1621,registro de prueba,2026-06-09T23:11:48.043139+00:00,2026-06-09T23:11:52.016652+00:00,3973.49,200,ok,api-2,
benchmark-api4-5000-c1000-005,005-REQ-001622,1622,registro de prueba,2026-06-09T23:11:48.055458+00:00,2026-06-09T23:11:48.272319+00:00,216.83,200,ok,api-3,
benchmark-api4-5000-c1000-005,005-REQ-001623,1623,registro de prueba,2026-06-09T23:11:48.056088+00:00,2026-06-09T23:11:51.863234+00:00,3807.12,200,ok,api-1,
benchmark-api4-5000-c1000-005,005-REQ-001624,1624,registro de prueba,2026-06-09T23:11:48.061137+00:00,2026-06-09T23:11:48.430158+00:00,368.99,200,ok,api-2,
benchmark-api4-5000-c1000-005,005-REQ-001625,1625,registro de prueba,2026-06-09T23:11:48.061726+00:00,2026-06-09T23:11:51.907139+00:00,3845.39,200,ok,api-3,
benchmark-api4-5000-c1000-005,005-REQ-001626,1626,registro de prueba,2026-06-09T23:11:48.062819+00:00,2026-06-09T23:11:51.912973+00:00,3850.13,200,ok,api-2,
benchmark-api4-5000-c1000-005,005-REQ-001627,1627,registro de prueba,2026-06-09T23:11:48.069613+00:00,2026-06-09T23:11:52.028706+00:00,3959.05,200,ok,api-3,
benchmark-api4-5000-c1000-005,005-REQ-001628,1628,registro de prueba,2026-06-09T23:11:48.071115+00:00,2026-06-09T23:11:48.450238+00:00,379.1,200,ok,api-2,
benchmark-api4-5000-c1000-005,005-REQ-001629,1629,registro de prueba,2026-06-09T23:11:48.071644+00:00,2026-06-09T23:11:51.863434+00:00,3791.77,200,ok,api-4,
benchmark-api4-5000-c1000-005,005-REQ-001630,1630,registro de prueba,2026-06-09T23:11:48.072729+00:00,2026-06-09T23:11:51.965692+00:00,3892.94,200,ok,api-1,
benchmark-api4-5000-c1000-005,005-REQ-001631,1631,registro de prueba,2026-06-09T23:11:48.076606+00:00,2026-06-09T23:11:48.418824+00:00,342.14,200,ok,api-4,
benchmark-api4-5000-c1000-005,005-REQ-001632,1632,registro de prueba,2026-06-09T23:11:48.077760+00:00,2026-06-09T23:11:51.864927+00:00,3787.09,200,ok,api-2,
benchmark-api4-5000-c1000-005,005-REQ-001633,1633,registro de prueba,2026-06-09T23:11:48.084143+00:00,2026-06-09T23:11:48.366280+00:00,282.12,200,ok,api-4,
benchmark-api4-5000-c1000-005,005-REQ-001634,1634,registro de prueba,2026-06-09T23:11:48.084837+00:00,2026-06-09T23:11:48.431129+00:00,346.27,200,ok,api-2,
benchmark-api4-5000-c1000-005,005-REQ-001635,1635,registro de prueba,2026-06-09T23:11:48.085316+00:00,2026-06-09T23:11:52.007748+00:00,3922.41,200,ok,api-3,
benchmark-api4-5000-c1000-005,005-REQ-001636,1636,registro de prueba,2026-06-09T23:11:48.085540+00:00,2026-06-09T23:11:51.941780+00:00,3856.22,200,ok,api-4,
benchmark-api4-5000-c1000-005,005-REQ-001637,1637,registro de prueba,2026-06-09T23:11:48.086419+00:00,2026-06-09T23:11:52.041092+00:00,3954.65,200,ok,api-1,
benchmark-api4-5000-c1000-005,005-REQ-001638,1638,registro de prueba,2026-06-09T23:11:48.095760+00:00,2026-06-09T23:11:51.982011+00:00,3886.23,200,ok,api-2,
benchmark-api4-5000-c1000-005,005-REQ-001639,1639,registro de prueba,2026-06-09T23:11:48.102187+00:00,2026-06-09T23:11:51.970569+00:00,3868.36,200,ok,api-3,
benchmark-api4-5000-c1000-005,005-REQ-001640,1640,registro de prueba,2026-06-09T23:11:48.105701+00:00,2026-06-09T23:11:51.980459+00:00,3874.73,200,ok,api-1,
benchmark-api4-5000-c1000-005,005-REQ-001641,1641,registro de prueba,2026-06-09T23:11:48.110568+00:00,2026-06-09T23:11:52.035498+00:00,3924.9,200,ok,api-2,
benchmark-api4-5000-c1000-005,005-REQ-001642,1642,registro de prueba,2026-06-09T23:11:48.111508+00:00,2026-06-09T23:11:52.028071+00:00,3916.55,200,ok,api-3,
benchmark-api4-5000-c1000-005,005-REQ-001643,1643,registro de prueba,2026-06-09T23:11:48.114695+00:00,2026-06-09T23:11:52.016902+00:00,3902.19,200,ok,api-4,
benchmark-api4-5000-c1000-005,005-REQ-001644,1644,registro de prueba,2026-06-09T23:11:48.117905+00:00,2026-06-09T23:11:48.375776+00:00,257.85,200,ok,api-1,
benchmark-api4-5000-c1000-005,005-REQ-001645,1645,registro de prueba,2026-06-09T23:11:48.118700+00:00,2026-06-09T23:11:52.027109+00:00,3908.38,200,ok,api-1,
benchmark-api4-5000-c1000-005,005-REQ-001646,1646,registro de prueba,2026-06-09T23:11:48.118937+00:00,2026-06-09T23:11:51.990864+00:00,3871.91,200,ok,api-2,
benchmark-api4-5000-c1000-005,005-REQ-001647,1647,registro de prueba,2026-06-09T23:11:48.119923+00:00,2026-06-09T23:11:51.977065+00:00,3857.12,200,ok,api-3,
benchmark-api4-5000-c1000-005,005-REQ-001648,1648,registro de prueba,2026-06-09T23:11:48.127876+00:00,2026-06-09T23:11:51.979380+00:00,3851.47,200,ok,api-1,
benchmark-api4-5000-c1000-005,005-REQ-001649,1649,registro de prueba,2026-06-09T23:11:48.129534+00:00,2026-06-09T23:11:48.560129+00:00,430.56,200,ok,api-2,
benchmark-api4-5000-c1000-005,005-REQ-001650,1650,registro de prueba,2026-06-09T23:11:48.130292+00:00,2026-06-09T23:11:51.998117+00:00,3867.79,200,ok,api-4,
benchmark-api4-5000-c1000-005,005-REQ-001651,1651,registro de prueba,2026-06-09T23:11:48.131402+00:00,2026-06-09T23:11:52.067527+00:00,3936.1,200,ok,api-2,
benchmark-api4-5000-c1000-005,005-REQ-001652,1652,registro de prueba,2026-06-09T23:11:48.132432+00:00,2026-06-09T23:11:51.963193+00:00,3830.74,200,ok,api-3,
benchmark-api4-5000-c1000-005,005-REQ-001653,1653,registro de prueba,2026-06-09T23:11:48.139472+00:00,2026-06-09T23:11:52.097980+00:00,3958.48,200,ok,api-1,
benchmark-api4-5000-c1000-005,005-REQ-001654,1654,registro de prueba,2026-06-09T23:11:48.142579+00:00,2026-06-09T23:11:52.036925+00:00,3894.32,200,ok,api-2,
benchmark-api4-5000-c1000-005,005-REQ-001655,1655,registro de prueba,2026-06-09T23:11:48.144049+00:00,2026-06-09T23:11:48.366796+00:00,222.73,200,ok,api-3,
benchmark-api4-5000-c1000-005,005-REQ-001656,1656,registro de prueba,2026-06-09T23:11:48.144663+00:00,2026-06-09T23:11:52.146807+00:00,4002.12,200,ok,api-3,
benchmark-api4-5000-c1000-005,005-REQ-001657,1657,registro de prueba,2026-06-09T23:11:48.151682+00:00,2026-06-09T23:11:52.211894+00:00,4060.19,200,ok,api-4,
benchmark-api4-5000-c1000-005,005-REQ-001658,1658,registro de prueba,2026-06-09T23:11:48.159122+00:00,2026-06-09T23:11:52.276376+00:00,4117.22,200,ok,api-1,
benchmark-api4-5000-c1000-005,005-REQ-001659,1659,registro de prueba,2026-06-09T23:11:48.163666+00:00,2026-06-09T23:11:52.212992+00:00,4049.3,200,ok,api-2,
benchmark-api4-5000-c1000-005,005-REQ-001660,1660,registro de prueba,2026-06-09T23:11:48.165969+00:00,2026-06-09T23:11:52.252938+00:00,4086.93,200,ok,api-3,
benchmark-api4-5000-c1000-005,005-REQ-001661,1661,registro de prueba,2026-06-09T23:11:48.167290+00:00,2026-06-09T23:11:52.309934+00:00,4142.61,200,ok,api-4,
benchmark-api4-5000-c1000-005,005-REQ-001662,1662,registro de prueba,2026-06-09T23:11:48.170969+00:00,2026-06-09T23:11:48.524687+00:00,353.68,200,ok,api-2,
benchmark-api4-5000-c1000-005,005-REQ-001663,1663,registro de prueba,2026-06-09T23:11:48.171628+00:00,2026-06-09T23:11:52.168342+00:00,3996.69,200,ok,api-1,
benchmark-api4-5000-c1000-005,005-REQ-001664,1664,registro de prueba,2026-06-09T23:11:48.173293+00:00,2026-06-09T23:11:48.406430+00:00,233.1,200,ok,api-3,
benchmark-api4-5000-c1000-005,005-REQ-001665,1665,registro de prueba,2026-06-09T23:11:48.174308+00:00,2026-06-09T23:11:52.194308+00:00,4019.97,200,ok,api-2,
benchmark-api4-5000-c1000-005,005-REQ-001666,1666,registro de prueba,2026-06-09T23:11:48.176075+00:00,2026-06-09T23:11:52.209381+00:00,4033.27,200,ok,api-3,
benchmark-api4-5000-c1000-005,005-REQ-001667,1667,registro de prueba,2026-06-09T23:11:48.177493+00:00,2026-06-09T23:11:48.450555+00:00,273.04,200,ok,api-4,
benchmark-api4-5000-c1000-005,005-REQ-001668,1668,registro de prueba,2026-06-09T23:11:48.178097+00:00,2026-06-09T23:11:52.351251+00:00,4173.13,200,ok,api-4,
benchmark-api4-5000-c1000-005,005-REQ-001669,1669,registro de prueba,2026-06-09T23:11:48.186032+00:00,2026-06-09T23:11:52.187757+00:00,4001.7,200,ok,api-1,
benchmark-api4-5000-c1000-005,005-REQ-001670,1670,registro de prueba,2026-06-09T23:11:48.190401+00:00,2026-06-09T23:11:52.161770+00:00,3971.34,200,ok,api-2,
benchmark-api4-5000-c1000-005,005-REQ-001671,1671,registro de prueba,2026-06-09T23:11:48.192298+00:00,2026-06-09T23:11:48.454600+00:00,262.28,200,ok,api-3,
benchmark-api4-5000-c1000-005,005-REQ-001672,1672,registro de prueba,2026-06-09T23:11:48.192912+00:00,2026-06-09T23:11:52.185309+00:00,3992.38,200,ok,api-3,
benchmark-api4-5000-c1000-005,005-REQ-001673,1673,registro de prueba,2026-06-09T23:11:48.193784+00:00,2026-06-09T23:11:52.140467+00:00,3946.67,200,ok,api-4,
benchmark-api4-5000-c1000-005,005-REQ-001674,1674,registro de prueba,2026-06-09T23:11:48.198559+00:00,2026-06-09T23:11:52.231986+00:00,4033.4,200,ok,api-2,
benchmark-api4-5000-c1000-005,005-REQ-001675,1675,registro de prueba,2026-06-09T23:11:48.201195+00:00,2026-06-09T23:11:52.225147+00:00,4023.9,200,ok,api-4,
benchmark-api4-5000-c1000-005,005-REQ-001676,1676,registro de prueba,2026-06-09T23:11:48.204307+00:00,2026-06-09T23:11:52.225395+00:00,4021.05,200,ok,api-2,
benchmark-api4-5000-c1000-005,005-REQ-001677,1677,registro de prueba,2026-06-09T23:11:48.215656+00:00,2026-06-09T23:11:52.357776+00:00,4142.08,200,ok,api-4,
benchmark-api4-5000-c1000-005,005-REQ-001678,1678,registro de prueba,2026-06-09T23:11:48.217349+00:00,2026-06-09T23:11:52.367117+00:00,4149.74,200,ok,api-1,
benchmark-api4-5000-c1000-005,005-REQ-001679,1679,registro de prueba,2026-06-09T23:11:48.221154+00:00,2026-06-09T23:11:52.135973+00:00,3914.79,200,ok,api-2,
benchmark-api4-5000-c1000-005,005-REQ-001680,1680,registro de prueba,2026-06-09T23:11:48.233601+00:00,2026-06-09T23:11:52.148594+00:00,3914.97,200,ok,api-3,
benchmark-api4-5000-c1000-005,005-REQ-001681,1681,registro de prueba,2026-06-09T23:11:48.234382+00:00,2026-06-09T23:11:52.156105+00:00,3921.71,200,ok,api-2,
benchmark-api4-5000-c1000-005,005-REQ-001682,1682,registro de prueba,2026-06-09T23:11:48.235226+00:00,2026-06-09T23:11:52.219768+00:00,3984.52,200,ok,api-1,
benchmark-api4-5000-c1000-005,005-REQ-001683,1683,registro de prueba,2026-06-09T23:11:48.235879+00:00,2026-06-09T23:11:52.325718+00:00,4089.82,200,ok,api-3,
benchmark-api4-5000-c1000-005,005-REQ-001684,1684,registro de prueba,2026-06-09T23:11:48.236579+00:00,2026-06-09T23:11:52.197979+00:00,3961.38,200,ok,api-4,
benchmark-api4-5000-c1000-005,005-REQ-001685,1685,registro de prueba,2026-06-09T23:11:48.237305+00:00,2026-06-09T23:11:52.139034+00:00,3901.71,200,ok,api-1,
benchmark-api4-5000-c1000-005,005-REQ-001686,1686,registro de prueba,2026-06-09T23:11:48.238032+00:00,2026-06-09T23:11:48.596143+00:00,358.09,200,ok,api-4,
benchmark-api4-5000-c1000-005,005-REQ-001687,1687,registro de prueba,2026-06-09T23:11:48.238320+00:00,2026-06-09T23:11:52.376355+00:00,4138.03,200,ok,api-2,
benchmark-api4-5000-c1000-005,005-REQ-001688,1688,registro de prueba,2026-06-09T23:11:48.238830+00:00,2026-06-09T23:11:48.635190+00:00,396.34,200,ok,api-1,
benchmark-api4-5000-c1000-005,005-REQ-001689,1689,registro de prueba,2026-06-09T23:11:48.239068+00:00,2026-06-09T23:11:52.367337+00:00,4128.26,200,ok,api-3,
benchmark-api4-5000-c1000-005,005-REQ-001690,1690,registro de prueba,2026-06-09T23:11:48.240566+00:00,2026-06-09T23:11:52.376162+00:00,4135.58,200,ok,api-1,
benchmark-api4-5000-c1000-005,005-REQ-001691,1691,registro de prueba,2026-06-09T23:11:48.250359+00:00,2026-06-09T23:11:52.256780+00:00,4006.39,200,ok,api-3,
benchmark-api4-5000-c1000-005,005-REQ-001692,1692,registro de prueba,2026-06-09T23:11:48.254859+00:00,2026-06-09T23:11:52.270705+00:00,4015.82,200,ok,api-4,
benchmark-api4-5000-c1000-005,005-REQ-001693,1693,registro de prueba,2026-06-09T23:11:48.255901+00:00,2026-06-09T23:11:52.266049+00:00,4010.13,200,ok,api-2,
benchmark-api4-5000-c1000-005,005-REQ-001694,1694,registro de prueba,2026-06-09T23:11:48.258839+00:00,2026-06-09T23:11:52.286982+00:00,4028.12,200,ok,api-4,
benchmark-api4-5000-c1000-005,005-REQ-001695,1695,registro de prueba,2026-06-09T23:11:48.261139+00:00,2026-06-09T23:11:52.222598+00:00,3961.45,200,ok,api-1,
benchmark-api4-5000-c1000-005,005-REQ-001696,1696,registro de prueba,2026-06-09T23:11:48.272750+00:00,2026-06-09T23:11:52.179615+00:00,3906.85,200,ok,api-2,
benchmark-api4-5000-c1000-005,005-REQ-001697,1697,registro de prueba,2026-06-09T23:11:48.278785+00:00,2026-06-09T23:11:48.693352+00:00,414.54,200,ok,api-1,
benchmark-api4-5000-c1000-005,005-REQ-001698,1698,registro de prueba,2026-06-09T23:11:48.279383+00:00,2026-06-09T23:11:52.162026+00:00,3882.62,200,ok,api-1,
benchmark-api4-5000-c1000-005,005-REQ-001699,1699,registro de prueba,2026-06-09T23:11:48.287673+00:00,2026-06-09T23:11:48.647360+00:00,359.67,200,ok,api-3,
benchmark-api4-5000-c1000-005,005-REQ-001700,1700,registro de prueba,2026-06-09T23:11:48.288133+00:00,2026-06-09T23:11:52.185555+00:00,3897.41,200,ok,api-4,
benchmark-api4-5000-c1000-005,005-REQ-001701,1701,registro de prueba,2026-06-09T23:11:48.290946+00:00,2026-06-09T23:11:48.563827+00:00,272.85,200,ok,api-4,
benchmark-api4-5000-c1000-005,005-REQ-001702,1702,registro de prueba,2026-06-09T23:11:48.292166+00:00,2026-06-09T23:11:48.691296+00:00,399.09,200,ok,api-2,
benchmark-api4-5000-c1000-005,005-REQ-001703,1703,registro de prueba,2026-06-09T23:11:48.293000+00:00,2026-06-09T23:11:48.639377+00:00,346.35,200,ok,api-4,
benchmark-api4-5000-c1000-005,005-REQ-001704,1704,registro de prueba,2026-06-09T23:11:48.293533+00:00,2026-06-09T23:11:52.168108+00:00,3874.55,200,ok,api-4,
benchmark-api4-5000-c1000-005,005-REQ-001705,1705,registro de prueba,2026-06-09T23:11:48.293770+00:00,2026-06-09T23:11:52.393160+00:00,4099.37,200,ok,api-2,
benchmark-api4-5000-c1000-005,005-REQ-001706,1706,registro de prueba,2026-06-09T23:11:48.293902+00:00,2026-06-09T23:11:52.277555+00:00,3983.64,200,ok,api-1,
benchmark-api4-5000-c1000-005,005-REQ-001707,1707,registro de prueba,2026-06-09T23:11:48.294804+00:00,2026-06-09T23:11:52.254735+00:00,3959.91,200,ok,api-2,
benchmark-api4-5000-c1000-005,005-REQ-001708,1708,registro de prueba,2026-06-09T23:11:48.295855+00:00,2026-06-09T23:11:52.228175+00:00,3932.3,200,ok,api-4,
benchmark-api4-5000-c1000-005,005-REQ-001709,1709,registro de prueba,2026-06-09T23:11:48.296861+00:00,2026-06-09T23:11:52.308563+00:00,4011.68,200,ok,api-1,
benchmark-api4-5000-c1000-005,005-REQ-001710,1710,registro de prueba,2026-06-09T23:11:48.300028+00:00,2026-06-09T23:11:52.192429+00:00,3892.38,200,ok,api-2,
benchmark-api4-5000-c1000-005,005-REQ-001711,1711,registro de prueba,2026-06-09T23:11:48.304412+00:00,2026-06-09T23:11:52.158685+00:00,3854.25,200,ok,api-4,
benchmark-api4-5000-c1000-005,005-REQ-001712,1712,registro de prueba,2026-06-09T23:11:48.308227+00:00,2026-06-09T23:11:52.330089+00:00,4021.83,200,ok,api-3,
benchmark-api4-5000-c1000-005,005-REQ-001713,1713,registro de prueba,2026-06-09T23:11:48.319381+00:00,2026-06-09T23:11:52.236355+00:00,3916.94,200,ok,api-2,
benchmark-api4-5000-c1000-005,005-REQ-001714,1714,registro de prueba,2026-06-09T23:11:48.320307+00:00,2026-06-09T23:11:52.332183+00:00,4011.85,200,ok,api-1,
benchmark-api4-5000-c1000-005,005-REQ-001715,1715,registro de prueba,2026-06-09T23:11:48.324504+00:00,2026-06-09T23:11:52.222411+00:00,3897.88,200,ok,api-3,
benchmark-api4-5000-c1000-005,005-REQ-001716,1716,registro de prueba,2026-06-09T23:11:48.326166+00:00,2026-06-09T23:11:52.183866+00:00,3857.68,200,ok,api-1,
benchmark-api4-5000-c1000-005,005-REQ-001717,1717,registro de prueba,2026-06-09T23:11:48.327056+00:00,2026-06-09T23:11:52.411065+00:00,4083.99,200,ok,api-2,
benchmark-api4-5000-c1000-005,005-REQ-001718,1718,registro de prueba,2026-06-09T23:11:48.333680+00:00,2026-06-09T23:11:52.375904+00:00,4042.19,200,ok,api-3,
benchmark-api4-5000-c1000-005,005-REQ-001719,1719,registro de prueba,2026-06-09T23:11:48.337042+00:00,2026-06-09T23:11:52.271886+00:00,3934.82,200,ok,api-4,
benchmark-api4-5000-c1000-005,005-REQ-001720,1720,registro de prueba,2026-06-09T23:11:48.338059+00:00,2026-06-09T23:11:52.154576+00:00,3816.5,200,ok,api-2,
benchmark-api4-5000-c1000-005,005-REQ-001721,1721,registro de prueba,2026-06-09T23:11:48.354137+00:00,2026-06-09T23:11:52.301745+00:00,3947.58,200,ok,api-3,
benchmark-api4-5000-c1000-005,005-REQ-001722,1722,registro de prueba,2026-06-09T23:11:48.355563+00:00,2026-06-09T23:11:48.663986+00:00,308.4,200,ok,api-3,
benchmark-api4-5000-c1000-005,005-REQ-001723,1723,registro de prueba,2026-06-09T23:11:48.356301+00:00,2026-06-09T23:11:52.224944+00:00,3868.61,200,ok,api-4,
benchmark-api4-5000-c1000-005,005-REQ-001724,1724,registro de prueba,2026-06-09T23:11:48.357675+00:00,2026-06-09T23:11:52.213898+00:00,3856.2,200,ok,api-2,
benchmark-api4-5000-c1000-005,005-REQ-001725,1725,registro de prueba,2026-06-09T23:11:48.359443+00:00,2026-06-09T23:11:52.343757+00:00,3984.28,200,ok,api-1,
benchmark-api4-5000-c1000-005,005-REQ-001726,1726,registro de prueba,2026-06-09T23:11:48.361202+00:00,2026-06-09T23:11:52.384455+00:00,4023.22,200,ok,api-3,
benchmark-api4-5000-c1000-005,005-REQ-001727,1727,registro de prueba,2026-06-09T23:11:48.365232+00:00,2026-06-09T23:11:52.187545+00:00,3822.28,200,ok,api-4,
benchmark-api4-5000-c1000-005,005-REQ-001728,1728,registro de prueba,2026-06-09T23:11:48.367381+00:00,2026-06-09T23:11:48.715616+00:00,348.21,200,ok,api-4,
benchmark-api4-5000-c1000-005,005-REQ-001729,1729,registro de prueba,2026-06-09T23:11:48.368000+00:00,2026-06-09T23:11:48.651548+00:00,283.54,200,ok,api-3,
benchmark-api4-5000-c1000-005,005-REQ-001730,1730,registro de prueba,2026-06-09T23:11:48.368441+00:00,2026-06-09T23:11:48.845718+00:00,477.26,200,ok,api-1,
benchmark-api4-5000-c1000-005,005-REQ-001731,1731,registro de prueba,2026-06-09T23:11:48.368808+00:00,2026-06-09T23:11:52.289956+00:00,3921.14,200,ok,api-1,
benchmark-api4-5000-c1000-005,005-REQ-001732,1732,registro de prueba,2026-06-09T23:11:48.368932+00:00,2026-06-09T23:11:52.316146+00:00,3947.2,200,ok,api-2,
benchmark-api4-5000-c1000-005,005-REQ-001733,1733,registro de prueba,2026-06-09T23:11:48.369019+00:00,2026-06-09T23:11:52.060412+00:00,3691.39,500,error,,2003 (HY000): Can't connect to MySQL server on 'host.docker.internal:3306' (111)
benchmark-api4-5000-c1000-005,005-REQ-001734,1734,registro de prueba,2026-06-09T23:11:48.369114+00:00,2026-06-09T23:11:52.410781+00:00,4041.65,200,ok,api-4,
benchmark-api4-5000-c1000-005,005-REQ-001735,1735,registro de prueba,2026-06-09T23:11:48.373915+00:00,2026-06-09T23:11:52.221101+00:00,3847.16,200,ok,api-1,
benchmark-api4-5000-c1000-005,005-REQ-001736,1736,registro de prueba,2026-06-09T23:11:48.376443+00:00,2026-06-09T23:11:48.681116+00:00,304.65,200,ok,api-3,
benchmark-api4-5000-c1000-005,005-REQ-001737,1737,registro de prueba,2026-06-09T23:11:48.377273+00:00,2026-06-09T23:11:52.263103+00:00,3885.79,200,ok,api-3,
benchmark-api4-5000-c1000-005,005-REQ-001738,1738,registro de prueba,2026-06-09T23:11:48.377515+00:00,2026-06-09T23:11:52.240047+00:00,3862.51,200,ok,api-4,
benchmark-api4-5000-c1000-005,005-REQ-001739,1739,registro de prueba,2026-06-09T23:11:48.378263+00:00,2026-06-09T23:11:52.171316+00:00,3793.03,200,ok,api-1,
benchmark-api4-5000-c1000-005,005-REQ-001740,1740,registro de prueba,2026-06-09T23:11:48.379227+00:00,2026-06-09T23:11:52.344018+00:00,3964.77,200,ok,api-2,
benchmark-api4-5000-c1000-005,005-REQ-001741,1741,registro de prueba,2026-06-09T23:11:48.385045+00:00,2026-06-09T23:11:52.306018+00:00,3920.94,200,ok,api-3,
benchmark-api4-5000-c1000-005,005-REQ-001742,1742,registro de prueba,2026-06-09T23:11:48.408132+00:00,2026-06-09T23:11:48.793833+00:00,385.67,200,ok,api-2,
benchmark-api4-5000-c1000-005,005-REQ-001743,1743,registro de prueba,2026-06-09T23:11:48.409341+00:00,2026-06-09T23:11:52.495886+00:00,4086.52,200,ok,api-3,
benchmark-api4-5000-c1000-005,005-REQ-001744,1744,registro de prueba,2026-06-09T23:11:48.410487+00:00,2026-06-09T23:11:52.286660+00:00,3876.15,200,ok,api-1,
benchmark-api4-5000-c1000-005,005-REQ-001745,1745,registro de prueba,2026-06-09T23:11:48.412658+00:00,2026-06-09T23:11:48.813441+00:00,400.77,200,ok,api-4,
benchmark-api4-5000-c1000-005,005-REQ-001746,1746,registro de prueba,2026-06-09T23:11:48.413341+00:00,2026-06-09T23:11:52.060208+00:00,3646.84,500,error,,2003 (HY000): Can't connect to MySQL server on 'host.docker.internal:3306' (111)
benchmark-api4-5000-c1000-005,005-REQ-001747,1747,registro de prueba,2026-06-09T23:11:48.416344+00:00,2026-06-09T23:11:52.275183+00:00,3858.82,200,ok,api-1,
benchmark-api4-5000-c1000-005,005-REQ-001748,1748,registro de prueba,2026-06-09T23:11:48.417171+00:00,2026-06-09T23:11:52.334529+00:00,3917.34,200,ok,api-2,
benchmark-api4-5000-c1000-005,005-REQ-001749,1749,registro de prueba,2026-06-09T23:11:48.419485+00:00,2026-06-09T23:11:48.817152+00:00,397.64,200,ok,api-2,
benchmark-api4-5000-c1000-005,005-REQ-001750,1750,registro de prueba,2026-06-09T23:11:48.420090+00:00,2026-06-09T23:11:52.247692+00:00,3827.58,200,ok,api-4,
benchmark-api4-5000-c1000-005,005-REQ-001751,1751,registro de prueba,2026-06-09T23:11:48.431642+00:00,2026-06-09T23:11:48.789260+00:00,357.6,200,ok,api-3,
benchmark-api4-5000-c1000-005,005-REQ-001752,1752,registro de prueba,2026-06-09T23:11:48.432414+00:00,2026-06-09T23:11:52.245813+00:00,3813.37,200,ok,api-3,
benchmark-api4-5000-c1000-005,005-REQ-001753,1753,registro de prueba,2026-06-09T23:11:48.432657+00:00,2026-06-09T23:11:52.432561+00:00,3999.89,200,ok,api-2,
benchmark-api4-5000-c1000-005,005-REQ-001754,1754,registro de prueba,2026-06-09T23:11:48.447008+00:00,2026-06-09T23:11:52.314833+00:00,3867.76,200,ok,api-1,
benchmark-api4-5000-c1000-005,005-REQ-001755,1755,registro de prueba,2026-06-09T23:11:48.451209+00:00,2026-06-09T23:11:48.895902+00:00,444.58,200,ok,api-1,
benchmark-api4-5000-c1000-005,005-REQ-001756,1756,registro de prueba,2026-06-09T23:11:48.452190+00:00,2026-06-09T23:11:52.181198+00:00,3728.98,200,ok,api-3,
benchmark-api4-5000-c1000-005,005-REQ-001757,1757,registro de prueba,2026-06-09T23:11:48.452513+00:00,2026-06-09T23:11:52.299358+00:00,3846.82,200,ok,api-4,
benchmark-api4-5000-c1000-005,005-REQ-001758,1758,registro de prueba,2026-06-09T23:11:48.453629+00:00,2026-06-09T23:11:48.899663+00:00,446.01,200,ok,api-4,
benchmark-api4-5000-c1000-005,005-REQ-001759,1759,registro de prueba,2026-06-09T23:11:48.454133+00:00,2026-06-09T23:11:52.353951+00:00,3899.79,200,ok,api-1,
benchmark-api4-5000-c1000-005,005-REQ-001760,1760,registro de prueba,2026-06-09T23:11:48.454994+00:00,2026-06-09T23:11:52.321138+00:00,3866.13,200,ok,api-3,
benchmark-api4-5000-c1000-005,005-REQ-001761,1761,registro de prueba,2026-06-09T23:11:48.461962+00:00,2026-06-09T23:11:52.320837+00:00,3858.85,200,ok,api-4,
benchmark-api4-5000-c1000-005,005-REQ-001762,1762,registro de prueba,2026-06-09T23:11:48.472351+00:00,2026-06-09T23:11:52.347023+00:00,3874.64,200,ok,api-1,
benchmark-api4-5000-c1000-005,005-REQ-001763,1763,registro de prueba,2026-06-09T23:11:48.473603+00:00,2026-06-09T23:11:52.468025+00:00,3994.41,200,ok,api-3,
benchmark-api4-5000-c1000-005,005-REQ-001764,1764,registro de prueba,2026-06-09T23:11:48.479879+00:00,2026-06-09T23:11:52.420118+00:00,3940.22,200,ok,api-2,
benchmark-api4-5000-c1000-005,005-REQ-001765,1765,registro de prueba,2026-06-09T23:11:48.488769+00:00,2026-06-09T23:11:52.389818+00:00,3901.02,200,ok,api-4,
benchmark-api4-5000-c1000-005,005-REQ-001766,1766,registro de prueba,2026-06-09T23:11:48.489937+00:00,2026-06-09T23:11:52.429126+00:00,3939.07,200,ok,api-1,
benchmark-api4-5000-c1000-005,005-REQ-001767,1767,registro de prueba,2026-06-09T23:11:48.491381+00:00,2026-06-09T23:11:52.458114+00:00,3966.69,200,ok,api-2,
benchmark-api4-5000-c1000-005,005-REQ-001768,1768,registro de prueba,2026-06-09T23:11:48.492772+00:00,2026-06-09T23:11:52.406939+00:00,3914.15,200,ok,api-3,
benchmark-api4-5000-c1000-005,005-REQ-001769,1769,registro de prueba,2026-06-09T23:11:48.500243+00:00,2026-06-09T23:11:52.395605+00:00,3895.34,200,ok,api-4,
benchmark-api4-5000-c1000-005,005-REQ-001770,1770,registro de prueba,2026-06-09T23:11:48.501270+00:00,2026-06-09T23:11:48.847682+00:00,346.4,200,ok,api-4,
benchmark-api4-5000-c1000-005,005-REQ-001771,1771,registro de prueba,2026-06-09T23:11:48.501700+00:00,2026-06-09T23:11:52.450037+00:00,3948.32,200,ok,api-1,
benchmark-api4-5000-c1000-005,005-REQ-001772,1772,registro de prueba,2026-06-09T23:11:48.502381+00:00,2026-06-09T23:11:52.584226+00:00,4081.84,200,ok,api-3,
benchmark-api4-5000-c1000-005,005-REQ-001773,1773,registro de prueba,2026-06-09T23:11:48.503050+00:00,2026-06-09T23:11:52.491366+00:00,3988.3,200,ok,api-2,
benchmark-api4-5000-c1000-005,005-REQ-001774,1774,registro de prueba,2026-06-09T23:11:48.516397+00:00,2026-06-09T23:11:52.532181+00:00,4015.76,200,ok,api-4,
benchmark-api4-5000-c1000-005,005-REQ-001775,1775,registro de prueba,2026-06-09T23:11:48.525465+00:00,2026-06-09T23:11:52.607636+00:00,4082.14,200,ok,api-1,
benchmark-api4-5000-c1000-005,005-REQ-001776,1776,registro de prueba,2026-06-09T23:11:48.526366+00:00,2026-06-09T23:11:52.505128+00:00,3978.66,200,ok,api-2,
benchmark-api4-5000-c1000-005,005-REQ-001777,1777,registro de prueba,2026-06-09T23:11:48.535759+00:00,2026-06-09T23:11:52.541518+00:00,4005.73,200,ok,api-1,
benchmark-api4-5000-c1000-005,005-REQ-001778,1778,registro de prueba,2026-06-09T23:11:48.536797+00:00,2026-06-09T23:11:52.520802+00:00,3983.98,200,ok,api-2,
benchmark-api4-5000-c1000-005,005-REQ-001779,1779,registro de prueba,2026-06-09T23:11:48.537762+00:00,2026-06-09T23:11:52.641520+00:00,4103.73,200,ok,api-3,
benchmark-api4-5000-c1000-005,005-REQ-001780,1780,registro de prueba,2026-06-09T23:11:48.538477+00:00,2026-06-09T23:11:52.480182+00:00,3941.69,200,ok,api-4,
benchmark-api4-5000-c1000-005,005-REQ-001781,1781,registro de prueba,2026-06-09T23:11:48.542947+00:00,2026-06-09T23:11:52.645442+00:00,4102.48,200,ok,api-3,
benchmark-api4-5000-c1000-005,005-REQ-001782,1782,registro de prueba,2026-06-09T23:11:48.558924+00:00,2026-06-09T23:11:52.833834+00:00,4274.87,200,ok,api-1,
benchmark-api4-5000-c1000-005,005-REQ-001783,1783,registro de prueba,2026-06-09T23:11:48.561037+00:00,2026-06-09T23:11:48.844355+00:00,283.17,200,ok,api-4,
benchmark-api4-5000-c1000-005,005-REQ-001784,1784,registro de prueba,2026-06-09T23:11:48.562416+00:00,2026-06-09T23:11:52.881833+00:00,4319.32,200,ok,api-4,
benchmark-api4-5000-c1000-005,005-REQ-001785,1785,registro de prueba,2026-06-09T23:11:48.564963+00:00,2026-06-09T23:11:48.964789+00:00,399.8,200,ok,api-2,
benchmark-api4-5000-c1000-005,005-REQ-001786,1786,registro de prueba,2026-06-09T23:11:48.565666+00:00,2026-06-09T23:11:52.870557+00:00,4304.87,200,ok,api-1,
benchmark-api4-5000-c1000-005,005-REQ-001787,1787,registro de prueba,2026-06-09T23:11:48.566839+00:00,2026-06-09T23:11:52.692696+00:00,4125.84,200,ok,api-3,
benchmark-api4-5000-c1000-005,005-REQ-001788,1788,registro de prueba,2026-06-09T23:11:48.570874+00:00,2026-06-09T23:11:52.628435+00:00,4057.54,200,ok,api-4,
benchmark-api4-5000-c1000-005,005-REQ-001789,1789,registro de prueba,2026-06-09T23:11:48.572473+00:00,2026-06-09T23:11:49.011017+00:00,438.52,200,ok,api-1,
benchmark-api4-5000-c1000-005,005-REQ-001790,1790,registro de prueba,2026-06-09T23:11:48.573932+00:00,2026-06-09T23:11:52.630391+00:00,4056.42,200,ok,api-4,
benchmark-api4-5000-c1000-005,005-REQ-001791,1791,registro de prueba,2026-06-09T23:11:48.574610+00:00,2026-06-09T23:11:52.768104+00:00,4193.46,200,ok,api-1,
benchmark-api4-5000-c1000-005,005-REQ-001792,1792,registro de prueba,2026-06-09T23:11:48.576601+00:00,2026-06-09T23:11:52.718356+00:00,4141.73,200,ok,api-1,
benchmark-api4-5000-c1000-005,005-REQ-001793,1793,registro de prueba,2026-06-09T23:11:48.577921+00:00,2026-06-09T23:11:52.892703+00:00,4314.76,200,ok,api-3,
benchmark-api4-5000-c1000-005,005-REQ-001794,1794,registro de prueba,2026-06-09T23:11:48.579983+00:00,2026-06-09T23:11:52.803770+00:00,4223.77,200,ok,api-2,
benchmark-api4-5000-c1000-005,005-REQ-001795,1795,registro de prueba,2026-06-09T23:11:48.593983+00:00,2026-06-09T23:11:52.875959+00:00,4281.96,200,ok,api-2,
benchmark-api4-5000-c1000-005,005-REQ-001796,1796,registro de prueba,2026-06-09T23:11:48.596975+00:00,2026-06-09T23:11:52.691145+00:00,4094.15,200,ok,api-3,
benchmark-api4-5000-c1000-005,005-REQ-001797,1797,registro de prueba,2026-06-09T23:11:48.624419+00:00,2026-06-09T23:11:52.684717+00:00,4060.19,200,ok,api-1,
benchmark-api4-5000-c1000-005,005-REQ-001798,1798,registro de prueba,2026-06-09T23:11:48.627463+00:00,2026-06-09T23:11:52.584040+00:00,3956.54,200,ok,api-2,
benchmark-api4-5000-c1000-005,005-REQ-001799,1799,registro de prueba,2026-06-09T23:11:48.630107+00:00,2026-06-09T23:11:52.721383+00:00,4091.24,200,ok,api-3,
benchmark-api4-5000-c1000-005,005-REQ-001800,1800,registro de prueba,2026-06-09T23:11:48.638227+00:00,2026-06-09T23:11:52.641237+00:00,4002.97,200,ok,api-3,
benchmark-api4-5000-c1000-005,005-REQ-001801,1801,registro de prueba,2026-06-09T23:11:48.640106+00:00,2026-06-09T23:11:52.573373+00:00,3933.2,200,ok,api-2,
benchmark-api4-5000-c1000-005,005-REQ-001802,1802,registro de prueba,2026-06-09T23:11:48.647904+00:00,2026-06-09T23:11:48.908844+00:00,260.92,200,ok,api-2,
benchmark-api4-5000-c1000-005,005-REQ-001803,1803,registro de prueba,2026-06-09T23:11:48.649035+00:00,2026-06-09T23:11:52.689749+00:00,4040.69,200,ok,api-1,
benchmark-api4-5000-c1000-005,005-REQ-001804,1804,registro de prueba,2026-06-09T23:11:48.649350+00:00,2026-06-09T23:11:52.871876+00:00,4222.5,200,ok,api-4,
benchmark-api4-5000-c1000-005,005-REQ-001805,1805,registro de prueba,2026-06-09T23:11:48.651203+00:00,2026-06-09T23:11:52.814592+00:00,4163.37,200,ok,api-2,
benchmark-api4-5000-c1000-005,005-REQ-001806,1806,registro de prueba,2026-06-09T23:11:48.651892+00:00,2026-06-09T23:11:52.849471+00:00,4197.55,200,ok,api-3,
benchmark-api4-5000-c1000-005,005-REQ-001807,1807,registro de prueba,2026-06-09T23:11:48.652729+00:00,2026-06-09T23:11:52.583017+00:00,3930.27,200,ok,api-4,
benchmark-api4-5000-c1000-005,005-REQ-001808,1808,registro de prueba,2026-06-09T23:11:48.664334+00:00,2026-06-09T23:11:52.686544+00:00,4022.2,200,ok,api-1,
benchmark-api4-5000-c1000-005,005-REQ-001809,1809,registro de prueba,2026-06-09T23:11:48.677399+00:00,2026-06-09T23:11:52.918173+00:00,4240.75,200,ok,api-2,
benchmark-api4-5000-c1000-005,005-REQ-001810,1810,registro de prueba,2026-06-09T23:11:48.679777+00:00,2026-06-09T23:11:52.753931+00:00,4074.13,200,ok,api-3,
benchmark-api4-5000-c1000-005,005-REQ-001811,1811,registro de prueba,2026-06-09T23:11:48.681714+00:00,2026-06-09T23:11:52.636098+00:00,3954.36,200,ok,api-1,
benchmark-api4-5000-c1000-005,005-REQ-001812,1812,registro de prueba,2026-06-09T23:11:48.682803+00:00,2026-06-09T23:11:52.556557+00:00,3873.73,200,ok,api-2,
benchmark-api4-5000-c1000-005,005-REQ-001813,1813,registro de prueba,2026-06-09T23:11:48.683464+00:00,2026-06-09T23:11:52.644661+00:00,3961.18,200,ok,api-1,
benchmark-api4-5000-c1000-005,005-REQ-001814,1814,registro de prueba,2026-06-09T23:11:48.686716+00:00,2026-06-09T23:11:52.877054+00:00,4190.32,200,ok,api-4,
benchmark-api4-5000-c1000-005,005-REQ-001815,1815,registro de prueba,2026-06-09T23:11:48.692785+00:00,2026-06-09T23:11:52.911699+00:00,4218.88,200,ok,api-2,
benchmark-api4-5000-c1000-005,005-REQ-001816,1816,registro de prueba,2026-06-09T23:11:48.693779+00:00,2026-06-09T23:11:52.827309+00:00,4133.51,200,ok,api-3,
benchmark-api4-5000-c1000-005,005-REQ-001817,1817,registro de prueba,2026-06-09T23:11:48.700510+00:00,2026-06-09T23:11:52.601187+00:00,3900.64,200,ok,api-3,
benchmark-api4-5000-c1000-005,005-REQ-001818,1818,registro de prueba,2026-06-09T23:11:48.709622+00:00,2026-06-09T23:11:52.694014+00:00,3984.38,200,ok,api-2,
benchmark-api4-5000-c1000-005,005-REQ-001819,1819,registro de prueba,2026-06-09T23:11:48.710619+00:00,2026-06-09T23:11:52.839397+00:00,4128.76,200,ok,api-1,
benchmark-api4-5000-c1000-005,005-REQ-001820,1820,registro de prueba,2026-06-09T23:11:48.715205+00:00,2026-06-09T23:11:52.937779+00:00,4222.55,200,ok,api-1,
benchmark-api4-5000-c1000-005,005-REQ-001821,1821,registro de prueba,2026-06-09T23:11:48.716130+00:00,2026-06-09T23:11:48.995066+00:00,278.92,200,ok,api-4,
benchmark-api4-5000-c1000-005,005-REQ-001822,1822,registro de prueba,2026-06-09T23:11:48.716497+00:00,2026-06-09T23:11:52.558972+00:00,3842.46,200,ok,api-2,
benchmark-api4-5000-c1000-005,005-REQ-001823,1823,registro de prueba,2026-06-09T23:11:48.722986+00:00,2026-06-09T23:11:52.716404+00:00,3993.39,200,ok,api-3,
benchmark-api4-5000-c1000-005,005-REQ-001824,1824,registro de prueba,2026-06-09T23:11:48.739599+00:00,2026-06-09T23:11:52.809753+00:00,4070.09,200,ok,api-4,
benchmark-api4-5000-c1000-005,005-REQ-001825,1825,registro de prueba,2026-06-09T23:11:48.743960+00:00,2026-06-09T23:11:48.970010+00:00,226.02,200,ok,api-4,
benchmark-api4-5000-c1000-005,005-REQ-001826,1826,registro de prueba,2026-06-09T23:11:48.744502+00:00,2026-06-09T23:11:52.969579+00:00,4225.06,200,ok,api-1,
benchmark-api4-5000-c1000-005,005-REQ-001827,1827,registro de prueba,2026-06-09T23:11:48.745459+00:00,2026-06-09T23:11:52.940873+00:00,4195.4,200,ok,api-2,
benchmark-api4-5000-c1000-005,005-REQ-001828,1828,registro de prueba,2026-06-09T23:11:48.746144+00:00,2026-06-09T23:11:52.856370+00:00,4110.2,200,ok,api-3,
benchmark-api4-5000-c1000-005,005-REQ-001829,1829,registro de prueba,2026-06-09T23:11:48.746827+00:00,2026-06-09T23:11:52.603958+00:00,3857.12,200,ok,api-1,
benchmark-api4-5000-c1000-005,005-REQ-001830,1830,registro de prueba,2026-06-09T23:11:48.759617+00:00,2026-06-09T23:11:52.935469+00:00,4175.84,200,ok,api-2,
benchmark-api4-5000-c1000-005,005-REQ-001831,1831,registro de prueba,2026-06-09T23:11:48.761570+00:00,2026-06-09T23:11:52.693733+00:00,3932.12,200,ok,api-4,
benchmark-api4-5000-c1000-005,005-REQ-001832,1832,registro de prueba,2026-06-09T23:11:48.767195+00:00,2026-06-09T23:11:52.610070+00:00,3842.86,200,ok,api-1,
benchmark-api4-5000-c1000-005,005-REQ-001833,1833,registro de prueba,2026-06-09T23:11:48.770588+00:00,2026-06-09T23:11:52.711084+00:00,3940.47,200,ok,api-2,
benchmark-api4-5000-c1000-005,005-REQ-001834,1834,registro de prueba,2026-06-09T23:11:48.777184+00:00,2026-06-09T23:11:52.740279+00:00,3963.06,200,ok,api-3,
benchmark-api4-5000-c1000-005,005-REQ-001835,1835,registro de prueba,2026-06-09T23:11:48.788299+00:00,2026-06-09T23:11:52.602843+00:00,3814.49,200,ok,api-1,
benchmark-api4-5000-c1000-005,005-REQ-001836,1836,registro de prueba,2026-06-09T23:11:48.789876+00:00,2026-06-09T23:11:49.024349+00:00,234.45,200,ok,api-2,
benchmark-api4-5000-c1000-005,005-REQ-001837,1837,registro de prueba,2026-06-09T23:11:48.790412+00:00,2026-06-09T23:11:52.765144+00:00,3974.72,200,ok,api-2,
benchmark-api4-5000-c1000-005,005-REQ-001838,1838,registro de prueba,2026-06-09T23:11:48.792430+00:00,2026-06-09T23:11:49.063550+00:00,271.08,200,ok,api-3,
benchmark-api4-5000-c1000-005,005-REQ-001839,1839,registro de prueba,2026-06-09T23:11:48.793118+00:00,2026-06-09T23:11:52.608948+00:00,3815.82,200,ok,api-4,
benchmark-api4-5000-c1000-005,005-REQ-001840,1840,registro de prueba,2026-06-09T23:11:48.794968+00:00,2026-06-09T23:11:49.132796+00:00,337.81,200,ok,api-1,
benchmark-api4-5000-c1000-005,005-REQ-001841,1841,registro de prueba,2026-06-09T23:11:48.795577+00:00,2026-06-09T23:11:49.072292+00:00,276.7,200,ok,api-2,
benchmark-api4-5000-c1000-005,005-REQ-001842,1842,registro de prueba,2026-06-09T23:11:48.795843+00:00,2026-06-09T23:11:52.742231+00:00,3946.38,200,ok,api-3,
benchmark-api4-5000-c1000-005,005-REQ-001843,1843,registro de prueba,2026-06-09T23:11:48.795951+00:00,2026-06-09T23:11:52.662256+00:00,3866.29,200,ok,api-1,
benchmark-api4-5000-c1000-005,005-REQ-001844,1844,registro de prueba,2026-06-09T23:11:48.796382+00:00,2026-06-09T23:11:52.935628+00:00,4139.24,200,ok,api-3,
benchmark-api4-5000-c1000-005,005-REQ-001845,1845,registro de prueba,2026-06-09T23:11:48.797093+00:00,2026-06-09T23:11:52.761562+00:00,3964.45,200,ok,api-4,
benchmark-api4-5000-c1000-005,005-REQ-001846,1846,registro de prueba,2026-06-09T23:11:48.801565+00:00,2026-06-09T23:11:52.953865+00:00,4152.28,200,ok,api-2,
benchmark-api4-5000-c1000-005,005-REQ-001847,1847,registro de prueba,2026-06-09T23:11:48.807117+00:00,2026-06-09T23:11:52.734578+00:00,3927.43,200,ok,api-1,
benchmark-api4-5000-c1000-005,005-REQ-001848,1848,registro de prueba,2026-06-09T23:11:48.814027+00:00,2026-06-09T23:11:52.781694+00:00,3967.64,200,ok,api-3,
benchmark-api4-5000-c1000-005,005-REQ-001849,1849,registro de prueba,2026-06-09T23:11:48.817802+00:00,2026-06-09T23:11:52.686992+00:00,3869.16,200,ok,api-1,
benchmark-api4-5000-c1000-005,005-REQ-001850,1850,registro de prueba,2026-06-09T23:11:48.824261+00:00,2026-06-09T23:11:52.761826+00:00,3937.53,200,ok,api-4,
benchmark-api4-5000-c1000-005,005-REQ-001851,1851,registro de prueba,2026-06-09T23:11:48.826205+00:00,2026-06-09T23:11:52.960466+00:00,4134.23,200,ok,api-3,
benchmark-api4-5000-c1000-005,005-REQ-001852,1852,registro de prueba,2026-06-09T23:11:48.830331+00:00,2026-06-09T23:11:52.779681+00:00,3949.32,200,ok,api-4,
benchmark-api4-5000-c1000-005,005-REQ-001853,1853,registro de prueba,2026-06-09T23:11:48.831449+00:00,2026-06-09T23:11:52.903882+00:00,4072.41,200,ok,api-1,
benchmark-api4-5000-c1000-005,005-REQ-001854,1854,registro de prueba,2026-06-09T23:11:48.845135+00:00,2026-06-09T23:11:52.716141+00:00,3870.96,200,ok,api-2,
benchmark-api4-5000-c1000-005,005-REQ-001855,1855,registro de prueba,2026-06-09T23:11:48.846395+00:00,2026-06-09T23:11:49.072031+00:00,225.62,200,ok,api-1,
benchmark-api4-5000-c1000-005,005-REQ-001856,1856,registro de prueba,2026-06-09T23:11:48.847024+00:00,2026-06-09T23:11:52.675553+00:00,3828.5,200,ok,api-3,
benchmark-api4-5000-c1000-005,005-REQ-001857,1857,registro de prueba,2026-06-09T23:11:48.848179+00:00,2026-06-09T23:11:52.719650+00:00,3871.45,200,ok,api-4,
benchmark-api4-5000-c1000-005,005-REQ-001858,1858,registro de prueba,2026-06-09T23:11:48.853713+00:00,2026-06-09T23:11:52.948031+00:00,4094.29,200,ok,api-1,
benchmark-api4-5000-c1000-005,005-REQ-001859,1859,registro de prueba,2026-06-09T23:11:48.855051+00:00,2026-06-09T23:11:49.084302+00:00,229.23,200,ok,api-4,
benchmark-api4-5000-c1000-005,005-REQ-001860,1860,registro de prueba,2026-06-09T23:11:48.855605+00:00,2026-06-09T23:11:52.981551+00:00,4125.92,200,ok,api-3,
benchmark-api4-5000-c1000-005,005-REQ-001861,1861,registro de prueba,2026-06-09T23:11:48.861418+00:00,2026-06-09T23:11:52.690926+00:00,3829.48,200,ok,api-4,
benchmark-api4-5000-c1000-005,005-REQ-001862,1862,registro de prueba,2026-06-09T23:11:48.862455+00:00,2026-06-09T23:11:52.796129+00:00,3933.65,200,ok,api-1,
benchmark-api4-5000-c1000-005,005-REQ-001863,1863,registro de prueba,2026-06-09T23:11:48.866043+00:00,2026-06-09T23:11:49.210963+00:00,344.9,200,ok,api-2,
benchmark-api4-5000-c1000-005,005-REQ-001864,1864,registro de prueba,2026-06-09T23:11:48.866615+00:00,2026-06-09T23:11:52.730165+00:00,3863.52,200,ok,api-2,
benchmark-api4-5000-c1000-005,005-REQ-001865,1865,registro de prueba,2026-06-09T23:11:48.869527+00:00,2026-06-09T23:11:52.989253+00:00,4119.69,200,ok,api-3,
benchmark-api4-5000-c1000-005,005-REQ-001866,1866,registro de prueba,2026-06-09T23:11:48.877010+00:00,2026-06-09T23:11:49.065319+00:00,188.29,200,ok,api-3,
benchmark-api4-5000-c1000-005,005-REQ-001867,1867,registro de prueba,2026-06-09T23:11:48.877749+00:00,2026-06-09T23:11:52.841532+00:00,3963.75,200,ok,api-4,
benchmark-api4-5000-c1000-005,005-REQ-001868,1868,registro de prueba,2026-06-09T23:11:48.879598+00:00,2026-06-09T23:11:49.263395+00:00,383.73,200,ok,api-1,
benchmark-api4-5000-c1000-005,005-REQ-001869,1869,registro de prueba,2026-06-09T23:11:48.880449+00:00,2026-06-09T23:11:52.815876+00:00,3935.4,200,ok,api-1,
benchmark-api4-5000-c1000-005,005-REQ-001870,1870,registro de prueba,2026-06-09T23:11:48.880751+00:00,2026-06-09T23:11:52.949448+00:00,4068.68,200,ok,api-3,
benchmark-api4-5000-c1000-005,005-REQ-001871,1871,registro de prueba,2026-06-09T23:11:48.884569+00:00,2026-06-09T23:11:49.138240+00:00,253.65,200,ok,api-4,
benchmark-api4-5000-c1000-005,005-REQ-001872,1872,registro de prueba,2026-06-09T23:11:48.885246+00:00,2026-06-09T23:11:52.967878+00:00,4082.6,200,ok,api-4,
benchmark-api4-5000-c1000-005,005-REQ-001873,1873,registro de prueba,2026-06-09T23:11:48.888148+00:00,2026-06-09T23:11:52.949786+00:00,4061.6,200,ok,api-1,
benchmark-api4-5000-c1000-005,005-REQ-001874,1874,registro de prueba,2026-06-09T23:11:48.889855+00:00,2026-06-09T23:11:52.842639+00:00,3952.62,200,ok,api-2,
benchmark-api4-5000-c1000-005,005-REQ-001875,1875,registro de prueba,2026-06-09T23:11:48.896454+00:00,2026-06-09T23:11:52.818254+00:00,3921.77,200,ok,api-3,
benchmark-api4-5000-c1000-005,005-REQ-001876,1876,registro de prueba,2026-06-09T23:11:48.897663+00:00,2026-06-09T23:11:52.844843+00:00,3947.15,200,ok,api-4,
benchmark-api4-5000-c1000-005,005-REQ-001877,1877,registro de prueba,2026-06-09T23:11:48.898960+00:00,2026-06-09T23:11:52.916052+00:00,4017.07,200,ok,api-1,
benchmark-api4-5000-c1000-005,005-REQ-001878,1878,registro de prueba,2026-06-09T23:11:48.900124+00:00,2026-06-09T23:11:52.874722+00:00,3974.57,200,ok,api-2,
benchmark-api4-5000-c1000-005,005-REQ-001879,1879,registro de prueba,2026-06-09T23:11:48.901164+00:00,2026-06-09T23:11:52.996854+00:00,4095.66,200,ok,api-3,
benchmark-api4-5000-c1000-005,005-REQ-001880,1880,registro de prueba,2026-06-09T23:11:48.905863+00:00,2026-06-09T23:11:49.212066+00:00,306.19,200,ok,api-2,
benchmark-api4-5000-c1000-005,005-REQ-001881,1881,registro de prueba,2026-06-09T23:11:48.907113+00:00,2026-06-09T23:11:52.992467+00:00,4085.31,200,ok,api-4,
benchmark-api4-5000-c1000-005,005-REQ-001882,1882,registro de prueba,2026-06-09T23:11:48.907896+00:00,2026-06-09T23:11:52.935235+00:00,4027.3,200,ok,api-1,
benchmark-api4-5000-c1000-005,005-REQ-001883,1883,registro de prueba,2026-06-09T23:11:48.909500+00:00,2026-06-09T23:11:52.859344+00:00,3949.81,200,ok,api-2,
benchmark-api4-5000-c1000-005,005-REQ-001884,1884,registro de prueba,2026-06-09T23:11:48.915294+00:00,2026-06-09T23:11:53.047231+00:00,4131.91,200,ok,api-4,
benchmark-api4-5000-c1000-005,005-REQ-001885,1885,registro de prueba,2026-06-09T23:11:48.919679+00:00,2026-06-09T23:11:53.027763+00:00,4108.07,200,ok,api-4,
benchmark-api4-5000-c1000-005,005-REQ-001886,1886,registro de prueba,2026-06-09T23:11:48.920935+00:00,2026-06-09T23:11:52.901379+00:00,3980.42,200,ok,api-1,
benchmark-api4-5000-c1000-005,005-REQ-001887,1887,registro de prueba,2026-06-09T23:11:48.922292+00:00,2026-06-09T23:11:53.083053+00:00,4160.73,200,ok,api-3,
benchmark-api4-5000-c1000-005,005-REQ-001888,1888,registro de prueba,2026-06-09T23:11:48.925132+00:00,2026-06-09T23:11:52.910073+00:00,3984.91,200,ok,api-2,
benchmark-api4-5000-c1000-005,005-REQ-001889,1889,registro de prueba,2026-06-09T23:11:48.927126+00:00,2026-06-09T23:11:53.084275+00:00,4157.11,200,ok,api-2,
benchmark-api4-5000-c1000-005,005-REQ-001890,1890,registro de prueba,2026-06-09T23:11:48.928422+00:00,2026-06-09T23:11:49.237442+00:00,309.0,200,ok,api-3,
benchmark-api4-5000-c1000-005,005-REQ-001891,1891,registro de prueba,2026-06-09T23:11:48.928910+00:00,2026-06-09T23:11:52.893877+00:00,3964.95,200,ok,api-1,
benchmark-api4-5000-c1000-005,005-REQ-001892,1892,registro de prueba,2026-06-09T23:11:48.930758+00:00,2026-06-09T23:11:53.069047+00:00,4138.26,200,ok,api-3,
benchmark-api4-5000-c1000-005,005-REQ-001893,1893,registro de prueba,2026-06-09T23:11:48.934081+00:00,2026-06-09T23:11:52.901106+00:00,3966.99,200,ok,api-4,
benchmark-api4-5000-c1000-005,005-REQ-001894,1894,registro de prueba,2026-06-09T23:11:48.938446+00:00,2026-06-09T23:11:49.218825+00:00,280.35,200,ok,api-2,
benchmark-api4-5000-c1000-005,005-REQ-001895,1895,registro de prueba,2026-06-09T23:11:48.942234+00:00,2026-06-09T23:11:52.949629+00:00,4007.36,200,ok,api-1,
benchmark-api4-5000-c1000-005,005-REQ-001896,1896,registro de prueba,2026-06-09T23:11:48.943962+00:00,2026-06-09T23:11:52.973019+00:00,4029.03,200,ok,api-3,
benchmark-api4-5000-c1000-005,005-REQ-001897,1897,registro de prueba,2026-06-09T23:11:48.954795+00:00,2026-06-09T23:11:53.075871+00:00,4121.04,200,ok,api-4,
benchmark-api4-5000-c1000-005,005-REQ-001898,1898,registro de prueba,2026-06-09T23:11:48.963531+00:00,2026-06-09T23:11:53.181507+00:00,4217.94,200,ok,api-1,
benchmark-api4-5000-c1000-005,005-REQ-001899,1899,registro de prueba,2026-06-09T23:11:48.965817+00:00,2026-06-09T23:11:49.302913+00:00,337.06,200,ok,api-4,
benchmark-api4-5000-c1000-005,005-REQ-001900,1900,registro de prueba,2026-06-09T23:11:48.966609+00:00,2026-06-09T23:11:53.381446+00:00,4414.81,200,ok,api-2,
benchmark-api4-5000-c1000-005,005-REQ-001901,1901,registro de prueba,2026-06-09T23:11:48.966847+00:00,2026-06-09T23:11:53.021943+00:00,4055.09,200,ok,api-1,
benchmark-api4-5000-c1000-005,005-REQ-001902,1902,registro de prueba,2026-06-09T23:11:48.968331+00:00,2026-06-09T23:11:49.310222+00:00,341.86,200,ok,api-4,
benchmark-api4-5000-c1000-005,005-REQ-001903,1903,registro de prueba,2026-06-09T23:11:48.969138+00:00,2026-06-09T23:11:53.228814+00:00,4259.65,200,ok,api-2,
benchmark-api4-5000-c1000-005,005-REQ-001904,1904,registro de prueba,2026-06-09T23:11:48.969406+00:00,2026-06-09T23:11:53.195534+00:00,4226.1,200,ok,api-3,
benchmark-api4-5000-c1000-005,005-REQ-001905,1905,registro de prueba,2026-06-09T23:11:48.970598+00:00,2026-06-09T23:11:52.974387+00:00,4003.77,200,ok,api-3,
benchmark-api4-5000-c1000-005,005-REQ-001906,1906,registro de prueba,2026-06-09T23:11:48.971613+00:00,2026-06-09T23:11:49.270642+00:00,299.01,200,ok,api-3,
benchmark-api4-5000-c1000-005,005-REQ-001907,1907,registro de prueba,2026-06-09T23:11:48.972094+00:00,2026-06-09T23:11:53.262389+00:00,4290.27,200,ok,api-4,
benchmark-api4-5000-c1000-005,005-REQ-001908,1908,registro de prueba,2026-06-09T23:11:48.983938+00:00,2026-06-09T23:11:49.454902+00:00,470.93,200,ok,api-1,
benchmark-api4-5000-c1000-005,005-REQ-001909,1909,registro de prueba,2026-06-09T23:11:48.984800+00:00,2026-06-09T23:11:53.196976+00:00,4212.15,200,ok,api-1,
benchmark-api4-5000-c1000-005,005-REQ-001910,1910,registro de prueba,2026-06-09T23:11:48.985074+00:00,2026-06-09T23:11:53.205356+00:00,4220.26,200,ok,api-4,
benchmark-api4-5000-c1000-005,005-REQ-001911,1911,registro de prueba,2026-06-09T23:11:48.989658+00:00,2026-06-09T23:11:53.381677+00:00,4391.99,200,ok,api-2,
benchmark-api4-5000-c1000-005,005-REQ-001912,1912,registro de prueba,2026-06-09T23:11:48.990882+00:00,2026-06-09T23:11:49.564784+00:00,573.89,200,ok,api-2,
benchmark-api4-5000-c1000-005,005-REQ-001913,1913,registro de prueba,2026-06-09T23:11:48.991475+00:00,2026-06-09T23:11:53.163113+00:00,4171.62,200,ok,api-3,
benchmark-api4-5000-c1000-005,005-REQ-001914,1914,registro de prueba,2026-06-09T23:11:48.995745+00:00,2026-06-09T23:11:53.359666+00:00,4363.89,200,ok,api-1,
benchmark-api4-5000-c1000-005,005-REQ-001915,1915,registro de prueba,2026-06-09T23:11:48.996963+00:00,2026-06-09T23:11:53.284495+00:00,4287.51,200,ok,api-2,
benchmark-api4-5000-c1000-005,005-REQ-001916,1916,registro de prueba,2026-06-09T23:11:49.000320+00:00,2026-06-09T23:11:53.307550+00:00,4307.21,200,ok,api-1,
benchmark-api4-5000-c1000-005,005-REQ-001917,1917,registro de prueba,2026-06-09T23:11:49.003669+00:00,2026-06-09T23:11:53.345681+00:00,4341.98,200,ok,api-3,
benchmark-api4-5000-c1000-005,005-REQ-001918,1918,registro de prueba,2026-06-09T23:11:49.004890+00:00,2026-06-09T23:11:53.445138+00:00,4440.22,200,ok,api-4,
benchmark-api4-5000-c1000-005,005-REQ-001919,1919,registro de prueba,2026-06-09T23:11:49.006160+00:00,2026-06-09T23:11:53.300760+00:00,4294.57,200,ok,api-2,
benchmark-api4-5000-c1000-005,005-REQ-001920,1920,registro de prueba,2026-06-09T23:11:49.010537+00:00,2026-06-09T23:11:53.219422+00:00,4208.86,200,ok,api-4,
benchmark-api4-5000-c1000-005,005-REQ-001921,1921,registro de prueba,2026-06-09T23:11:49.011686+00:00,2026-06-09T23:11:49.416633+00:00,404.93,200,ok,api-3,
benchmark-api4-5000-c1000-005,005-REQ-001922,1922,registro de prueba,2026-06-09T23:11:49.012364+00:00,2026-06-09T23:11:53.185908+00:00,4173.52,200,ok,api-1,
benchmark-api4-5000-c1000-005,005-REQ-001923,1923,registro de prueba,2026-06-09T23:11:49.012569+00:00,2026-06-09T23:11:53.432549+00:00,4419.95,200,ok,api-2,
benchmark-api4-5000-c1000-005,005-REQ-001924,1924,registro de prueba,2026-06-09T23:11:49.020631+00:00,2026-06-09T23:11:49.464056+00:00,443.4,200,ok,api-1,
benchmark-api4-5000-c1000-005,005-REQ-001925,1925,registro de prueba,2026-06-09T23:11:49.022315+00:00,2026-06-09T23:11:53.256815+00:00,4234.46,200,ok,api-3,
benchmark-api4-5000-c1000-005,005-REQ-001926,1926,registro de prueba,2026-06-09T23:11:49.022900+00:00,2026-06-09T23:11:53.166993+00:00,4143.99,200,ok,api-4,
benchmark-api4-5000-c1000-005,005-REQ-001927,1927,registro de prueba,2026-06-09T23:11:49.025270+00:00,2026-06-09T23:11:53.171489+00:00,4146.18,200,ok,api-1,
benchmark-api4-5000-c1000-005,005-REQ-001928,1928,registro de prueba,2026-06-09T23:11:49.026800+00:00,2026-06-09T23:11:53.333410+00:00,4306.59,200,ok,api-2,
benchmark-api4-5000-c1000-005,005-REQ-001929,1929,registro de prueba,2026-06-09T23:11:49.028542+00:00,2026-06-09T23:11:53.237354+00:00,4208.78,200,ok,api-3,
benchmark-api4-5000-c1000-005,005-REQ-001930,1930,registro de prueba,2026-06-09T23:11:49.029575+00:00,2026-06-09T23:11:53.369286+00:00,4339.69,200,ok,api-4,
benchmark-api4-5000-c1000-005,005-REQ-001931,1931,registro de prueba,2026-06-09T23:11:49.038508+00:00,2026-06-09T23:11:53.329612+00:00,4291.08,200,ok,api-4,
benchmark-api4-5000-c1000-005,005-REQ-001932,1932,registro de prueba,2026-06-09T23:11:49.042168+00:00,2026-06-09T23:11:53.347810+00:00,4305.59,200,ok,api-2,
benchmark-api4-5000-c1000-005,005-REQ-001933,1933,registro de prueba,2026-06-09T23:11:49.043412+00:00,2026-06-09T23:11:53.356994+00:00,4313.55,200,ok,api-1,
benchmark-api4-5000-c1000-005,005-REQ-001934,1934,registro de prueba,2026-06-09T23:11:49.045942+00:00,2026-06-09T23:11:53.276789+00:00,4230.82,200,ok,api-1,
benchmark-api4-5000-c1000-005,005-REQ-001935,1935,registro de prueba,2026-06-09T23:11:49.049076+00:00,2026-06-09T23:11:53.224978+00:00,4175.87,200,ok,api-2,
benchmark-api4-5000-c1000-005,005-REQ-001936,1936,registro de prueba,2026-06-09T23:11:49.053629+00:00,2026-06-09T23:11:53.197322+00:00,4143.67,200,ok,api-3,
benchmark-api4-5000-c1000-005,005-REQ-001937,1937,registro de prueba,2026-06-09T23:11:49.054979+00:00,2026-06-09T23:11:49.544552+00:00,489.55,200,ok,api-4,
benchmark-api4-5000-c1000-005,005-REQ-001938,1938,registro de prueba,2026-06-09T23:11:49.055569+00:00,2026-06-09T23:11:53.274411+00:00,4218.82,200,ok,api-4,
benchmark-api4-5000-c1000-005,005-REQ-001939,1939,registro de prueba,2026-06-09T23:11:49.056896+00:00,2026-06-09T23:11:49.429878+00:00,372.96,200,ok,api-2,
benchmark-api4-5000-c1000-005,005-REQ-001940,1940,registro de prueba,2026-06-09T23:11:49.057539+00:00,2026-06-09T23:11:53.364331+00:00,4306.77,200,ok,api-1,
benchmark-api4-5000-c1000-005,005-REQ-001941,1941,registro de prueba,2026-06-09T23:11:49.064069+00:00,2026-06-09T23:11:49.633428+00:00,569.33,200,ok,api-1,
benchmark-api4-5000-c1000-005,005-REQ-001942,1942,registro de prueba,2026-06-09T23:11:49.064719+00:00,2026-06-09T23:11:53.157730+00:00,4092.94,200,ok,api-3,
benchmark-api4-5000-c1000-005,005-REQ-001943,1943,registro de prueba,2026-06-09T23:11:49.065790+00:00,2026-06-09T23:11:53.332674+00:00,4266.87,200,ok,api-4,
benchmark-api4-5000-c1000-005,005-REQ-001944,1944,registro de prueba,2026-06-09T23:11:49.067468+00:00,2026-06-09T23:11:53.197189+00:00,4129.7,200,ok,api-2,
benchmark-api4-5000-c1000-005,005-REQ-001945,1945,registro de prueba,2026-06-09T23:11:49.070727+00:00,2026-06-09T23:11:49.480369+00:00,409.62,200,ok,api-3,
benchmark-api4-5000-c1000-005,005-REQ-001946,1946,registro de prueba,2026-06-09T23:11:49.071184+00:00,2026-06-09T23:11:53.199561+00:00,4128.36,200,ok,api-1,
benchmark-api4-5000-c1000-005,005-REQ-001947,1947,registro de prueba,2026-06-09T23:11:49.072731+00:00,2026-06-09T23:11:49.564548+00:00,491.79,200,ok,api-2,
benchmark-api4-5000-c1000-005,005-REQ-001948,1948,registro de prueba,2026-06-09T23:11:49.073605+00:00,2026-06-09T23:11:49.471030+00:00,397.4,200,ok,api-4,
benchmark-api4-5000-c1000-005,005-REQ-001949,1949,registro de prueba,2026-06-09T23:11:49.074347+00:00,2026-06-09T23:11:53.275618+00:00,4201.25,200,ok,api-3,
benchmark-api4-5000-c1000-005,005-REQ-001950,1950,registro de prueba,2026-06-09T23:11:49.074712+00:00,2026-06-09T23:11:53.205682+00:00,4130.96,200,ok,api-1,
benchmark-api4-5000-c1000-005,005-REQ-001951,1951,registro de prueba,2026-06-09T23:11:49.074867+00:00,2026-06-09T23:11:53.360876+00:00,4286.0,200,ok,api-4,
benchmark-api4-5000-c1000-005,005-REQ-001952,1952,registro de prueba,2026-06-09T23:11:49.076341+00:00,2026-06-09T23:11:49.360139+00:00,283.78,200,ok,api-2,
benchmark-api4-5000-c1000-005,005-REQ-001953,1953,registro de prueba,2026-06-09T23:11:49.076990+00:00,2026-06-09T23:11:53.302126+00:00,4224.93,200,ok,api-2,
benchmark-api4-5000-c1000-005,005-REQ-001954,1954,registro de prueba,2026-06-09T23:11:49.078532+00:00,2026-06-09T23:11:53.377042+00:00,4298.48,200,ok,api-2,
benchmark-api4-5000-c1000-005,005-REQ-001955,1955,registro de prueba,2026-06-09T23:11:49.085047+00:00,2026-06-09T23:11:53.331249+00:00,4246.18,200,ok,api-3,
benchmark-api4-5000-c1000-005,005-REQ-001956,1956,registro de prueba,2026-06-09T23:11:49.085967+00:00,2026-06-09T23:11:49.463928+00:00,377.95,200,ok,api-4,
benchmark-api4-5000-c1000-005,005-REQ-001957,1957,registro de prueba,2026-06-09T23:11:49.086424+00:00,2026-06-09T23:11:53.280759+00:00,4194.32,200,ok,api-4,
benchmark-api4-5000-c1000-005,005-REQ-001958,1958,registro de prueba,2026-06-09T23:11:49.101742+00:00,2026-06-09T23:11:53.340478+00:00,4238.71,200,ok,api-1,
benchmark-api4-5000-c1000-005,005-REQ-001959,1959,registro de prueba,2026-06-09T23:11:49.102682+00:00,2026-06-09T23:11:53.304091+00:00,4201.4,200,ok,api-3,
benchmark-api4-5000-c1000-005,005-REQ-001960,1960,registro de prueba,2026-06-09T23:11:49.112645+00:00,2026-06-09T23:11:49.460311+00:00,347.65,200,ok,api-4,
benchmark-api4-5000-c1000-005,005-REQ-001961,1961,registro de prueba,2026-06-09T23:11:49.113206+00:00,2026-06-09T23:11:53.150622+00:00,4037.4,200,ok,api-4,
benchmark-api4-5000-c1000-005,005-REQ-001962,1962,registro de prueba,2026-06-09T23:11:49.124805+00:00,2026-06-09T23:11:53.363288+00:00,4238.43,200,ok,api-1,
benchmark-api4-5000-c1000-005,005-REQ-001963,1963,registro de prueba,2026-06-09T23:11:49.128094+00:00,2026-06-09T23:11:53.282547+00:00,4154.43,200,ok,api-2,
benchmark-api4-5000-c1000-005,005-REQ-001964,1964,registro de prueba,2026-06-09T23:11:49.133525+00:00,2026-06-09T23:11:49.508498+00:00,374.92,200,ok,api-2,
benchmark-api4-5000-c1000-005,005-REQ-001965,1965,registro de prueba,2026-06-09T23:11:49.134184+00:00,2026-06-09T23:11:53.260708+00:00,4126.49,200,ok,api-3,
benchmark-api4-5000-c1000-005,005-REQ-001966,1966,registro de prueba,2026-06-09T23:11:49.135048+00:00,2026-06-09T23:11:53.232149+00:00,4097.08,200,ok,api-4,
benchmark-api4-5000-c1000-005,005-REQ-001967,1967,registro de prueba,2026-06-09T23:11:49.138658+00:00,2026-06-09T23:11:49.369793+00:00,231.12,200,ok,api-3,
benchmark-api4-5000-c1000-005,005-REQ-001968,1968,registro de prueba,2026-06-09T23:11:49.139084+00:00,2026-06-09T23:11:53.348055+00:00,4208.96,200,ok,api-1,
benchmark-api4-5000-c1000-005,005-REQ-001969,1969,registro de prueba,2026-06-09T23:11:49.145914+00:00,2026-06-09T23:11:53.241808+00:00,4095.87,200,ok,api-2,
benchmark-api4-5000-c1000-005,005-REQ-001970,1970,registro de prueba,2026-06-09T23:11:49.157046+00:00,2026-06-09T23:11:53.322354+00:00,4165.27,200,ok,api-3,
benchmark-api4-5000-c1000-005,005-REQ-001971,1971,registro de prueba,2026-06-09T23:11:49.158685+00:00,2026-06-09T23:11:53.199760+00:00,4041.05,200,ok,api-2,
benchmark-api4-5000-c1000-005,005-REQ-001972,1972,registro de prueba,2026-06-09T23:11:49.159645+00:00,2026-06-09T23:11:53.285845+00:00,4126.18,200,ok,api-1,
benchmark-api4-5000-c1000-005,005-REQ-001973,1973,registro de prueba,2026-06-09T23:11:49.185731+00:00,2026-06-09T23:11:53.194391+00:00,4008.63,200,ok,api-3,
benchmark-api4-5000-c1000-005,005-REQ-001974,1974,registro de prueba,2026-06-09T23:11:49.187086+00:00,2026-06-09T23:11:49.566640+00:00,379.54,200,ok,api-3,
benchmark-api4-5000-c1000-005,005-REQ-001975,1975,registro de prueba,2026-06-09T23:11:49.187751+00:00,2026-06-09T23:11:53.244252+00:00,4056.48,200,ok,api-1,
benchmark-api4-5000-c1000-005,005-REQ-001976,1976,registro de prueba,2026-06-09T23:11:49.206562+00:00,2026-06-09T23:11:53.367936+00:00,4161.35,200,ok,api-2,
benchmark-api4-5000-c1000-005,005-REQ-001977,1977,registro de prueba,2026-06-09T23:11:49.210319+00:00,2026-06-09T23:11:53.170175+00:00,3959.82,200,ok,api-3,
benchmark-api4-5000-c1000-005,005-REQ-001978,1978,registro de prueba,2026-06-09T23:11:49.211431+00:00,2026-06-09T23:11:53.243001+00:00,4031.55,200,ok,api-4,
benchmark-api4-5000-c1000-005,005-REQ-001979,1979,registro de prueba,2026-06-09T23:11:49.212445+00:00,2026-06-09T23:11:53.269365+00:00,4056.9,200,ok,api-1,
benchmark-api4-5000-c1000-005,005-REQ-001980,1980,registro de prueba,2026-06-09T23:11:49.219203+00:00,2026-06-09T23:11:49.517433+00:00,298.21,200,ok,api-4,
benchmark-api4-5000-c1000-005,005-REQ-001981,1981,registro de prueba,2026-06-09T23:11:49.219632+00:00,2026-06-09T23:11:53.434564+00:00,4214.92,200,ok,api-2,
benchmark-api4-5000-c1000-005,005-REQ-001982,1982,registro de prueba,2026-06-09T23:11:49.232386+00:00,2026-06-09T23:11:53.307478+00:00,4075.07,200,ok,api-3,
benchmark-api4-5000-c1000-005,005-REQ-001983,1983,registro de prueba,2026-06-09T23:11:49.233436+00:00,2026-06-09T23:11:53.216627+00:00,3983.17,200,ok,api-2,
benchmark-api4-5000-c1000-005,005-REQ-001984,1984,registro de prueba,2026-06-09T23:11:49.234531+00:00,2026-06-09T23:11:53.328406+00:00,4093.84,200,ok,api-4,
benchmark-api4-5000-c1000-005,005-REQ-001985,1985,registro de prueba,2026-06-09T23:11:49.236093+00:00,2026-06-09T23:11:53.348175+00:00,4112.07,200,ok,api-1,
benchmark-api4-5000-c1000-005,005-REQ-001986,1986,registro de prueba,2026-06-09T23:11:49.237866+00:00,2026-06-09T23:11:53.201343+00:00,3963.46,200,ok,api-3,
benchmark-api4-5000-c1000-005,005-REQ-001987,1987,registro de prueba,2026-06-09T23:11:49.240810+00:00,2026-06-09T23:11:53.331423+00:00,4090.6,200,ok,api-4,
benchmark-api4-5000-c1000-005,005-REQ-001988,1988,registro de prueba,2026-06-09T23:11:49.256018+00:00,2026-06-09T23:11:53.293496+00:00,4037.43,200,ok,api-1,
benchmark-api4-5000-c1000-005,005-REQ-001989,1989,registro de prueba,2026-06-09T23:11:49.264025+00:00,2026-06-09T23:11:53.366538+00:00,4102.49,200,ok,api-4,
benchmark-api4-5000-c1000-005,005-REQ-001990,1990,registro de prueba,2026-06-09T23:11:49.266769+00:00,2026-06-09T23:11:53.244429+00:00,3977.64,200,ok,api-2,
benchmark-api4-5000-c1000-005,005-REQ-001991,1991,registro de prueba,2026-06-09T23:11:49.270211+00:00,2026-06-09T23:11:53.037536+00:00,3767.3,500,error,,2003 (HY000): Can't connect to MySQL server on 'host.docker.internal:3306' (111)
benchmark-api4-5000-c1000-005,005-REQ-001992,1992,registro de prueba,2026-06-09T23:11:49.271098+00:00,2026-06-09T23:11:53.329794+00:00,4058.68,200,ok,api-3,
benchmark-api4-5000-c1000-005,005-REQ-001993,1993,registro de prueba,2026-06-09T23:11:49.283281+00:00,2026-06-09T23:11:53.040634+00:00,3757.31,500,error,,2003 (HY000): Can't connect to MySQL server on 'host.docker.internal:3306' (111)
benchmark-api4-5000-c1000-005,005-REQ-001994,1994,registro de prueba,2026-06-09T23:11:49.291098+00:00,2026-06-09T23:11:53.021742+00:00,3730.62,500,error,,2003 (HY000): Can't connect to MySQL server on 'host.docker.internal:3306' (111)
benchmark-api4-5000-c1000-005,005-REQ-001995,1995,registro de prueba,2026-06-09T23:11:49.294482+00:00,2026-06-09T23:11:53.262601+00:00,3968.07,200,ok,api-3,
benchmark-api4-5000-c1000-005,005-REQ-001996,1996,registro de prueba,2026-06-09T23:11:49.303925+00:00,2026-06-09T23:11:53.401142+00:00,4097.19,200,ok,api-4,
benchmark-api4-5000-c1000-005,005-REQ-001997,1997,registro de prueba,2026-06-09T23:11:49.310625+00:00,2026-06-09T23:11:53.266210+00:00,3955.56,200,ok,api-1,
benchmark-api4-5000-c1000-005,005-REQ-001998,1998,registro de prueba,2026-06-09T23:11:49.335185+00:00,2026-06-09T23:11:53.414572+00:00,4079.36,200,ok,api-4,
benchmark-api4-5000-c1000-005,005-REQ-001999,1999,registro de prueba,2026-06-09T23:11:49.341095+00:00,2026-06-09T23:11:53.247121+00:00,3905.99,200,ok,api-2,
benchmark-api4-5000-c1000-005,005-REQ-002000,2000,registro de prueba,2026-06-09T23:11:49.344464+00:00,2026-06-09T23:11:53.399823+00:00,4055.34,200,ok,api-2,
benchmark-api4-5000-c1000-005,005-REQ-002001,2001,registro de prueba,2026-06-09T23:11:49.353448+00:00,2026-06-09T23:11:53.264753+00:00,3911.27,200,ok,api-4,
benchmark-api4-5000-c1000-005,005-REQ-002002,2002,registro de prueba,2026-06-09T23:11:49.359421+00:00,2026-06-09T23:11:53.374390+00:00,4014.93,200,ok,api-1,
benchmark-api4-5000-c1000-005,005-REQ-002003,2003,registro de prueba,2026-06-09T23:11:49.360748+00:00,2026-06-09T23:11:53.446636+00:00,4085.87,200,ok,api-2,
benchmark-api4-5000-c1000-005,005-REQ-002004,2004,registro de prueba,2026-06-09T23:11:49.361594+00:00,2026-06-09T23:11:53.302485+00:00,3940.87,200,ok,api-3,
benchmark-api4-5000-c1000-005,005-REQ-002005,2005,registro de prueba,2026-06-09T23:11:49.362293+00:00,2026-06-09T23:11:53.448953+00:00,4086.65,200,ok,api-4,
benchmark-api4-5000-c1000-005,005-REQ-002006,2006,registro de prueba,2026-06-09T23:11:49.363657+00:00,2026-06-09T23:11:53.365053+00:00,4001.38,200,ok,api-1,
benchmark-api4-5000-c1000-005,005-REQ-002007,2007,registro de prueba,2026-06-09T23:11:49.365139+00:00,2026-06-09T23:11:53.470715+00:00,4105.55,200,ok,api-2,
benchmark-api4-5000-c1000-005,005-REQ-002008,2008,registro de prueba,2026-06-09T23:11:49.370441+00:00,2026-06-09T23:11:49.722203+00:00,351.75,200,ok,api-4,
benchmark-api4-5000-c1000-005,005-REQ-002009,2009,registro de prueba,2026-06-09T23:11:49.370976+00:00,2026-06-09T23:11:53.324406+00:00,3953.41,200,ok,api-3,
benchmark-api4-5000-c1000-005,005-REQ-002010,2010,registro de prueba,2026-06-09T23:11:49.380854+00:00,2026-06-09T23:11:53.386996+00:00,4006.12,200,ok,api-4,
benchmark-api4-5000-c1000-005,005-REQ-002011,2011,registro de prueba,2026-06-09T23:11:49.388356+00:00,2026-06-09T23:11:49.833313+00:00,444.94,200,ok,api-4,
benchmark-api4-5000-c1000-005,005-REQ-002012,2012,registro de prueba,2026-06-09T23:11:49.388799+00:00,2026-06-09T23:11:53.482053+00:00,4093.24,200,ok,api-1,
benchmark-api4-5000-c1000-005,005-REQ-002013,2013,registro de prueba,2026-06-09T23:11:49.389559+00:00,2026-06-09T23:11:53.479926+00:00,4090.35,200,ok,api-2,
benchmark-api4-5000-c1000-005,005-REQ-002014,2014,registro de prueba,2026-06-09T23:11:49.391275+00:00,2026-06-09T23:11:53.469127+00:00,4077.83,200,ok,api-4,
benchmark-api4-5000-c1000-005,005-REQ-002015,2015,registro de prueba,2026-06-09T23:11:49.395674+00:00,2026-06-09T23:11:53.481869+00:00,4086.17,200,ok,api-1,
benchmark-api4-5000-c1000-005,005-REQ-002016,2016,registro de prueba,2026-06-09T23:11:49.396904+00:00,2026-06-09T23:11:53.540176+00:00,4143.25,200,ok,api-2,
benchmark-api4-5000-c1000-005,005-REQ-002017,2017,registro de prueba,2026-06-09T23:11:49.404987+00:00,2026-06-09T23:11:53.432207+00:00,4027.19,200,ok,api-3,
benchmark-api4-5000-c1000-005,005-REQ-002018,2018,registro de prueba,2026-06-09T23:11:49.406309+00:00,2026-06-09T23:11:53.464257+00:00,4057.93,200,ok,api-4,
benchmark-api4-5000-c1000-005,005-REQ-002019,2019,registro de prueba,2026-06-09T23:11:49.413137+00:00,2026-06-09T23:11:53.538671+00:00,4125.51,200,ok,api-1,
benchmark-api4-5000-c1000-005,005-REQ-002020,2020,registro de prueba,2026-06-09T23:11:49.415552+00:00,2026-06-09T23:11:53.513836+00:00,4098.27,200,ok,api-2,
benchmark-api4-5000-c1000-005,005-REQ-002021,2021,registro de prueba,2026-06-09T23:11:49.417115+00:00,2026-06-09T23:11:49.792255+00:00,375.12,200,ok,api-3,
benchmark-api4-5000-c1000-005,005-REQ-002022,2022,registro de prueba,2026-06-09T23:11:49.417785+00:00,2026-06-09T23:11:53.446748+00:00,4028.95,200,ok,api-3,
benchmark-api4-5000-c1000-005,005-REQ-002023,2023,registro de prueba,2026-06-09T23:11:49.417982+00:00,2026-06-09T23:11:53.558622+00:00,4140.63,200,ok,api-2,
benchmark-api4-5000-c1000-005,005-REQ-002024,2024,registro de prueba,2026-06-09T23:11:49.418649+00:00,2026-06-09T23:11:53.454137+00:00,4035.47,200,ok,api-1,
benchmark-api4-5000-c1000-005,005-REQ-002025,2025,registro de prueba,2026-06-09T23:11:49.430309+00:00,2026-06-09T23:11:53.448782+00:00,4018.46,200,ok,api-3,
benchmark-api4-5000-c1000-005,005-REQ-002026,2026,registro de prueba,2026-06-09T23:11:49.434010+00:00,2026-06-09T23:11:53.510403+00:00,4076.37,200,ok,api-1,
benchmark-api4-5000-c1000-005,005-REQ-002027,2027,registro de prueba,2026-06-09T23:11:49.438615+00:00,2026-06-09T23:11:53.479660+00:00,4041.02,200,ok,api-3,
benchmark-api4-5000-c1000-005,005-REQ-002028,2028,registro de prueba,2026-06-09T23:11:49.446992+00:00,2026-06-09T23:11:53.554712+00:00,4107.69,200,ok,api-4,
benchmark-api4-5000-c1000-005,005-REQ-002029,2029,registro de prueba,2026-06-09T23:11:49.448877+00:00,2026-06-09T23:11:53.519004+00:00,4070.11,200,ok,api-1,
benchmark-api4-5000-c1000-005,005-REQ-002030,2030,registro de prueba,2026-06-09T23:11:49.451646+00:00,2026-06-09T23:11:53.519264+00:00,4067.6,200,ok,api-2,
benchmark-api4-5000-c1000-005,005-REQ-002031,2031,registro de prueba,2026-06-09T23:11:49.455640+00:00,2026-06-09T23:11:49.867844+00:00,412.18,200,ok,api-3,
benchmark-api4-5000-c1000-005,005-REQ-002032,2032,registro de prueba,2026-06-09T23:11:49.457073+00:00,2026-06-09T23:11:53.499159+00:00,4042.05,200,ok,api-3,
benchmark-api4-5000-c1000-005,005-REQ-002033,2033,registro de prueba,2026-06-09T23:11:49.458926+00:00,2026-06-09T23:11:53.507013+00:00,4048.06,200,ok,api-4,
benchmark-api4-5000-c1000-005,005-REQ-002034,2034,registro de prueba,2026-06-09T23:11:49.460773+00:00,2026-06-09T23:11:49.833434+00:00,372.64,200,ok,api-1,
benchmark-api4-5000-c1000-005,005-REQ-002035,2035,registro de prueba,2026-06-09T23:11:49.461616+00:00,2026-06-09T23:11:49.765255+00:00,303.6,200,ok,api-3,
benchmark-api4-5000-c1000-005,005-REQ-002036,2036,registro de prueba,2026-06-09T23:11:49.462152+00:00,2026-06-09T23:11:53.450235+00:00,3988.06,200,ok,api-1,
benchmark-api4-5000-c1000-005,005-REQ-002037,2037,registro de prueba,2026-06-09T23:11:49.462382+00:00,2026-06-09T23:11:53.536480+00:00,4074.08,200,ok,api-2,
benchmark-api4-5000-c1000-005,005-REQ-002038,2038,registro de prueba,2026-06-09T23:11:49.463579+00:00,2026-06-09T23:11:53.556535+00:00,4092.94,200,ok,api-2,
benchmark-api4-5000-c1000-005,005-REQ-002039,2039,registro de prueba,2026-06-09T23:11:49.464425+00:00,2026-06-09T23:11:49.788321+00:00,323.88,200,ok,api-3,
benchmark-api4-5000-c1000-005,005-REQ-002040,2040,registro de prueba,2026-06-09T23:11:49.464858+00:00,2026-06-09T23:11:53.413197+00:00,3948.32,200,ok,api-3,
benchmark-api4-5000-c1000-005,005-REQ-002041,2041,registro de prueba,2026-06-09T23:11:49.466099+00:00,2026-06-09T23:11:53.513580+00:00,4047.46,200,ok,api-4,
benchmark-api4-5000-c1000-005,005-REQ-002042,2042,registro de prueba,2026-06-09T23:11:49.471444+00:00,2026-06-09T23:11:49.854329+00:00,382.87,200,ok,api-3,
benchmark-api4-5000-c1000-005,005-REQ-002043,2043,registro de prueba,2026-06-09T23:11:49.472292+00:00,2026-06-09T23:11:53.460261+00:00,3987.94,200,ok,api-3,
benchmark-api4-5000-c1000-005,005-REQ-002044,2044,registro de prueba,2026-06-09T23:11:49.472669+00:00,2026-06-09T23:11:53.510551+00:00,4037.87,200,ok,api-4,
benchmark-api4-5000-c1000-005,005-REQ-002045,2045,registro de prueba,2026-06-09T23:11:49.480834+00:00,2026-06-09T23:11:53.517397+00:00,4036.54,200,ok,api-1,
benchmark-api4-5000-c1000-005,005-REQ-002046,2046,registro de prueba,2026-06-09T23:11:49.484210+00:00,2026-06-09T23:11:53.562946+00:00,4078.71,200,ok,api-2,
benchmark-api4-5000-c1000-005,005-REQ-002047,2047,registro de prueba,2026-06-09T23:11:49.486644+00:00,2026-06-09T23:11:53.533702+00:00,4047.02,200,ok,api-4,
benchmark-api4-5000-c1000-005,005-REQ-002048,2048,registro de prueba,2026-06-09T23:11:49.488139+00:00,2026-06-09T23:11:53.477993+00:00,3989.83,200,ok,api-1,
benchmark-api4-5000-c1000-005,005-REQ-002049,2049,registro de prueba,2026-06-09T23:11:49.490425+00:00,2026-06-09T23:11:53.548565+00:00,4058.1,200,ok,api-2,
benchmark-api4-5000-c1000-005,005-REQ-002050,2050,registro de prueba,2026-06-09T23:11:49.492413+00:00,2026-06-09T23:11:53.467581+00:00,3975.13,200,ok,api-3,
benchmark-api4-5000-c1000-005,005-REQ-002051,2051,registro de prueba,2026-06-09T23:11:49.493872+00:00,2026-06-09T23:11:49.993879+00:00,499.99,200,ok,api-2,
benchmark-api4-5000-c1000-005,005-REQ-002052,2052,registro de prueba,2026-06-09T23:11:49.494497+00:00,2026-06-09T23:11:53.484508+00:00,3989.99,200,ok,api-1,
benchmark-api4-5000-c1000-005,005-REQ-002053,2053,registro de prueba,2026-06-09T23:11:49.495863+00:00,2026-06-09T23:11:49.812531+00:00,316.64,200,ok,api-1,
benchmark-api4-5000-c1000-005,005-REQ-002054,2054,registro de prueba,2026-06-09T23:11:49.496484+00:00,2026-06-09T23:11:53.492183+00:00,3995.67,200,ok,api-4,
benchmark-api4-5000-c1000-005,005-REQ-002055,2055,registro de prueba,2026-06-09T23:11:49.504515+00:00,2026-06-09T23:11:53.698859+00:00,4194.31,200,ok,api-2,
benchmark-api4-5000-c1000-005,005-REQ-002056,2056,registro de prueba,2026-06-09T23:11:49.507348+00:00,2026-06-09T23:11:53.533422+00:00,4026.04,200,ok,api-4,
benchmark-api4-5000-c1000-005,005-REQ-002057,2057,registro de prueba,2026-06-09T23:11:49.508918+00:00,2026-06-09T23:11:49.883189+00:00,374.25,200,ok,api-1,
benchmark-api4-5000-c1000-005,005-REQ-002058,2058,registro de prueba,2026-06-09T23:11:49.509468+00:00,2026-06-09T23:11:53.508617+00:00,3999.04,200,ok,api-3,
benchmark-api4-5000-c1000-005,005-REQ-002059,2059,registro de prueba,2026-06-09T23:11:49.517948+00:00,2026-06-09T23:11:53.482183+00:00,3964.22,200,ok,api-1,
benchmark-api4-5000-c1000-005,005-REQ-002060,2060,registro de prueba,2026-06-09T23:11:49.526504+00:00,2026-06-09T23:11:53.510650+00:00,3984.12,200,ok,api-3,
benchmark-api4-5000-c1000-005,005-REQ-002061,2061,registro de prueba,2026-06-09T23:11:49.533086+00:00,2026-06-09T23:11:49.872887+00:00,339.77,200,ok,api-3,
benchmark-api4-5000-c1000-005,005-REQ-002062,2062,registro de prueba,2026-06-09T23:11:49.533817+00:00,2026-06-09T23:11:53.683921+00:00,4150.08,200,ok,api-2,
benchmark-api4-5000-c1000-005,005-REQ-002063,2063,registro de prueba,2026-06-09T23:11:49.535073+00:00,2026-06-09T23:11:53.477763+00:00,3942.66,200,ok,api-1,
benchmark-api4-5000-c1000-005,005-REQ-002064,2064,registro de prueba,2026-06-09T23:11:49.536743+00:00,2026-06-09T23:11:53.745725+00:00,4208.96,200,ok,api-2,
benchmark-api4-5000-c1000-005,005-REQ-002065,2065,registro de prueba,2026-06-09T23:11:49.537688+00:00,2026-06-09T23:11:53.504250+00:00,3966.54,200,ok,api-3,
benchmark-api4-5000-c1000-005,005-REQ-002066,2066,registro de prueba,2026-06-09T23:11:49.541883+00:00,2026-06-09T23:11:53.605479+00:00,4063.56,200,ok,api-4,
benchmark-api4-5000-c1000-005,005-REQ-002067,2067,registro de prueba,2026-06-09T23:11:49.545050+00:00,2026-06-09T23:11:53.617265+00:00,4072.2,200,ok,api-1,
benchmark-api4-5000-c1000-005,005-REQ-002068,2068,registro de prueba,2026-06-09T23:11:49.548044+00:00,2026-06-09T23:11:53.699881+00:00,4151.82,200,ok,api-2,
benchmark-api4-5000-c1000-005,005-REQ-002069,2069,registro de prueba,2026-06-09T23:11:49.551001+00:00,2026-06-09T23:11:53.597020+00:00,4046.0,200,ok,api-4,
benchmark-api4-5000-c1000-005,005-REQ-002070,2070,registro de prueba,2026-06-09T23:11:49.552597+00:00,2026-06-09T23:11:53.607862+00:00,4055.23,200,ok,api-1,
benchmark-api4-5000-c1000-005,005-REQ-002071,2071,registro de prueba,2026-06-09T23:11:49.553397+00:00,2026-06-09T23:11:53.510741+00:00,3957.34,200,ok,api-3,
benchmark-api4-5000-c1000-005,005-REQ-002072,2072,registro de prueba,2026-06-09T23:11:49.560753+00:00,2026-06-09T23:11:53.752288+00:00,4191.51,200,ok,api-4,
benchmark-api4-5000-c1000-005,005-REQ-002073,2073,registro de prueba,2026-06-09T23:11:49.562509+00:00,2026-06-09T23:11:53.768397+00:00,4205.87,200,ok,api-2,
benchmark-api4-5000-c1000-005,005-REQ-002074,2074,registro de prueba,2026-06-09T23:11:49.563505+00:00,2026-06-09T23:11:53.536677+00:00,3973.16,200,ok,api-3,
benchmark-api4-5000-c1000-005,005-REQ-002075,2075,registro de prueba,2026-06-09T23:11:49.565505+00:00,2026-06-09T23:11:49.832064+00:00,266.54,200,ok,api-1,
benchmark-api4-5000-c1000-005,005-REQ-002076,2076,registro de prueba,2026-06-09T23:11:49.565987+00:00,2026-06-09T23:11:53.664233+00:00,4098.22,200,ok,api-1,
benchmark-api4-5000-c1000-005,005-REQ-002077,2077,registro de prueba,2026-06-09T23:11:49.566982+00:00,2026-06-09T23:11:49.925096+00:00,358.1,200,ok,api-4,
benchmark-api4-5000-c1000-005,005-REQ-002078,2078,registro de prueba,2026-06-09T23:11:49.568252+00:00,2026-06-09T23:11:53.616124+00:00,4047.78,200,ok,api-4,
benchmark-api4-5000-c1000-005,005-REQ-002079,2079,registro de prueba,2026-06-09T23:11:49.569899+00:00,2026-06-09T23:11:53.842891+00:00,4272.97,200,ok,api-2,
benchmark-api4-5000-c1000-005,005-REQ-002080,2080,registro de prueba,2026-06-09T23:11:49.583485+00:00,2026-06-09T23:11:53.606942+00:00,4023.43,200,ok,api-4,
benchmark-api4-5000-c1000-005,005-REQ-002081,2081,registro de prueba,2026-06-09T23:11:49.586915+00:00,2026-06-09T23:11:53.649408+00:00,4062.46,200,ok,api-3,
benchmark-api4-5000-c1000-005,005-REQ-002082,2082,registro de prueba,2026-06-09T23:11:49.595510+00:00,2026-06-09T23:11:53.800862+00:00,4205.32,200,ok,api-2,
benchmark-api4-5000-c1000-005,005-REQ-002083,2083,registro de prueba,2026-06-09T23:11:49.596646+00:00,2026-06-09T23:11:53.727086+00:00,4130.42,200,ok,api-3,
benchmark-api4-5000-c1000-005,005-REQ-002084,2084,registro de prueba,2026-06-09T23:11:49.598569+00:00,2026-06-09T23:11:53.701608+00:00,4103.02,200,ok,api-4,
benchmark-api4-5000-c1000-005,005-REQ-002085,2085,registro de prueba,2026-06-09T23:11:49.610805+00:00,2026-06-09T23:11:53.709106+00:00,4098.26,200,ok,api-1,
benchmark-api4-5000-c1000-005,005-REQ-002086,2086,registro de prueba,2026-06-09T23:11:49.616936+00:00,2026-06-09T23:11:53.637387+00:00,4020.43,200,ok,api-3,
benchmark-api4-5000-c1000-005,005-REQ-002087,2087,registro de prueba,2026-06-09T23:11:49.619333+00:00,2026-06-09T23:11:53.619621+00:00,4000.27,200,ok,api-1,
benchmark-api4-5000-c1000-005,005-REQ-002088,2088,registro de prueba,2026-06-09T23:11:49.631069+00:00,2026-06-09T23:11:53.535348+00:00,3904.25,200,ok,api-4,
benchmark-api4-5000-c1000-005,005-REQ-002089,2089,registro de prueba,2026-06-09T23:11:49.633953+00:00,2026-06-09T23:11:53.961182+00:00,4327.21,200,ok,api-2,
benchmark-api4-5000-c1000-005,005-REQ-002090,2090,registro de prueba,2026-06-09T23:11:49.634995+00:00,2026-06-09T23:11:53.641606+00:00,4006.58,200,ok,api-3,
benchmark-api4-5000-c1000-005,005-REQ-002091,2091,registro de prueba,2026-06-09T23:11:49.638240+00:00,2026-06-09T23:11:53.679684+00:00,4041.41,200,ok,api-4,
benchmark-api4-5000-c1000-005,005-REQ-002092,2092,registro de prueba,2026-06-09T23:11:49.641315+00:00,2026-06-09T23:11:49.832191+00:00,190.84,200,ok,api-4,
benchmark-api4-5000-c1000-005,005-REQ-002093,2093,registro de prueba,2026-06-09T23:11:49.643608+00:00,2026-06-09T23:11:49.992647+00:00,349.0,200,ok,api-2,
benchmark-api4-5000-c1000-005,005-REQ-002094,2094,registro de prueba,2026-06-09T23:11:49.644260+00:00,2026-06-09T23:11:54.119468+00:00,4475.17,200,ok,api-2,
benchmark-api4-5000-c1000-005,005-REQ-002095,2095,registro de prueba,2026-06-09T23:11:49.644571+00:00,2026-06-09T23:11:53.764747+00:00,4120.16,200,ok,api-1,
benchmark-api4-5000-c1000-005,005-REQ-002096,2096,registro de prueba,2026-06-09T23:11:49.645399+00:00,2026-06-09T23:11:53.805947+00:00,4160.53,200,ok,api-3,
benchmark-api4-5000-c1000-005,005-REQ-002097,2097,registro de prueba,2026-06-09T23:11:49.646306+00:00,2026-06-09T23:11:53.766966+00:00,4120.64,200,ok,api-1,
benchmark-api4-5000-c1000-005,005-REQ-002098,2098,registro de prueba,2026-06-09T23:11:49.655519+00:00,2026-06-09T23:11:53.736964+00:00,4081.41,200,ok,api-4,
benchmark-api4-5000-c1000-005,005-REQ-002099,2099,registro de prueba,2026-06-09T23:11:49.665179+00:00,2026-06-09T23:11:53.990275+00:00,4325.07,200,ok,api-2,
benchmark-api4-5000-c1000-005,005-REQ-002100,2100,registro de prueba,2026-06-09T23:11:49.666752+00:00,2026-06-09T23:11:53.654380+00:00,3987.6,200,ok,api-3,
benchmark-api4-5000-c1000-005,005-REQ-002101,2101,registro de prueba,2026-06-09T23:11:49.681980+00:00,2026-06-09T23:11:53.806181+00:00,4124.18,200,ok,api-4,
benchmark-api4-5000-c1000-005,005-REQ-002102,2102,registro de prueba,2026-06-09T23:11:49.687042+00:00,2026-06-09T23:11:53.804477+00:00,4117.41,200,ok,api-2,
benchmark-api4-5000-c1000-005,005-REQ-002103,2103,registro de prueba,2026-06-09T23:11:49.689163+00:00,2026-06-09T23:11:53.790157+00:00,4100.96,200,ok,api-4,
benchmark-api4-5000-c1000-005,005-REQ-002104,2104,registro de prueba,2026-06-09T23:11:49.697538+00:00,2026-06-09T23:11:53.776235+00:00,4078.68,200,ok,api-3,
benchmark-api4-5000-c1000-005,005-REQ-002105,2105,registro de prueba,2026-06-09T23:11:49.699559+00:00,2026-06-09T23:11:53.797500+00:00,4097.89,200,ok,api-1,
benchmark-api4-5000-c1000-005,005-REQ-002106,2106,registro de prueba,2026-06-09T23:11:49.703676+00:00,2026-06-09T23:11:54.089507+00:00,4385.81,200,ok,api-2,
benchmark-api4-5000-c1000-005,005-REQ-002107,2107,registro de prueba,2026-06-09T23:11:49.706652+00:00,2026-06-09T23:11:53.778848+00:00,4072.17,200,ok,api-4,
benchmark-api4-5000-c1000-005,005-REQ-002108,2108,registro de prueba,2026-06-09T23:11:49.708305+00:00,2026-06-09T23:11:53.825080+00:00,4116.74,200,ok,api-3,
benchmark-api4-5000-c1000-005,005-REQ-002109,2109,registro de prueba,2026-06-09T23:11:49.717286+00:00,2026-06-09T23:11:53.828768+00:00,4111.45,200,ok,api-1,
benchmark-api4-5000-c1000-005,005-REQ-002110,2110,registro de prueba,2026-06-09T23:11:49.718541+00:00,2026-06-09T23:11:53.842628+00:00,4124.07,200,ok,api-4,
benchmark-api4-5000-c1000-005,005-REQ-002111,2111,registro de prueba,2026-06-09T23:11:49.721380+00:00,2026-06-09T23:11:54.091843+00:00,4370.44,200,ok,api-1,
benchmark-api4-5000-c1000-005,005-REQ-002112,2112,registro de prueba,2026-06-09T23:11:49.722670+00:00,2026-06-09T23:11:50.021254+00:00,298.56,200,ok,api-2,
benchmark-api4-5000-c1000-005,005-REQ-002113,2113,registro de prueba,2026-06-09T23:11:49.723238+00:00,2026-06-09T23:11:54.050259+00:00,4327.01,200,ok,api-2,
benchmark-api4-5000-c1000-005,005-REQ-002114,2114,registro de prueba,2026-06-09T23:11:49.723401+00:00,2026-06-09T23:11:53.968998+00:00,4245.59,200,ok,api-4,
benchmark-api4-5000-c1000-005,005-REQ-002115,2115,registro de prueba,2026-06-09T23:11:49.736535+00:00,2026-06-09T23:11:53.977687+00:00,4241.13,200,ok,api-2,
benchmark-api4-5000-c1000-005,005-REQ-002116,2116,registro de prueba,2026-06-09T23:11:49.744299+00:00,2026-06-09T23:11:53.889026+00:00,4144.7,200,ok,api-3,
benchmark-api4-5000-c1000-005,005-REQ-002117,2117,registro de prueba,2026-06-09T23:11:49.746708+00:00,2026-06-09T23:11:53.854961+00:00,4108.24,200,ok,api-4,
benchmark-api4-5000-c1000-005,005-REQ-002118,2118,registro de prueba,2026-06-09T23:11:49.748003+00:00,2026-06-09T23:11:49.945798+00:00,197.78,200,ok,api-1,
benchmark-api4-5000-c1000-005,005-REQ-002119,2119,registro de prueba,2026-06-09T23:11:49.748385+00:00,2026-06-09T23:11:54.032181+00:00,4283.78,200,ok,api-1,
benchmark-api4-5000-c1000-005,005-REQ-002120,2120,registro de prueba,2026-06-09T23:11:49.749522+00:00,2026-06-09T23:11:54.115031+00:00,4365.49,200,ok,api-2,
benchmark-api4-5000-c1000-005,005-REQ-002121,2121,registro de prueba,2026-06-09T23:11:49.754245+00:00,2026-06-09T23:11:49.968306+00:00,214.04,200,ok,api-1,
benchmark-api4-5000-c1000-005,005-REQ-002122,2122,registro de prueba,2026-06-09T23:11:49.754775+00:00,2026-06-09T23:11:53.961003+00:00,4206.21,200,ok,api-3,
benchmark-api4-5000-c1000-005,005-REQ-002123,2123,registro de prueba,2026-06-09T23:11:49.755900+00:00,2026-06-09T23:11:53.890661+00:00,4134.73,200,ok,api-1,
benchmark-api4-5000-c1000-005,005-REQ-002124,2124,registro de prueba,2026-06-09T23:11:49.766114+00:00,2026-06-09T23:11:54.041413+00:00,4275.25,200,ok,api-4,
benchmark-api4-5000-c1000-005,005-REQ-002125,2125,registro de prueba,2026-06-09T23:11:49.769390+00:00,2026-06-09T23:11:53.825349+00:00,4055.94,200,ok,api-3,
benchmark-api4-5000-c1000-005,005-REQ-002126,2126,registro de prueba,2026-06-09T23:11:49.770391+00:00,2026-06-09T23:11:53.968882+00:00,4198.47,200,ok,api-4,
benchmark-api4-5000-c1000-005,005-REQ-002127,2127,registro de prueba,2026-06-09T23:11:49.774790+00:00,2026-06-09T23:11:54.045838+00:00,4271.02,200,ok,api-2,
benchmark-api4-5000-c1000-005,005-REQ-002128,2128,registro de prueba,2026-06-09T23:11:49.786851+00:00,2026-06-09T23:11:53.987035+00:00,4200.16,200,ok,api-4,
benchmark-api4-5000-c1000-005,005-REQ-002129,2129,registro de prueba,2026-06-09T23:11:49.788885+00:00,2026-06-09T23:11:50.059684+00:00,270.78,200,ok,api-3,
benchmark-api4-5000-c1000-005,005-REQ-002130,2130,registro de prueba,2026-06-09T23:11:49.790432+00:00,2026-06-09T23:11:53.943835+00:00,4153.36,200,ok,api-2,
benchmark-api4-5000-c1000-005,005-REQ-002131,2131,registro de prueba,2026-06-09T23:11:49.790780+00:00,2026-06-09T23:11:53.891602+00:00,4100.8,200,ok,api-3,
benchmark-api4-5000-c1000-005,005-REQ-002132,2132,registro de prueba,2026-06-09T23:11:49.793448+00:00,2026-06-09T23:11:49.995111+00:00,201.63,200,ok,api-1,
benchmark-api4-5000-c1000-005,005-REQ-002133,2133,registro de prueba,2026-06-09T23:11:49.794906+00:00,2026-06-09T23:11:50.109700+00:00,314.76,200,ok,api-3,
benchmark-api4-5000-c1000-005,005-REQ-002134,2134,registro de prueba,2026-06-09T23:11:49.795653+00:00,2026-06-09T23:11:53.963448+00:00,4167.76,200,ok,api-4,
benchmark-api4-5000-c1000-005,005-REQ-002135,2135,registro de prueba,2026-06-09T23:11:49.795971+00:00,2026-06-09T23:11:53.982110+00:00,4186.12,200,ok,api-4,
benchmark-api4-5000-c1000-005,005-REQ-002136,2136,registro de prueba,2026-06-09T23:11:49.798579+00:00,2026-06-09T23:11:54.055365+00:00,4256.75,200,ok,api-1,
benchmark-api4-5000-c1000-005,005-REQ-002137,2137,registro de prueba,2026-06-09T23:11:49.802520+00:00,2026-06-09T23:11:53.849350+00:00,4046.79,200,ok,api-2,
benchmark-api4-5000-c1000-005,005-REQ-002138,2138,registro de prueba,2026-06-09T23:11:49.804713+00:00,2026-06-09T23:11:50.178606+00:00,373.87,200,ok,api-3,
benchmark-api4-5000-c1000-005,005-REQ-002139,2139,registro de prueba,2026-06-09T23:11:49.806381+00:00,2026-06-09T23:11:53.935031+00:00,4128.61,200,ok,api-3,
benchmark-api4-5000-c1000-005,005-REQ-002140,2140,registro de prueba,2026-06-09T23:11:49.806895+00:00,2026-06-09T23:11:54.118120+00:00,4311.2,200,ok,api-1,
benchmark-api4-5000-c1000-005,005-REQ-002141,2141,registro de prueba,2026-06-09T23:11:49.810465+00:00,2026-06-09T23:11:53.904185+00:00,4093.69,200,ok,api-3,
benchmark-api4-5000-c1000-005,005-REQ-002142,2142,registro de prueba,2026-06-09T23:11:49.813128+00:00,2026-06-09T23:11:53.959089+00:00,4145.93,200,ok,api-4,
benchmark-api4-5000-c1000-005,005-REQ-002143,2143,registro de prueba,2026-06-09T23:11:49.820128+00:00,2026-06-09T23:11:53.965216+00:00,4145.07,200,ok,api-1,
benchmark-api4-5000-c1000-005,005-REQ-002144,2144,registro de prueba,2026-06-09T23:11:49.827963+00:00,2026-06-09T23:11:54.047291+00:00,4219.32,200,ok,api-1,
benchmark-api4-5000-c1000-005,005-REQ-002145,2145,registro de prueba,2026-06-09T23:11:49.832653+00:00,2026-06-09T23:11:50.039320+00:00,206.64,200,ok,api-1,
benchmark-api4-5000-c1000-005,005-REQ-002146,2146,registro de prueba,2026-06-09T23:11:49.833053+00:00,2026-06-09T23:11:53.928556+00:00,4095.48,200,ok,api-4,
benchmark-api4-5000-c1000-005,005-REQ-002147,2147,registro de prueba,2026-06-09T23:11:49.833752+00:00,2026-06-09T23:11:50.140175+00:00,306.41,200,ok,api-2,
benchmark-api4-5000-c1000-005,005-REQ-002148,2148,registro de prueba,2026-06-09T23:11:49.834116+00:00,2026-06-09T23:11:53.997315+00:00,4163.19,200,ok,api-1,
benchmark-api4-5000-c1000-005,005-REQ-002149,2149,registro de prueba,2026-06-09T23:11:49.834225+00:00,2026-06-09T23:11:54.103651+00:00,4269.42,200,ok,api-2,
benchmark-api4-5000-c1000-005,005-REQ-002150,2150,registro de prueba,2026-06-09T23:11:49.838787+00:00,2026-06-09T23:11:54.084775+00:00,4245.96,200,ok,api-4,
benchmark-api4-5000-c1000-005,005-REQ-002151,2151,registro de prueba,2026-06-09T23:11:49.843924+00:00,2026-06-09T23:11:53.954303+00:00,4110.36,200,ok,api-1,
benchmark-api4-5000-c1000-005,005-REQ-002152,2152,registro de prueba,2026-06-09T23:11:49.845655+00:00,2026-06-09T23:11:50.080750+00:00,235.08,200,ok,api-1,
benchmark-api4-5000-c1000-005,005-REQ-002153,2153,registro de prueba,2026-06-09T23:11:49.846302+00:00,2026-06-09T23:11:53.985723+00:00,4139.4,200,ok,api-2,
benchmark-api4-5000-c1000-005,005-REQ-002154,2154,registro de prueba,2026-06-09T23:11:49.846499+00:00,2026-06-09T23:11:54.077872+00:00,4231.36,200,ok,api-1,
benchmark-api4-5000-c1000-005,005-REQ-002155,2155,registro de prueba,2026-06-09T23:11:49.847460+00:00,2026-06-09T23:11:53.994145+00:00,4146.67,200,ok,api-2,
benchmark-api4-5000-c1000-005,005-REQ-002156,2156,registro de prueba,2026-06-09T23:11:49.848839+00:00,2026-06-09T23:11:53.968639+00:00,4119.78,200,ok,api-4,
benchmark-api4-5000-c1000-005,005-REQ-002157,2157,registro de prueba,2026-06-09T23:11:49.852419+00:00,2026-06-09T23:11:53.967151+00:00,4114.7,200,ok,api-4,
benchmark-api4-5000-c1000-005,005-REQ-002158,2158,registro de prueba,2026-06-09T23:11:49.854901+00:00,2026-06-09T23:11:53.961284+00:00,4106.35,200,ok,api-3,
benchmark-api4-5000-c1000-005,005-REQ-002159,2159,registro de prueba,2026-06-09T23:11:49.855999+00:00,2026-06-09T23:11:54.160687+00:00,4304.67,200,ok,api-1,
benchmark-api4-5000-c1000-005,005-REQ-002160,2160,registro de prueba,2026-06-09T23:11:49.860896+00:00,2026-06-09T23:11:53.908695+00:00,4047.77,200,ok,api-2,
benchmark-api4-5000-c1000-005,005-REQ-002161,2161,registro de prueba,2026-06-09T23:11:49.863517+00:00,2026-06-09T23:11:53.899349+00:00,4035.81,200,ok,api-3,
benchmark-api4-5000-c1000-005,005-REQ-002162,2162,registro de prueba,2026-06-09T23:11:49.864854+00:00,2026-06-09T23:11:53.959355+00:00,4094.48,200,ok,api-4,
benchmark-api4-5000-c1000-005,005-REQ-002163,2163,registro de prueba,2026-06-09T23:11:49.868433+00:00,2026-06-09T23:11:54.116106+00:00,4247.65,200,ok,api-1,
benchmark-api4-5000-c1000-005,005-REQ-002164,2164,registro de prueba,2026-06-09T23:11:49.873786+00:00,2026-06-09T23:11:53.893098+00:00,4019.19,200,ok,api-2,
benchmark-api4-5000-c1000-005,005-REQ-002165,2165,registro de prueba,2026-06-09T23:11:49.875280+00:00,2026-06-09T23:11:53.996424+00:00,4121.12,200,ok,api-3,
benchmark-api4-5000-c1000-005,005-REQ-002166,2166,registro de prueba,2026-06-09T23:11:49.879341+00:00,2026-06-09T23:11:50.178373+00:00,299.01,200,ok,api-2,
benchmark-api4-5000-c1000-005,005-REQ-002167,2167,registro de prueba,2026-06-09T23:11:49.879902+00:00,2026-06-09T23:11:53.978809+00:00,4098.89,200,ok,api-4,
benchmark-api4-5000-c1000-005,005-REQ-002168,2168,registro de prueba,2026-06-09T23:11:49.883925+00:00,2026-06-09T23:11:53.964957+00:00,4081.01,200,ok,api-1,
benchmark-api4-5000-c1000-005,005-REQ-002169,2169,registro de prueba,2026-06-09T23:11:49.884896+00:00,2026-06-09T23:11:54.062691+00:00,4177.77,200,ok,api-2,
benchmark-api4-5000-c1000-005,005-REQ-002170,2170,registro de prueba,2026-06-09T23:11:49.895336+00:00,2026-06-09T23:11:54.034667+00:00,4139.29,200,ok,api-3,
benchmark-api4-5000-c1000-005,005-REQ-002171,2171,registro de prueba,2026-06-09T23:11:49.896855+00:00,2026-06-09T23:11:50.192602+00:00,295.73,200,ok,api-2,
benchmark-api4-5000-c1000-005,005-REQ-002172,2172,registro de prueba,2026-06-09T23:11:49.897366+00:00,2026-06-09T23:11:53.865500+00:00,3968.11,200,ok,api-4,
benchmark-api4-5000-c1000-005,005-REQ-002173,2173,registro de prueba,2026-06-09T23:11:49.898542+00:00,2026-06-09T23:11:50.266409+00:00,367.84,200,ok,api-3,
benchmark-api4-5000-c1000-005,005-REQ-002174,2174,registro de prueba,2026-06-09T23:11:49.899176+00:00,2026-06-09T23:11:54.113801+00:00,4214.6,200,ok,api-1,
benchmark-api4-5000-c1000-005,005-REQ-002175,2175,registro de prueba,2026-06-09T23:11:49.900676+00:00,2026-06-09T23:11:53.953243+00:00,4052.54,200,ok,api-2,
benchmark-api4-5000-c1000-005,005-REQ-002176,2176,registro de prueba,2026-06-09T23:11:49.906347+00:00,2026-06-09T23:11:54.007039+00:00,4100.66,200,ok,api-3,
benchmark-api4-5000-c1000-005,005-REQ-002177,2177,registro de prueba,2026-06-09T23:11:49.912194+00:00,2026-06-09T23:11:54.086762+00:00,4174.52,200,ok,api-4,
benchmark-api4-5000-c1000-005,005-REQ-002178,2178,registro de prueba,2026-06-09T23:11:49.914418+00:00,2026-06-09T23:11:50.275831+00:00,361.39,200,ok,api-2,
benchmark-api4-5000-c1000-005,005-REQ-002179,2179,registro de prueba,2026-06-09T23:11:49.915298+00:00,2026-06-09T23:11:54.057282+00:00,4141.95,200,ok,api-1,
benchmark-api4-5000-c1000-005,005-REQ-002180,2180,registro de prueba,2026-06-09T23:11:49.915634+00:00,2026-06-09T23:11:54.058409+00:00,4142.75,200,ok,api-2,
benchmark-api4-5000-c1000-005,005-REQ-002181,2181,registro de prueba,2026-06-09T23:11:49.919710+00:00,2026-06-09T23:11:54.085058+00:00,4165.33,200,ok,api-3,
benchmark-api4-5000-c1000-005,005-REQ-002182,2182,registro de prueba,2026-06-09T23:11:49.921180+00:00,2026-06-09T23:11:50.282357+00:00,361.14,200,ok,api-3,
benchmark-api4-5000-c1000-005,005-REQ-002183,2183,registro de prueba,2026-06-09T23:11:49.921904+00:00,2026-06-09T23:11:53.972678+00:00,4050.73,200,ok,api-4,
benchmark-api4-5000-c1000-005,005-REQ-002184,2184,registro de prueba,2026-06-09T23:11:49.923779+00:00,2026-06-09T23:11:50.143869+00:00,220.06,200,ok,api-1,
benchmark-api4-5000-c1000-005,005-REQ-002185,2185,registro de prueba,2026-06-09T23:11:49.924478+00:00,2026-06-09T23:11:54.107989+00:00,4183.49,200,ok,api-1,
benchmark-api4-5000-c1000-005,005-REQ-002186,2186,registro de prueba,2026-06-09T23:11:49.925622+00:00,2026-06-09T23:11:54.088145+00:00,4162.5,200,ok,api-2,
benchmark-api4-5000-c1000-005,005-REQ-002187,2187,registro de prueba,2026-06-09T23:11:49.934441+00:00,2026-06-09T23:11:53.988346+00:00,4053.87,200,ok,api-3,
benchmark-api4-5000-c1000-005,005-REQ-002188,2188,registro de prueba,2026-06-09T23:11:49.935857+00:00,2026-06-09T23:11:50.279785+00:00,343.91,200,ok,api-3,
benchmark-api4-5000-c1000-005,005-REQ-002189,2189,registro de prueba,2026-06-09T23:11:49.936650+00:00,2026-06-09T23:11:54.100641+00:00,4163.96,200,ok,api-4,
benchmark-api4-5000-c1000-005,005-REQ-002190,2190,registro de prueba,2026-06-09T23:11:49.942965+00:00,2026-06-09T23:11:54.090794+00:00,4147.8,200,ok,api-1,
benchmark-api4-5000-c1000-005,005-REQ-002191,2191,registro de prueba,2026-06-09T23:11:49.946456+00:00,2026-06-09T23:11:54.102530+00:00,4156.05,200,ok,api-2,
benchmark-api4-5000-c1000-005,005-REQ-002192,2192,registro de prueba,2026-06-09T23:11:49.947823+00:00,2026-06-09T23:11:54.025852+00:00,4078.0,200,ok,api-3,
benchmark-api4-5000-c1000-005,005-REQ-002193,2193,registro de prueba,2026-06-09T23:11:49.950586+00:00,2026-06-09T23:11:54.119295+00:00,4168.69,200,ok,api-2,
benchmark-api4-5000-c1000-005,005-REQ-002194,2194,registro de prueba,2026-06-09T23:11:49.951229+00:00,2026-06-09T23:11:54.195138+00:00,4243.89,200,ok,api-1,
benchmark-api4-5000-c1000-005,005-REQ-002195,2195,registro de prueba,2026-06-09T23:11:49.954801+00:00,2026-06-09T23:11:54.100398+00:00,4145.58,200,ok,api-3,
benchmark-api4-5000-c1000-005,005-REQ-002196,2196,registro de prueba,2026-06-09T23:11:49.960642+00:00,2026-06-09T23:11:50.198482+00:00,237.82,200,ok,api-1,
benchmark-api4-5000-c1000-005,005-REQ-002197,2197,registro de prueba,2026-06-09T23:11:49.961325+00:00,2026-06-09T23:11:54.134732+00:00,4173.39,200,ok,api-4,
benchmark-api4-5000-c1000-005,005-REQ-002198,2198,registro de prueba,2026-06-09T23:11:49.962195+00:00,2026-06-09T23:11:54.176415+00:00,4214.2,200,ok,api-1,
benchmark-api4-5000-c1000-005,005-REQ-002199,2199,registro de prueba,2026-06-09T23:11:49.963109+00:00,2026-06-09T23:11:54.122883+00:00,4159.76,200,ok,api-2,
benchmark-api4-5000-c1000-005,005-REQ-002200,2200,registro de prueba,2026-06-09T23:11:49.964077+00:00,2026-06-09T23:11:54.075923+00:00,4111.83,200,ok,api-3,
benchmark-api4-5000-c1000-005,005-REQ-002201,2201,registro de prueba,2026-06-09T23:11:49.964879+00:00,2026-06-09T23:11:54.105175+00:00,4140.28,200,ok,api-4,
benchmark-api4-5000-c1000-005,005-REQ-002202,2202,registro de prueba,2026-06-09T23:11:49.965742+00:00,2026-06-09T23:11:54.202917+00:00,4237.15,200,ok,api-1,
benchmark-api4-5000-c1000-005,005-REQ-002203,2203,registro de prueba,2026-06-09T23:11:49.967792+00:00,2026-06-09T23:11:54.108111+00:00,4140.3,200,ok,api-3,
benchmark-api4-5000-c1000-005,005-REQ-002204,2204,registro de prueba,2026-06-09T23:11:49.968945+00:00,2026-06-09T23:11:54.217173+00:00,4248.2,200,ok,api-1,
benchmark-api4-5000-c1000-005,005-REQ-002205,2205,registro de prueba,2026-06-09T23:11:49.973223+00:00,2026-06-09T23:11:50.201407+00:00,226.0,200,ok,api-1,
benchmark-api4-5000-c1000-005,005-REQ-002206,2206,registro de prueba,2026-06-09T23:11:49.977100+00:00,2026-06-09T23:11:54.152163+00:00,4174.92,200,ok,api-2,
benchmark-api4-5000-c1000-005,005-REQ-002207,2207,registro de prueba,2026-06-09T23:11:49.980979+00:00,2026-06-09T23:11:50.328121+00:00,347.12,200,ok,api-3,
benchmark-api4-5000-c1000-005,005-REQ-002208,2208,registro de prueba,2026-06-09T23:11:49.981883+00:00,2026-06-09T23:11:54.107762+00:00,4125.85,200,ok,api-4,
benchmark-api4-5000-c1000-005,005-REQ-002209,2209,registro de prueba,2026-06-09T23:11:49.982164+00:00,2026-06-09T23:11:54.224671+00:00,4242.49,200,ok,api-1,
benchmark-api4-5000-c1000-005,005-REQ-002210,2210,registro de prueba,2026-06-09T23:11:49.983369+00:00,2026-06-09T23:11:54.124514+00:00,4141.12,200,ok,api-2,
benchmark-api4-5000-c1000-005,005-REQ-002211,2211,registro de prueba,2026-06-09T23:11:49.984324+00:00,2026-06-09T23:11:54.096886+00:00,4112.54,200,ok,api-3,
benchmark-api4-5000-c1000-005,005-REQ-002212,2212,registro de prueba,2026-06-09T23:11:49.988224+00:00,2026-06-09T23:11:54.133194+00:00,4144.94,200,ok,api-4,
benchmark-api4-5000-c1000-005,005-REQ-002213,2213,registro de prueba,2026-06-09T23:11:49.993425+00:00,2026-06-09T23:11:54.217434+00:00,4223.98,200,ok,api-1,
benchmark-api4-5000-c1000-005,005-REQ-002214,2214,registro de prueba,2026-06-09T23:11:49.994355+00:00,2026-06-09T23:11:54.166169+00:00,4171.8,200,ok,api-2,
benchmark-api4-5000-c1000-005,005-REQ-002215,2215,registro de prueba,2026-06-09T23:11:49.995783+00:00,2026-06-09T23:11:50.350175+00:00,354.37,200,ok,api-4,
benchmark-api4-5000-c1000-005,005-REQ-002216,2216,registro de prueba,2026-06-09T23:11:49.996361+00:00,2026-06-09T23:11:54.209623+00:00,4213.24,200,ok,api-2,
benchmark-api4-5000-c1000-005,005-REQ-002217,2217,registro de prueba,2026-06-09T23:11:49.998329+00:00,2026-06-09T23:11:54.047498+00:00,4049.15,200,ok,api-3,
benchmark-api4-5000-c1000-005,005-REQ-002218,2218,registro de prueba,2026-06-09T23:11:50.010817+00:00,2026-06-09T23:11:54.160545+00:00,4149.71,200,ok,api-4,
benchmark-api4-5000-c1000-005,005-REQ-002219,2219,registro de prueba,2026-06-09T23:11:50.020095+00:00,2026-06-09T23:11:50.350454+00:00,330.33,200,ok,api-4,
benchmark-api4-5000-c1000-005,005-REQ-002220,2220,registro de prueba,2026-06-09T23:11:50.020754+00:00,2026-06-09T23:11:54.226841+00:00,4206.04,200,ok,api-1,
benchmark-api4-5000-c1000-005,005-REQ-002221,2221,registro de prueba,2026-06-09T23:11:50.022010+00:00,2026-06-09T23:11:50.257963+00:00,235.93,200,ok,api-1,
benchmark-api4-5000-c1000-005,005-REQ-002222,2222,registro de prueba,2026-06-09T23:11:50.022629+00:00,2026-06-09T23:11:54.196599+00:00,4173.95,200,ok,api-4,
benchmark-api4-5000-c1000-005,005-REQ-002223,2223,registro de prueba,2026-06-09T23:11:50.028426+00:00,2026-06-09T23:11:54.142743+00:00,4114.28,200,ok,api-3,
benchmark-api4-5000-c1000-005,005-REQ-002224,2224,registro de prueba,2026-06-09T23:11:50.029805+00:00,2026-06-09T23:11:54.289066+00:00,4259.24,200,ok,api-1,
benchmark-api4-5000-c1000-005,005-REQ-002225,2225,registro de prueba,2026-06-09T23:11:50.031128+00:00,2026-06-09T23:11:54.185990+00:00,4154.84,200,ok,api-2,
benchmark-api4-5000-c1000-005,005-REQ-002226,2226,registro de prueba,2026-06-09T23:11:50.036674+00:00,2026-06-09T23:11:54.165102+00:00,4128.4,200,ok,api-3,
benchmark-api4-5000-c1000-005,005-REQ-002227,2227,registro de prueba,2026-06-09T23:11:50.039957+00:00,2026-06-09T23:11:54.163330+00:00,4123.35,200,ok,api-4,
benchmark-api4-5000-c1000-005,005-REQ-002228,2228,registro de prueba,2026-06-09T23:11:50.041415+00:00,2026-06-09T23:11:54.245746+00:00,4204.31,200,ok,api-2,
benchmark-api4-5000-c1000-005,005-REQ-002229,2229,registro de prueba,2026-06-09T23:11:50.046054+00:00,2026-06-09T23:11:54.224434+00:00,4178.35,200,ok,api-1,
benchmark-api4-5000-c1000-005,005-REQ-002230,2230,registro de prueba,2026-06-09T23:11:50.047852+00:00,2026-06-09T23:11:54.196811+00:00,4148.94,200,ok,api-3,
benchmark-api4-5000-c1000-005,005-REQ-002231,2231,registro de prueba,2026-06-09T23:11:50.053506+00:00,2026-06-09T23:11:54.209868+00:00,4156.34,200,ok,api-1,
benchmark-api4-5000-c1000-005,005-REQ-002232,2232,registro de prueba,2026-06-09T23:11:50.057011+00:00,2026-06-09T23:11:54.175200+00:00,4118.09,200,ok,api-4,
benchmark-api4-5000-c1000-005,005-REQ-002233,2233,registro de prueba,2026-06-09T23:11:50.059209+00:00,2026-06-09T23:11:54.199231+00:00,4140.0,200,ok,api-4,
benchmark-api4-5000-c1000-005,005-REQ-002234,2234,registro de prueba,2026-06-09T23:11:50.060199+00:00,2026-06-09T23:11:54.191746+00:00,4131.52,200,ok,api-3,
benchmark-api4-5000-c1000-005,005-REQ-002235,2235,registro de prueba,2026-06-09T23:11:50.066516+00:00,2026-06-09T23:11:54.221203+00:00,4154.65,200,ok,api-4,
benchmark-api4-5000-c1000-005,005-REQ-002236,2236,registro de prueba,2026-06-09T23:11:50.067692+00:00,2026-06-09T23:11:54.250357+00:00,4182.64,200,ok,api-2,
benchmark-api4-5000-c1000-005,005-REQ-002237,2237,registro de prueba,2026-06-09T23:11:50.074656+00:00,2026-06-09T23:11:54.203221+00:00,4128.48,200,ok,api-2,
benchmark-api4-5000-c1000-005,005-REQ-002238,2238,registro de prueba,2026-06-09T23:11:50.080210+00:00,2026-06-09T23:11:54.249087+00:00,4168.85,200,ok,api-1,
benchmark-api4-5000-c1000-005,005-REQ-002239,2239,registro de prueba,2026-06-09T23:11:50.081087+00:00,2026-06-09T23:11:50.355880+00:00,274.78,200,ok,api-3,
benchmark-api4-5000-c1000-005,005-REQ-002240,2240,registro de prueba,2026-06-09T23:11:50.081550+00:00,2026-06-09T23:11:54.286230+00:00,4204.66,200,ok,api-3,
benchmark-api4-5000-c1000-005,005-REQ-002241,2241,registro de prueba,2026-06-09T23:11:50.087149+00:00,2026-06-09T23:11:54.163593+00:00,4076.42,200,ok,api-4,
benchmark-api4-5000-c1000-005,005-REQ-002242,2242,registro de prueba,2026-06-09T23:11:50.093320+00:00,2026-06-09T23:11:54.268692+00:00,4175.35,200,ok,api-1,
benchmark-api4-5000-c1000-005,005-REQ-002243,2243,registro de prueba,2026-06-09T23:11:50.094560+00:00,2026-06-09T23:11:50.356034+00:00,261.46,200,ok,api-4,
benchmark-api4-5000-c1000-005,005-REQ-002244,2244,registro de prueba,2026-06-09T23:11:50.095010+00:00,2026-06-09T23:11:54.250538+00:00,4155.52,200,ok,api-3,
benchmark-api4-5000-c1000-005,005-REQ-002245,2245,registro de prueba,2026-06-09T23:11:50.107488+00:00,2026-06-09T23:11:54.316743+00:00,4209.22,200,ok,api-1,
benchmark-api4-5000-c1000-005,005-REQ-002246,2246,registro de prueba,2026-06-09T23:11:50.110412+00:00,2026-06-09T23:11:50.461185+00:00,350.75,200,ok,api-2,
benchmark-api4-5000-c1000-005,005-REQ-002247,2247,registro de prueba,2026-06-09T23:11:50.110960+00:00,2026-06-09T23:11:54.205288+00:00,4094.31,200,ok,api-4,
benchmark-api4-5000-c1000-005,005-REQ-002248,2248,registro de prueba,2026-06-09T23:11:50.112154+00:00,2026-06-09T23:11:54.299117+00:00,4186.9,200,ok,api-2,
benchmark-api4-5000-c1000-005,005-REQ-002249,2249,registro de prueba,2026-06-09T23:11:50.115301+00:00,2026-06-09T23:11:54.233225+00:00,4117.9,200,ok,api-4,
benchmark-api4-5000-c1000-005,005-REQ-002250,2250,registro de prueba,2026-06-09T23:11:50.129433+00:00,2026-06-09T23:11:54.265750+00:00,4136.29,200,ok,api-1,
benchmark-api4-5000-c1000-005,005-REQ-002251,2251,registro de prueba,2026-06-09T23:11:50.130696+00:00,2026-06-09T23:11:54.260327+00:00,4129.61,200,ok,api-2,
benchmark-api4-5000-c1000-005,005-REQ-002252,2252,registro de prueba,2026-06-09T23:11:50.131732+00:00,2026-06-09T23:11:54.280313+00:00,4148.56,200,ok,api-4,
benchmark-api4-5000-c1000-005,005-REQ-002253,2253,registro de prueba,2026-06-09T23:11:50.132698+00:00,2026-06-09T23:11:54.286992+00:00,4154.27,200,ok,api-1,
benchmark-api4-5000-c1000-005,005-REQ-002254,2254,registro de prueba,2026-06-09T23:11:50.138111+00:00,2026-06-09T23:11:54.244360+00:00,4106.22,200,ok,api-3,
benchmark-api4-5000-c1000-005,005-REQ-002255,2255,registro de prueba,2026-06-09T23:11:50.139363+00:00,2026-06-09T23:11:54.263191+00:00,4123.8,200,ok,api-2,
benchmark-api4-5000-c1000-005,005-REQ-002256,2256,registro de prueba,2026-06-09T23:11:50.140751+00:00,2026-06-09T23:11:54.368600+00:00,4227.82,200,ok,api-4,
benchmark-api4-5000-c1000-005,005-REQ-002257,2257,registro de prueba,2026-06-09T23:11:50.144518+00:00,2026-06-09T23:11:54.336561+00:00,4192.01,200,ok,api-1,
benchmark-api4-5000-c1000-005,005-REQ-002258,2258,registro de prueba,2026-06-09T23:11:50.145684+00:00,2026-06-09T23:11:54.259879+00:00,4114.17,200,ok,api-2,
benchmark-api4-5000-c1000-005,005-REQ-002259,2259,registro de prueba,2026-06-09T23:11:50.146509+00:00,2026-06-09T23:11:50.479580+00:00,333.05,200,ok,api-3,
benchmark-api4-5000-c1000-005,005-REQ-002260,2260,registro de prueba,2026-06-09T23:11:50.146789+00:00,2026-06-09T23:11:54.333998+00:00,4187.2,200,ok,api-3,
benchmark-api4-5000-c1000-005,005-REQ-002261,2261,registro de prueba,2026-06-09T23:11:50.159397+00:00,2026-06-09T23:11:54.379272+00:00,4219.85,200,ok,api-4,
benchmark-api4-5000-c1000-005,005-REQ-002262,2262,registro de prueba,2026-06-09T23:11:50.165053+00:00,2026-06-09T23:11:54.401230+00:00,4236.14,200,ok,api-1,
benchmark-api4-5000-c1000-005,005-REQ-002263,2263,registro de prueba,2026-06-09T23:11:50.170961+00:00,2026-06-09T23:11:54.262933+00:00,4091.94,200,ok,api-2,
benchmark-api4-5000-c1000-005,005-REQ-002264,2264,registro de prueba,2026-06-09T23:11:50.177852+00:00,2026-06-09T23:11:54.431033+00:00,4253.15,200,ok,api-3,
benchmark-api4-5000-c1000-005,005-REQ-002265,2265,registro de prueba,2026-06-09T23:11:50.179247+00:00,2026-06-09T23:11:50.533151+00:00,353.87,200,ok,api-2,
benchmark-api4-5000-c1000-005,005-REQ-002266,2266,registro de prueba,2026-06-09T23:11:50.179860+00:00,2026-06-09T23:11:54.267417+00:00,4087.53,200,ok,api-4,
benchmark-api4-5000-c1000-005,005-REQ-002267,2267,registro de prueba,2026-06-09T23:11:50.180661+00:00,2026-06-09T23:11:54.392408+00:00,4211.72,200,ok,api-1,
benchmark-api4-5000-c1000-005,005-REQ-002268,2268,registro de prueba,2026-06-09T23:11:50.184350+00:00,2026-06-09T23:11:54.385788+00:00,4201.27,200,ok,api-3,
benchmark-api4-5000-c1000-005,005-REQ-002269,2269,registro de prueba,2026-06-09T23:11:50.185683+00:00,2026-06-09T23:11:54.345459+00:00,4159.74,200,ok,api-2,
benchmark-api4-5000-c1000-005,005-REQ-002270,2270,registro de prueba,2026-06-09T23:11:50.188624+00:00,2026-06-09T23:11:54.374345+00:00,4185.69,200,ok,api-4,
benchmark-api4-5000-c1000-005,005-REQ-002271,2271,registro de prueba,2026-06-09T23:11:50.193086+00:00,2026-06-09T23:11:50.466999+00:00,273.89,200,ok,api-1,
benchmark-api4-5000-c1000-005,005-REQ-002272,2272,registro de prueba,2026-06-09T23:11:50.194027+00:00,2026-06-09T23:11:54.504727+00:00,4310.67,200,ok,api-1,
benchmark-api4-5000-c1000-005,005-REQ-002273,2273,registro de prueba,2026-06-09T23:11:50.194309+00:00,2026-06-09T23:11:54.394064+00:00,4199.74,200,ok,api-3,
benchmark-api4-5000-c1000-005,005-REQ-002274,2274,registro de prueba,2026-06-09T23:11:50.197258+00:00,2026-06-09T23:11:50.538892+00:00,341.58,200,ok,api-4,
benchmark-api4-5000-c1000-005,005-REQ-002275,2275,registro de prueba,2026-06-09T23:11:50.197954+00:00,2026-06-09T23:11:54.427233+00:00,4229.25,200,ok,api-4,
benchmark-api4-5000-c1000-005,005-REQ-002276,2276,registro de prueba,2026-06-09T23:11:50.198963+00:00,2026-06-09T23:11:54.362813+00:00,4163.83,200,ok,api-2,
benchmark-api4-5000-c1000-005,005-REQ-002277,2277,registro de prueba,2026-06-09T23:11:50.200194+00:00,2026-06-09T23:11:54.364157+00:00,4163.94,200,ok,api-3,
benchmark-api4-5000-c1000-005,005-REQ-002278,2278,registro de prueba,2026-06-09T23:11:50.201937+00:00,2026-06-09T23:11:50.529981+00:00,327.96,200,ok,api-3,
benchmark-api4-5000-c1000-005,005-REQ-002279,2279,registro de prueba,2026-06-09T23:11:50.202867+00:00,2026-06-09T23:11:54.418691+00:00,4215.78,200,ok,api-4,
benchmark-api4-5000-c1000-005,005-REQ-002280,2280,registro de prueba,2026-06-09T23:11:50.208334+00:00,2026-06-09T23:11:54.483460+00:00,4275.1,200,ok,api-1,
benchmark-api4-5000-c1000-005,005-REQ-002281,2281,registro de prueba,2026-06-09T23:11:50.214799+00:00,2026-06-09T23:11:54.405770+00:00,4190.94,200,ok,api-2,
benchmark-api4-5000-c1000-005,005-REQ-002282,2282,registro de prueba,2026-06-09T23:11:50.215946+00:00,2026-06-09T23:11:54.399561+00:00,4183.59,200,ok,api-3,
benchmark-api4-5000-c1000-005,005-REQ-002283,2283,registro de prueba,2026-06-09T23:11:50.217048+00:00,2026-06-09T23:11:54.482082+00:00,4265.01,200,ok,api-4,
benchmark-api4-5000-c1000-005,005-REQ-002284,2284,registro de prueba,2026-06-09T23:11:50.219443+00:00,2026-06-09T23:11:54.448364+00:00,4228.89,200,ok,api-3,
benchmark-api4-5000-c1000-005,005-REQ-002285,2285,registro de prueba,2026-06-09T23:11:50.224832+00:00,2026-06-09T23:11:54.502437+00:00,4277.58,200,ok,api-1,
benchmark-api4-5000-c1000-005,005-REQ-002286,2286,registro de prueba,2026-06-09T23:11:50.232752+00:00,2026-06-09T23:11:54.530357+00:00,4297.56,200,ok,api-4,
benchmark-api4-5000-c1000-005,005-REQ-002287,2287,registro de prueba,2026-06-09T23:11:50.243096+00:00,2026-06-09T23:11:50.621788+00:00,378.67,200,ok,api-4,
benchmark-api4-5000-c1000-005,005-REQ-002288,2288,registro de prueba,2026-06-09T23:11:50.243745+00:00,2026-06-09T23:11:54.480624+00:00,4236.85,200,ok,api-1,
benchmark-api4-5000-c1000-005,005-REQ-002289,2289,registro de prueba,2026-06-09T23:11:50.248247+00:00,2026-06-09T23:11:50.561849+00:00,313.54,200,ok,api-1,
benchmark-api4-5000-c1000-005,005-REQ-002290,2290,registro de prueba,2026-06-09T23:11:50.248930+00:00,2026-06-09T23:11:54.367515+00:00,4118.56,200,ok,api-2,
benchmark-api4-5000-c1000-005,005-REQ-002291,2291,registro de prueba,2026-06-09T23:11:50.250426+00:00,2026-06-09T23:11:50.550122+00:00,299.68,200,ok,api-1,
benchmark-api4-5000-c1000-005,005-REQ-002292,2292,registro de prueba,2026-06-09T23:11:50.251213+00:00,2026-06-09T23:11:54.402766+00:00,4151.53,200,ok,api-4,
benchmark-api4-5000-c1000-005,005-REQ-002293,2293,registro de prueba,2026-06-09T23:11:50.251443+00:00,2026-06-09T23:11:54.453281+00:00,4201.82,200,ok,api-3,
benchmark-api4-5000-c1000-005,005-REQ-002294,2294,registro de prueba,2026-06-09T23:11:50.259047+00:00,2026-06-09T23:11:54.499813+00:00,4240.74,200,ok,api-3,
benchmark-api4-5000-c1000-005,005-REQ-002295,2295,registro de prueba,2026-06-09T23:11:50.260508+00:00,2026-06-09T23:11:54.434342+00:00,4173.81,200,ok,api-2,
benchmark-api4-5000-c1000-005,005-REQ-002296,2296,registro de prueba,2026-06-09T23:11:50.267152+00:00,2026-06-09T23:11:50.633943+00:00,366.72,200,ok,api-1,
benchmark-api4-5000-c1000-005,005-REQ-002297,2297,registro de prueba,2026-06-09T23:11:50.267816+00:00,2026-06-09T23:11:54.502278+00:00,4234.44,200,ok,api-2,
benchmark-api4-5000-c1000-005,005-REQ-002298,2298,registro de prueba,2026-06-09T23:11:50.276732+00:00,2026-06-09T23:11:54.498228+00:00,4221.47,200,ok,api-3,
benchmark-api4-5000-c1000-005,005-REQ-002299,2299,registro de prueba,2026-06-09T23:11:50.278548+00:00,2026-06-09T23:11:50.597128+00:00,318.55,200,ok,api-4,
benchmark-api4-5000-c1000-005,005-REQ-002300,2300,registro de prueba,2026-06-09T23:11:50.279206+00:00,2026-06-09T23:11:54.573702+00:00,4294.47,200,ok,api-1,
benchmark-api4-5000-c1000-005,005-REQ-002301,2301,registro de prueba,2026-06-09T23:11:50.280871+00:00,2026-06-09T23:11:50.566748+00:00,285.86,200,ok,api-1,
benchmark-api4-5000-c1000-005,005-REQ-002302,2302,registro de prueba,2026-06-09T23:11:50.281570+00:00,2026-06-09T23:11:54.404117+00:00,4122.52,200,ok,api-4,
benchmark-api4-5000-c1000-005,005-REQ-002303,2303,registro de prueba,2026-06-09T23:11:50.282977+00:00,2026-06-09T23:11:54.432997+00:00,4149.99,200,ok,api-2,
benchmark-api4-5000-c1000-005,005-REQ-002304,2304,registro de prueba,2026-06-09T23:11:50.291358+00:00,2026-06-09T23:11:54.538981+00:00,4247.57,200,ok,api-3,
benchmark-api4-5000-c1000-005,005-REQ-002305,2305,registro de prueba,2026-06-09T23:11:50.292763+00:00,2026-06-09T23:11:54.541700+00:00,4248.92,200,ok,api-4,
benchmark-api4-5000-c1000-005,005-REQ-002306,2306,registro de prueba,2026-06-09T23:11:50.293768+00:00,2026-06-09T23:11:54.496270+00:00,4202.47,200,ok,api-2,
benchmark-api4-5000-c1000-005,005-REQ-002307,2307,registro de prueba,2026-06-09T23:11:50.298437+00:00,2026-06-09T23:11:54.539333+00:00,4240.87,200,ok,api-4,
benchmark-api4-5000-c1000-005,005-REQ-002308,2308,registro de prueba,2026-06-09T23:11:50.299904+00:00,2026-06-09T23:11:54.499004+00:00,4199.07,200,ok,api-3,
benchmark-api4-5000-c1000-005,005-REQ-002309,2309,registro de prueba,2026-06-09T23:11:50.306145+00:00,2026-06-09T23:11:54.615256+00:00,4309.08,200,ok,api-1,
benchmark-api4-5000-c1000-005,005-REQ-002310,2310,registro de prueba,2026-06-09T23:11:50.307875+00:00,2026-06-09T23:11:50.616814+00:00,308.92,200,ok,api-3,
benchmark-api4-5000-c1000-005,005-REQ-002311,2311,registro de prueba,2026-06-09T23:11:50.308430+00:00,2026-06-09T23:11:54.455155+00:00,4146.61,200,ok,api-2,
benchmark-api4-5000-c1000-005,005-REQ-002312,2312,registro de prueba,2026-06-09T23:11:50.316937+00:00,2026-06-09T23:11:54.586019+00:00,4269.06,200,ok,api-3,
benchmark-api4-5000-c1000-005,005-REQ-002313,2313,registro de prueba,2026-06-09T23:11:50.317985+00:00,2026-06-09T23:11:54.521104+00:00,4203.09,200,ok,api-4,
benchmark-api4-5000-c1000-005,005-REQ-002314,2314,registro de prueba,2026-06-09T23:11:50.318991+00:00,2026-06-09T23:11:54.610285+00:00,4291.28,200,ok,api-1,
benchmark-api4-5000-c1000-005,005-REQ-002315,2315,registro de prueba,2026-06-09T23:11:50.327490+00:00,2026-06-09T23:11:54.512319+00:00,4184.81,200,ok,api-3,
benchmark-api4-5000-c1000-005,005-REQ-002316,2316,registro de prueba,2026-06-09T23:11:50.328510+00:00,2026-06-09T23:11:54.526155+00:00,4197.62,200,ok,api-4,
benchmark-api4-5000-c1000-005,005-REQ-002317,2317,registro de prueba,2026-06-09T23:11:50.335469+00:00,2026-06-09T23:11:54.502057+00:00,4166.56,200,ok,api-2,
benchmark-api4-5000-c1000-005,005-REQ-002318,2318,registro de prueba,2026-06-09T23:11:50.336460+00:00,2026-06-09T23:11:54.623862+00:00,4287.39,200,ok,api-3,
benchmark-api4-5000-c1000-005,005-REQ-002319,2319,registro de prueba,2026-06-09T23:11:50.347923+00:00,2026-06-09T23:11:54.572038+00:00,4224.08,200,ok,api-1,
benchmark-api4-5000-c1000-005,005-REQ-002320,2320,registro de prueba,2026-06-09T23:11:50.351265+00:00,2026-06-09T23:11:50.589877+00:00,238.58,200,ok,api-1,
benchmark-api4-5000-c1000-005,005-REQ-002321,2321,registro de prueba,2026-06-09T23:11:50.351982+00:00,2026-06-09T23:11:54.562221+00:00,4210.21,200,ok,api-4,
benchmark-api4-5000-c1000-005,005-REQ-002322,2322,registro de prueba,2026-06-09T23:11:50.353018+00:00,2026-06-09T23:11:54.578441+00:00,4225.4,200,ok,api-2,
benchmark-api4-5000-c1000-005,005-REQ-002323,2323,registro de prueba,2026-06-09T23:11:50.354650+00:00,2026-06-09T23:11:50.631793+00:00,277.12,200,ok,api-1,
benchmark-api4-5000-c1000-005,005-REQ-002324,2324,registro de prueba,2026-06-09T23:11:50.355131+00:00,2026-06-09T23:11:54.522821+00:00,4167.67,200,ok,api-3,
benchmark-api4-5000-c1000-005,005-REQ-002325,2325,registro de prueba,2026-06-09T23:11:50.356451+00:00,2026-06-09T23:11:50.792445+00:00,435.98,200,ok,api-3,
benchmark-api4-5000-c1000-005,005-REQ-002326,2326,registro de prueba,2026-06-09T23:11:50.357097+00:00,2026-06-09T23:11:54.596315+00:00,4239.2,200,ok,api-4,
benchmark-api4-5000-c1000-005,005-REQ-002327,2327,registro de prueba,2026-06-09T23:11:50.357337+00:00,2026-06-09T23:11:54.613970+00:00,4256.62,200,ok,api-1,
benchmark-api4-5000-c1000-005,005-REQ-002328,2328,registro de prueba,2026-06-09T23:11:50.364661+00:00,2026-06-09T23:11:54.569436+00:00,4204.76,200,ok,api-3,
benchmark-api4-5000-c1000-005,005-REQ-002329,2329,registro de prueba,2026-06-09T23:11:50.369915+00:00,2026-06-09T23:11:54.584997+00:00,4215.06,200,ok,api-4,
benchmark-api4-5000-c1000-005,005-REQ-002330,2330,registro de prueba,2026-06-09T23:11:50.374455+00:00,2026-06-09T23:11:50.742172+00:00,367.64,200,ok,api-2,
benchmark-api4-5000-c1000-005,005-REQ-002331,2331,registro de prueba,2026-06-09T23:11:50.375626+00:00,2026-06-09T23:11:50.632934+00:00,257.27,200,ok,api-1,
benchmark-api4-5000-c1000-005,005-REQ-002332,2332,registro de prueba,2026-06-09T23:11:50.376291+00:00,2026-06-09T23:11:54.702678+00:00,4326.36,200,ok,api-3,
benchmark-api4-5000-c1000-005,005-REQ-002333,2333,registro de prueba,2026-06-09T23:11:50.376562+00:00,2026-06-09T23:11:54.578340+00:00,4201.76,200,ok,api-2,
benchmark-api4-5000-c1000-005,005-REQ-002334,2334,registro de prueba,2026-06-09T23:11:50.378331+00:00,2026-06-09T23:11:50.695166+00:00,316.81,200,ok,api-3,
benchmark-api4-5000-c1000-005,005-REQ-002335,2335,registro de prueba,2026-06-09T23:11:50.379391+00:00,2026-06-09T23:11:54.699181+00:00,4319.76,200,ok,api-1,
benchmark-api4-5000-c1000-005,005-REQ-002336,2336,registro de prueba,2026-06-09T23:11:50.380751+00:00,2026-06-09T23:11:54.637362+00:00,4256.58,200,ok,api-4,
benchmark-api4-5000-c1000-005,005-REQ-002337,2337,registro de prueba,2026-06-09T23:11:50.387534+00:00,2026-06-09T23:11:54.694154+00:00,4306.59,200,ok,api-3,
benchmark-api4-5000-c1000-005,005-REQ-002338,2338,registro de prueba,2026-06-09T23:11:50.392342+00:00,2026-06-09T23:11:54.659656+00:00,4267.28,200,ok,api-1,
benchmark-api4-5000-c1000-005,005-REQ-002339,2339,registro de prueba,2026-06-09T23:11:50.395528+00:00,2026-06-09T23:11:54.635429+00:00,4239.87,200,ok,api-2,
benchmark-api4-5000-c1000-005,005-REQ-002340,2340,registro de prueba,2026-06-09T23:11:50.402583+00:00,2026-06-09T23:11:54.596040+00:00,4193.42,200,ok,api-4,
benchmark-api4-5000-c1000-005,005-REQ-002341,2341,registro de prueba,2026-06-09T23:11:50.404641+00:00,2026-06-09T23:11:50.735367+00:00,330.7,200,ok,api-2,
benchmark-api4-5000-c1000-005,005-REQ-002342,2342,registro de prueba,2026-06-09T23:11:50.405682+00:00,2026-06-09T23:11:54.656665+00:00,4250.94,200,ok,api-1,
benchmark-api4-5000-c1000-005,005-REQ-002343,2343,registro de prueba,2026-06-09T23:11:50.406069+00:00,2026-06-09T23:11:54.723935+00:00,4317.85,200,ok,api-2,
benchmark-api4-5000-c1000-005,005-REQ-002344,2344,registro de prueba,2026-06-09T23:11:50.407611+00:00,2026-06-09T23:11:54.668721+00:00,4261.08,200,ok,api-3,
benchmark-api4-5000-c1000-005,005-REQ-002345,2345,registro de prueba,2026-06-09T23:11:50.409133+00:00,2026-06-09T23:11:54.693221+00:00,4284.07,200,ok,api-4,
benchmark-api4-5000-c1000-005,005-REQ-002346,2346,registro de prueba,2026-06-09T23:11:50.412107+00:00,2026-06-09T23:11:54.612015+00:00,4199.88,200,ok,api-1,
benchmark-api4-5000-c1000-005,005-REQ-002347,2347,registro de prueba,2026-06-09T23:11:50.423185+00:00,2026-06-09T23:11:54.578098+00:00,4154.82,200,ok,api-2,
benchmark-api4-5000-c1000-005,005-REQ-002348,2348,registro de prueba,2026-06-09T23:11:50.425208+00:00,2026-06-09T23:11:54.609220+00:00,4183.98,200,ok,api-4,
benchmark-api4-5000-c1000-005,005-REQ-002349,2349,registro de prueba,2026-06-09T23:11:50.426270+00:00,2026-06-09T23:11:50.768518+00:00,342.23,200,ok,api-1,
benchmark-api4-5000-c1000-005,005-REQ-002350,2350,registro de prueba,2026-06-09T23:11:50.426742+00:00,2026-06-09T23:11:54.658071+00:00,4231.31,200,ok,api-1,
benchmark-api4-5000-c1000-005,005-REQ-002351,2351,registro de prueba,2026-06-09T23:11:50.428693+00:00,2026-06-09T23:11:54.602801+00:00,4174.09,200,ok,api-4,
benchmark-api4-5000-c1000-005,005-REQ-002352,2352,registro de prueba,2026-06-09T23:11:50.435335+00:00,2026-06-09T23:11:54.694979+00:00,4259.62,200,ok,api-1,
benchmark-api4-5000-c1000-005,005-REQ-002353,2353,registro de prueba,2026-06-09T23:11:50.441571+00:00,2026-06-09T23:11:54.716030+00:00,4274.43,200,ok,api-2,
benchmark-api4-5000-c1000-005,005-REQ-002354,2354,registro de prueba,2026-06-09T23:11:50.449938+00:00,2026-06-09T23:11:54.602570+00:00,4152.6,200,ok,api-4,
benchmark-api4-5000-c1000-005,005-REQ-002355,2355,registro de prueba,2026-06-09T23:11:50.451817+00:00,2026-06-09T23:11:54.706516+00:00,4254.67,200,ok,api-3,
benchmark-api4-5000-c1000-005,005-REQ-002356,2356,registro de prueba,2026-06-09T23:11:50.453766+00:00,2026-06-09T23:11:54.707721+00:00,4253.9,200,ok,api-1,
benchmark-api4-5000-c1000-005,005-REQ-002357,2357,registro de prueba,2026-06-09T23:11:50.455672+00:00,2026-06-09T23:11:54.703150+00:00,4247.43,200,ok,api-3,
benchmark-api4-5000-c1000-005,005-REQ-002358,2358,registro de prueba,2026-06-09T23:11:50.457603+00:00,2026-06-09T23:11:54.621768+00:00,4164.13,200,ok,api-2,
benchmark-api4-5000-c1000-005,005-REQ-002359,2359,registro de prueba,2026-06-09T23:11:50.461729+00:00,2026-06-09T23:11:54.669784+00:00,4208.03,200,ok,api-1,
benchmark-api4-5000-c1000-005,005-REQ-002360,2360,registro de prueba,2026-06-09T23:11:50.467569+00:00,2026-06-09T23:11:54.664618+00:00,4197.02,200,ok,api-2,
benchmark-api4-5000-c1000-005,005-REQ-002361,2361,registro de prueba,2026-06-09T23:11:50.470349+00:00,2026-06-09T23:11:50.760235+00:00,289.86,200,ok,api-2,
benchmark-api4-5000-c1000-005,005-REQ-002362,2362,registro de prueba,2026-06-09T23:11:50.471214+00:00,2026-06-09T23:11:54.692077+00:00,4220.84,200,ok,api-3,
benchmark-api4-5000-c1000-005,005-REQ-002363,2363,registro de prueba,2026-06-09T23:11:50.471494+00:00,2026-06-09T23:11:54.702901+00:00,4231.39,200,ok,api-1,
benchmark-api4-5000-c1000-005,005-REQ-002364,2364,registro de prueba,2026-06-09T23:11:50.473531+00:00,2026-06-09T23:11:54.715812+00:00,4242.25,200,ok,api-4,
benchmark-api4-5000-c1000-005,005-REQ-002365,2365,registro de prueba,2026-06-09T23:11:50.480096+00:00,2026-06-09T23:11:54.590531+00:00,4110.4,200,ok,api-2,
benchmark-api4-5000-c1000-005,005-REQ-002366,2366,registro de prueba,2026-06-09T23:11:50.483986+00:00,2026-06-09T23:11:54.747536+00:00,4263.53,200,ok,api-3,
benchmark-api4-5000-c1000-005,005-REQ-002367,2367,registro de prueba,2026-06-09T23:11:50.485215+00:00,2026-06-09T23:11:50.744070+00:00,258.84,200,ok,api-4,
benchmark-api4-5000-c1000-005,005-REQ-002368,2368,registro de prueba,2026-06-09T23:11:50.485702+00:00,2026-06-09T23:11:54.733866+00:00,4248.14,200,ok,api-1,
benchmark-api4-5000-c1000-005,005-REQ-002369,2369,registro de prueba,2026-06-09T23:11:50.486655+00:00,2026-06-09T23:11:54.616964+00:00,4130.29,200,ok,api-4,
benchmark-api4-5000-c1000-005,005-REQ-002370,2370,registro de prueba,2026-06-09T23:11:50.504128+00:00,2026-06-09T23:11:50.854369+00:00,350.22,200,ok,api-4,
benchmark-api4-5000-c1000-005,005-REQ-002371,2371,registro de prueba,2026-06-09T23:11:50.504738+00:00,2026-06-09T23:11:54.667641+00:00,4162.88,200,ok,api-2,
benchmark-api4-5000-c1000-005,005-REQ-002372,2372,registro de prueba,2026-06-09T23:11:50.506950+00:00,2026-06-09T23:11:50.764342+00:00,257.37,200,ok,api-3,
benchmark-api4-5000-c1000-005,005-REQ-002373,2373,registro de prueba,2026-06-09T23:11:50.507730+00:00,2026-06-09T23:11:54.655358+00:00,4147.6,200,ok,api-3,
benchmark-api4-5000-c1000-005,005-REQ-002374,2374,registro de prueba,2026-06-09T23:11:50.510105+00:00,2026-06-09T23:11:54.631349+00:00,4121.22,200,ok,api-4,
benchmark-api4-5000-c1000-005,005-REQ-002375,2375,registro de prueba,2026-06-09T23:11:50.513949+00:00,2026-06-09T23:11:54.746197+00:00,4232.22,200,ok,api-1,
benchmark-api4-5000-c1000-005,005-REQ-002376,2376,registro de prueba,2026-06-09T23:11:50.515552+00:00,2026-06-09T23:11:54.630210+00:00,4114.63,200,ok,api-2,
benchmark-api4-5000-c1000-005,005-REQ-002377,2377,registro de prueba,2026-06-09T23:11:50.521134+00:00,2026-06-09T23:11:54.703035+00:00,4181.88,200,ok,api-3,
benchmark-api4-5000-c1000-005,005-REQ-002378,2378,registro de prueba,2026-06-09T23:11:50.522541+00:00,2026-06-09T23:11:54.720561+00:00,4197.99,200,ok,api-4,
benchmark-api4-5000-c1000-005,005-REQ-002379,2379,registro de prueba,2026-06-09T23:11:50.523878+00:00,2026-06-09T23:11:54.790203+00:00,4266.3,200,ok,api-1,
benchmark-api4-5000-c1000-005,005-REQ-002380,2380,registro de prueba,2026-06-09T23:11:50.526343+00:00,2026-06-09T23:11:54.659836+00:00,4133.47,200,ok,api-4,
benchmark-api4-5000-c1000-005,005-REQ-002381,2381,registro de prueba,2026-06-09T23:11:50.529562+00:00,2026-06-09T23:11:54.735187+00:00,4205.6,200,ok,api-2,
benchmark-api4-5000-c1000-005,005-REQ-002382,2382,registro de prueba,2026-06-09T23:11:50.530506+00:00,2026-06-09T23:11:54.742487+00:00,4211.95,200,ok,api-3,
benchmark-api4-5000-c1000-005,005-REQ-002383,2383,registro de prueba,2026-06-09T23:11:50.533723+00:00,2026-06-09T23:11:54.819539+00:00,4285.79,200,ok,api-1,
benchmark-api4-5000-c1000-005,005-REQ-002384,2384,registro de prueba,2026-06-09T23:11:50.536532+00:00,2026-06-09T23:11:54.737128+00:00,4200.58,200,ok,api-2,
benchmark-api4-5000-c1000-005,005-REQ-002385,2385,registro de prueba,2026-06-09T23:11:50.539785+00:00,2026-06-09T23:11:54.725332+00:00,4185.51,200,ok,api-3,
benchmark-api4-5000-c1000-005,005-REQ-002386,2386,registro de prueba,2026-06-09T23:11:50.547968+00:00,2026-06-09T23:11:54.785901+00:00,4237.9,200,ok,api-4,
benchmark-api4-5000-c1000-005,005-REQ-002387,2387,registro de prueba,2026-06-09T23:11:50.550697+00:00,2026-06-09T23:11:54.815917+00:00,4265.19,200,ok,api-1,
benchmark-api4-5000-c1000-005,005-REQ-002388,2388,registro de prueba,2026-06-09T23:11:50.552669+00:00,2026-06-09T23:11:54.782308+00:00,4229.6,200,ok,api-2,
benchmark-api4-5000-c1000-005,005-REQ-002389,2389,registro de prueba,2026-06-09T23:11:50.557148+00:00,2026-06-09T23:11:54.829845+00:00,4272.65,200,ok,api-3,
benchmark-api4-5000-c1000-005,005-REQ-002390,2390,registro de prueba,2026-06-09T23:11:50.558735+00:00,2026-06-09T23:11:54.760317+00:00,4201.54,200,ok,api-4,
benchmark-api4-5000-c1000-005,005-REQ-002391,2391,registro de prueba,2026-06-09T23:11:50.560001+00:00,2026-06-09T23:11:54.742756+00:00,4182.74,200,ok,api-2,
benchmark-api4-5000-c1000-005,005-REQ-002392,2392,registro de prueba,2026-06-09T23:11:50.561452+00:00,2026-06-09T23:11:54.768257+00:00,4206.77,200,ok,api-4,
benchmark-api4-5000-c1000-005,005-REQ-002393,2393,registro de prueba,2026-06-09T23:11:50.562273+00:00,2026-06-09T23:11:54.841224+00:00,4278.93,200,ok,api-3,
benchmark-api4-5000-c1000-005,005-REQ-002394,2394,registro de prueba,2026-06-09T23:11:50.566045+00:00,2026-06-09T23:11:54.988052+00:00,4421.98,200,ok,api-1,
benchmark-api4-5000-c1000-005,005-REQ-002395,2395,registro de prueba,2026-06-09T23:11:50.567247+00:00,2026-06-09T23:11:54.830075+00:00,4262.81,200,ok,api-2,
benchmark-api4-5000-c1000-005,005-REQ-002396,2396,registro de prueba,2026-06-09T23:11:50.585530+00:00,2026-06-09T23:11:54.789616+00:00,4204.04,200,ok,api-4,
benchmark-api4-5000-c1000-005,005-REQ-002397,2397,registro de prueba,2026-06-09T23:11:50.589107+00:00,2026-06-09T23:11:54.813636+00:00,4224.5,200,ok,api-3,
benchmark-api4-5000-c1000-005,005-REQ-002398,2398,registro de prueba,2026-06-09T23:11:50.590349+00:00,2026-06-09T23:11:54.804418+00:00,4214.01,200,ok,api-3,
benchmark-api4-5000-c1000-005,005-REQ-002399,2399,registro de prueba,2026-06-09T23:11:50.592746+00:00,2026-06-09T23:11:54.762878+00:00,4170.09,200,ok,api-2,
benchmark-api4-5000-c1000-005,005-REQ-002400,2400,registro de prueba,2026-06-09T23:11:50.595119+00:00,2026-06-09T23:11:54.966668+00:00,4371.53,200,ok,api-1,
benchmark-api4-5000-c1000-005,005-REQ-002401,2401,registro de prueba,2026-06-09T23:11:50.597754+00:00,2026-06-09T23:11:54.836216+00:00,4238.43,200,ok,api-2,
benchmark-api4-5000-c1000-005,005-REQ-002402,2402,registro de prueba,2026-06-09T23:11:50.602729+00:00,2026-06-09T23:11:54.990316+00:00,4387.56,200,ok,api-1,
benchmark-api4-5000-c1000-005,005-REQ-002403,2403,registro de prueba,2026-06-09T23:11:50.604389+00:00,2026-06-09T23:11:54.801002+00:00,4196.58,200,ok,api-4,
benchmark-api4-5000-c1000-005,005-REQ-002404,2404,registro de prueba,2026-06-09T23:11:50.607056+00:00,2026-06-09T23:11:54.817644+00:00,4210.56,200,ok,api-4,
benchmark-api4-5000-c1000-005,005-REQ-002405,2405,registro de prueba,2026-06-09T23:11:50.609361+00:00,2026-06-09T23:11:54.803280+00:00,4193.74,200,ok,api-2,
benchmark-api4-5000-c1000-005,005-REQ-002406,2406,registro de prueba,2026-06-09T23:11:50.617311+00:00,2026-06-09T23:11:54.865546+00:00,4248.21,200,ok,api-1,
benchmark-api4-5000-c1000-005,005-REQ-002407,2407,registro de prueba,2026-06-09T23:11:50.620986+00:00,2026-06-09T23:11:54.916891+00:00,4295.89,200,ok,api-3,
benchmark-api4-5000-c1000-005,005-REQ-002408,2408,registro de prueba,2026-06-09T23:11:50.622324+00:00,2026-06-09T23:11:54.883157+00:00,4260.8,200,ok,api-3,
benchmark-api4-5000-c1000-005,005-REQ-002409,2409,registro de prueba,2026-06-09T23:11:50.632398+00:00,2026-06-09T23:11:54.850432+00:00,4218.0,200,ok,api-2,
benchmark-api4-5000-c1000-005,005-REQ-002410,2410,registro de prueba,2026-06-09T23:11:50.633269+00:00,2026-06-09T23:11:54.878416+00:00,4245.13,200,ok,api-4,
benchmark-api4-5000-c1000-005,005-REQ-002411,2411,registro de prueba,2026-06-09T23:11:50.634196+00:00,2026-06-09T23:11:54.932259+00:00,4298.05,200,ok,api-1,
benchmark-api4-5000-c1000-005,005-REQ-002412,2412,registro de prueba,2026-06-09T23:11:50.643268+00:00,2026-06-09T23:11:54.853681+00:00,4210.38,200,ok,api-2,
benchmark-api4-5000-c1000-005,005-REQ-002413,2413,registro de prueba,2026-06-09T23:11:50.644640+00:00,2026-06-09T23:11:54.916411+00:00,4271.74,200,ok,api-3,
benchmark-api4-5000-c1000-005,005-REQ-002414,2414,registro de prueba,2026-06-09T23:11:50.645986+00:00,2026-06-09T23:11:54.997656+00:00,4351.64,200,ok,api-1,
benchmark-api4-5000-c1000-005,005-REQ-002415,2415,registro de prueba,2026-06-09T23:11:50.649045+00:00,2026-06-09T23:11:54.868032+00:00,4218.95,200,ok,api-2,
benchmark-api4-5000-c1000-005,005-REQ-002416,2416,registro de prueba,2026-06-09T23:11:50.653272+00:00,2026-06-09T23:11:54.980876+00:00,4327.58,200,ok,api-3,
benchmark-api4-5000-c1000-005,005-REQ-002417,2417,registro de prueba,2026-06-09T23:11:50.655415+00:00,2026-06-09T23:11:54.905469+00:00,4250.02,200,ok,api-4,
benchmark-api4-5000-c1000-005,005-REQ-002418,2418,registro de prueba,2026-06-09T23:11:50.661649+00:00,2026-06-09T23:11:54.990624+00:00,4328.95,200,ok,api-1,
benchmark-api4-5000-c1000-005,005-REQ-002419,2419,registro de prueba,2026-06-09T23:11:50.667159+00:00,2026-06-09T23:11:54.980562+00:00,4313.37,200,ok,api-1,
benchmark-api4-5000-c1000-005,005-REQ-002420,2420,registro de prueba,2026-06-09T23:11:50.668194+00:00,2026-06-09T23:11:54.919916+00:00,4251.7,200,ok,api-2,
benchmark-api4-5000-c1000-005,005-REQ-002421,2421,registro de prueba,2026-06-09T23:11:50.676947+00:00,2026-06-09T23:11:51.142562+00:00,465.61,200,ok,api-4,
benchmark-api4-5000-c1000-005,005-REQ-002422,2422,registro de prueba,2026-06-09T23:11:50.677444+00:00,2026-06-09T23:11:54.993101+00:00,4315.65,200,ok,api-2,
benchmark-api4-5000-c1000-005,005-REQ-002423,2423,registro de prueba,2026-06-09T23:11:50.677614+00:00,2026-06-09T23:11:54.950939+00:00,4273.32,200,ok,api-4,
benchmark-api4-5000-c1000-005,005-REQ-002424,2424,registro de prueba,2026-06-09T23:11:50.678218+00:00,2026-06-09T23:11:54.917021+00:00,4238.79,200,ok,api-4,
benchmark-api4-5000-c1000-005,005-REQ-002425,2425,registro de prueba,2026-06-09T23:11:50.678853+00:00,2026-06-09T23:11:54.930218+00:00,4251.35,200,ok,api-1,
benchmark-api4-5000-c1000-005,005-REQ-002426,2426,registro de prueba,2026-06-09T23:11:50.685847+00:00,2026-06-09T23:11:54.930484+00:00,4244.62,200,ok,api-2,
benchmark-api4-5000-c1000-005,005-REQ-002427,2427,registro de prueba,2026-06-09T23:11:50.687070+00:00,2026-06-09T23:11:54.951057+00:00,4263.97,200,ok,api-2,
benchmark-api4-5000-c1000-005,005-REQ-002428,2428,registro de prueba,2026-06-09T23:11:50.689940+00:00,2026-06-09T23:11:54.951172+00:00,4261.2,200,ok,api-1,
benchmark-api4-5000-c1000-005,005-REQ-002429,2429,registro de prueba,2026-06-09T23:11:50.695689+00:00,2026-06-09T23:11:55.003075+00:00,4307.36,200,ok,api-3,
benchmark-api4-5000-c1000-005,005-REQ-002430,2430,registro de prueba,2026-06-09T23:11:50.697770+00:00,2026-06-09T23:11:54.954884+00:00,4257.09,200,ok,api-4,
benchmark-api4-5000-c1000-005,005-REQ-002431,2431,registro de prueba,2026-06-09T23:11:50.700737+00:00,2026-06-09T23:11:55.039837+00:00,4339.08,200,ok,api-1,
benchmark-api4-5000-c1000-005,005-REQ-002432,2432,registro de prueba,2026-06-09T23:11:50.703352+00:00,2026-06-09T23:11:51.137404+00:00,434.03,200,ok,api-4,
benchmark-api4-5000-c1000-005,005-REQ-002433,2433,registro de prueba,2026-06-09T23:11:50.703772+00:00,2026-06-09T23:11:54.954787+00:00,4251.0,200,ok,api-2,
benchmark-api4-5000-c1000-005,005-REQ-002434,2434,registro de prueba,2026-06-09T23:11:50.704393+00:00,2026-06-09T23:11:54.965425+00:00,4261.02,200,ok,api-4,
benchmark-api4-5000-c1000-005,005-REQ-002435,2435,registro de prueba,2026-06-09T23:11:50.706984+00:00,2026-06-09T23:11:55.047877+00:00,4340.87,200,ok,api-3,
benchmark-api4-5000-c1000-005,005-REQ-002436,2436,registro de prueba,2026-06-09T23:11:50.707823+00:00,2026-06-09T23:11:55.010404+00:00,4302.57,200,ok,api-1,
benchmark-api4-5000-c1000-005,005-REQ-002437,2437,registro de prueba,2026-06-09T23:11:50.708579+00:00,2026-06-09T23:11:51.150077+00:00,441.49,200,ok,api-1,
benchmark-api4-5000-c1000-005,005-REQ-002438,2438,registro de prueba,2026-06-09T23:11:50.708911+00:00,2026-06-09T23:11:54.957284+00:00,4248.35,200,ok,api-3,
benchmark-api4-5000-c1000-005,005-REQ-002439,2439,registro de prueba,2026-06-09T23:11:50.711567+00:00,2026-06-09T23:11:54.919738+00:00,4208.15,200,ok,api-4,
benchmark-api4-5000-c1000-005,005-REQ-002440,2440,registro de prueba,2026-06-09T23:11:50.717850+00:00,2026-06-09T23:11:55.008110+00:00,4290.23,200,ok,api-1,
benchmark-api4-5000-c1000-005,005-REQ-002441,2441,registro de prueba,2026-06-09T23:11:50.725488+00:00,2026-06-09T23:11:51.149475+00:00,423.95,200,ok,api-1,
benchmark-api4-5000-c1000-005,005-REQ-002442,2442,registro de prueba,2026-06-09T23:11:50.726202+00:00,2026-06-09T23:11:54.916742+00:00,4190.51,200,ok,api-4,
benchmark-api4-5000-c1000-005,005-REQ-002443,2443,registro de prueba,2026-06-09T23:11:50.727340+00:00,2026-06-09T23:11:54.962334+00:00,4234.97,200,ok,api-2,
benchmark-api4-5000-c1000-005,005-REQ-002444,2444,registro de prueba,2026-06-09T23:11:50.728893+00:00,2026-06-09T23:11:55.051981+00:00,4323.06,200,ok,api-3,
benchmark-api4-5000-c1000-005,005-REQ-002445,2445,registro de prueba,2026-06-09T23:11:50.730482+00:00,2026-06-09T23:11:51.149685+00:00,419.18,200,ok,api-2,
benchmark-api4-5000-c1000-005,005-REQ-002446,2446,registro de prueba,2026-06-09T23:11:50.731125+00:00,2026-06-09T23:11:54.990088+00:00,4258.93,200,ok,api-1,
benchmark-api4-5000-c1000-005,005-REQ-002447,2447,registro de prueba,2026-06-09T23:11:50.733537+00:00,2026-06-09T23:11:51.079878+00:00,346.32,200,ok,api-3,
benchmark-api4-5000-c1000-005,005-REQ-002448,2448,registro de prueba,2026-06-09T23:11:50.734106+00:00,2026-06-09T23:11:55.032375+00:00,4298.24,200,ok,api-2,
benchmark-api4-5000-c1000-005,005-REQ-002449,2449,registro de prueba,2026-06-09T23:11:50.735957+00:00,2026-06-09T23:11:55.142594+00:00,4406.61,200,ok,api-3,
benchmark-api4-5000-c1000-005,005-REQ-002450,2450,registro de prueba,2026-06-09T23:11:50.737086+00:00,2026-06-09T23:11:55.044663+00:00,4307.55,200,ok,api-1,
benchmark-api4-5000-c1000-005,005-REQ-002451,2451,registro de prueba,2026-06-09T23:11:50.740902+00:00,2026-06-09T23:11:55.044901+00:00,4303.96,200,ok,api-3,
benchmark-api4-5000-c1000-005,005-REQ-002452,2452,registro de prueba,2026-06-09T23:11:50.742731+00:00,2026-06-09T23:11:54.954387+00:00,4211.63,200,ok,api-4,
benchmark-api4-5000-c1000-005,005-REQ-002453,2453,registro de prueba,2026-06-09T23:11:50.744518+00:00,2026-06-09T23:11:55.015904+00:00,4271.36,200,ok,api-2,
benchmark-api4-5000-c1000-005,005-REQ-002454,2454,registro de prueba,2026-06-09T23:11:50.751521+00:00,2026-06-09T23:11:55.010629+00:00,4259.09,200,ok,api-1,
benchmark-api4-5000-c1000-005,005-REQ-002455,2455,registro de prueba,2026-06-09T23:11:50.752657+00:00,2026-06-09T23:11:54.950853+00:00,4198.18,200,ok,api-2,
benchmark-api4-5000-c1000-005,005-REQ-002456,2456,registro de prueba,2026-06-09T23:11:50.760887+00:00,2026-06-09T23:11:55.124038+00:00,4363.13,200,ok,api-3,
benchmark-api4-5000-c1000-005,005-REQ-002457,2457,registro de prueba,2026-06-09T23:11:50.762148+00:00,2026-06-09T23:11:54.983016+00:00,4220.85,200,ok,api-4,
benchmark-api4-5000-c1000-005,005-REQ-002458,2458,registro de prueba,2026-06-09T23:11:50.764901+00:00,2026-06-09T23:11:55.010823+00:00,4245.9,200,ok,api-1,
benchmark-api4-5000-c1000-005,005-REQ-002459,2459,registro de prueba,2026-06-09T23:11:50.767814+00:00,2026-06-09T23:11:55.112289+00:00,4344.44,200,ok,api-3,
benchmark-api4-5000-c1000-005,005-REQ-002460,2460,registro de prueba,2026-06-09T23:11:50.769106+00:00,2026-06-09T23:11:51.120667+00:00,351.54,200,ok,api-2,
benchmark-api4-5000-c1000-005,005-REQ-002461,2461,registro de prueba,2026-06-09T23:11:50.770109+00:00,2026-06-09T23:11:55.032641+00:00,4262.51,200,ok,api-3,
benchmark-api4-5000-c1000-005,005-REQ-002462,2462,registro de prueba,2026-06-09T23:11:50.770373+00:00,2026-06-09T23:11:55.037123+00:00,4266.74,200,ok,api-1,
benchmark-api4-5000-c1000-005,005-REQ-002463,2463,registro de prueba,2026-06-09T23:11:50.776970+00:00,2026-06-09T23:11:55.042026+00:00,4265.03,200,ok,api-1,
benchmark-api4-5000-c1000-005,005-REQ-002464,2464,registro de prueba,2026-06-09T23:11:50.783150+00:00,2026-06-09T23:11:54.950656+00:00,4167.47,200,ok,api-4,
benchmark-api4-5000-c1000-005,005-REQ-002465,2465,registro de prueba,2026-06-09T23:11:50.784496+00:00,2026-06-09T23:11:55.027567+00:00,4243.02,200,ok,api-2,
benchmark-api4-5000-c1000-005,005-REQ-002466,2466,registro de prueba,2026-06-09T23:11:50.785761+00:00,2026-06-09T23:11:55.104852+00:00,4319.06,200,ok,api-3,
benchmark-api4-5000-c1000-005,005-REQ-002467,2467,registro de prueba,2026-06-09T23:11:50.786531+00:00,2026-06-09T23:11:55.041750+00:00,4255.2,200,ok,api-1,
benchmark-api4-5000-c1000-005,005-REQ-002468,2468,registro de prueba,2026-06-09T23:11:50.787508+00:00,2026-06-09T23:11:54.963759+00:00,4176.23,200,ok,api-2,
benchmark-api4-5000-c1000-005,005-REQ-002469,2469,registro de prueba,2026-06-09T23:11:50.792945+00:00,2026-06-09T23:11:51.084285+00:00,291.32,200,ok,api-2,
benchmark-api4-5000-c1000-005,005-REQ-002470,2470,registro de prueba,2026-06-09T23:11:50.793661+00:00,2026-06-09T23:11:55.175719+00:00,4382.04,200,ok,api-3,
benchmark-api4-5000-c1000-005,005-REQ-002471,2471,registro de prueba,2026-06-09T23:11:50.804093+00:00,2026-06-09T23:11:55.086210+00:00,4282.09,200,ok,api-4,
benchmark-api4-5000-c1000-005,005-REQ-002472,2472,registro de prueba,2026-06-09T23:11:50.805825+00:00,2026-06-09T23:11:51.032808+00:00,226.96,200,ok,api-1,
benchmark-api4-5000-c1000-005,005-REQ-002473,2473,registro de prueba,2026-06-09T23:11:50.806607+00:00,2026-06-09T23:11:55.024568+00:00,4217.93,200,ok,api-1,
benchmark-api4-5000-c1000-005,005-REQ-002474,2474,registro de prueba,2026-06-09T23:11:50.811435+00:00,2026-06-09T23:11:51.190841+00:00,379.38,200,ok,api-4,
benchmark-api4-5000-c1000-005,005-REQ-002475,2475,registro de prueba,2026-06-09T23:11:50.812010+00:00,2026-06-09T23:11:55.006450+00:00,4194.41,200,ok,api-2,
benchmark-api4-5000-c1000-005,005-REQ-002476,2476,registro de prueba,2026-06-09T23:11:50.812816+00:00,2026-06-09T23:11:55.128654+00:00,4315.81,200,ok,api-2,
benchmark-api4-5000-c1000-005,005-REQ-002477,2477,registro de prueba,2026-06-09T23:11:50.814037+00:00,2026-06-09T23:11:51.054205+00:00,240.15,200,ok,api-2,
benchmark-api4-5000-c1000-005,005-REQ-002478,2478,registro de prueba,2026-06-09T23:11:50.814496+00:00,2026-06-09T23:11:55.094248+00:00,4279.73,200,ok,api-3,
benchmark-api4-5000-c1000-005,005-REQ-002479,2479,registro de prueba,2026-06-09T23:11:50.821458+00:00,2026-06-09T23:11:55.013317+00:00,4191.83,200,ok,api-4,
benchmark-api4-5000-c1000-005,005-REQ-002480,2480,registro de prueba,2026-06-09T23:11:50.824800+00:00,2026-06-09T23:11:55.171748+00:00,4346.91,200,ok,api-3,
benchmark-api4-5000-c1000-005,005-REQ-002481,2481,registro de prueba,2026-06-09T23:11:50.825954+00:00,2026-06-09T23:11:55.025979+00:00,4200.0,200,ok,api-4,
benchmark-api4-5000-c1000-005,005-REQ-002482,2482,registro de prueba,2026-06-09T23:11:50.827545+00:00,2026-06-09T23:11:55.036862+00:00,4209.28,200,ok,api-1,
benchmark-api4-5000-c1000-005,005-REQ-002483,2483,registro de prueba,2026-06-09T23:11:50.828890+00:00,2026-06-09T23:11:55.066811+00:00,4237.88,200,ok,api-2,
benchmark-api4-5000-c1000-005,005-REQ-002484,2484,registro de prueba,2026-06-09T23:11:50.830193+00:00,2026-06-09T23:11:51.136114+00:00,305.9,200,ok,api-4,
benchmark-api4-5000-c1000-005,005-REQ-002485,2485,registro de prueba,2026-06-09T23:11:50.830976+00:00,2026-06-09T23:11:55.181527+00:00,4350.53,200,ok,api-3,
benchmark-api4-5000-c1000-005,005-REQ-002486,2486,registro de prueba,2026-06-09T23:11:50.831233+00:00,2026-06-09T23:11:55.142412+00:00,4311.17,200,ok,api-1,
benchmark-api4-5000-c1000-005,005-REQ-002487,2487,registro de prueba,2026-06-09T23:11:50.832290+00:00,2026-06-09T23:11:55.109898+00:00,4277.59,200,ok,api-2,
benchmark-api4-5000-c1000-005,005-REQ-002488,2488,registro de prueba,2026-06-09T23:11:50.833053+00:00,2026-06-09T23:11:55.175330+00:00,4342.26,200,ok,api-3,
benchmark-api4-5000-c1000-005,005-REQ-002489,2489,registro de prueba,2026-06-09T23:11:50.842300+00:00,2026-06-09T23:11:55.071006+00:00,4228.67,200,ok,api-4,
benchmark-api4-5000-c1000-005,005-REQ-002490,2490,registro de prueba,2026-06-09T23:11:50.844931+00:00,2026-06-09T23:11:55.122015+00:00,4277.05,200,ok,api-1,
benchmark-api4-5000-c1000-005,005-REQ-002491,2491,registro de prueba,2026-06-09T23:11:50.851979+00:00,2026-06-09T23:11:51.156508+00:00,304.51,200,ok,api-4,
benchmark-api4-5000-c1000-005,005-REQ-002492,2492,registro de prueba,2026-06-09T23:11:50.852616+00:00,2026-06-09T23:11:55.141224+00:00,4288.58,200,ok,api-2,
benchmark-api4-5000-c1000-005,005-REQ-002493,2493,registro de prueba,2026-06-09T23:11:50.853728+00:00,2026-06-09T23:11:55.151810+00:00,4298.05,200,ok,api-4,
benchmark-api4-5000-c1000-005,005-REQ-002494,2494,registro de prueba,2026-06-09T23:11:50.854944+00:00,2026-06-09T23:11:55.117214+00:00,4262.24,200,ok,api-1,
benchmark-api4-5000-c1000-005,005-REQ-002495,2495,registro de prueba,2026-06-09T23:11:50.856184+00:00,2026-06-09T23:11:55.145117+00:00,4288.91,200,ok,api-3,
benchmark-api4-5000-c1000-005,005-REQ-002496,2496,registro de prueba,2026-06-09T23:11:50.863373+00:00,2026-06-09T23:11:51.191273+00:00,327.88,200,ok,api-2,
benchmark-api4-5000-c1000-005,005-REQ-002497,2497,registro de prueba,2026-06-09T23:11:50.863818+00:00,2026-06-09T23:11:55.092663+00:00,4228.82,200,ok,api-4,
benchmark-api4-5000-c1000-005,005-REQ-002498,2498,registro de prueba,2026-06-09T23:11:50.864382+00:00,2026-06-09T23:11:55.099595+00:00,4235.2,200,ok,api-1,
benchmark-api4-5000-c1000-005,005-REQ-002499,2499,registro de prueba,2026-06-09T23:11:50.864960+00:00,2026-06-09T23:11:55.144072+00:00,4279.1,200,ok,api-2,
benchmark-api4-5000-c1000-005,005-REQ-002500,2500,registro de prueba,2026-06-09T23:11:50.868171+00:00,2026-06-09T23:11:55.215466+00:00,4347.26,200,ok,api-3,
benchmark-api4-5000-c1000-005,005-REQ-002501,2501,registro de prueba,2026-06-09T23:11:50.869145+00:00,2026-06-09T23:11:55.156141+00:00,4286.97,200,ok,api-1,
benchmark-api4-5000-c1000-005,005-REQ-002502,2502,registro de prueba,2026-06-09T23:11:50.882296+00:00,2026-06-09T23:11:55.112531+00:00,4230.21,200,ok,api-4,
benchmark-api4-5000-c1000-005,005-REQ-002503,2503,registro de prueba,2026-06-09T23:11:50.883540+00:00,2026-06-09T23:11:55.138784+00:00,4255.22,200,ok,api-2,
benchmark-api4-5000-c1000-005,005-REQ-002504,2504,registro de prueba,2026-06-09T23:11:50.895143+00:00,2026-06-09T23:11:55.251728+00:00,4356.56,200,ok,api-3,
benchmark-api4-5000-c1000-005,005-REQ-002505,2505,registro de prueba,2026-06-09T23:11:50.903657+00:00,2026-06-09T23:11:55.138427+00:00,4234.75,200,ok,api-4,
benchmark-api4-5000-c1000-005,005-REQ-002506,2506,registro de prueba,2026-06-09T23:11:50.904697+00:00,2026-06-09T23:11:55.175063+00:00,4270.34,200,ok,api-1,
benchmark-api4-5000-c1000-005,005-REQ-002507,2507,registro de prueba,2026-06-09T23:11:50.911574+00:00,2026-06-09T23:11:55.190004+00:00,4278.41,200,ok,api-2,
benchmark-api4-5000-c1000-005,005-REQ-002508,2508,registro de prueba,2026-06-09T23:11:50.912698+00:00,2026-06-09T23:11:55.216655+00:00,4303.94,200,ok,api-3,
benchmark-api4-5000-c1000-005,005-REQ-002509,2509,registro de prueba,2026-06-09T23:11:50.913536+00:00,2026-06-09T23:11:55.209082+00:00,4295.53,200,ok,api-3,
benchmark-api4-5000-c1000-005,005-REQ-002510,2510,registro de prueba,2026-06-09T23:11:50.918171+00:00,2026-06-09T23:11:55.180159+00:00,4261.96,200,ok,api-4,
benchmark-api4-5000-c1000-005,005-REQ-002511,2511,registro de prueba,2026-06-09T23:11:50.925884+00:00,2026-06-09T23:11:55.200851+00:00,4274.94,200,ok,api-1,
benchmark-api4-5000-c1000-005,005-REQ-002512,2512,registro de prueba,2026-06-09T23:11:50.928592+00:00,2026-06-09T23:11:55.203877+00:00,4275.26,200,ok,api-4,
benchmark-api4-5000-c1000-005,005-REQ-002513,2513,registro de prueba,2026-06-09T23:11:50.932354+00:00,2026-06-09T23:11:55.202436+00:00,4270.06,200,ok,api-3,
benchmark-api4-5000-c1000-005,005-REQ-002514,2514,registro de prueba,2026-06-09T23:11:50.936723+00:00,2026-06-09T23:11:55.244263+00:00,4307.52,200,ok,api-2,
benchmark-api4-5000-c1000-005,005-REQ-002515,2515,registro de prueba,2026-06-09T23:11:50.939302+00:00,2026-06-09T23:11:55.234200+00:00,4294.87,200,ok,api-1,
benchmark-api4-5000-c1000-005,005-REQ-002516,2516,registro de prueba,2026-06-09T23:11:50.945362+00:00,2026-06-09T23:11:55.189716+00:00,4244.32,200,ok,api-4,
benchmark-api4-5000-c1000-005,005-REQ-002517,2517,registro de prueba,2026-06-09T23:11:50.974816+00:00,2026-06-09T23:11:55.214041+00:00,4239.14,200,ok,api-1,
benchmark-api4-5000-c1000-005,005-REQ-002518,2518,registro de prueba,2026-06-09T23:11:50.976177+00:00,2026-06-09T23:11:55.378478+00:00,4402.28,200,ok,api-3,
benchmark-api4-5000-c1000-005,005-REQ-002519,2519,registro de prueba,2026-06-09T23:11:50.983636+00:00,2026-06-09T23:11:55.283687+00:00,4300.02,200,ok,api-1,
benchmark-api4-5000-c1000-005,005-REQ-002520,2520,registro de prueba,2026-06-09T23:11:50.985071+00:00,2026-06-09T23:11:55.282261+00:00,4297.16,200,ok,api-4,
benchmark-api4-5000-c1000-005,005-REQ-002521,2521,registro de prueba,2026-06-09T23:11:50.986092+00:00,2026-06-09T23:11:55.261909+00:00,4275.79,200,ok,api-3,
benchmark-api4-5000-c1000-005,005-REQ-002522,2522,registro de prueba,2026-06-09T23:11:50.987002+00:00,2026-06-09T23:11:55.276595+00:00,4289.58,200,ok,api-2,
benchmark-api4-5000-c1000-005,005-REQ-002523,2523,registro de prueba,2026-06-09T23:11:50.987976+00:00,2026-06-09T23:11:55.284764+00:00,4296.77,200,ok,api-3,
benchmark-api4-5000-c1000-005,005-REQ-002524,2524,registro de prueba,2026-06-09T23:11:50.989383+00:00,2026-06-09T23:11:51.234651+00:00,245.25,200,ok,api-4,
benchmark-api4-5000-c1000-005,005-REQ-002525,2525,registro de prueba,2026-06-09T23:11:50.989965+00:00,2026-06-09T23:11:55.305640+00:00,4315.65,200,ok,api-1,
benchmark-api4-5000-c1000-005,005-REQ-002526,2526,registro de prueba,2026-06-09T23:11:50.993328+00:00,2026-06-09T23:11:55.237103+00:00,4243.75,200,ok,api-4,
benchmark-api4-5000-c1000-005,005-REQ-002527,2527,registro de prueba,2026-06-09T23:11:50.994372+00:00,2026-06-09T23:11:55.299626+00:00,4305.23,200,ok,api-1,
benchmark-api4-5000-c1000-005,005-REQ-002528,2528,registro de prueba,2026-06-09T23:11:51.002880+00:00,2026-06-09T23:11:55.372222+00:00,4369.33,200,ok,api-4,
benchmark-api4-5000-c1000-005,005-REQ-002529,2529,registro de prueba,2026-06-09T23:11:51.013082+00:00,2026-06-09T23:11:55.226278+00:00,4213.17,200,ok,api-2,
benchmark-api4-5000-c1000-005,005-REQ-002530,2530,registro de prueba,2026-06-09T23:11:51.015193+00:00,2026-06-09T23:11:55.275295+00:00,4260.08,200,ok,api-3,
benchmark-api4-5000-c1000-005,005-REQ-002531,2531,registro de prueba,2026-06-09T23:11:51.017251+00:00,2026-06-09T23:11:51.274993+00:00,257.72,200,ok,api-4,
benchmark-api4-5000-c1000-005,005-REQ-002532,2532,registro de prueba,2026-06-09T23:11:51.017848+00:00,2026-06-09T23:11:55.273100+00:00,4255.23,200,ok,api-4,
benchmark-api4-5000-c1000-005,005-REQ-002533,2533,registro de prueba,2026-06-09T23:11:51.019482+00:00,2026-06-09T23:11:55.341149+00:00,4321.64,200,ok,api-3,
benchmark-api4-5000-c1000-005,005-REQ-002534,2534,registro de prueba,2026-06-09T23:11:51.023793+00:00,2026-06-09T23:11:55.266171+00:00,4242.35,200,ok,api-2,
benchmark-api4-5000-c1000-005,005-REQ-002535,2535,registro de prueba,2026-06-09T23:11:51.029668+00:00,2026-06-09T23:11:55.370892+00:00,4341.2,200,ok,api-4,
benchmark-api4-5000-c1000-005,005-REQ-002536,2536,registro de prueba,2026-06-09T23:11:51.033227+00:00,2026-06-09T23:11:55.313346+00:00,4280.1,200,ok,api-4,
benchmark-api4-5000-c1000-005,005-REQ-002537,2537,registro de prueba,2026-06-09T23:11:51.046616+00:00,2026-06-09T23:11:55.308441+00:00,4261.81,200,ok,api-1,
benchmark-api4-5000-c1000-005,005-REQ-002538,2538,registro de prueba,2026-06-09T23:11:51.048650+00:00,2026-06-09T23:11:55.267538+00:00,4218.87,200,ok,api-2,
benchmark-api4-5000-c1000-005,005-REQ-002539,2539,registro de prueba,2026-06-09T23:11:51.056249+00:00,2026-06-09T23:11:55.369589+00:00,4313.31,200,ok,api-1,
benchmark-api4-5000-c1000-005,005-REQ-002540,2540,registro de prueba,2026-06-09T23:11:51.059746+00:00,2026-06-09T23:11:55.430765+00:00,4370.99,200,ok,api-3,
benchmark-api4-5000-c1000-005,005-REQ-002541,2541,registro de prueba,2026-06-09T23:11:51.063184+00:00,2026-06-09T23:11:55.332607+00:00,4269.39,200,ok,api-4,
benchmark-api4-5000-c1000-005,005-REQ-002542,2542,registro de prueba,2026-06-09T23:11:51.064120+00:00,2026-06-09T23:11:51.385867+00:00,321.73,200,ok,api-3,
benchmark-api4-5000-c1000-005,005-REQ-002543,2543,registro de prueba,2026-06-09T23:11:51.064518+00:00,2026-06-09T23:11:55.310851+00:00,4246.31,200,ok,api-4,
benchmark-api4-5000-c1000-005,005-REQ-002544,2544,registro de prueba,2026-06-09T23:11:51.075961+00:00,2026-06-09T23:11:55.481481+00:00,4405.5,200,ok,api-3,
benchmark-api4-5000-c1000-005,005-REQ-002545,2545,registro de prueba,2026-06-09T23:11:51.080694+00:00,2026-06-09T23:11:55.374234+00:00,4293.51,200,ok,api-2,
benchmark-api4-5000-c1000-005,005-REQ-002546,2546,registro de prueba,2026-06-09T23:11:51.082661+00:00,2026-06-09T23:11:55.378200+00:00,4295.51,200,ok,api-1,
benchmark-api4-5000-c1000-005,005-REQ-002547,2547,registro de prueba,2026-06-09T23:11:51.083559+00:00,2026-06-09T23:11:55.378604+00:00,4295.02,200,ok,api-2,
benchmark-api4-5000-c1000-005,005-REQ-002548,2548,registro de prueba,2026-06-09T23:11:51.085001+00:00,2026-06-09T23:11:55.382586+00:00,4297.56,200,ok,api-4,
benchmark-api4-5000-c1000-005,005-REQ-002549,2549,registro de prueba,2026-06-09T23:11:51.085876+00:00,2026-06-09T23:11:55.390549+00:00,4304.65,200,ok,api-1,
benchmark-api4-5000-c1000-005,005-REQ-002550,2550,registro de prueba,2026-06-09T23:11:51.087951+00:00,2026-06-09T23:11:55.385520+00:00,4297.54,200,ok,api-3,
benchmark-api4-5000-c1000-005,005-REQ-002551,2551,registro de prueba,2026-06-09T23:11:51.097520+00:00,2026-06-09T23:11:55.333615+00:00,4236.07,200,ok,api-4,
benchmark-api4-5000-c1000-005,005-REQ-002552,2552,registro de prueba,2026-06-09T23:11:51.098717+00:00,2026-06-09T23:11:55.362305+00:00,4263.56,200,ok,api-2,
benchmark-api4-5000-c1000-005,005-REQ-002553,2553,registro de prueba,2026-06-09T23:11:51.099549+00:00,2026-06-09T23:11:55.380764+00:00,4281.2,200,ok,api-4,
benchmark-api4-5000-c1000-005,005-REQ-002554,2554,registro de prueba,2026-06-09T23:11:51.104215+00:00,2026-06-09T23:11:55.492104+00:00,4387.86,200,ok,api-3,
benchmark-api4-5000-c1000-005,005-REQ-002555,2555,registro de prueba,2026-06-09T23:11:51.106661+00:00,2026-06-09T23:11:55.409742+00:00,4303.04,200,ok,api-1,
benchmark-api4-5000-c1000-005,005-REQ-002556,2556,registro de prueba,2026-06-09T23:11:51.119724+00:00,2026-06-09T23:11:55.293676+00:00,4173.92,200,ok,api-4,
benchmark-api4-5000-c1000-005,005-REQ-002557,2557,registro de prueba,2026-06-09T23:11:51.121099+00:00,2026-06-09T23:11:51.573785+00:00,452.66,200,ok,api-1,
benchmark-api4-5000-c1000-005,005-REQ-002558,2558,registro de prueba,2026-06-09T23:11:51.121893+00:00,2026-06-09T23:11:55.653278+00:00,4531.34,200,ok,api-3,
benchmark-api4-5000-c1000-005,005-REQ-002559,2559,registro de prueba,2026-06-09T23:11:51.125512+00:00,2026-06-09T23:11:51.502424+00:00,376.89,200,ok,api-3,
benchmark-api4-5000-c1000-005,005-REQ-002560,2560,registro de prueba,2026-06-09T23:11:51.126158+00:00,2026-06-09T23:11:55.415239+00:00,4289.06,200,ok,api-1,
benchmark-api4-5000-c1000-005,005-REQ-002561,2561,registro de prueba,2026-06-09T23:11:51.127043+00:00,2026-06-09T23:11:55.387067+00:00,4260.0,200,ok,api-2,
benchmark-api4-5000-c1000-005,005-REQ-002562,2562,registro de prueba,2026-06-09T23:11:51.128933+00:00,2026-06-09T23:11:51.552978+00:00,424.03,200,ok,api-4,
benchmark-api4-5000-c1000-005,005-REQ-002563,2563,registro de prueba,2026-06-09T23:11:51.129753+00:00,2026-06-09T23:11:51.555122+00:00,425.34,200,ok,api-3,
benchmark-api4-5000-c1000-005,005-REQ-002564,2564,registro de prueba,2026-06-09T23:11:51.130315+00:00,2026-06-09T23:11:51.512688+00:00,382.36,200,ok,api-2,
benchmark-api4-5000-c1000-005,005-REQ-002565,2565,registro de prueba,2026-06-09T23:11:51.130776+00:00,2026-06-09T23:11:55.411873+00:00,4281.07,200,ok,api-4,
benchmark-api4-5000-c1000-005,005-REQ-002566,2566,registro de prueba,2026-06-09T23:11:51.131006+00:00,2026-06-09T23:11:55.432473+00:00,4301.45,200,ok,api-1,
benchmark-api4-5000-c1000-005,005-REQ-002567,2567,registro de prueba,2026-06-09T23:11:51.131155+00:00,2026-06-09T23:11:55.426050+00:00,4294.88,200,ok,api-2,
benchmark-api4-5000-c1000-005,005-REQ-002568,2568,registro de prueba,2026-06-09T23:11:51.135084+00:00,2026-06-09T23:11:55.616248+00:00,4481.13,200,ok,api-3,
benchmark-api4-5000-c1000-005,005-REQ-002569,2569,registro de prueba,2026-06-09T23:11:51.136605+00:00,2026-06-09T23:11:55.432270+00:00,4295.64,200,ok,api-4,
benchmark-api4-5000-c1000-005,005-REQ-002570,2570,registro de prueba,2026-06-09T23:11:51.138571+00:00,2026-06-09T23:11:51.550658+00:00,412.07,200,ok,api-3,
benchmark-api4-5000-c1000-005,005-REQ-002571,2571,registro de prueba,2026-06-09T23:11:51.140235+00:00,2026-06-09T23:11:55.415465+00:00,4275.19,200,ok,api-1,
benchmark-api4-5000-c1000-005,005-REQ-002572,2572,registro de prueba,2026-06-09T23:11:51.140874+00:00,2026-06-09T23:11:55.412499+00:00,4271.59,200,ok,api-2,
benchmark-api4-5000-c1000-005,005-REQ-002573,2573,registro de prueba,2026-06-09T23:11:51.143010+00:00,2026-06-09T23:11:51.603303+00:00,460.28,200,ok,api-1,
benchmark-api4-5000-c1000-005,005-REQ-002574,2574,registro de prueba,2026-06-09T23:11:51.143831+00:00,2026-06-09T23:11:55.434172+00:00,4290.32,200,ok,api-1,
benchmark-api4-5000-c1000-005,005-REQ-002575,2575,registro de prueba,2026-06-09T23:11:51.144131+00:00,2026-06-09T23:11:55.449917+00:00,4305.76,200,ok,api-4,
benchmark-api4-5000-c1000-005,005-REQ-002576,2576,registro de prueba,2026-06-09T23:11:51.145726+00:00,2026-06-09T23:11:51.550229+00:00,404.47,200,ok,api-3,
benchmark-api4-5000-c1000-005,005-REQ-002577,2577,registro de prueba,2026-06-09T23:11:51.146418+00:00,2026-06-09T23:11:55.523777+00:00,4377.33,200,ok,api-2,
benchmark-api4-5000-c1000-005,005-REQ-002578,2578,registro de prueba,2026-06-09T23:11:51.147667+00:00,2026-06-09T23:11:51.425389+00:00,277.7,200,ok,api-2,
benchmark-api4-5000-c1000-005,005-REQ-002579,2579,registro de prueba,2026-06-09T23:11:51.148317+00:00,2026-06-09T23:11:55.644255+00:00,4495.92,200,ok,api-3,
benchmark-api4-5000-c1000-005,005-REQ-002580,2580,registro de prueba,2026-06-09T23:11:51.148572+00:00,2026-06-09T23:11:55.479879+00:00,4331.29,200,ok,api-1,
benchmark-api4-5000-c1000-005,005-REQ-002581,2581,registro de prueba,2026-06-09T23:11:51.150545+00:00,2026-06-09T23:11:51.572504+00:00,421.93,200,ok,api-1,
benchmark-api4-5000-c1000-005,005-REQ-002582,2582,registro de prueba,2026-06-09T23:11:51.151505+00:00,2026-06-09T23:11:51.501638+00:00,350.1,200,ok,api-1,
benchmark-api4-5000-c1000-005,005-REQ-002583,2583,registro de prueba,2026-06-09T23:11:51.152377+00:00,2026-06-09T23:11:51.515966+00:00,363.56,200,ok,api-2,
benchmark-api4-5000-c1000-005,005-REQ-002584,2584,registro de prueba,2026-06-09T23:11:51.152914+00:00,2026-06-09T23:11:55.483153+00:00,4330.21,200,ok,api-2,
benchmark-api4-5000-c1000-005,005-REQ-002585,2585,registro de prueba,2026-06-09T23:11:51.153196+00:00,2026-06-09T23:11:55.390784+00:00,4237.58,200,ok,api-4,
benchmark-api4-5000-c1000-005,005-REQ-002586,2586,registro de prueba,2026-06-09T23:11:51.153634+00:00,2026-06-09T23:11:55.508506+00:00,4354.85,200,ok,api-3,
benchmark-api4-5000-c1000-005,005-REQ-002587,2587,registro de prueba,2026-06-09T23:11:51.155298+00:00,2026-06-09T23:11:55.643913+00:00,4488.59,200,ok,api-3,
benchmark-api4-5000-c1000-005,005-REQ-002588,2588,registro de prueba,2026-06-09T23:11:51.158487+00:00,2026-06-09T23:11:51.553992+00:00,395.48,200,ok,api-1,
benchmark-api4-5000-c1000-005,005-REQ-002589,2589,registro de prueba,2026-06-09T23:11:51.160209+00:00,2026-06-09T23:11:55.452463+00:00,4292.19,200,ok,api-2,
benchmark-api4-5000-c1000-005,005-REQ-002590,2590,registro de prueba,2026-06-09T23:11:51.160698+00:00,2026-06-09T23:11:55.407131+00:00,4246.41,200,ok,api-4,
benchmark-api4-5000-c1000-005,005-REQ-002591,2591,registro de prueba,2026-06-09T23:11:51.163070+00:00,2026-06-09T23:11:51.578262+00:00,415.16,200,ok,api-4,
benchmark-api4-5000-c1000-005,005-REQ-002592,2592,registro de prueba,2026-06-09T23:11:51.164363+00:00,2026-06-09T23:11:51.440632+00:00,276.23,200,ok,api-2,
benchmark-api4-5000-c1000-005,005-REQ-002593,2593,registro de prueba,2026-06-09T23:11:51.165042+00:00,2026-06-09T23:11:55.484163+00:00,4319.09,200,ok,api-1,
benchmark-api4-5000-c1000-005,005-REQ-002594,2594,registro de prueba,2026-06-09T23:11:51.165391+00:00,2026-06-09T23:11:55.586541+00:00,4421.13,200,ok,api-2,
benchmark-api4-5000-c1000-005,005-REQ-002595,2595,registro de prueba,2026-06-09T23:11:51.166622+00:00,2026-06-09T23:11:55.539430+00:00,4372.76,200,ok,api-3,
benchmark-api4-5000-c1000-005,005-REQ-002596,2596,registro de prueba,2026-06-09T23:11:51.169939+00:00,2026-06-09T23:11:55.644031+00:00,4474.07,200,ok,api-4,
benchmark-api4-5000-c1000-005,005-REQ-002597,2597,registro de prueba,2026-06-09T23:11:51.171888+00:00,2026-06-09T23:11:55.558290+00:00,4386.37,200,ok,api-4,
benchmark-api4-5000-c1000-005,005-REQ-002598,2598,registro de prueba,2026-06-09T23:11:51.173897+00:00,2026-06-09T23:11:55.585564+00:00,4411.64,200,ok,api-2,
benchmark-api4-5000-c1000-005,005-REQ-002599,2599,registro de prueba,2026-06-09T23:11:51.175452+00:00,2026-06-09T23:11:55.641166+00:00,4465.69,200,ok,api-3,
benchmark-api4-5000-c1000-005,005-REQ-002600,2600,registro de prueba,2026-06-09T23:11:51.176964+00:00,2026-06-09T23:11:55.466857+00:00,4289.87,200,ok,api-1,
benchmark-api4-5000-c1000-005,005-REQ-002601,2601,registro de prueba,2026-06-09T23:11:51.184601+00:00,2026-06-09T23:11:51.463948+00:00,279.22,200,ok,api-2,
benchmark-api4-5000-c1000-005,005-REQ-002602,2602,registro de prueba,2026-06-09T23:11:51.185554+00:00,2026-06-09T23:11:55.537869+00:00,4352.28,200,ok,api-4,
benchmark-api4-5000-c1000-005,005-REQ-002603,2603,registro de prueba,2026-06-09T23:11:51.186529+00:00,2026-06-09T23:11:55.574349+00:00,4387.8,200,ok,api-1,
benchmark-api4-5000-c1000-005,005-REQ-002604,2604,registro de prueba,2026-06-09T23:11:51.189689+00:00,2026-06-09T23:11:55.583819+00:00,4394.11,200,ok,api-2,
benchmark-api4-5000-c1000-005,005-REQ-002605,2605,registro de prueba,2026-06-09T23:11:51.191846+00:00,2026-06-09T23:11:51.745772+00:00,553.91,200,ok,api-1,
benchmark-api4-5000-c1000-005,005-REQ-002606,2606,registro de prueba,2026-06-09T23:11:51.192707+00:00,2026-06-09T23:11:51.516825+00:00,324.09,200,ok,api-2,
benchmark-api4-5000-c1000-005,005-REQ-002607,2607,registro de prueba,2026-06-09T23:11:51.193184+00:00,2026-06-09T23:11:55.559511+00:00,4366.31,200,ok,api-4,
benchmark-api4-5000-c1000-005,005-REQ-002608,2608,registro de prueba,2026-06-09T23:11:51.193418+00:00,2026-06-09T23:11:55.644129+00:00,4450.7,200,ok,api-3,
benchmark-api4-5000-c1000-005,005-REQ-002609,2609,registro de prueba,2026-06-09T23:11:51.194459+00:00,2026-06-09T23:11:55.628358+00:00,4433.88,200,ok,api-2,
benchmark-api4-5000-c1000-005,005-REQ-002610,2610,registro de prueba,2026-06-09T23:11:51.196862+00:00,2026-06-09T23:11:55.581218+00:00,4384.33,200,ok,api-3,
benchmark-api4-5000-c1000-005,005-REQ-002611,2611,registro de prueba,2026-06-09T23:11:51.202333+00:00,2026-06-09T23:11:55.663345+00:00,4460.93,200,ok,api-2,
benchmark-api4-5000-c1000-005,005-REQ-002612,2612,registro de prueba,2026-06-09T23:11:51.204487+00:00,2026-06-09T23:11:51.655565+00:00,451.05,200,ok,api-1,
benchmark-api4-5000-c1000-005,005-REQ-002613,2613,registro de prueba,2026-06-09T23:11:51.207090+00:00,2026-06-09T23:11:55.566936+00:00,4359.79,200,ok,api-1,
benchmark-api4-5000-c1000-005,005-REQ-002614,2614,registro de prueba,2026-06-09T23:11:51.208616+00:00,2026-06-09T23:11:55.635290+00:00,4426.65,200,ok,api-4,
benchmark-api4-5000-c1000-005,005-REQ-002615,2615,registro de prueba,2026-06-09T23:11:51.209871+00:00,2026-06-09T23:11:51.601437+00:00,391.54,200,ok,api-2,
benchmark-api4-5000-c1000-005,005-REQ-002616,2616,registro de prueba,2026-06-09T23:11:51.210287+00:00,2026-06-09T23:11:55.635040+00:00,4424.74,200,ok,api-3,
benchmark-api4-5000-c1000-005,005-REQ-002617,2617,registro de prueba,2026-06-09T23:11:51.211150+00:00,2026-06-09T23:11:55.569771+00:00,4358.6,200,ok,api-4,
benchmark-api4-5000-c1000-005,005-REQ-002618,2618,registro de prueba,2026-06-09T23:11:51.214190+00:00,2026-06-09T23:11:55.595773+00:00,4381.55,200,ok,api-1,
benchmark-api4-5000-c1000-005,005-REQ-002619,2619,registro de prueba,2026-06-09T23:11:51.215165+00:00,2026-06-09T23:11:55.505697+00:00,4290.51,200,ok,api-2,
benchmark-api4-5000-c1000-005,005-REQ-002620,2620,registro de prueba,2026-06-09T23:11:51.227218+00:00,2026-06-09T23:11:55.663464+00:00,4436.23,200,ok,api-3,
benchmark-api4-5000-c1000-005,005-REQ-002621,2621,registro de prueba,2026-06-09T23:11:51.229101+00:00,2026-06-09T23:11:55.643736+00:00,4414.59,200,ok,api-3,
benchmark-api4-5000-c1000-005,005-REQ-002622,2622,registro de prueba,2026-06-09T23:11:51.232572+00:00,2026-06-09T23:11:55.600005+00:00,4367.39,200,ok,api-4,
benchmark-api4-5000-c1000-005,005-REQ-002623,2623,registro de prueba,2026-06-09T23:11:51.233928+00:00,2026-06-09T23:11:55.549121+00:00,4315.17,200,ok,api-1,
benchmark-api4-5000-c1000-005,005-REQ-002624,2624,registro de prueba,2026-06-09T23:11:51.235092+00:00,2026-06-09T23:11:55.628534+00:00,4393.43,200,ok,api-2,
benchmark-api4-5000-c1000-005,005-REQ-002625,2625,registro de prueba,2026-06-09T23:11:51.239999+00:00,2026-06-09T23:11:55.540548+00:00,4300.51,200,ok,api-4,
benchmark-api4-5000-c1000-005,005-REQ-002626,2626,registro de prueba,2026-06-09T23:11:51.262787+00:00,2026-06-09T23:11:55.637193+00:00,4374.38,200,ok,api-2,
benchmark-api4-5000-c1000-005,005-REQ-002627,2627,registro de prueba,2026-06-09T23:11:51.269361+00:00,2026-06-09T23:11:51.635114+00:00,365.73,200,ok,api-1,
benchmark-api4-5000-c1000-005,005-REQ-002628,2628,registro de prueba,2026-06-09T23:11:51.270229+00:00,2026-06-09T23:11:55.601528+00:00,4331.27,200,ok,api-1,
benchmark-api4-5000-c1000-005,005-REQ-002629,2629,registro de prueba,2026-06-09T23:11:51.270572+00:00,2026-06-09T23:11:55.665753+00:00,4395.16,200,ok,api-3,
benchmark-api4-5000-c1000-005,005-REQ-002630,2630,registro de prueba,2026-06-09T23:11:51.271590+00:00,2026-06-09T23:11:55.588305+00:00,4316.7,200,ok,api-4,
benchmark-api4-5000-c1000-005,005-REQ-002631,2631,registro de prueba,2026-06-09T23:11:51.275741+00:00,2026-06-09T23:11:55.643372+00:00,4367.6,200,ok,api-3,
benchmark-api4-5000-c1000-005,005-REQ-002632,2632,registro de prueba,2026-06-09T23:11:51.277105+00:00,2026-06-09T23:11:55.544433+00:00,4267.3,200,ok,api-2,
benchmark-api4-5000-c1000-005,005-REQ-002633,2633,registro de prueba,2026-06-09T23:11:51.288224+00:00,2026-06-09T23:11:55.579817+00:00,4291.56,200,ok,api-4,
benchmark-api4-5000-c1000-005,005-REQ-002634,2634,registro de prueba,2026-06-09T23:11:51.291030+00:00,2026-06-09T23:11:55.526754+00:00,4235.66,200,ok,api-1,
benchmark-api4-5000-c1000-005,005-REQ-002635,2635,registro de prueba,2026-06-09T23:11:51.292880+00:00,2026-06-09T23:11:55.628089+00:00,4335.18,200,ok,api-2,
benchmark-api4-5000-c1000-005,005-REQ-002636,2636,registro de prueba,2026-06-09T23:11:51.315167+00:00,2026-06-09T23:11:55.601886+00:00,4286.7,200,ok,api-3,
benchmark-api4-5000-c1000-005,005-REQ-002637,2637,registro de prueba,2026-06-09T23:11:51.316333+00:00,2026-06-09T23:11:55.536205+00:00,4219.85,200,ok,api-4,
benchmark-api4-5000-c1000-005,005-REQ-002638,2638,registro de prueba,2026-06-09T23:11:51.337031+00:00,2026-06-09T23:11:55.582406+00:00,4245.36,200,ok,api-1,
benchmark-api4-5000-c1000-005,005-REQ-002639,2639,registro de prueba,2026-06-09T23:11:51.342251+00:00,2026-06-09T23:11:55.663217+00:00,4320.94,200,ok,api-2,
benchmark-api4-5000-c1000-005,005-REQ-002640,2640,registro de prueba,2026-06-09T23:11:51.343391+00:00,2026-06-09T23:11:55.659940+00:00,4316.52,200,ok,api-3,
benchmark-api4-5000-c1000-005,005-REQ-002641,2641,registro de prueba,2026-06-09T23:11:51.345419+00:00,2026-06-09T23:11:55.601746+00:00,4256.3,200,ok,api-4,
benchmark-api4-5000-c1000-005,005-REQ-002642,2642,registro de prueba,2026-06-09T23:11:51.371004+00:00,2026-06-09T23:11:55.681320+00:00,4310.27,200,ok,api-2,
benchmark-api4-5000-c1000-005,005-REQ-002643,2643,registro de prueba,2026-06-09T23:11:51.379826+00:00,2026-06-09T23:11:55.583637+00:00,4203.79,200,ok,api-1,
benchmark-api4-5000-c1000-005,005-REQ-002644,2644,registro de prueba,2026-06-09T23:11:51.383775+00:00,2026-06-09T23:11:55.685032+00:00,4301.24,200,ok,api-4,
benchmark-api4-5000-c1000-005,005-REQ-002645,2645,registro de prueba,2026-06-09T23:11:51.384913+00:00,2026-06-09T23:11:55.668129+00:00,4283.17,200,ok,api-3,
benchmark-api4-5000-c1000-005,005-REQ-002646,2646,registro de prueba,2026-06-09T23:11:51.386536+00:00,2026-06-09T23:11:55.617518+00:00,4230.96,200,ok,api-1,
benchmark-api4-5000-c1000-005,005-REQ-002647,2647,registro de prueba,2026-06-09T23:11:51.388015+00:00,2026-06-09T23:11:55.739942+00:00,4351.89,200,ok,api-2,
benchmark-api4-5000-c1000-005,005-REQ-002648,2648,registro de prueba,2026-06-09T23:11:51.390525+00:00,2026-06-09T23:11:55.693016+00:00,4302.47,200,ok,api-3,
benchmark-api4-5000-c1000-005,005-REQ-002649,2649,registro de prueba,2026-06-09T23:11:51.399363+00:00,2026-06-09T23:11:55.744240+00:00,4344.84,200,ok,api-1,
benchmark-api4-5000-c1000-005,005-REQ-002650,2650,registro de prueba,2026-06-09T23:11:51.400873+00:00,2026-06-09T23:11:55.651851+00:00,4250.95,200,ok,api-4,
benchmark-api4-5000-c1000-005,005-REQ-002651,2651,registro de prueba,2026-06-09T23:11:51.401776+00:00,2026-06-09T23:11:55.691069+00:00,4289.28,200,ok,api-3,
benchmark-api4-5000-c1000-005,005-REQ-002652,2652,registro de prueba,2026-06-09T23:11:51.418175+00:00,2026-06-09T23:11:55.776063+00:00,4357.86,200,ok,api-4,
benchmark-api4-5000-c1000-005,005-REQ-002653,2653,registro de prueba,2026-06-09T23:11:51.418960+00:00,2026-06-09T23:11:55.712204+00:00,4293.22,200,ok,api-1,
benchmark-api4-5000-c1000-005,005-REQ-002654,2654,registro de prueba,2026-06-09T23:11:51.425958+00:00,2026-06-09T23:11:55.718598+00:00,4292.61,200,ok,api-3,
benchmark-api4-5000-c1000-005,005-REQ-002655,2655,registro de prueba,2026-06-09T23:11:51.439878+00:00,2026-06-09T23:11:55.740594+00:00,4300.67,200,ok,api-2,
benchmark-api4-5000-c1000-005,005-REQ-002656,2656,registro de prueba,2026-06-09T23:11:51.441619+00:00,2026-06-09T23:11:51.702855+00:00,261.21,200,ok,api-4,
benchmark-api4-5000-c1000-005,005-REQ-002657,2657,registro de prueba,2026-06-09T23:11:51.442261+00:00,2026-06-09T23:11:55.680896+00:00,4238.6,200,ok,api-1,
benchmark-api4-5000-c1000-005,005-REQ-002658,2658,registro de prueba,2026-06-09T23:11:51.458819+00:00,2026-06-09T23:11:55.683820+00:00,4224.97,200,ok,api-4,
benchmark-api4-5000-c1000-005,005-REQ-002659,2659,registro de prueba,2026-06-09T23:11:51.464415+00:00,2026-06-09T23:11:55.741267+00:00,4276.84,200,ok,api-3,
benchmark-api4-5000-c1000-005,005-REQ-002660,2660,registro de prueba,2026-06-09T23:11:51.466528+00:00,2026-06-09T23:11:55.681182+00:00,4214.63,200,ok,api-1,
benchmark-api4-5000-c1000-005,005-REQ-002661,2661,registro de prueba,2026-06-09T23:11:51.476917+00:00,2026-06-09T23:11:55.740985+00:00,4264.05,200,ok,api-4,
benchmark-api4-5000-c1000-005,005-REQ-002662,2662,registro de prueba,2026-06-09T23:11:51.480837+00:00,2026-06-09T23:11:51.849071+00:00,368.21,200,ok,api-3,
benchmark-api4-5000-c1000-005,005-REQ-002663,2663,registro de prueba,2026-06-09T23:11:51.481505+00:00,2026-06-09T23:11:55.766280+00:00,4284.76,200,ok,api-2,
benchmark-api4-5000-c1000-005,005-REQ-002664,2664,registro de prueba,2026-06-09T23:11:51.486118+00:00,2026-06-09T23:11:55.791578+00:00,4305.43,200,ok,api-4,
benchmark-api4-5000-c1000-005,005-REQ-002665,2665,registro de prueba,2026-06-09T23:11:51.497306+00:00,2026-06-09T23:11:55.770477+00:00,4273.13,200,ok,api-1,
benchmark-api4-5000-c1000-005,005-REQ-002666,2666,registro de prueba,2026-06-09T23:11:51.498920+00:00,2026-06-09T23:11:55.902746+00:00,4403.81,200,ok,api-2,
benchmark-api4-5000-c1000-005,005-REQ-002667,2667,registro de prueba,2026-06-09T23:11:51.499707+00:00,2026-06-09T23:11:55.720082+00:00,4220.36,200,ok,api-1,
benchmark-api4-5000-c1000-005,005-REQ-002668,2668,registro de prueba,2026-06-09T23:11:51.501106+00:00,2026-06-09T23:11:55.745941+00:00,4244.82,200,ok,api-3,
benchmark-api4-5000-c1000-005,005-REQ-002669,2669,registro de prueba,2026-06-09T23:11:51.502061+00:00,2026-06-09T23:11:55.816473+00:00,4314.39,200,ok,api-4,
benchmark-api4-5000-c1000-005,005-REQ-002670,2670,registro de prueba,2026-06-09T23:11:51.502911+00:00,2026-06-09T23:11:55.745658+00:00,4242.73,200,ok,api-4,
benchmark-api4-5000-c1000-005,005-REQ-002671,2671,registro de prueba,2026-06-09T23:11:51.503816+00:00,2026-06-09T23:11:55.727620+00:00,4223.78,200,ok,api-1,
benchmark-api4-5000-c1000-005,005-REQ-002672,2672,registro de prueba,2026-06-09T23:11:51.508526+00:00,2026-06-09T23:11:55.815059+00:00,4306.5,200,ok,api-2,
benchmark-api4-5000-c1000-005,005-REQ-002673,2673,registro de prueba,2026-06-09T23:11:51.511722+00:00,2026-06-09T23:11:51.924903+00:00,413.17,200,ok,api-4,
benchmark-api4-5000-c1000-005,005-REQ-002674,2674,registro de prueba,2026-06-09T23:11:51.512376+00:00,2026-06-09T23:11:55.755802+00:00,4243.4,200,ok,api-3,
benchmark-api4-5000-c1000-005,005-REQ-002675,2675,registro de prueba,2026-06-09T23:11:51.513032+00:00,2026-06-09T23:11:55.822957+00:00,4309.9,200,ok,api-4,
benchmark-api4-5000-c1000-005,005-REQ-002676,2676,registro de prueba,2026-06-09T23:11:51.516387+00:00,2026-06-09T23:11:55.870101+00:00,4353.7,200,ok,api-2,
benchmark-api4-5000-c1000-005,005-REQ-002677,2677,registro de prueba,2026-06-09T23:11:51.517057+00:00,2026-06-09T23:11:51.943211+00:00,426.14,200,ok,api-1,
benchmark-api4-5000-c1000-005,005-REQ-002678,2678,registro de prueba,2026-06-09T23:11:51.517361+00:00,2026-06-09T23:11:55.745814+00:00,4228.44,200,ok,api-3,
benchmark-api4-5000-c1000-005,005-REQ-002679,2679,registro de prueba,2026-06-09T23:11:51.531367+00:00,2026-06-09T23:11:55.836396+00:00,4304.99,200,ok,api-4,
benchmark-api4-5000-c1000-005,005-REQ-002680,2680,registro de prueba,2026-06-09T23:11:51.535987+00:00,2026-06-09T23:11:55.776478+00:00,4240.46,200,ok,api-3,
benchmark-api4-5000-c1000-005,005-REQ-002681,2681,registro de prueba,2026-06-09T23:11:51.539247+00:00,2026-06-09T23:11:51.837528+00:00,298.25,200,ok,api-4,
benchmark-api4-5000-c1000-005,005-REQ-002682,2682,registro de prueba,2026-06-09T23:11:51.539860+00:00,2026-06-09T23:11:55.804972+00:00,4265.09,200,ok,api-1,
benchmark-api4-5000-c1000-005,005-REQ-002683,2683,registro de prueba,2026-06-09T23:11:51.540993+00:00,2026-06-09T23:11:55.782275+00:00,4241.27,200,ok,api-1,
benchmark-api4-5000-c1000-005,005-REQ-002684,2684,registro de prueba,2026-06-09T23:11:51.551310+00:00,2026-06-09T23:11:51.842348+00:00,291.01,200,ok,api-2,
benchmark-api4-5000-c1000-005,005-REQ-002685,2685,registro de prueba,2026-06-09T23:11:51.552374+00:00,2026-06-09T23:11:55.803355+00:00,4250.94,200,ok,api-2,
benchmark-api4-5000-c1000-005,005-REQ-002686,2686,registro de prueba,2026-06-09T23:11:51.552667+00:00,2026-06-09T23:11:55.759945+00:00,4207.26,200,ok,api-3,
benchmark-api4-5000-c1000-005,005-REQ-002687,2687,registro de prueba,2026-06-09T23:11:51.553502+00:00,2026-06-09T23:11:55.902587+00:00,4349.07,200,ok,api-2,
benchmark-api4-5000-c1000-005,005-REQ-002688,2688,registro de prueba,2026-06-09T23:11:51.554357+00:00,2026-06-09T23:11:55.793674+00:00,4239.3,200,ok,api-4,
benchmark-api4-5000-c1000-005,005-REQ-002689,2689,registro de prueba,2026-06-09T23:11:51.555640+00:00,2026-06-09T23:11:55.868958+00:00,4313.3,200,ok,api-1,
benchmark-api4-5000-c1000-005,005-REQ-002690,2690,registro de prueba,2026-06-09T23:11:51.556883+00:00,2026-06-09T23:11:55.961960+00:00,4405.05,200,ok,api-2,
benchmark-api4-5000-c1000-005,005-REQ-002691,2691,registro de prueba,2026-06-09T23:11:51.559541+00:00,2026-06-09T23:11:55.777615+00:00,4218.05,200,ok,api-3,
benchmark-api4-5000-c1000-005,005-REQ-002692,2692,registro de prueba,2026-06-09T23:11:51.561381+00:00,2026-06-09T23:11:55.771216+00:00,4209.81,200,ok,api-1,
benchmark-api4-5000-c1000-005,005-REQ-002693,2693,registro de prueba,2026-06-09T23:11:51.566656+00:00,2026-06-09T23:11:55.891144+00:00,4324.46,200,ok,api-4,
benchmark-api4-5000-c1000-005,005-REQ-002694,2694,registro de prueba,2026-06-09T23:11:51.571168+00:00,2026-06-09T23:11:55.765976+00:00,4194.78,200,ok,api-3,
benchmark-api4-5000-c1000-005,005-REQ-002695,2695,registro de prueba,2026-06-09T23:11:51.573204+00:00,2026-06-09T23:11:55.969307+00:00,4396.08,200,ok,api-2,
benchmark-api4-5000-c1000-005,005-REQ-002696,2696,registro de prueba,2026-06-09T23:11:51.574530+00:00,2026-06-09T23:11:55.886040+00:00,4311.49,200,ok,api-4,
benchmark-api4-5000-c1000-005,005-REQ-002697,2697,registro de prueba,2026-06-09T23:11:51.578856+00:00,2026-06-09T23:11:55.839160+00:00,4260.27,200,ok,api-1,
benchmark-api4-5000-c1000-005,005-REQ-002698,2698,registro de prueba,2026-06-09T23:11:51.580012+00:00,2026-06-09T23:11:55.824913+00:00,4244.88,200,ok,api-3,
benchmark-api4-5000-c1000-005,005-REQ-002699,2699,registro de prueba,2026-06-09T23:11:51.586905+00:00,2026-06-09T23:11:55.904326+00:00,4317.4,200,ok,api-2,
benchmark-api4-5000-c1000-005,005-REQ-002700,2700,registro de prueba,2026-06-09T23:11:51.587972+00:00,2026-06-09T23:11:55.966666+00:00,4378.67,200,ok,api-4,
benchmark-api4-5000-c1000-005,005-REQ-002701,2701,registro de prueba,2026-06-09T23:11:51.601989+00:00,2026-06-09T23:11:55.888195+00:00,4286.18,200,ok,api-3,
benchmark-api4-5000-c1000-005,005-REQ-002702,2702,registro de prueba,2026-06-09T23:11:51.604445+00:00,2026-06-09T23:11:52.009724+00:00,405.25,200,ok,api-4,
benchmark-api4-5000-c1000-005,005-REQ-002703,2703,registro de prueba,2026-06-09T23:11:51.605467+00:00,2026-06-09T23:11:55.874454+00:00,4268.95,200,ok,api-1,
benchmark-api4-5000-c1000-005,005-REQ-002704,2704,registro de prueba,2026-06-09T23:11:51.605882+00:00,2026-06-09T23:11:55.933092+00:00,4327.19,200,ok,api-2,
benchmark-api4-5000-c1000-005,005-REQ-002705,2705,registro de prueba,2026-06-09T23:11:51.607202+00:00,2026-06-09T23:11:55.888460+00:00,4281.23,200,ok,api-4,
benchmark-api4-5000-c1000-005,005-REQ-002706,2706,registro de prueba,2026-06-09T23:11:51.620812+00:00,2026-06-09T23:11:55.857788+00:00,4236.95,200,ok,api-1,
benchmark-api4-5000-c1000-005,005-REQ-002707,2707,registro de prueba,2026-06-09T23:11:51.625062+00:00,2026-06-09T23:11:56.030528+00:00,4405.44,200,ok,api-2,
benchmark-api4-5000-c1000-005,005-REQ-002708,2708,registro de prueba,2026-06-09T23:11:51.626562+00:00,2026-06-09T23:11:55.894823+00:00,4268.24,200,ok,api-3,
benchmark-api4-5000-c1000-005,005-REQ-002709,2709,registro de prueba,2026-06-09T23:11:51.634361+00:00,2026-06-09T23:11:55.891436+00:00,4257.03,200,ok,api-1,
benchmark-api4-5000-c1000-005,005-REQ-002710,2710,registro de prueba,2026-06-09T23:11:51.635595+00:00,2026-06-09T23:11:55.893283+00:00,4257.67,200,ok,api-4,
benchmark-api4-5000-c1000-005,005-REQ-002711,2711,registro de prueba,2026-06-09T23:11:51.643053+00:00,2026-06-09T23:11:55.937370+00:00,4294.29,200,ok,api-1,
benchmark-api4-5000-c1000-005,005-REQ-002712,2712,registro de prueba,2026-06-09T23:11:51.645784+00:00,2026-06-09T23:11:56.015084+00:00,4369.21,200,ok,api-2,
benchmark-api4-5000-c1000-005,005-REQ-002713,2713,registro de prueba,2026-06-09T23:11:51.647437+00:00,2026-06-09T23:11:55.860124+00:00,4212.66,200,ok,api-3,
benchmark-api4-5000-c1000-005,005-REQ-002714,2714,registro de prueba,2026-06-09T23:11:51.654763+00:00,2026-06-09T23:11:55.912650+00:00,4257.86,200,ok,api-4,
benchmark-api4-5000-c1000-005,005-REQ-002715,2715,registro de prueba,2026-06-09T23:11:51.657906+00:00,2026-06-09T23:11:51.874495+00:00,216.56,200,ok,api-4,
benchmark-api4-5000-c1000-005,005-REQ-002716,2716,registro de prueba,2026-06-09T23:11:51.658595+00:00,2026-06-09T23:11:55.966465+00:00,4307.85,200,ok,api-4,
benchmark-api4-5000-c1000-005,005-REQ-002717,2717,registro de prueba,2026-06-09T23:11:51.661948+00:00,2026-06-09T23:11:55.885772+00:00,4223.79,200,ok,api-1,
benchmark-api4-5000-c1000-005,005-REQ-002718,2718,registro de prueba,2026-06-09T23:11:51.667793+00:00,2026-06-09T23:11:55.970723+00:00,4302.91,200,ok,api-2,
benchmark-api4-5000-c1000-005,005-REQ-002719,2719,registro de prueba,2026-06-09T23:11:51.674030+00:00,2026-06-09T23:11:55.953167+00:00,4279.11,200,ok,api-4,
benchmark-api4-5000-c1000-005,005-REQ-002720,2720,registro de prueba,2026-06-09T23:11:51.676145+00:00,2026-06-09T23:11:55.887988+00:00,4211.83,200,ok,api-3,
benchmark-api4-5000-c1000-005,005-REQ-002721,2721,registro de prueba,2026-06-09T23:11:51.677006+00:00,2026-06-09T23:11:55.895125+00:00,4218.1,200,ok,api-3,
benchmark-api4-5000-c1000-005,005-REQ-002722,2722,registro de prueba,2026-06-09T23:11:51.681998+00:00,2026-06-09T23:11:55.858020+00:00,4176.0,200,ok,api-1,
benchmark-api4-5000-c1000-005,005-REQ-002723,2723,registro de prueba,2026-06-09T23:11:51.685666+00:00,2026-06-09T23:11:56.060859+00:00,4375.16,200,ok,api-2,
benchmark-api4-5000-c1000-005,005-REQ-002724,2724,registro de prueba,2026-06-09T23:11:51.692436+00:00,2026-06-09T23:11:55.964475+00:00,4272.01,200,ok,api-4,
benchmark-api4-5000-c1000-005,005-REQ-002725,2725,registro de prueba,2026-06-09T23:11:51.696299+00:00,2026-06-09T23:11:55.934359+00:00,4238.04,200,ok,api-4,
benchmark-api4-5000-c1000-005,005-REQ-002726,2726,registro de prueba,2026-06-09T23:11:51.701241+00:00,2026-06-09T23:11:56.041531+00:00,4340.26,200,ok,api-2,
benchmark-api4-5000-c1000-005,005-REQ-002727,2727,registro de prueba,2026-06-09T23:11:51.703299+00:00,2026-06-09T23:11:52.042553+00:00,339.24,200,ok,api-4,
benchmark-api4-5000-c1000-005,005-REQ-002728,2728,registro de prueba,2026-06-09T23:11:51.703882+00:00,2026-06-09T23:11:55.862956+00:00,4159.05,200,ok,api-4,
benchmark-api4-5000-c1000-005,005-REQ-002729,2729,registro de prueba,2026-06-09T23:11:51.704910+00:00,2026-06-09T23:11:56.058792+00:00,4353.86,200,ok,api-2,
benchmark-api4-5000-c1000-005,005-REQ-002730,2730,registro de prueba,2026-06-09T23:11:51.707769+00:00,2026-06-09T23:11:55.962210+00:00,4254.41,200,ok,api-1,
benchmark-api4-5000-c1000-005,005-REQ-002731,2731,registro de prueba,2026-06-09T23:11:51.719434+00:00,2026-06-09T23:11:55.971519+00:00,4252.07,200,ok,api-4,
benchmark-api4-5000-c1000-005,005-REQ-002732,2732,registro de prueba,2026-06-09T23:11:51.720578+00:00,2026-06-09T23:11:55.998090+00:00,4277.49,200,ok,api-3,
benchmark-api4-5000-c1000-005,005-REQ-002733,2733,registro de prueba,2026-06-09T23:11:51.721646+00:00,2026-06-09T23:11:56.000564+00:00,4278.9,200,ok,api-3,
benchmark-api4-5000-c1000-005,005-REQ-002734,2734,registro de prueba,2026-06-09T23:11:51.739627+00:00,2026-06-09T23:11:55.966219+00:00,4226.57,200,ok,api-4,
benchmark-api4-5000-c1000-005,005-REQ-002735,2735,registro de prueba,2026-06-09T23:11:51.740951+00:00,2026-06-09T23:11:56.092807+00:00,4351.82,200,ok,api-2,
benchmark-api4-5000-c1000-005,005-REQ-002736,2736,registro de prueba,2026-06-09T23:11:51.746216+00:00,2026-06-09T23:11:56.039915+00:00,4293.68,200,ok,api-3,
benchmark-api4-5000-c1000-005,005-REQ-002737,2737,registro de prueba,2026-06-09T23:11:51.752780+00:00,2026-06-09T23:11:55.937618+00:00,4184.82,200,ok,api-4,
benchmark-api4-5000-c1000-005,005-REQ-002738,2738,registro de prueba,2026-06-09T23:11:51.755365+00:00,2026-06-09T23:11:56.121771+00:00,4366.38,200,ok,api-3,
benchmark-api4-5000-c1000-005,005-REQ-002739,2739,registro de prueba,2026-06-09T23:11:51.757106+00:00,2026-06-09T23:11:55.984140+00:00,4226.96,200,ok,api-4,
benchmark-api4-5000-c1000-005,005-REQ-002740,2740,registro de prueba,2026-06-09T23:11:51.762050+00:00,2026-06-09T23:11:56.120100+00:00,4358.02,200,ok,api-2,
benchmark-api4-5000-c1000-005,005-REQ-002741,2741,registro de prueba,2026-06-09T23:11:51.764865+00:00,2026-06-09T23:11:56.038278+00:00,4273.37,200,ok,api-1,
benchmark-api4-5000-c1000-005,005-REQ-002742,2742,registro de prueba,2026-06-09T23:11:51.767349+00:00,2026-06-09T23:11:56.134185+00:00,4366.81,200,ok,api-1,
benchmark-api4-5000-c1000-005,005-REQ-002743,2743,registro de prueba,2026-06-09T23:11:51.772721+00:00,2026-06-09T23:11:56.085886+00:00,4313.14,200,ok,api-3,
benchmark-api4-5000-c1000-005,005-REQ-002744,2744,registro de prueba,2026-06-09T23:11:51.777043+00:00,2026-06-09T23:11:52.263442+00:00,486.38,200,ok,api-1,
benchmark-api4-5000-c1000-005,005-REQ-002745,2745,registro de prueba,2026-06-09T23:11:51.777532+00:00,2026-06-09T23:11:56.182421+00:00,4404.87,200,ok,api-2,
benchmark-api4-5000-c1000-005,005-REQ-002746,2746,registro de prueba,2026-06-09T23:11:51.783157+00:00,2026-06-09T23:11:56.113367+00:00,4330.16,200,ok,api-3,
benchmark-api4-5000-c1000-005,005-REQ-002747,2747,registro de prueba,2026-06-09T23:11:51.792907+00:00,2026-06-09T23:11:52.355973+00:00,562.94,200,ok,api-3,
benchmark-api4-5000-c1000-005,005-REQ-002748,2748,registro de prueba,2026-06-09T23:11:51.793776+00:00,2026-06-09T23:11:56.075863+00:00,4282.05,200,ok,api-4,
benchmark-api4-5000-c1000-005,005-REQ-002749,2749,registro de prueba,2026-06-09T23:11:51.801457+00:00,2026-06-09T23:11:52.137208+00:00,335.73,200,ok,api-1,
benchmark-api4-5000-c1000-005,005-REQ-002750,2750,registro de prueba,2026-06-09T23:11:51.801987+00:00,2026-06-09T23:11:56.132245+00:00,4330.24,200,ok,api-1,
benchmark-api4-5000-c1000-005,005-REQ-002751,2751,registro de prueba,2026-06-09T23:11:51.803245+00:00,2026-06-09T23:11:52.358923+00:00,555.66,200,ok,api-3,
benchmark-api4-5000-c1000-005,005-REQ-002752,2752,registro de prueba,2026-06-09T23:11:51.803727+00:00,2026-06-09T23:11:56.316189+00:00,4512.44,200,ok,api-1,
benchmark-api4-5000-c1000-005,005-REQ-002753,2753,registro de prueba,2026-06-09T23:11:51.807333+00:00,2026-06-09T23:11:56.164713+00:00,4357.35,200,ok,api-3,
benchmark-api4-5000-c1000-005,005-REQ-002754,2754,registro de prueba,2026-06-09T23:11:51.812925+00:00,2026-06-09T23:11:56.142246+00:00,4329.3,200,ok,api-1,
benchmark-api4-5000-c1000-005,005-REQ-002755,2755,registro de prueba,2026-06-09T23:11:51.814549+00:00,2026-06-09T23:11:56.166220+00:00,4351.65,200,ok,api-3,
benchmark-api4-5000-c1000-005,005-REQ-002756,2756,registro de prueba,2026-06-09T23:11:51.824631+00:00,2026-06-09T23:11:52.182709+00:00,358.06,200,ok,api-4,
benchmark-api4-5000-c1000-005,005-REQ-002757,2757,registro de prueba,2026-06-09T23:11:51.825218+00:00,2026-06-09T23:11:56.163556+00:00,4338.32,200,ok,api-4,
benchmark-api4-5000-c1000-005,005-REQ-002758,2758,registro de prueba,2026-06-09T23:11:51.825411+00:00,2026-06-09T23:11:56.140969+00:00,4315.54,200,ok,api-2,
benchmark-api4-5000-c1000-005,005-REQ-002759,2759,registro de prueba,2026-06-09T23:11:51.834205+00:00,2026-06-09T23:11:56.218652+00:00,4384.43,200,ok,api-3,
benchmark-api4-5000-c1000-005,005-REQ-002760,2760,registro de prueba,2026-06-09T23:11:51.837026+00:00,2026-06-09T23:11:56.102821+00:00,4265.76,200,ok,api-4,
benchmark-api4-5000-c1000-005,005-REQ-002761,2761,registro de prueba,2026-06-09T23:11:51.838042+00:00,2026-06-09T23:11:56.226301+00:00,4388.24,200,ok,api-2,
benchmark-api4-5000-c1000-005,005-REQ-002762,2762,registro de prueba,2026-06-09T23:11:51.840665+00:00,2026-06-09T23:11:56.097854+00:00,4257.05,200,ok,api-4,
benchmark-api4-5000-c1000-005,005-REQ-002763,2763,registro de prueba,2026-06-09T23:11:51.843997+00:00,2026-06-09T23:11:52.210804+00:00,366.77,200,ok,api-4,
benchmark-api4-5000-c1000-005,005-REQ-002764,2764,registro de prueba,2026-06-09T23:11:51.844671+00:00,2026-06-09T23:11:56.123169+00:00,4278.47,200,ok,api-3,
benchmark-api4-5000-c1000-005,005-REQ-002765,2765,registro de prueba,2026-06-09T23:11:51.846873+00:00,2026-06-09T23:11:56.198132+00:00,4351.23,200,ok,api-2,
benchmark-api4-5000-c1000-005,005-REQ-002766,2766,registro de prueba,2026-06-09T23:11:51.848081+00:00,2026-06-09T23:11:52.263574+00:00,415.47,200,ok,api-2,
benchmark-api4-5000-c1000-005,005-REQ-002767,2767,registro de prueba,2026-06-09T23:11:51.848555+00:00,2026-06-09T23:11:56.201120+00:00,4352.55,200,ok,api-4,
benchmark-api4-5000-c1000-005,005-REQ-002768,2768,registro de prueba,2026-06-09T23:11:51.849437+00:00,2026-06-09T23:11:56.093154+00:00,4243.7,200,ok,api-3,
benchmark-api4-5000-c1000-005,005-REQ-002769,2769,registro de prueba,2026-06-09T23:11:51.863982+00:00,2026-06-09T23:11:52.379614+00:00,515.61,200,ok,api-1,
benchmark-api4-5000-c1000-005,005-REQ-002770,2770,registro de prueba,2026-06-09T23:11:51.864522+00:00,2026-06-09T23:11:56.265309+00:00,4400.77,200,ok,api-1,
benchmark-api4-5000-c1000-005,005-REQ-002771,2771,registro de prueba,2026-06-09T23:11:51.865501+00:00,2026-06-09T23:11:52.288566+00:00,423.05,200,ok,api-3,
benchmark-api4-5000-c1000-005,005-REQ-002772,2772,registro de prueba,2026-06-09T23:11:51.865911+00:00,2026-06-09T23:11:56.195375+00:00,4329.44,200,ok,api-2,
benchmark-api4-5000-c1000-005,005-REQ-002773,2773,registro de prueba,2026-06-09T23:11:51.869076+00:00,2026-06-09T23:11:56.244203+00:00,4375.1,200,ok,api-2,
benchmark-api4-5000-c1000-005,005-REQ-002774,2774,registro de prueba,2026-06-09T23:11:51.870550+00:00,2026-06-09T23:11:52.248823+00:00,378.25,200,ok,api-3,
benchmark-api4-5000-c1000-005,005-REQ-002775,2775,registro de prueba,2026-06-09T23:11:51.871130+00:00,2026-06-09T23:11:56.144917+00:00,4273.76,200,ok,api-3,
benchmark-api4-5000-c1000-005,005-REQ-002776,2776,registro de prueba,2026-06-09T23:11:51.873964+00:00,2026-06-09T23:11:56.124456+00:00,4250.43,200,ok,api-4,
benchmark-api4-5000-c1000-005,005-REQ-002777,2777,registro de prueba,2026-06-09T23:11:51.875028+00:00,2026-06-09T23:11:56.283231+00:00,4408.16,200,ok,api-1,
benchmark-api4-5000-c1000-005,005-REQ-002778,2778,registro de prueba,2026-06-09T23:11:51.883166+00:00,2026-06-09T23:11:56.257846+00:00,4374.65,200,ok,api-2,
benchmark-api4-5000-c1000-005,005-REQ-002779,2779,registro de prueba,2026-06-09T23:11:51.884536+00:00,2026-06-09T23:11:52.201123+00:00,316.56,200,ok,api-3,
benchmark-api4-5000-c1000-005,005-REQ-002780,2780,registro de prueba,2026-06-09T23:11:51.885260+00:00,2026-06-09T23:11:56.143427+00:00,4258.14,200,ok,api-4,
benchmark-api4-5000-c1000-005,005-REQ-002781,2781,registro de prueba,2026-06-09T23:11:51.895542+00:00,2026-06-09T23:11:56.109769+00:00,4214.2,200,ok,api-3,
benchmark-api4-5000-c1000-005,005-REQ-002782,2782,registro de prueba,2026-06-09T23:11:51.896904+00:00,2026-06-09T23:11:52.369028+00:00,472.1,200,ok,api-3,
benchmark-api4-5000-c1000-005,005-REQ-002783,2783,registro de prueba,2026-06-09T23:11:51.897734+00:00,2026-06-09T23:11:56.212915+00:00,4315.16,200,ok,api-1,
benchmark-api4-5000-c1000-005,005-REQ-002784,2784,registro de prueba,2026-06-09T23:11:51.902840+00:00,2026-06-09T23:11:56.245051+00:00,4342.19,200,ok,api-2,
benchmark-api4-5000-c1000-005,005-REQ-002785,2785,registro de prueba,2026-06-09T23:11:51.904184+00:00,2026-06-09T23:11:56.186998+00:00,4282.78,200,ok,api-3,
benchmark-api4-5000-c1000-005,005-REQ-002786,2786,registro de prueba,2026-06-09T23:11:51.905437+00:00,2026-06-09T23:11:56.220114+00:00,4314.65,200,ok,api-4,
benchmark-api4-5000-c1000-005,005-REQ-002787,2787,registro de prueba,2026-06-09T23:11:51.906403+00:00,2026-06-09T23:11:56.274446+00:00,4368.02,200,ok,api-2,
benchmark-api4-5000-c1000-005,005-REQ-002788,2788,registro de prueba,2026-06-09T23:11:51.907658+00:00,2026-06-09T23:11:56.135149+00:00,4227.47,200,ok,api-3,
benchmark-api4-5000-c1000-005,005-REQ-002789,2789,registro de prueba,2026-06-09T23:11:51.913630+00:00,2026-06-09T23:11:56.303148+00:00,4389.49,200,ok,api-2,
benchmark-api4-5000-c1000-005,005-REQ-002790,2790,registro de prueba,2026-06-09T23:11:51.914923+00:00,2026-06-09T23:11:56.201334+00:00,4286.39,200,ok,api-1,
benchmark-api4-5000-c1000-005,005-REQ-002791,2791,registro de prueba,2026-06-09T23:11:51.925443+00:00,2026-06-09T23:11:52.165436+00:00,239.94,200,ok,api-4,
benchmark-api4-5000-c1000-005,005-REQ-002792,2792,registro de prueba,2026-06-09T23:11:51.926227+00:00,2026-06-09T23:11:56.211597+00:00,4285.34,200,ok,api-4,
benchmark-api4-5000-c1000-005,005-REQ-002793,2793,registro de prueba,2026-06-09T23:11:51.929342+00:00,2026-06-09T23:11:56.258542+00:00,4328.99,200,ok,api-3,
benchmark-api4-5000-c1000-005,005-REQ-002794,2794,registro de prueba,2026-06-09T23:11:51.939047+00:00,2026-06-09T23:11:56.224860+00:00,4285.78,200,ok,api-1,
benchmark-api4-5000-c1000-005,005-REQ-002795,2795,registro de prueba,2026-06-09T23:11:51.942678+00:00,2026-06-09T23:11:56.188442+00:00,4245.73,200,ok,api-4,
benchmark-api4-5000-c1000-005,005-REQ-002796,2796,registro de prueba,2026-06-09T23:11:51.943962+00:00,2026-06-09T23:11:52.326169+00:00,382.18,200,ok,api-1,
benchmark-api4-5000-c1000-005,005-REQ-002797,2797,registro de prueba,2026-06-09T23:11:51.944660+00:00,2026-06-09T23:11:56.158543+00:00,4213.85,200,ok,api-1,
benchmark-api4-5000-c1000-005,005-REQ-002798,2798,registro de prueba,2026-06-09T23:11:51.949577+00:00,2026-06-09T23:11:56.316459+00:00,4366.86,200,ok,api-2,
benchmark-api4-5000-c1000-005,005-REQ-002799,2799,registro de prueba,2026-06-09T23:11:51.952525+00:00,2026-06-09T23:11:56.216070+00:00,4263.53,200,ok,api-3,
benchmark-api4-5000-c1000-005,005-REQ-002800,2800,registro de prueba,2026-06-09T23:11:51.960687+00:00,2026-06-09T23:11:56.151991+00:00,4191.26,200,ok,api-4,
benchmark-api4-5000-c1000-005,005-REQ-002801,2801,registro de prueba,2026-06-09T23:11:51.961780+00:00,2026-06-09T23:11:56.267712+00:00,4305.9,200,ok,api-4,
benchmark-api4-5000-c1000-005,005-REQ-002802,2802,registro de prueba,2026-06-09T23:11:51.963755+00:00,2026-06-09T23:11:56.289955+00:00,4326.17,200,ok,api-2,
benchmark-api4-5000-c1000-005,005-REQ-002803,2803,registro de prueba,2026-06-09T23:11:51.965022+00:00,2026-06-09T23:11:56.218425+00:00,4253.38,200,ok,api-1,
benchmark-api4-5000-c1000-005,005-REQ-002804,2804,registro de prueba,2026-06-09T23:11:51.966236+00:00,2026-06-09T23:11:56.252470+00:00,4286.21,200,ok,api-4,
benchmark-api4-5000-c1000-005,005-REQ-002805,2805,registro de prueba,2026-06-09T23:11:51.971213+00:00,2026-06-09T23:11:56.247602+00:00,4276.35,200,ok,api-3,
benchmark-api4-5000-c1000-005,005-REQ-002806,2806,registro de prueba,2026-06-09T23:11:51.976406+00:00,2026-06-09T23:11:56.368428+00:00,4392.0,200,ok,api-2,
benchmark-api4-5000-c1000-005,005-REQ-002807,2807,registro de prueba,2026-06-09T23:11:51.977609+00:00,2026-06-09T23:11:56.215627+00:00,4238.0,200,ok,api-3,
benchmark-api4-5000-c1000-005,005-REQ-002808,2808,registro de prueba,2026-06-09T23:11:51.980033+00:00,2026-06-09T23:11:56.216154+00:00,4236.1,200,ok,api-4,
benchmark-api4-5000-c1000-005,005-REQ-002809,2809,registro de prueba,2026-06-09T23:11:51.981201+00:00,2026-06-09T23:11:52.066263+00:00,85.02,500,error,,2003 (HY000): Can't connect to MySQL server on 'host.docker.internal:3306' (111)
benchmark-api4-5000-c1000-005,005-REQ-002810,2810,registro de prueba,2026-06-09T23:11:51.981671+00:00,2026-06-09T23:11:56.291129+00:00,4309.44,200,ok,api-2,
benchmark-api4-5000-c1000-005,005-REQ-002811,2811,registro de prueba,2026-06-09T23:11:51.982377+00:00,2026-06-09T23:11:56.347245+00:00,4364.82,200,ok,api-4,
benchmark-api4-5000-c1000-005,005-REQ-002812,2812,registro de prueba,2026-06-09T23:11:51.985989+00:00,2026-06-09T23:11:56.252329+00:00,4266.32,200,ok,api-2,
benchmark-api4-5000-c1000-005,005-REQ-002813,2813,registro de prueba,2026-06-09T23:11:51.991577+00:00,2026-06-09T23:11:56.263751+00:00,4272.15,200,ok,api-3,
benchmark-api4-5000-c1000-005,005-REQ-002814,2814,registro de prueba,2026-06-09T23:11:51.998674+00:00,2026-06-09T23:11:56.293780+00:00,4295.08,200,ok,api-1,
benchmark-api4-5000-c1000-005,005-REQ-002815,2815,registro de prueba,2026-06-09T23:11:52.000662+00:00,2026-06-09T23:11:56.252073+00:00,4251.38,200,ok,api-1,
benchmark-api4-5000-c1000-005,005-REQ-002816,2816,registro de prueba,2026-06-09T23:11:52.008467+00:00,2026-06-09T23:11:56.305479+00:00,4296.99,200,ok,api-2,
benchmark-api4-5000-c1000-005,005-REQ-002817,2817,registro de prueba,2026-06-09T23:11:52.010393+00:00,2026-06-09T23:11:52.349803+00:00,339.37,200,ok,api-4,
benchmark-api4-5000-c1000-005,005-REQ-002818,2818,registro de prueba,2026-06-09T23:11:52.010991+00:00,2026-06-09T23:11:56.238476+00:00,4227.46,200,ok,api-4,
benchmark-api4-5000-c1000-005,005-REQ-002819,2819,registro de prueba,2026-06-09T23:11:52.014746+00:00,2026-06-09T23:11:56.359984+00:00,4345.22,200,ok,api-2,
benchmark-api4-5000-c1000-005,005-REQ-002820,2820,registro de prueba,2026-06-09T23:11:52.017433+00:00,2026-06-09T23:11:52.225273+00:00,207.82,200,ok,api-4,
benchmark-api4-5000-c1000-005,005-REQ-002821,2821,registro de prueba,2026-06-09T23:11:52.018004+00:00,2026-06-09T23:11:56.218559+00:00,4200.54,200,ok,api-1,
benchmark-api4-5000-c1000-005,005-REQ-002822,2822,registro de prueba,2026-06-09T23:11:52.027731+00:00,2026-06-09T23:11:56.258734+00:00,4230.99,200,ok,api-3,
benchmark-api4-5000-c1000-005,005-REQ-002823,2823,registro de prueba,2026-06-09T23:11:52.028369+00:00,2026-06-09T23:11:56.305235+00:00,4276.85,200,ok,api-4,
benchmark-api4-5000-c1000-005,005-REQ-002824,2824,registro de prueba,2026-06-09T23:11:52.029054+00:00,2026-06-09T23:11:56.320594+00:00,4291.52,200,ok,api-1,
benchmark-api4-5000-c1000-005,005-REQ-002825,2825,registro de prueba,2026-06-09T23:11:52.036264+00:00,2026-06-09T23:11:56.279290+00:00,4242.97,200,ok,api-2,
benchmark-api4-5000-c1000-005,005-REQ-002826,2826,registro de prueba,2026-06-09T23:11:52.037577+00:00,2026-06-09T23:11:56.362358+00:00,4324.76,200,ok,api-3,
benchmark-api4-5000-c1000-005,005-REQ-002827,2827,registro de prueba,2026-06-09T23:11:52.041763+00:00,2026-06-09T23:11:56.366924+00:00,4325.13,200,ok,api-4,
benchmark-api4-5000-c1000-005,005-REQ-002828,2828,registro de prueba,2026-06-09T23:11:52.043047+00:00,2026-06-09T23:11:56.354399+00:00,4311.33,200,ok,api-1,
benchmark-api4-5000-c1000-005,005-REQ-002829,2829,registro de prueba,2026-06-09T23:11:52.060821+00:00,2026-06-09T23:11:52.348508+00:00,287.66,200,ok,api-2,
benchmark-api4-5000-c1000-005,005-REQ-002830,2830,registro de prueba,2026-06-09T23:11:52.061358+00:00,2026-06-09T23:11:56.346149+00:00,4284.76,200,ok,api-2,
benchmark-api4-5000-c1000-005,005-REQ-002831,2831,registro de prueba,2026-06-09T23:11:52.066861+00:00,2026-06-09T23:11:56.285513+00:00,4218.63,200,ok,api-3,
benchmark-api4-5000-c1000-005,005-REQ-002832,2832,registro de prueba,2026-06-09T23:11:52.067949+00:00,2026-06-09T23:11:56.376829+00:00,4308.86,200,ok,api-4,
benchmark-api4-5000-c1000-005,005-REQ-002833,2833,registro de prueba,2026-06-09T23:11:52.098554+00:00,2026-06-09T23:11:56.361277+00:00,4262.7,200,ok,api-1,
benchmark-api4-5000-c1000-005,005-REQ-002834,2834,registro de prueba,2026-06-09T23:11:52.136409+00:00,2026-06-09T23:11:56.356333+00:00,4219.9,200,ok,api-2,
benchmark-api4-5000-c1000-005,005-REQ-002835,2835,registro de prueba,2026-06-09T23:11:52.137763+00:00,2026-06-09T23:11:56.328297+00:00,4190.5,200,ok,api-3,
benchmark-api4-5000-c1000-005,005-REQ-002836,2836,registro de prueba,2026-06-09T23:11:52.139605+00:00,2026-06-09T23:11:56.432354+00:00,4292.72,200,ok,api-4,
benchmark-api4-5000-c1000-005,005-REQ-002837,2837,registro de prueba,2026-06-09T23:11:52.141139+00:00,2026-06-09T23:11:56.392811+00:00,4251.65,200,ok,api-2,
benchmark-api4-5000-c1000-005,005-REQ-002838,2838,registro de prueba,2026-06-09T23:11:52.147311+00:00,2026-06-09T23:11:56.389378+00:00,4242.03,200,ok,api-1,
benchmark-api4-5000-c1000-005,005-REQ-002839,2839,registro de prueba,2026-06-09T23:11:52.149123+00:00,2026-06-09T23:11:56.352692+00:00,4203.51,200,ok,api-3,
benchmark-api4-5000-c1000-005,005-REQ-002840,2840,registro de prueba,2026-06-09T23:11:52.155083+00:00,2026-06-09T23:11:56.390919+00:00,4235.81,200,ok,api-1,
benchmark-api4-5000-c1000-005,005-REQ-002841,2841,registro de prueba,2026-06-09T23:11:52.156656+00:00,2026-06-09T23:11:56.357846+00:00,4201.17,200,ok,api-2,
benchmark-api4-5000-c1000-005,005-REQ-002842,2842,registro de prueba,2026-06-09T23:11:52.159257+00:00,2026-06-09T23:11:56.348322+00:00,4189.04,200,ok,api-3,
benchmark-api4-5000-c1000-005,005-REQ-002843,2843,registro de prueba,2026-06-09T23:11:52.162507+00:00,2026-06-09T23:11:52.465481+00:00,302.95,200,ok,api-4,
benchmark-api4-5000-c1000-005,005-REQ-002844,2844,registro de prueba,2026-06-09T23:11:52.163035+00:00,2026-06-09T23:11:56.470322+00:00,4307.27,200,ok,api-4,
benchmark-api4-5000-c1000-005,005-REQ-002845,2845,registro de prueba,2026-06-09T23:11:52.166001+00:00,2026-06-09T23:11:56.490429+00:00,4324.4,200,ok,api-1,
benchmark-api4-5000-c1000-005,005-REQ-002846,2846,registro de prueba,2026-06-09T23:11:52.168750+00:00,2026-06-09T23:11:52.467761+00:00,299.0,200,ok,api-3,
benchmark-api4-5000-c1000-005,005-REQ-002847,2847,registro de prueba,2026-06-09T23:11:52.169175+00:00,2026-06-09T23:11:56.530098+00:00,4360.91,200,ok,api-1,
benchmark-api4-5000-c1000-005,005-REQ-002848,2848,registro de prueba,2026-06-09T23:11:52.171796+00:00,2026-06-09T23:11:56.412574+00:00,4240.75,200,ok,api-2,
benchmark-api4-5000-c1000-005,005-REQ-002849,2849,registro de prueba,2026-06-09T23:11:52.180232+00:00,2026-06-09T23:11:56.436130+00:00,4255.86,200,ok,api-4,
benchmark-api4-5000-c1000-005,005-REQ-002850,2850,registro de prueba,2026-06-09T23:11:52.181916+00:00,2026-06-09T23:11:56.405889+00:00,4223.94,200,ok,api-3,
benchmark-api4-5000-c1000-005,005-REQ-002851,2851,registro de prueba,2026-06-09T23:11:52.183345+00:00,2026-06-09T23:11:56.448964+00:00,4265.6,200,ok,api-2,
benchmark-api4-5000-c1000-005,005-REQ-002852,2852,registro de prueba,2026-06-09T23:11:52.184438+00:00,2026-06-09T23:11:56.530329+00:00,4345.87,200,ok,api-3,
benchmark-api4-5000-c1000-005,005-REQ-002853,2853,registro de prueba,2026-06-09T23:11:52.186058+00:00,2026-06-09T23:11:52.704684+00:00,518.6,200,ok,api-2,
benchmark-api4-5000-c1000-005,005-REQ-002854,2854,registro de prueba,2026-06-09T23:11:52.186725+00:00,2026-06-09T23:11:56.414307+00:00,4227.56,200,ok,api-4,
benchmark-api4-5000-c1000-005,005-REQ-002855,2855,registro de prueba,2026-06-09T23:11:52.188203+00:00,2026-06-09T23:11:52.656390+00:00,468.16,200,ok,api-2,
benchmark-api4-5000-c1000-005,005-REQ-002856,2856,registro de prueba,2026-06-09T23:11:52.190809+00:00,2026-06-09T23:11:56.441180+00:00,4250.3,200,ok,api-1,
benchmark-api4-5000-c1000-005,005-REQ-002857,2857,registro de prueba,2026-06-09T23:11:52.193115+00:00,2026-06-09T23:11:56.468487+00:00,4275.34,200,ok,api-2,
benchmark-api4-5000-c1000-005,005-REQ-002858,2858,registro de prueba,2026-06-09T23:11:52.194918+00:00,2026-06-09T23:11:56.546339+00:00,4351.39,200,ok,api-3,
benchmark-api4-5000-c1000-005,005-REQ-002859,2859,registro de prueba,2026-06-09T23:11:52.198677+00:00,2026-06-09T23:11:56.417131+00:00,4218.42,200,ok,api-3,
benchmark-api4-5000-c1000-005,005-REQ-002860,2860,registro de prueba,2026-06-09T23:11:52.201823+00:00,2026-06-09T23:11:56.443711+00:00,4241.83,200,ok,api-4,
benchmark-api4-5000-c1000-005,005-REQ-002861,2861,registro de prueba,2026-06-09T23:11:52.210007+00:00,2026-06-09T23:11:56.426893+00:00,4216.85,200,ok,api-2,
benchmark-api4-5000-c1000-005,005-REQ-002862,2862,registro de prueba,2026-06-09T23:11:52.211387+00:00,2026-06-09T23:11:56.575001+00:00,4363.59,200,ok,api-1,
benchmark-api4-5000-c1000-005,005-REQ-002863,2863,registro de prueba,2026-06-09T23:11:52.212377+00:00,2026-06-09T23:11:56.462589+00:00,4250.19,200,ok,api-3,
benchmark-api4-5000-c1000-005,005-REQ-002864,2864,registro de prueba,2026-06-09T23:11:52.213500+00:00,2026-06-09T23:11:56.456809+00:00,4243.28,200,ok,api-2,
benchmark-api4-5000-c1000-005,005-REQ-002865,2865,registro de prueba,2026-06-09T23:11:52.214286+00:00,2026-06-09T23:11:56.473123+00:00,4258.82,200,ok,api-4,
benchmark-api4-5000-c1000-005,005-REQ-002866,2866,registro de prueba,2026-06-09T23:11:52.220349+00:00,2026-06-09T23:11:56.479836+00:00,4259.46,200,ok,api-4,
benchmark-api4-5000-c1000-005,005-REQ-002867,2867,registro de prueba,2026-06-09T23:11:52.221490+00:00,2026-06-09T23:11:56.462870+00:00,4241.37,200,ok,api-1,
benchmark-api4-5000-c1000-005,005-REQ-002868,2868,registro de prueba,2026-06-09T23:11:52.223295+00:00,2026-06-09T23:11:52.822650+00:00,599.33,200,ok,api-4,
benchmark-api4-5000-c1000-005,005-REQ-002869,2869,registro de prueba,2026-06-09T23:11:52.224121+00:00,2026-06-09T23:11:56.458230+00:00,4234.07,200,ok,api-2,
benchmark-api4-5000-c1000-005,005-REQ-002870,2870,registro de prueba,2026-06-09T23:11:52.225912+00:00,2026-06-09T23:11:52.686745+00:00,460.82,200,ok,api-1,
benchmark-api4-5000-c1000-005,005-REQ-002871,2871,registro de prueba,2026-06-09T23:11:52.226707+00:00,2026-06-09T23:11:52.636357+00:00,409.63,200,ok,api-4,
benchmark-api4-5000-c1000-005,005-REQ-002872,2872,registro de prueba,2026-06-09T23:11:52.227258+00:00,2026-06-09T23:11:56.447911+00:00,4220.63,200,ok,api-3,
benchmark-api4-5000-c1000-005,005-REQ-002873,2873,registro de prueba,2026-06-09T23:11:52.227527+00:00,2026-06-09T23:11:56.503220+00:00,4275.67,200,ok,api-1,
benchmark-api4-5000-c1000-005,005-REQ-002874,2874,registro de prueba,2026-06-09T23:11:52.228604+00:00,2026-06-09T23:11:56.467917+00:00,4239.29,200,ok,api-4,
benchmark-api4-5000-c1000-005,005-REQ-002875,2875,registro de prueba,2026-06-09T23:11:52.232675+00:00,2026-06-09T23:11:56.599248+00:00,4366.54,200,ok,api-2,
benchmark-api4-5000-c1000-005,005-REQ-002876,2876,registro de prueba,2026-06-09T23:11:52.237180+00:00,2026-06-09T23:11:56.492574+00:00,4255.36,200,ok,api-2,
benchmark-api4-5000-c1000-005,005-REQ-002877,2877,registro de prueba,2026-06-09T23:11:52.240905+00:00,2026-06-09T23:11:56.590274+00:00,4349.34,200,ok,api-3,
benchmark-api4-5000-c1000-005,005-REQ-002878,2878,registro de prueba,2026-06-09T23:11:52.246489+00:00,2026-06-09T23:11:56.590067+00:00,4343.55,200,ok,api-1,
benchmark-api4-5000-c1000-005,005-REQ-002879,2879,registro de prueba,2026-06-09T23:11:52.248292+00:00,2026-06-09T23:11:56.645982+00:00,4397.66,200,ok,api-3,
benchmark-api4-5000-c1000-005,005-REQ-002880,2880,registro de prueba,2026-06-09T23:11:52.249404+00:00,2026-06-09T23:11:56.570848+00:00,4321.41,200,ok,api-3,
benchmark-api4-5000-c1000-005,005-REQ-002881,2881,registro de prueba,2026-06-09T23:11:52.253945+00:00,2026-06-09T23:11:56.687577+00:00,4433.54,200,ok,api-1,
benchmark-api4-5000-c1000-005,005-REQ-002882,2882,registro de prueba,2026-06-09T23:11:52.258209+00:00,2026-06-09T23:11:52.693904+00:00,435.66,200,ok,api-3,
benchmark-api4-5000-c1000-005,005-REQ-002883,2883,registro de prueba,2026-06-09T23:11:52.259046+00:00,2026-06-09T23:11:56.484771+00:00,4225.69,200,ok,api-4,
benchmark-api4-5000-c1000-005,005-REQ-002884,2884,registro de prueba,2026-06-09T23:11:52.264314+00:00,2026-06-09T23:11:52.643637+00:00,379.29,200,ok,api-4,
benchmark-api4-5000-c1000-005,005-REQ-002885,2885,registro de prueba,2026-06-09T23:11:52.265356+00:00,2026-06-09T23:11:56.553023+00:00,4287.63,200,ok,api-2,
benchmark-api4-5000-c1000-005,005-REQ-002886,2886,registro de prueba,2026-06-09T23:11:52.265665+00:00,2026-06-09T23:11:56.508018+00:00,4242.33,200,ok,api-4,
benchmark-api4-5000-c1000-005,005-REQ-002887,2887,registro de prueba,2026-06-09T23:11:52.266655+00:00,2026-06-09T23:11:56.484504+00:00,4217.82,200,ok,api-2,
benchmark-api4-5000-c1000-005,005-REQ-002888,2888,registro de prueba,2026-06-09T23:11:52.273715+00:00,2026-06-09T23:11:52.825737+00:00,551.97,200,ok,api-4,
benchmark-api4-5000-c1000-005,005-REQ-002889,2889,registro de prueba,2026-06-09T23:11:52.274644+00:00,2026-06-09T23:11:56.609043+00:00,4334.32,200,ok,api-1,
benchmark-api4-5000-c1000-005,005-REQ-002890,2890,registro de prueba,2026-06-09T23:11:52.275887+00:00,2026-06-09T23:11:56.504078+00:00,4228.17,200,ok,api-3,
benchmark-api4-5000-c1000-005,005-REQ-002891,2891,registro de prueba,2026-06-09T23:11:52.277055+00:00,2026-06-09T23:11:56.599512+00:00,4322.44,200,ok,api-2,
benchmark-api4-5000-c1000-005,005-REQ-002892,2892,registro de prueba,2026-06-09T23:11:52.278084+00:00,2026-06-09T23:11:56.497680+00:00,4219.57,200,ok,api-1,
benchmark-api4-5000-c1000-005,005-REQ-002893,2893,registro de prueba,2026-06-09T23:11:52.287602+00:00,2026-06-09T23:11:52.711584+00:00,423.96,200,ok,api-4,
benchmark-api4-5000-c1000-005,005-REQ-002894,2894,registro de prueba,2026-06-09T23:11:52.288112+00:00,2026-06-09T23:11:56.673425+00:00,4385.28,200,ok,api-2,
benchmark-api4-5000-c1000-005,005-REQ-002895,2895,registro de prueba,2026-06-09T23:11:52.289198+00:00,2026-06-09T23:11:56.523942+00:00,4234.72,200,ok,api-3,
benchmark-api4-5000-c1000-005,005-REQ-002896,2896,registro de prueba,2026-06-09T23:11:52.290488+00:00,2026-06-09T23:11:56.528390+00:00,4237.88,200,ok,api-4,
benchmark-api4-5000-c1000-005,005-REQ-002897,2897,registro de prueba,2026-06-09T23:11:52.299937+00:00,2026-06-09T23:11:56.639135+00:00,4339.17,200,ok,api-1,
benchmark-api4-5000-c1000-005,005-REQ-002898,2898,registro de prueba,2026-06-09T23:11:52.302284+00:00,2026-06-09T23:11:56.551532+00:00,4249.22,200,ok,api-2,
benchmark-api4-5000-c1000-005,005-REQ-002899,2899,registro de prueba,2026-06-09T23:11:52.306888+00:00,2026-06-09T23:11:56.512157+00:00,4205.23,200,ok,api-3,
benchmark-api4-5000-c1000-005,005-REQ-002900,2900,registro de prueba,2026-06-09T23:11:52.309168+00:00,2026-06-09T23:11:56.634526+00:00,4325.33,200,ok,api-4,
benchmark-api4-5000-c1000-005,005-REQ-002901,2901,registro de prueba,2026-06-09T23:11:52.310401+00:00,2026-06-09T23:11:56.632714+00:00,4322.29,200,ok,api-2,
benchmark-api4-5000-c1000-005,005-REQ-002902,2902,registro de prueba,2026-06-09T23:11:52.315570+00:00,2026-06-09T23:11:56.557537+00:00,4241.92,200,ok,api-1,
benchmark-api4-5000-c1000-005,005-REQ-002903,2903,registro de prueba,2026-06-09T23:11:52.316715+00:00,2026-06-09T23:11:56.531815+00:00,4215.08,200,ok,api-2,
benchmark-api4-5000-c1000-005,005-REQ-002904,2904,registro de prueba,2026-06-09T23:11:52.321637+00:00,2026-06-09T23:11:52.581869+00:00,260.21,200,ok,api-4,
benchmark-api4-5000-c1000-005,005-REQ-002905,2905,registro de prueba,2026-06-09T23:11:52.322522+00:00,2026-06-09T23:11:56.525370+00:00,4202.82,200,ok,api-4,
benchmark-api4-5000-c1000-005,005-REQ-002906,2906,registro de prueba,2026-06-09T23:11:52.326735+00:00,2026-06-09T23:11:52.954094+00:00,627.34,200,ok,api-3,
benchmark-api4-5000-c1000-005,005-REQ-002907,2907,registro de prueba,2026-06-09T23:11:52.327339+00:00,2026-06-09T23:11:56.664882+00:00,4337.52,200,ok,api-4,
benchmark-api4-5000-c1000-005,005-REQ-002908,2908,registro de prueba,2026-06-09T23:11:52.331031+00:00,2026-06-09T23:11:56.586140+00:00,4255.08,200,ok,api-1,
benchmark-api4-5000-c1000-005,005-REQ-002909,2909,registro de prueba,2026-06-09T23:11:52.333551+00:00,2026-06-09T23:11:56.554982+00:00,4221.39,200,ok,api-2,
benchmark-api4-5000-c1000-005,005-REQ-002910,2910,registro de prueba,2026-06-09T23:11:52.335388+00:00,2026-06-09T23:11:56.622255+00:00,4286.83,200,ok,api-3,
benchmark-api4-5000-c1000-005,005-REQ-002911,2911,registro de prueba,2026-06-09T23:11:52.344589+00:00,2026-06-09T23:11:52.732268+00:00,387.65,200,ok,api-4,
benchmark-api4-5000-c1000-005,005-REQ-002912,2912,registro de prueba,2026-06-09T23:11:52.345412+00:00,2026-06-09T23:11:56.620622+00:00,4275.18,200,ok,api-4,
benchmark-api4-5000-c1000-005,005-REQ-002913,2913,registro de prueba,2026-06-09T23:11:52.347647+00:00,2026-06-09T23:11:56.650923+00:00,4303.24,200,ok,api-1,
benchmark-api4-5000-c1000-005,005-REQ-002914,2914,registro de prueba,2026-06-09T23:11:52.349239+00:00,2026-06-09T23:11:56.610313+00:00,4261.04,200,ok,api-2,
benchmark-api4-5000-c1000-005,005-REQ-002915,2915,registro de prueba,2026-06-09T23:11:52.350335+00:00,2026-06-09T23:11:56.654192+00:00,4303.84,200,ok,api-3,
benchmark-api4-5000-c1000-005,005-REQ-002916,2916,registro de prueba,2026-06-09T23:11:52.351931+00:00,2026-06-09T23:11:56.621980+00:00,4270.02,200,ok,api-2,
benchmark-api4-5000-c1000-005,005-REQ-002917,2917,registro de prueba,2026-06-09T23:11:52.354648+00:00,2026-06-09T23:11:56.477305+00:00,4122.63,200,ok,api-4,
benchmark-api4-5000-c1000-005,005-REQ-002918,2918,registro de prueba,2026-06-09T23:11:52.357077+00:00,2026-06-09T23:11:56.663811+00:00,4306.7,200,ok,api-1,
benchmark-api4-5000-c1000-005,005-REQ-002919,2919,registro de prueba,2026-06-09T23:11:52.358482+00:00,2026-06-09T23:11:56.597479+00:00,4238.97,200,ok,api-4,
benchmark-api4-5000-c1000-005,005-REQ-002920,2920,registro de prueba,2026-06-09T23:11:52.359370+00:00,2026-06-09T23:11:56.647867+00:00,4288.48,200,ok,api-1,
benchmark-api4-5000-c1000-005,005-REQ-002921,2921,registro de prueba,2026-06-09T23:11:52.367971+00:00,2026-06-09T23:11:52.666657+00:00,298.66,200,ok,api-2,
benchmark-api4-5000-c1000-005,005-REQ-002922,2922,registro de prueba,2026-06-09T23:11:52.368592+00:00,2026-06-09T23:11:56.557760+00:00,4189.15,200,ok,api-4,
benchmark-api4-5000-c1000-005,005-REQ-002923,2923,registro de prueba,2026-06-09T23:11:52.369538+00:00,2026-06-09T23:11:56.734713+00:00,4365.15,200,ok,api-1,
benchmark-api4-5000-c1000-005,005-REQ-002924,2924,registro de prueba,2026-06-09T23:11:52.376959+00:00,2026-06-09T23:11:52.803519+00:00,426.53,200,ok,api-2,
benchmark-api4-5000-c1000-005,005-REQ-002925,2925,registro de prueba,2026-06-09T23:11:52.378038+00:00,2026-06-09T23:11:56.660693+00:00,4282.62,200,ok,api-3,
benchmark-api4-5000-c1000-005,005-REQ-002926,2926,registro de prueba,2026-06-09T23:11:52.378357+00:00,2026-06-09T23:11:56.544788+00:00,4166.41,200,ok,api-4,
benchmark-api4-5000-c1000-005,005-REQ-002927,2927,registro de prueba,2026-06-09T23:11:52.380131+00:00,2026-06-09T23:11:56.695223+00:00,4315.07,200,ok,api-1,
benchmark-api4-5000-c1000-005,005-REQ-002928,2928,registro de prueba,2026-06-09T23:11:52.385022+00:00,2026-06-09T23:11:56.575966+00:00,4190.92,200,ok,api-2,
benchmark-api4-5000-c1000-005,005-REQ-002929,2929,registro de prueba,2026-06-09T23:11:52.391121+00:00,2026-06-09T23:11:56.662730+00:00,4271.57,200,ok,api-3,
benchmark-api4-5000-c1000-005,005-REQ-002930,2930,registro de prueba,2026-06-09T23:11:52.393750+00:00,2026-06-09T23:11:56.700509+00:00,4306.72,200,ok,api-4,
benchmark-api4-5000-c1000-005,005-REQ-002931,2931,registro de prueba,2026-06-09T23:11:52.396199+00:00,2026-06-09T23:11:56.739697+00:00,4343.47,200,ok,api-2,
benchmark-api4-5000-c1000-005,005-REQ-002932,2932,registro de prueba,2026-06-09T23:11:52.407719+00:00,2026-06-09T23:11:56.730198+00:00,4322.45,200,ok,api-1,
benchmark-api4-5000-c1000-005,005-REQ-002933,2933,registro de prueba,2026-06-09T23:11:52.411671+00:00,2026-06-09T23:11:52.997082+00:00,585.39,200,ok,api-2,
benchmark-api4-5000-c1000-005,005-REQ-002934,2934,registro de prueba,2026-06-09T23:11:52.412408+00:00,2026-06-09T23:11:56.702513+00:00,4290.08,200,ok,api-2,
benchmark-api4-5000-c1000-005,005-REQ-002935,2935,registro de prueba,2026-06-09T23:11:52.420725+00:00,2026-06-09T23:11:56.555287+00:00,4134.53,200,ok,api-3,
benchmark-api4-5000-c1000-005,005-REQ-002936,2936,registro de prueba,2026-06-09T23:11:52.430127+00:00,2026-06-09T23:11:56.740181+00:00,4310.03,200,ok,api-1,
benchmark-api4-5000-c1000-005,005-REQ-002937,2937,registro de prueba,2026-06-09T23:11:52.433483+00:00,2026-06-09T23:11:56.724357+00:00,4290.84,200,ok,api-3,
benchmark-api4-5000-c1000-005,005-REQ-002938,2938,registro de prueba,2026-06-09T23:11:52.450616+00:00,2026-06-09T23:11:56.675214+00:00,4224.57,200,ok,api-4,
benchmark-api4-5000-c1000-005,005-REQ-002939,2939,registro de prueba,2026-06-09T23:11:52.458808+00:00,2026-06-09T23:11:56.646197+00:00,4187.37,200,ok,api-4,
benchmark-api4-5000-c1000-005,005-REQ-002940,2940,registro de prueba,2026-06-09T23:11:52.465997+00:00,2026-06-09T23:11:56.653866+00:00,4187.84,200,ok,api-1,
benchmark-api4-5000-c1000-005,005-REQ-002941,2941,registro de prueba,2026-06-09T23:11:52.468361+00:00,2026-06-09T23:11:52.792983+00:00,324.6,200,ok,api-2,
benchmark-api4-5000-c1000-005,005-REQ-002942,2942,registro de prueba,2026-06-09T23:11:52.468741+00:00,2026-06-09T23:11:56.581830+00:00,4113.07,200,ok,api-2,
benchmark-api4-5000-c1000-005,005-REQ-002943,2943,registro de prueba,2026-06-09T23:11:52.480827+00:00,2026-06-09T23:11:56.725822+00:00,4244.97,200,ok,api-3,
benchmark-api4-5000-c1000-005,005-REQ-002944,2944,registro de prueba,2026-06-09T23:11:52.492363+00:00,2026-06-09T23:11:56.704309+00:00,4211.92,200,ok,api-4,
benchmark-api4-5000-c1000-005,005-REQ-002945,2945,registro de prueba,2026-06-09T23:11:52.496520+00:00,2026-06-09T23:11:56.752999+00:00,4256.45,200,ok,api-1,
benchmark-api4-5000-c1000-005,005-REQ-002946,2946,registro de prueba,2026-06-09T23:11:52.506504+00:00,2026-06-09T23:11:56.744747+00:00,4238.21,200,ok,api-3,
benchmark-api4-5000-c1000-005,005-REQ-002947,2947,registro de prueba,2026-06-09T23:11:52.521323+00:00,2026-06-09T23:11:56.727419+00:00,4206.07,200,ok,api-4,
benchmark-api4-5000-c1000-005,005-REQ-002948,2948,registro de prueba,2026-06-09T23:11:52.532744+00:00,2026-06-09T23:11:56.680305+00:00,4147.54,200,ok,api-1,
benchmark-api4-5000-c1000-005,005-REQ-002949,2949,registro de prueba,2026-06-09T23:11:52.542062+00:00,2026-06-09T23:11:56.708230+00:00,4166.14,200,ok,api-2,
benchmark-api4-5000-c1000-005,005-REQ-002950,2950,registro de prueba,2026-06-09T23:11:52.557254+00:00,2026-06-09T23:11:56.700781+00:00,4143.51,200,ok,api-3,
benchmark-api4-5000-c1000-005,005-REQ-002951,2951,registro de prueba,2026-06-09T23:11:52.559493+00:00,2026-06-09T23:11:56.702246+00:00,4142.73,200,ok,api-4,
benchmark-api4-5000-c1000-005,005-REQ-002952,2952,registro de prueba,2026-06-09T23:11:52.574408+00:00,2026-06-09T23:11:56.718626+00:00,4144.19,200,ok,api-1,
benchmark-api4-5000-c1000-005,005-REQ-002953,2953,registro de prueba,2026-06-09T23:11:52.582356+00:00,2026-06-09T23:11:56.716765+00:00,4134.38,200,ok,api-2,
benchmark-api4-5000-c1000-005,005-REQ-002954,2954,registro de prueba,2026-06-09T23:11:52.583581+00:00,2026-06-09T23:11:56.776917+00:00,4193.29,200,ok,api-3,
benchmark-api4-5000-c1000-005,005-REQ-002955,2955,registro de prueba,2026-06-09T23:11:52.584613+00:00,2026-06-09T23:11:52.882110+00:00,297.48,200,ok,api-3,
benchmark-api4-5000-c1000-005,005-REQ-002956,2956,registro de prueba,2026-06-09T23:11:52.585088+00:00,2026-06-09T23:11:56.748691+00:00,4163.59,200,ok,api-1,
benchmark-api4-5000-c1000-005,005-REQ-002957,2957,registro de prueba,2026-06-09T23:11:52.601654+00:00,2026-06-09T23:11:56.760859+00:00,4159.18,200,ok,api-4,
benchmark-api4-5000-c1000-005,005-REQ-002958,2958,registro de prueba,2026-06-09T23:11:52.603342+00:00,2026-06-09T23:11:56.840319+00:00,4236.96,200,ok,api-2,
benchmark-api4-5000-c1000-005,005-REQ-002959,2959,registro de prueba,2026-06-09T23:11:52.604316+00:00,2026-06-09T23:11:56.787553+00:00,4183.21,200,ok,api-3,
benchmark-api4-5000-c1000-005,005-REQ-002960,2960,registro de prueba,2026-06-09T23:11:52.608243+00:00,2026-06-09T23:11:56.718483+00:00,4110.22,200,ok,api-4,
benchmark-api4-5000-c1000-005,005-REQ-002961,2961,registro de prueba,2026-06-09T23:11:52.609465+00:00,2026-06-09T23:11:56.771416+00:00,4161.6,200,ok,api-2,
benchmark-api4-5000-c1000-005,005-REQ-002962,2962,registro de prueba,2026-06-09T23:11:52.610560+00:00,2026-06-09T23:11:56.796517+00:00,4185.93,200,ok,api-3,
benchmark-api4-5000-c1000-005,005-REQ-002963,2963,registro de prueba,2026-06-09T23:11:52.629010+00:00,2026-06-09T23:11:56.744555+00:00,4115.52,200,ok,api-4,
benchmark-api4-5000-c1000-005,005-REQ-002964,2964,registro de prueba,2026-06-09T23:11:52.630860+00:00,2026-06-09T23:11:56.743223+00:00,4112.34,200,ok,api-2,
benchmark-api4-5000-c1000-005,005-REQ-002965,2965,registro de prueba,2026-06-09T23:11:52.636943+00:00,2026-06-09T23:11:53.102488+00:00,465.52,200,ok,api-2,
benchmark-api4-5000-c1000-005,005-REQ-002966,2966,registro de prueba,2026-06-09T23:11:52.637828+00:00,2026-06-09T23:11:56.725600+00:00,4087.75,200,ok,api-3,
benchmark-api4-5000-c1000-005,005-REQ-002967,2967,registro de prueba,2026-06-09T23:11:52.641949+00:00,2026-06-09T23:11:52.924299+00:00,282.33,200,ok,api-4,
benchmark-api4-5000-c1000-005,005-REQ-002968,2968,registro de prueba,2026-06-09T23:11:52.642455+00:00,2026-06-09T23:11:56.729630+00:00,4087.15,200,ok,api-4,
benchmark-api4-5000-c1000-005,005-REQ-002969,2969,registro de prueba,2026-06-09T23:11:52.644049+00:00,2026-06-09T23:11:56.744852+00:00,4100.79,200,ok,api-2,
benchmark-api4-5000-c1000-005,005-REQ-002970,2970,registro de prueba,2026-06-09T23:11:52.645132+00:00,2026-06-09T23:11:56.817690+00:00,4172.54,200,ok,api-3,
benchmark-api4-5000-c1000-005,005-REQ-002971,2971,registro de prueba,2026-06-09T23:11:52.645703+00:00,2026-06-09T23:11:56.782494+00:00,4136.78,200,ok,api-4,
benchmark-api4-5000-c1000-005,005-REQ-002972,2972,registro de prueba,2026-06-09T23:11:52.657365+00:00,2026-06-09T23:11:56.815482+00:00,4158.08,200,ok,api-1,
benchmark-api4-5000-c1000-005,005-REQ-002973,2973,registro de prueba,2026-06-09T23:11:52.664741+00:00,2026-06-09T23:11:56.764197+00:00,4099.42,200,ok,api-2,
benchmark-api4-5000-c1000-005,005-REQ-002974,2974,registro de prueba,2026-06-09T23:11:52.668103+00:00,2026-06-09T23:11:56.739199+00:00,4071.06,200,ok,api-4,
benchmark-api4-5000-c1000-005,005-REQ-002975,2975,registro de prueba,2026-06-09T23:11:52.676658+00:00,2026-06-09T23:11:56.814208+00:00,4137.53,200,ok,api-1,
benchmark-api4-5000-c1000-005,005-REQ-002976,2976,registro de prueba,2026-06-09T23:11:52.686097+00:00,2026-06-09T23:11:56.800972+00:00,4114.84,200,ok,api-2,
benchmark-api4-5000-c1000-005,005-REQ-002977,2977,registro de prueba,2026-06-09T23:11:52.688127+00:00,2026-06-09T23:11:53.027484+00:00,339.31,200,ok,api-3,
benchmark-api4-5000-c1000-005,005-REQ-002978,2978,registro de prueba,2026-06-09T23:11:52.689033+00:00,2026-06-09T23:11:56.863994+00:00,4174.93,200,ok,api-3,
benchmark-api4-5000-c1000-005,005-REQ-002979,2979,registro de prueba,2026-06-09T23:11:52.689335+00:00,2026-06-09T23:11:56.762149+00:00,4072.8,200,ok,api-4,
benchmark-api4-5000-c1000-005,005-REQ-002980,2980,registro de prueba,2026-06-09T23:11:52.690469+00:00,2026-06-09T23:11:56.838115+00:00,4147.63,200,ok,api-3,
benchmark-api4-5000-c1000-005,005-REQ-002981,2981,registro de prueba,2026-06-09T23:11:52.691609+00:00,2026-06-09T23:11:53.279539+00:00,587.91,200,ok,api-4,
benchmark-api4-5000-c1000-005,005-REQ-002982,2982,registro de prueba,2026-06-09T23:11:52.692184+00:00,2026-06-09T23:11:56.866538+00:00,4174.33,200,ok,api-1,
benchmark-api4-5000-c1000-005,005-REQ-002983,2983,registro de prueba,2026-06-09T23:11:52.693069+00:00,2026-06-09T23:11:56.860996+00:00,4167.91,200,ok,api-2,
benchmark-api4-5000-c1000-005,005-REQ-002984,2984,registro de prueba,2026-06-09T23:11:52.694417+00:00,2026-06-09T23:11:53.352756+00:00,658.32,200,ok,api-2,
benchmark-api4-5000-c1000-005,005-REQ-002985,2985,registro de prueba,2026-06-09T23:11:52.695082+00:00,2026-06-09T23:11:56.837719+00:00,4142.61,200,ok,api-4,
benchmark-api4-5000-c1000-005,005-REQ-002986,2986,registro de prueba,2026-06-09T23:11:52.695305+00:00,2026-06-09T23:11:56.802324+00:00,4107.01,200,ok,api-3,
benchmark-api4-5000-c1000-005,005-REQ-002987,2987,registro de prueba,2026-06-09T23:11:52.705423+00:00,2026-06-09T23:11:56.765798+00:00,4060.34,200,ok,api-4,
benchmark-api4-5000-c1000-005,005-REQ-002988,2988,registro de prueba,2026-06-09T23:11:52.712609+00:00,2026-06-09T23:11:53.307329+00:00,594.69,200,ok,api-1,
benchmark-api4-5000-c1000-005,005-REQ-002989,2989,registro de prueba,2026-06-09T23:11:52.713397+00:00,2026-06-09T23:11:56.840137+00:00,4126.71,200,ok,api-1,
benchmark-api4-5000-c1000-005,005-REQ-002990,2990,registro de prueba,2026-06-09T23:11:52.716999+00:00,2026-06-09T23:11:53.297260+00:00,580.23,200,ok,api-3,
benchmark-api4-5000-c1000-005,005-REQ-002991,2991,registro de prueba,2026-06-09T23:11:52.717712+00:00,2026-06-09T23:11:56.826327+00:00,4108.58,200,ok,api-2,
benchmark-api4-5000-c1000-005,005-REQ-002992,2992,registro de prueba,2026-06-09T23:11:52.719167+00:00,2026-06-09T23:11:56.830879+00:00,4111.68,200,ok,api-3,
benchmark-api4-5000-c1000-005,005-REQ-002993,2993,registro de prueba,2026-06-09T23:11:52.720144+00:00,2026-06-09T23:11:56.907474+00:00,4187.31,200,ok,api-3,
benchmark-api4-5000-c1000-005,005-REQ-002994,2994,registro de prueba,2026-06-09T23:11:52.722317+00:00,2026-06-09T23:11:56.828058+00:00,4105.71,200,ok,api-2,
benchmark-api4-5000-c1000-005,005-REQ-002995,2995,registro de prueba,2026-06-09T23:11:52.731159+00:00,2026-06-09T23:11:56.820623+00:00,4089.26,200,ok,api-4,
benchmark-api4-5000-c1000-005,005-REQ-002996,2996,registro de prueba,2026-06-09T23:11:52.732887+00:00,2026-06-09T23:11:56.853630+00:00,4120.71,200,ok,api-1,
benchmark-api4-5000-c1000-005,005-REQ-002997,2997,registro de prueba,2026-06-09T23:11:52.735141+00:00,2026-06-09T23:11:56.994838+00:00,4259.67,200,ok,api-2,
benchmark-api4-5000-c1000-005,005-REQ-002998,2998,registro de prueba,2026-06-09T23:11:52.741508+00:00,2026-06-09T23:11:56.876049+00:00,4134.51,200,ok,api-4,
benchmark-api4-5000-c1000-005,005-REQ-002999,2999,registro de prueba,2026-06-09T23:11:52.742933+00:00,2026-06-09T23:11:56.904527+00:00,4161.56,200,ok,api-3,
benchmark-api4-5000-c1000-005,005-REQ-003000,3000,registro de prueba,2026-06-09T23:11:52.755634+00:00,2026-06-09T23:11:56.894290+00:00,4138.54,200,ok,api-1,
benchmark-api4-5000-c1000-005,005-REQ-003001,3001,registro de prueba,2026-06-09T23:11:52.763958+00:00,2026-06-09T23:11:53.318039+00:00,554.04,200,ok,api-3,
benchmark-api4-5000-c1000-005,005-REQ-003002,3002,registro de prueba,2026-06-09T23:11:52.764496+00:00,2026-06-09T23:11:56.921343+00:00,4156.81,200,ok,api-2,
benchmark-api4-5000-c1000-005,005-REQ-003003,3003,registro de prueba,2026-06-09T23:11:52.766477+00:00,2026-06-09T23:11:56.937932+00:00,4171.42,200,ok,api-3,
benchmark-api4-5000-c1000-005,005-REQ-003004,3004,registro de prueba,2026-06-09T23:11:52.768838+00:00,2026-06-09T23:11:56.899145+00:00,4130.27,200,ok,api-4,
benchmark-api4-5000-c1000-005,005-REQ-003005,3005,registro de prueba,2026-06-09T23:11:52.780219+00:00,2026-06-09T23:11:56.980659+00:00,4200.41,200,ok,api-1,
benchmark-api4-5000-c1000-005,005-REQ-003006,3006,registro de prueba,2026-06-09T23:11:52.782251+00:00,2026-06-09T23:11:56.966701+00:00,4184.43,200,ok,api-3,
benchmark-api4-5000-c1000-005,005-REQ-003007,3007,registro de prueba,2026-06-09T23:11:52.793452+00:00,2026-06-09T23:11:56.919283+00:00,4125.81,200,ok,api-4,
benchmark-api4-5000-c1000-005,005-REQ-003008,3008,registro de prueba,2026-06-09T23:11:52.796767+00:00,2026-06-09T23:11:57.015750+00:00,4218.96,200,ok,api-2,
benchmark-api4-5000-c1000-005,005-REQ-003009,3009,registro de prueba,2026-06-09T23:11:52.804206+00:00,2026-06-09T23:11:53.250730+00:00,446.5,200,ok,api-2,
benchmark-api4-5000-c1000-005,005-REQ-003010,3010,registro de prueba,2026-06-09T23:11:52.804875+00:00,2026-06-09T23:11:56.978005+00:00,4173.09,200,ok,api-3,
benchmark-api4-5000-c1000-005,005-REQ-003011,3011,registro de prueba,2026-06-09T23:11:52.810433+00:00,2026-06-09T23:11:56.964032+00:00,4153.55,200,ok,api-1,
benchmark-api4-5000-c1000-005,005-REQ-003012,3012,registro de prueba,2026-06-09T23:11:52.815296+00:00,2026-06-09T23:11:57.008618+00:00,4193.29,200,ok,api-4,
benchmark-api4-5000-c1000-005,005-REQ-003013,3013,registro de prueba,2026-06-09T23:11:52.816252+00:00,2026-06-09T23:11:56.943581+00:00,4127.31,200,ok,api-3,
benchmark-api4-5000-c1000-005,005-REQ-003014,3014,registro de prueba,2026-06-09T23:11:52.818802+00:00,2026-06-09T23:11:56.986572+00:00,4167.74,200,ok,api-4,
benchmark-api4-5000-c1000-005,005-REQ-003015,3015,registro de prueba,2026-06-09T23:11:52.823304+00:00,2026-06-09T23:11:57.084555+00:00,4261.2,200,ok,api-1,
benchmark-api4-5000-c1000-005,005-REQ-003016,3016,registro de prueba,2026-06-09T23:11:52.826389+00:00,2026-06-09T23:11:57.017247+00:00,4190.84,200,ok,api-3,
benchmark-api4-5000-c1000-005,005-REQ-003017,3017,registro de prueba,2026-06-09T23:11:52.827827+00:00,2026-06-09T23:11:56.944929+00:00,4117.08,200,ok,api-4,
benchmark-api4-5000-c1000-005,005-REQ-003018,3018,registro de prueba,2026-06-09T23:11:52.834530+00:00,2026-06-09T23:11:57.004736+00:00,4170.17,200,ok,api-2,
benchmark-api4-5000-c1000-005,005-REQ-003019,3019,registro de prueba,2026-06-09T23:11:52.840880+00:00,2026-06-09T23:11:57.000284+00:00,4159.37,200,ok,api-3,
benchmark-api4-5000-c1000-005,005-REQ-003020,3020,registro de prueba,2026-06-09T23:11:52.842069+00:00,2026-06-09T23:11:56.942508+00:00,4100.42,200,ok,api-4,
benchmark-api4-5000-c1000-005,005-REQ-003021,3021,registro de prueba,2026-06-09T23:11:52.843168+00:00,2026-06-09T23:11:57.033364+00:00,4190.17,200,ok,api-2,
benchmark-api4-5000-c1000-005,005-REQ-003022,3022,registro de prueba,2026-06-09T23:11:52.845465+00:00,2026-06-09T23:11:57.024638+00:00,4179.14,200,ok,api-4,
benchmark-api4-5000-c1000-005,005-REQ-003023,3023,registro de prueba,2026-06-09T23:11:52.850074+00:00,2026-06-09T23:11:56.962160+00:00,4112.06,200,ok,api-3,
benchmark-api4-5000-c1000-005,005-REQ-003024,3024,registro de prueba,2026-06-09T23:11:52.856850+00:00,2026-06-09T23:11:56.991787+00:00,4134.91,200,ok,api-2,
benchmark-api4-5000-c1000-005,005-REQ-003025,3025,registro de prueba,2026-06-09T23:11:52.859956+00:00,2026-06-09T23:11:56.963923+00:00,4103.94,200,ok,api-4,
benchmark-api4-5000-c1000-005,005-REQ-003026,3026,registro de prueba,2026-06-09T23:11:52.871096+00:00,2026-06-09T23:11:57.019591+00:00,4148.48,200,ok,api-3,
benchmark-api4-5000-c1000-005,005-REQ-003027,3027,registro de prueba,2026-06-09T23:11:52.872711+00:00,2026-06-09T23:11:57.099606+00:00,4226.86,200,ok,api-1,
benchmark-api4-5000-c1000-005,005-REQ-003028,3028,registro de prueba,2026-06-09T23:11:52.875518+00:00,2026-06-09T23:11:57.006047+00:00,4130.5,200,ok,api-2,
benchmark-api4-5000-c1000-005,005-REQ-003029,3029,registro de prueba,2026-06-09T23:11:52.876588+00:00,2026-06-09T23:11:57.039454+00:00,4162.84,200,ok,api-3,
benchmark-api4-5000-c1000-005,005-REQ-003030,3030,registro de prueba,2026-06-09T23:11:52.877525+00:00,2026-06-09T23:11:57.037432+00:00,4159.89,200,ok,api-4,
benchmark-api4-5000-c1000-005,005-REQ-003031,3031,registro de prueba,2026-06-09T23:11:52.882549+00:00,2026-06-09T23:11:53.213763+00:00,331.19,200,ok,api-4,
benchmark-api4-5000-c1000-005,005-REQ-003032,3032,registro de prueba,2026-06-09T23:11:52.883110+00:00,2026-06-09T23:11:57.035469+00:00,4152.34,200,ok,api-3,
benchmark-api4-5000-c1000-005,005-REQ-003033,3033,registro de prueba,2026-06-09T23:11:52.893269+00:00,2026-06-09T23:11:57.046920+00:00,4153.63,200,ok,api-2,
benchmark-api4-5000-c1000-005,005-REQ-003034,3034,registro de prueba,2026-06-09T23:11:52.894361+00:00,2026-06-09T23:11:57.014287+00:00,4119.88,200,ok,api-1,
benchmark-api4-5000-c1000-005,005-REQ-003035,3035,registro de prueba,2026-06-09T23:11:52.901883+00:00,2026-06-09T23:11:53.278313+00:00,376.41,200,ok,api-4,
benchmark-api4-5000-c1000-005,005-REQ-003036,3036,registro de prueba,2026-06-09T23:11:52.902357+00:00,2026-06-09T23:11:57.042528+00:00,4140.15,200,ok,api-2,
benchmark-api4-5000-c1000-005,005-REQ-003037,3037,registro de prueba,2026-06-09T23:11:52.904432+00:00,2026-06-09T23:11:57.016975+00:00,4112.52,200,ok,api-3,
benchmark-api4-5000-c1000-005,005-REQ-003038,3038,registro de prueba,2026-06-09T23:11:52.910768+00:00,2026-06-09T23:11:56.963585+00:00,4052.79,200,ok,api-1,
benchmark-api4-5000-c1000-005,005-REQ-003039,3039,registro de prueba,2026-06-09T23:11:52.912317+00:00,2026-06-09T23:11:57.051672+00:00,4139.32,200,ok,api-4,
benchmark-api4-5000-c1000-005,005-REQ-003040,3040,registro de prueba,2026-06-09T23:11:52.916830+00:00,2026-06-09T23:11:56.957270+00:00,4040.38,200,ok,api-3,
benchmark-api4-5000-c1000-005,005-REQ-003041,3041,registro de prueba,2026-06-09T23:11:52.918797+00:00,2026-06-09T23:11:57.140162+00:00,4221.34,200,ok,api-1,
benchmark-api4-5000-c1000-005,005-REQ-003042,3042,registro de prueba,2026-06-09T23:11:52.924896+00:00,2026-06-09T23:11:57.080075+00:00,4155.16,200,ok,api-2,
benchmark-api4-5000-c1000-005,005-REQ-003043,3043,registro de prueba,2026-06-09T23:11:52.936111+00:00,2026-06-09T23:11:53.227211+00:00,291.08,200,ok,api-3,
benchmark-api4-5000-c1000-005,005-REQ-003044,3044,registro de prueba,2026-06-09T23:11:52.936711+00:00,2026-06-09T23:11:56.958704+00:00,4021.97,200,ok,api-3,
benchmark-api4-5000-c1000-005,005-REQ-003045,3045,registro de prueba,2026-06-09T23:11:52.937017+00:00,2026-06-09T23:11:56.944728+00:00,4007.7,200,ok,api-4,
benchmark-api4-5000-c1000-005,005-REQ-003046,3046,registro de prueba,2026-06-09T23:11:52.938411+00:00,2026-06-09T23:11:57.070685+00:00,4132.25,200,ok,api-2,
benchmark-api4-5000-c1000-005,005-REQ-003047,3047,registro de prueba,2026-06-09T23:11:52.941467+00:00,2026-06-09T23:11:57.076432+00:00,4134.95,200,ok,api-2,
benchmark-api4-5000-c1000-005,005-REQ-003048,3048,registro de prueba,2026-06-09T23:11:52.948600+00:00,2026-06-09T23:11:57.071252+00:00,4122.63,200,ok,api-3,
benchmark-api4-5000-c1000-005,005-REQ-003049,3049,registro de prueba,2026-06-09T23:11:52.950164+00:00,2026-06-09T23:11:53.163642+00:00,213.46,200,ok,api-2,
benchmark-api4-5000-c1000-005,005-REQ-003050,3050,registro de prueba,2026-06-09T23:11:52.950868+00:00,2026-06-09T23:11:56.972001+00:00,4021.11,200,ok,api-4,
benchmark-api4-5000-c1000-005,005-REQ-003051,3051,registro de prueba,2026-06-09T23:11:52.951122+00:00,2026-06-09T23:11:57.041178+00:00,4090.04,200,ok,api-1,
benchmark-api4-5000-c1000-005,005-REQ-003052,3052,registro de prueba,2026-06-09T23:11:52.954541+00:00,2026-06-09T23:11:53.262736+00:00,308.18,200,ok,api-1,
benchmark-api4-5000-c1000-005,005-REQ-003053,3053,registro de prueba,2026-06-09T23:11:52.955451+00:00,2026-06-09T23:11:57.107246+00:00,4151.77,200,ok,api-3,
benchmark-api4-5000-c1000-005,005-REQ-003054,3054,registro de prueba,2026-06-09T23:11:52.961168+00:00,2026-06-09T23:11:57.046449+00:00,4085.25,200,ok,api-2,
benchmark-api4-5000-c1000-005,005-REQ-003055,3055,registro de prueba,2026-06-09T23:11:52.968530+00:00,2026-06-09T23:11:57.096901+00:00,4128.34,200,ok,api-3,
benchmark-api4-5000-c1000-005,005-REQ-003056,3056,registro de prueba,2026-06-09T23:11:52.970102+00:00,2026-06-09T23:11:57.122606+00:00,4152.48,200,ok,api-1,
benchmark-api4-5000-c1000-005,005-REQ-003057,3057,registro de prueba,2026-06-09T23:11:52.973555+00:00,2026-06-09T23:11:57.079143+00:00,4105.56,200,ok,api-4,
benchmark-api4-5000-c1000-005,005-REQ-003058,3058,registro de prueba,2026-06-09T23:11:52.974820+00:00,2026-06-09T23:11:57.102625+00:00,4127.79,200,ok,api-3,
benchmark-api4-5000-c1000-005,005-REQ-003059,3059,registro de prueba,2026-06-09T23:11:52.982070+00:00,2026-06-09T23:11:57.060284+00:00,4078.18,200,ok,api-2,
benchmark-api4-5000-c1000-005,005-REQ-003060,3060,registro de prueba,2026-06-09T23:11:52.990181+00:00,2026-06-09T23:11:57.097225+00:00,4107.02,200,ok,api-4,
benchmark-api4-5000-c1000-005,005-REQ-003061,3061,registro de prueba,2026-06-09T23:11:52.992916+00:00,2026-06-09T23:11:56.969078+00:00,3976.14,200,ok,api-1,
benchmark-api4-5000-c1000-005,005-REQ-003062,3062,registro de prueba,2026-06-09T23:11:52.997470+00:00,2026-06-09T23:11:53.410479+00:00,412.99,200,ok,api-1,
benchmark-api4-5000-c1000-005,005-REQ-003063,3063,registro de prueba,2026-06-09T23:11:52.997925+00:00,2026-06-09T23:11:57.108442+00:00,4110.5,200,ok,api-2,
benchmark-api4-5000-c1000-005,005-REQ-003064,3064,registro de prueba,2026-06-09T23:11:53.022441+00:00,2026-06-09T23:11:53.271212+00:00,248.76,200,ok,api-3,
benchmark-api4-5000-c1000-005,005-REQ-003065,3065,registro de prueba,2026-06-09T23:11:53.022977+00:00,2026-06-09T23:11:57.053274+00:00,4030.26,200,ok,api-3,
benchmark-api4-5000-c1000-005,005-REQ-003066,3066,registro de prueba,2026-06-09T23:11:53.028321+00:00,2026-06-09T23:11:53.282328+00:00,253.98,200,ok,api-3,
benchmark-api4-5000-c1000-005,005-REQ-003067,3067,registro de prueba,2026-06-09T23:11:53.029108+00:00,2026-06-09T23:11:57.075204+00:00,4046.07,200,ok,api-4,
benchmark-api4-5000-c1000-005,005-REQ-003068,3068,registro de prueba,2026-06-09T23:11:53.038346+00:00,2026-06-09T23:11:57.185320+00:00,4146.94,200,ok,api-1,
benchmark-api4-5000-c1000-005,005-REQ-003069,3069,registro de prueba,2026-06-09T23:11:53.041517+00:00,2026-06-09T23:11:57.138218+00:00,4096.67,200,ok,api-2,
benchmark-api4-5000-c1000-005,005-REQ-003070,3070,registro de prueba,2026-06-09T23:11:53.047738+00:00,2026-06-09T23:11:57.132807+00:00,4085.05,200,ok,api-4,
benchmark-api4-5000-c1000-005,005-REQ-003071,3071,registro de prueba,2026-06-09T23:11:53.069730+00:00,2026-06-09T23:11:57.099267+00:00,4029.51,200,ok,api-3,
benchmark-api4-5000-c1000-005,005-REQ-003072,3072,registro de prueba,2026-06-09T23:11:53.076264+00:00,2026-06-09T23:11:57.185589+00:00,4109.31,200,ok,api-1,
benchmark-api4-5000-c1000-005,005-REQ-003073,3073,registro de prueba,2026-06-09T23:11:53.083596+00:00,2026-06-09T23:11:57.196962+00:00,4113.34,200,ok,api-2,
benchmark-api4-5000-c1000-005,005-REQ-003074,3074,registro de prueba,2026-06-09T23:11:53.084666+00:00,2026-06-09T23:11:57.211790+00:00,4127.1,200,ok,api-3,
benchmark-api4-5000-c1000-005,005-REQ-003075,3075,registro de prueba,2026-06-09T23:11:53.103070+00:00,2026-06-09T23:11:57.146181+00:00,4043.08,200,ok,api-4,
benchmark-api4-5000-c1000-005,005-REQ-003076,3076,registro de prueba,2026-06-09T23:11:53.151132+00:00,2026-06-09T23:11:57.213101+00:00,4061.95,200,ok,api-1,
benchmark-api4-5000-c1000-005,005-REQ-003077,3077,registro de prueba,2026-06-09T23:11:53.158550+00:00,2026-06-09T23:11:57.159193+00:00,4000.49,200,ok,api-2,
benchmark-api4-5000-c1000-005,005-REQ-003078,3078,registro de prueba,2026-06-09T23:11:53.164919+00:00,2026-06-09T23:11:53.412929+00:00,247.86,200,ok,api-3,
benchmark-api4-5000-c1000-005,005-REQ-003079,3079,registro de prueba,2026-06-09T23:11:53.165953+00:00,2026-06-09T23:11:57.136249+00:00,3970.27,200,ok,api-3,
benchmark-api4-5000-c1000-005,005-REQ-003080,3080,registro de prueba,2026-06-09T23:11:53.167599+00:00,2026-06-09T23:11:57.203164+00:00,4035.54,200,ok,api-1,
benchmark-api4-5000-c1000-005,005-REQ-003081,3081,registro de prueba,2026-06-09T23:11:53.170725+00:00,2026-06-09T23:11:57.239254+00:00,4068.51,200,ok,api-4,
benchmark-api4-5000-c1000-005,005-REQ-003082,3082,registro de prueba,2026-06-09T23:11:53.172176+00:00,2026-06-09T23:11:57.160458+00:00,3988.26,200,ok,api-2,
benchmark-api4-5000-c1000-005,005-REQ-003083,3083,registro de prueba,2026-06-09T23:11:53.182055+00:00,2026-06-09T23:11:57.273561+00:00,4091.48,200,ok,api-4,
benchmark-api4-5000-c1000-005,005-REQ-003084,3084,registro de prueba,2026-06-09T23:11:53.186486+00:00,2026-06-09T23:11:57.137949+00:00,3951.44,200,ok,api-2,
benchmark-api4-5000-c1000-005,005-REQ-003085,3085,registro de prueba,2026-06-09T23:11:53.195047+00:00,2026-06-09T23:11:57.166824+00:00,3971.75,200,ok,api-3,
benchmark-api4-5000-c1000-005,005-REQ-003086,3086,registro de prueba,2026-06-09T23:11:53.196448+00:00,2026-06-09T23:11:57.113010+00:00,3916.53,200,ok,api-1,
benchmark-api4-5000-c1000-005,005-REQ-003087,3087,registro de prueba,2026-06-09T23:11:53.197800+00:00,2026-06-09T23:11:53.462487+00:00,264.66,200,ok,api-4,
benchmark-api4-5000-c1000-005,005-REQ-003088,3088,registro de prueba,2026-06-09T23:11:53.198621+00:00,2026-06-09T23:11:57.134329+00:00,3935.68,200,ok,api-4,
benchmark-api4-5000-c1000-005,005-REQ-003089,3089,registro de prueba,2026-06-09T23:11:53.198863+00:00,2026-06-09T23:11:57.170222+00:00,3971.34,200,ok,api-2,
benchmark-api4-5000-c1000-005,005-REQ-003090,3090,registro de prueba,2026-06-09T23:11:53.200175+00:00,2026-06-09T23:11:53.489042+00:00,288.84,200,ok,api-4,
benchmark-api4-5000-c1000-005,005-REQ-003091,3091,registro de prueba,2026-06-09T23:11:53.200762+00:00,2026-06-09T23:11:57.183615+00:00,3982.83,200,ok,api-3,
benchmark-api4-5000-c1000-005,005-REQ-003092,3092,registro de prueba,2026-06-09T23:11:53.201762+00:00,2026-06-09T23:11:57.168420+00:00,3966.64,200,ok,api-4,
benchmark-api4-5000-c1000-005,005-REQ-003093,3093,registro de prueba,2026-06-09T23:11:53.206311+00:00,2026-06-09T23:11:53.553118+00:00,346.78,200,ok,api-2,
benchmark-api4-5000-c1000-005,005-REQ-003094,3094,registro de prueba,2026-06-09T23:11:53.207067+00:00,2026-06-09T23:11:57.255741+00:00,4048.65,200,ok,api-1,
benchmark-api4-5000-c1000-005,005-REQ-003095,3095,registro de prueba,2026-06-09T23:11:53.214365+00:00,2026-06-09T23:11:57.248309+00:00,4033.92,200,ok,api-2,
benchmark-api4-5000-c1000-005,005-REQ-003096,3096,registro de prueba,2026-06-09T23:11:53.217134+00:00,2026-06-09T23:11:57.218731+00:00,4001.57,200,ok,api-3,
benchmark-api4-5000-c1000-005,005-REQ-003097,3097,registro de prueba,2026-06-09T23:11:53.220145+00:00,2026-06-09T23:11:57.214745+00:00,3994.57,200,ok,api-4,
benchmark-api4-5000-c1000-005,005-REQ-003098,3098,registro de prueba,2026-06-09T23:11:53.225596+00:00,2026-06-09T23:11:57.238991+00:00,4013.36,200,ok,api-1,
benchmark-api4-5000-c1000-005,005-REQ-003099,3099,registro de prueba,2026-06-09T23:11:53.227777+00:00,2026-06-09T23:11:57.291962+00:00,4064.16,200,ok,api-4,
benchmark-api4-5000-c1000-005,005-REQ-003100,3100,registro de prueba,2026-06-09T23:11:53.229287+00:00,2026-06-09T23:11:57.242626+00:00,4013.31,200,ok,api-3,
benchmark-api4-5000-c1000-005,005-REQ-003101,3101,registro de prueba,2026-06-09T23:11:53.232675+00:00,2026-06-09T23:11:57.285285+00:00,4052.59,200,ok,api-1,
benchmark-api4-5000-c1000-005,005-REQ-003102,3102,registro de prueba,2026-06-09T23:11:53.238095+00:00,2026-06-09T23:11:57.201969+00:00,3963.84,200,ok,api-3,
benchmark-api4-5000-c1000-005,005-REQ-003103,3103,registro de prueba,2026-06-09T23:11:53.242316+00:00,2026-06-09T23:11:57.200757+00:00,3958.4,200,ok,api-2,
benchmark-api4-5000-c1000-005,005-REQ-003104,3104,registro de prueba,2026-06-09T23:11:53.243475+00:00,2026-06-09T23:11:57.248084+00:00,4004.58,200,ok,api-2,
benchmark-api4-5000-c1000-005,005-REQ-003105,3105,registro de prueba,2026-06-09T23:11:53.244945+00:00,2026-06-09T23:11:53.446443+00:00,201.48,200,ok,api-1,
benchmark-api4-5000-c1000-005,005-REQ-003106,3106,registro de prueba,2026-06-09T23:11:53.245557+00:00,2026-06-09T23:11:57.229706+00:00,3984.12,200,ok,api-1,
benchmark-api4-5000-c1000-005,005-REQ-003107,3107,registro de prueba,2026-06-09T23:11:53.247707+00:00,2026-06-09T23:11:57.208063+00:00,3960.33,200,ok,api-3,
benchmark-api4-5000-c1000-005,005-REQ-003108,3108,registro de prueba,2026-06-09T23:11:53.251359+00:00,2026-06-09T23:11:57.320092+00:00,4068.69,200,ok,api-4,
benchmark-api4-5000-c1000-005,005-REQ-003109,3109,registro de prueba,2026-06-09T23:11:53.257564+00:00,2026-06-09T23:11:57.309765+00:00,4052.16,200,ok,api-1,
benchmark-api4-5000-c1000-005,005-REQ-003110,3110,registro de prueba,2026-06-09T23:11:53.261446+00:00,2026-06-09T23:11:57.217407+00:00,3955.93,200,ok,api-2,
benchmark-api4-5000-c1000-005,005-REQ-003111,3111,registro de prueba,2026-06-09T23:11:53.263170+00:00,2026-06-09T23:11:53.484279+00:00,221.09,200,ok,api-3,
benchmark-api4-5000-c1000-005,005-REQ-003112,3112,registro de prueba,2026-06-09T23:11:53.263901+00:00,2026-06-09T23:11:57.261710+00:00,3997.77,200,ok,api-4,
benchmark-api4-5000-c1000-005,005-REQ-003113,3113,registro de prueba,2026-06-09T23:11:53.264153+00:00,2026-06-09T23:11:57.267361+00:00,4003.18,200,ok,api-1,
benchmark-api4-5000-c1000-005,005-REQ-003114,3114,registro de prueba,2026-06-09T23:11:53.265298+00:00,2026-06-09T23:11:57.291671+00:00,4026.35,200,ok,api-3,
benchmark-api4-5000-c1000-005,005-REQ-003115,3115,registro de prueba,2026-06-09T23:11:53.266816+00:00,2026-06-09T23:11:57.426107+00:00,4159.27,200,ok,api-4,
benchmark-api4-5000-c1000-005,005-REQ-003116,3116,registro de prueba,2026-06-09T23:11:53.270548+00:00,2026-06-09T23:11:57.344211+00:00,4073.63,200,ok,api-1,
benchmark-api4-5000-c1000-005,005-REQ-003117,3117,registro de prueba,2026-06-09T23:11:53.273236+00:00,2026-06-09T23:11:57.363961+00:00,4090.66,200,ok,api-3,
benchmark-api4-5000-c1000-005,005-REQ-003118,3118,registro de prueba,2026-06-09T23:11:53.275065+00:00,2026-06-09T23:11:57.301564+00:00,4026.47,200,ok,api-3,
benchmark-api4-5000-c1000-005,005-REQ-003119,3119,registro de prueba,2026-06-09T23:11:53.276334+00:00,2026-06-09T23:11:57.492414+00:00,4216.05,200,ok,api-4,
benchmark-api4-5000-c1000-005,005-REQ-003120,3120,registro de prueba,2026-06-09T23:11:53.277491+00:00,2026-06-09T23:11:57.331241+00:00,4053.72,200,ok,api-1,
benchmark-api4-5000-c1000-005,005-REQ-003121,3121,registro de prueba,2026-06-09T23:11:53.278853+00:00,2026-06-09T23:11:57.281784+00:00,4002.91,200,ok,api-2,
benchmark-api4-5000-c1000-005,005-REQ-003122,3122,registro de prueba,2026-06-09T23:11:53.279986+00:00,2026-06-09T23:11:57.334186+00:00,4054.18,200,ok,api-4,
benchmark-api4-5000-c1000-005,005-REQ-003123,3123,registro de prueba,2026-06-09T23:11:53.281432+00:00,2026-06-09T23:11:57.336012+00:00,4054.55,200,ok,api-1,
benchmark-api4-5000-c1000-005,005-REQ-003124,3124,registro de prueba,2026-06-09T23:11:53.283034+00:00,2026-06-09T23:11:53.692605+00:00,409.54,200,ok,api-4,
benchmark-api4-5000-c1000-005,005-REQ-003125,3125,registro de prueba,2026-06-09T23:11:53.283702+00:00,2026-06-09T23:11:57.310093+00:00,4026.37,200,ok,api-2,
benchmark-api4-5000-c1000-005,005-REQ-003126,3126,registro de prueba,2026-06-09T23:11:53.285094+00:00,2026-06-09T23:11:57.308217+00:00,4023.09,200,ok,api-4,
benchmark-api4-5000-c1000-005,005-REQ-003127,3127,registro de prueba,2026-06-09T23:11:53.286326+00:00,2026-06-09T23:11:57.334412+00:00,4048.06,200,ok,api-3,
benchmark-api4-5000-c1000-005,005-REQ-003128,3128,registro de prueba,2026-06-09T23:11:53.293929+00:00,2026-06-09T23:11:57.357375+00:00,4063.42,200,ok,api-2,
benchmark-api4-5000-c1000-005,005-REQ-003129,3129,registro de prueba,2026-06-09T23:11:53.297757+00:00,2026-06-09T23:11:57.329650+00:00,4031.87,200,ok,api-1,
benchmark-api4-5000-c1000-005,005-REQ-003130,3130,registro de prueba,2026-06-09T23:11:53.301358+00:00,2026-06-09T23:11:57.393862+00:00,4092.48,200,ok,api-3,
benchmark-api4-5000-c1000-005,005-REQ-003131,3131,registro de prueba,2026-06-09T23:11:53.303070+00:00,2026-06-09T23:11:53.508455+00:00,205.36,200,ok,api-3,
benchmark-api4-5000-c1000-005,005-REQ-003132,3132,registro de prueba,2026-06-09T23:11:53.303702+00:00,2026-06-09T23:11:57.375040+00:00,4071.3,200,ok,api-1,
benchmark-api4-5000-c1000-005,005-REQ-003133,3133,registro de prueba,2026-06-09T23:11:53.304550+00:00,2026-06-09T23:11:57.313835+00:00,4009.27,200,ok,api-3,
benchmark-api4-5000-c1000-005,005-REQ-003134,3134,registro de prueba,2026-06-09T23:11:53.307854+00:00,2026-06-09T23:11:53.707207+00:00,399.33,200,ok,api-2,
benchmark-api4-5000-c1000-005,005-REQ-003135,3135,registro de prueba,2026-06-09T23:11:53.308281+00:00,2026-06-09T23:11:57.312694+00:00,4004.4,200,ok,api-2,
benchmark-api4-5000-c1000-005,005-REQ-003136,3136,registro de prueba,2026-06-09T23:11:53.308439+00:00,2026-06-09T23:11:57.400264+00:00,4091.81,200,ok,api-2,
benchmark-api4-5000-c1000-005,005-REQ-003137,3137,registro de prueba,2026-06-09T23:11:53.318639+00:00,2026-06-09T23:11:57.338148+00:00,4019.49,200,ok,api-3,
benchmark-api4-5000-c1000-005,005-REQ-003138,3138,registro de prueba,2026-06-09T23:11:53.323378+00:00,2026-06-09T23:11:57.444726+00:00,4121.3,200,ok,api-4,
benchmark-api4-5000-c1000-005,005-REQ-003139,3139,registro de prueba,2026-06-09T23:11:53.325014+00:00,2026-06-09T23:11:57.366558+00:00,4041.52,200,ok,api-1,
benchmark-api4-5000-c1000-005,005-REQ-003140,3140,registro de prueba,2026-06-09T23:11:53.329151+00:00,2026-06-09T23:11:57.376675+00:00,4047.49,200,ok,api-4,
benchmark-api4-5000-c1000-005,005-REQ-003141,3141,registro de prueba,2026-06-09T23:11:53.330380+00:00,2026-06-09T23:11:53.556266+00:00,225.86,200,ok,api-1,
benchmark-api4-5000-c1000-005,005-REQ-003142,3142,registro de prueba,2026-06-09T23:11:53.330878+00:00,2026-06-09T23:11:57.351055+00:00,4020.15,200,ok,api-1,
benchmark-api4-5000-c1000-005,005-REQ-003143,3143,registro de prueba,2026-06-09T23:11:53.331909+00:00,2026-06-09T23:11:53.793785+00:00,461.86,200,ok,api-1,
benchmark-api4-5000-c1000-005,005-REQ-003144,3144,registro de prueba,2026-06-09T23:11:53.332335+00:00,2026-06-09T23:11:57.315080+00:00,3982.73,200,ok,api-2,
benchmark-api4-5000-c1000-005,005-REQ-003145,3145,registro de prueba,2026-06-09T23:11:53.333117+00:00,2026-06-09T23:11:57.385136+00:00,4052.01,200,ok,api-3,
benchmark-api4-5000-c1000-005,005-REQ-003146,3146,registro de prueba,2026-06-09T23:11:53.333701+00:00,2026-06-09T23:11:57.417401+00:00,4083.69,200,ok,api-1,
benchmark-api4-5000-c1000-005,005-REQ-003147,3147,registro de prueba,2026-06-09T23:11:53.341108+00:00,2026-06-09T23:11:57.483964+00:00,4142.83,200,ok,api-4,
benchmark-api4-5000-c1000-005,005-REQ-003148,3148,registro de prueba,2026-06-09T23:11:53.346632+00:00,2026-06-09T23:11:57.394201+00:00,4047.53,200,ok,api-3,
benchmark-api4-5000-c1000-005,005-REQ-003149,3149,registro de prueba,2026-06-09T23:11:53.349574+00:00,2026-06-09T23:11:53.988547+00:00,638.92,200,ok,api-2,
benchmark-api4-5000-c1000-005,005-REQ-003150,3150,registro de prueba,2026-06-09T23:11:53.351082+00:00,2026-06-09T23:11:57.409273+00:00,4058.16,200,ok,api-4,
benchmark-api4-5000-c1000-005,005-REQ-003151,3151,registro de prueba,2026-06-09T23:11:53.351587+00:00,2026-06-09T23:11:57.332764+00:00,3981.15,200,ok,api-1,
benchmark-api4-5000-c1000-005,005-REQ-003152,3152,registro de prueba,2026-06-09T23:11:53.353319+00:00,2026-06-09T23:11:57.305599+00:00,3952.26,200,ok,api-2,
benchmark-api4-5000-c1000-005,005-REQ-003153,3153,registro de prueba,2026-06-09T23:11:53.357709+00:00,2026-06-09T23:11:57.417157+00:00,4059.42,200,ok,api-1,
benchmark-api4-5000-c1000-005,005-REQ-003154,3154,registro de prueba,2026-06-09T23:11:53.360212+00:00,2026-06-09T23:11:57.484137+00:00,4123.9,200,ok,api-4,
benchmark-api4-5000-c1000-005,005-REQ-003155,3155,registro de prueba,2026-06-09T23:11:53.361365+00:00,2026-06-09T23:11:57.377641+00:00,4016.26,200,ok,api-2,
benchmark-api4-5000-c1000-005,005-REQ-003156,3156,registro de prueba,2026-06-09T23:11:53.363900+00:00,2026-06-09T23:11:57.439606+00:00,4075.68,200,ok,api-4,
benchmark-api4-5000-c1000-005,005-REQ-003157,3157,registro de prueba,2026-06-09T23:11:53.364724+00:00,2026-06-09T23:11:57.364267+00:00,3999.53,200,ok,api-1,
benchmark-api4-5000-c1000-005,005-REQ-003158,3158,registro de prueba,2026-06-09T23:11:53.365400+00:00,2026-06-09T23:11:57.396840+00:00,4031.42,200,ok,api-2,
benchmark-api4-5000-c1000-005,005-REQ-003159,3159,registro de prueba,2026-06-09T23:11:53.366922+00:00,2026-06-09T23:11:57.508576+00:00,4141.63,200,ok,api-4,
benchmark-api4-5000-c1000-005,005-REQ-003160,3160,registro de prueba,2026-06-09T23:11:53.368411+00:00,2026-06-09T23:11:57.424747+00:00,4056.32,200,ok,api-3,
benchmark-api4-5000-c1000-005,005-REQ-003161,3161,registro de prueba,2026-06-09T23:11:53.369673+00:00,2026-06-09T23:11:57.488384+00:00,4118.69,200,ok,api-1,
benchmark-api4-5000-c1000-005,005-REQ-003162,3162,registro de prueba,2026-06-09T23:11:53.374927+00:00,2026-06-09T23:11:57.573675+00:00,4198.72,200,ok,api-4,
benchmark-api4-5000-c1000-005,005-REQ-003163,3163,registro de prueba,2026-06-09T23:11:53.377589+00:00,2026-06-09T23:11:57.404636+00:00,4027.02,200,ok,api-1,
benchmark-api4-5000-c1000-005,005-REQ-003164,3164,registro de prueba,2026-06-09T23:11:53.382170+00:00,2026-06-09T23:11:53.774464+00:00,392.27,200,ok,api-1,
benchmark-api4-5000-c1000-005,005-REQ-003165,3165,registro de prueba,2026-06-09T23:11:53.382761+00:00,2026-06-09T23:11:57.428767+00:00,4045.99,200,ok,api-3,
benchmark-api4-5000-c1000-005,005-REQ-003166,3166,registro de prueba,2026-06-09T23:11:53.387716+00:00,2026-06-09T23:11:57.423402+00:00,4035.64,200,ok,api-3,
benchmark-api4-5000-c1000-005,005-REQ-003167,3167,registro de prueba,2026-06-09T23:11:53.400379+00:00,2026-06-09T23:11:57.510059+00:00,4109.66,200,ok,api-4,
benchmark-api4-5000-c1000-005,005-REQ-003168,3168,registro de prueba,2026-06-09T23:11:53.401705+00:00,2026-06-09T23:11:57.497608+00:00,4095.88,200,ok,api-1,
benchmark-api4-5000-c1000-005,005-REQ-003169,3169,registro de prueba,2026-06-09T23:11:53.411072+00:00,2026-06-09T23:11:57.429020+00:00,4017.93,200,ok,api-2,
benchmark-api4-5000-c1000-005,005-REQ-003170,3170,registro de prueba,2026-06-09T23:11:53.413541+00:00,2026-06-09T23:11:53.774695+00:00,361.14,200,ok,api-3,
benchmark-api4-5000-c1000-005,005-REQ-003171,3171,registro de prueba,2026-06-09T23:11:53.414022+00:00,2026-06-09T23:11:57.452332+00:00,4038.29,200,ok,api-3,
benchmark-api4-5000-c1000-005,005-REQ-003172,3172,registro de prueba,2026-06-09T23:11:53.414936+00:00,2026-06-09T23:11:57.601684+00:00,4186.73,200,ok,api-4,
benchmark-api4-5000-c1000-005,005-REQ-003173,3173,registro de prueba,2026-06-09T23:11:53.433170+00:00,2026-06-09T23:11:54.028607+00:00,595.41,200,ok,api-2,
benchmark-api4-5000-c1000-005,005-REQ-003174,3174,registro de prueba,2026-06-09T23:11:53.433830+00:00,2026-06-09T23:11:57.450976+00:00,4017.11,200,ok,api-1,
benchmark-api4-5000-c1000-005,005-REQ-003175,3175,registro de prueba,2026-06-09T23:11:53.435087+00:00,2026-06-09T23:11:57.486914+00:00,4051.8,200,ok,api-1,
benchmark-api4-5000-c1000-005,005-REQ-003176,3176,registro de prueba,2026-06-09T23:11:53.445662+00:00,2026-06-09T23:11:57.402751+00:00,3957.06,200,ok,api-2,
benchmark-api4-5000-c1000-005,005-REQ-003177,3177,registro de prueba,2026-06-09T23:11:53.447060+00:00,2026-06-09T23:11:53.933092+00:00,486.01,200,ok,api-3,
benchmark-api4-5000-c1000-005,005-REQ-003178,3178,registro de prueba,2026-06-09T23:11:53.447779+00:00,2026-06-09T23:11:57.405951+00:00,3958.15,200,ok,api-3,
benchmark-api4-5000-c1000-005,005-REQ-003179,3179,registro de prueba,2026-06-09T23:11:53.448000+00:00,2026-06-09T23:11:57.458382+00:00,4010.36,200,ok,api-3,
benchmark-api4-5000-c1000-005,005-REQ-003180,3180,registro de prueba,2026-06-09T23:11:53.449272+00:00,2026-06-09T23:11:54.070384+00:00,621.09,200,ok,api-1,
benchmark-api4-5000-c1000-005,005-REQ-003181,3181,registro de prueba,2026-06-09T23:11:53.449702+00:00,2026-06-09T23:11:57.384880+00:00,3935.16,200,ok,api-2,
benchmark-api4-5000-c1000-005,005-REQ-003182,3182,registro de prueba,2026-06-09T23:11:53.450560+00:00,2026-06-09T23:11:57.402959+00:00,3952.39,200,ok,api-2,
benchmark-api4-5000-c1000-005,005-REQ-003183,3183,registro de prueba,2026-06-09T23:11:53.455001+00:00,2026-06-09T23:11:57.584263+00:00,4129.21,200,ok,api-4,
benchmark-api4-5000-c1000-005,005-REQ-003184,3184,registro de prueba,2026-06-09T23:11:53.460828+00:00,2026-06-09T23:11:57.471511+00:00,4010.66,200,ok,api-1,
benchmark-api4-5000-c1000-005,005-REQ-003185,3185,registro de prueba,2026-06-09T23:11:53.462999+00:00,2026-06-09T23:11:57.509872+00:00,4046.85,200,ok,api-3,
benchmark-api4-5000-c1000-005,005-REQ-003186,3186,registro de prueba,2026-06-09T23:11:53.464778+00:00,2026-06-09T23:11:57.430716+00:00,3965.92,200,ok,api-2,
benchmark-api4-5000-c1000-005,005-REQ-003187,3187,registro de prueba,2026-06-09T23:11:53.468113+00:00,2026-06-09T23:11:57.590539+00:00,4122.4,200,ok,api-4,
benchmark-api4-5000-c1000-005,005-REQ-003188,3188,registro de prueba,2026-06-09T23:11:53.469604+00:00,2026-06-09T23:11:57.499774+00:00,4030.15,200,ok,api-3,
benchmark-api4-5000-c1000-005,005-REQ-003189,3189,registro de prueba,2026-06-09T23:11:53.471284+00:00,2026-06-09T23:11:57.479866+00:00,4008.55,200,ok,api-1,
benchmark-api4-5000-c1000-005,005-REQ-003190,3190,registro de prueba,2026-06-09T23:11:53.478644+00:00,2026-06-09T23:11:53.831989+00:00,353.32,200,ok,api-2,
benchmark-api4-5000-c1000-005,005-REQ-003191,3191,registro de prueba,2026-06-09T23:11:53.479263+00:00,2026-06-09T23:11:57.427485+00:00,3948.2,200,ok,api-2,
benchmark-api4-5000-c1000-005,005-REQ-003192,3192,registro de prueba,2026-06-09T23:11:53.480494+00:00,2026-06-09T23:11:53.921154+00:00,440.63,200,ok,api-1,
benchmark-api4-5000-c1000-005,005-REQ-003193,3193,registro de prueba,2026-06-09T23:11:53.481081+00:00,2026-06-09T23:11:57.469435+00:00,3988.33,200,ok,api-3,
benchmark-api4-5000-c1000-005,005-REQ-003194,3194,registro de prueba,2026-06-09T23:11:53.482809+00:00,2026-06-09T23:11:53.853194+00:00,370.36,200,ok,api-3,
benchmark-api4-5000-c1000-005,005-REQ-003195,3195,registro de prueba,2026-06-09T23:11:53.483666+00:00,2026-06-09T23:11:57.599967+00:00,4116.27,200,ok,api-4,
benchmark-api4-5000-c1000-005,005-REQ-003196,3196,registro de prueba,2026-06-09T23:11:53.483947+00:00,2026-06-09T23:11:57.554990+00:00,4071.02,200,ok,api-1,
benchmark-api4-5000-c1000-005,005-REQ-003197,3197,registro de prueba,2026-06-09T23:11:53.485105+00:00,2026-06-09T23:11:54.064174+00:00,579.05,200,ok,api-1,
benchmark-api4-5000-c1000-005,005-REQ-003198,3198,registro de prueba,2026-06-09T23:11:53.485699+00:00,2026-06-09T23:11:57.436333+00:00,3950.6,200,ok,api-2,
benchmark-api4-5000-c1000-005,005-REQ-003199,3199,registro de prueba,2026-06-09T23:11:53.489835+00:00,2026-06-09T23:11:57.481621+00:00,3991.75,200,ok,api-3,
benchmark-api4-5000-c1000-005,005-REQ-003200,3200,registro de prueba,2026-06-09T23:11:53.492756+00:00,2026-06-09T23:11:57.583077+00:00,4090.29,200,ok,api-4,
benchmark-api4-5000-c1000-005,005-REQ-003201,3201,registro de prueba,2026-06-09T23:11:53.499672+00:00,2026-06-09T23:11:57.497928+00:00,3998.23,200,ok,api-1,
benchmark-api4-5000-c1000-005,005-REQ-003202,3202,registro de prueba,2026-06-09T23:11:53.505090+00:00,2026-06-09T23:11:57.476446+00:00,3971.33,200,ok,api-2,
benchmark-api4-5000-c1000-005,005-REQ-003203,3203,registro de prueba,2026-06-09T23:11:53.507951+00:00,2026-06-09T23:11:57.686759+00:00,4178.76,200,ok,api-4,
benchmark-api4-5000-c1000-005,005-REQ-003204,3204,registro de prueba,2026-06-09T23:11:53.509437+00:00,2026-06-09T23:11:53.892385+00:00,382.93,200,ok,api-4,
benchmark-api4-5000-c1000-005,005-REQ-003205,3205,registro de prueba,2026-06-09T23:11:53.510027+00:00,2026-06-09T23:11:57.519534+00:00,4009.48,200,ok,api-1,
benchmark-api4-5000-c1000-005,005-REQ-003206,3206,registro de prueba,2026-06-09T23:11:53.511283+00:00,2026-06-09T23:11:54.063960+00:00,552.65,200,ok,api-2,
benchmark-api4-5000-c1000-005,005-REQ-003207,3207,registro de prueba,2026-06-09T23:11:53.512187+00:00,2026-06-09T23:11:53.912329+00:00,400.11,200,ok,api-3,
benchmark-api4-5000-c1000-005,005-REQ-003208,3208,registro de prueba,2026-06-09T23:11:53.512670+00:00,2026-06-09T23:11:57.469254+00:00,3956.56,200,ok,api-2,
benchmark-api4-5000-c1000-005,005-REQ-003209,3209,registro de prueba,2026-06-09T23:11:53.512881+00:00,2026-06-09T23:11:57.666900+00:00,4154.01,200,ok,api-4,
benchmark-api4-5000-c1000-005,005-REQ-003210,3210,registro de prueba,2026-06-09T23:11:53.514291+00:00,2026-06-09T23:11:53.982404+00:00,468.1,200,ok,api-2,
benchmark-api4-5000-c1000-005,005-REQ-003211,3211,registro de prueba,2026-06-09T23:11:53.514831+00:00,2026-06-09T23:11:57.502719+00:00,3987.87,200,ok,api-1,
benchmark-api4-5000-c1000-005,005-REQ-003212,3212,registro de prueba,2026-06-09T23:11:53.518102+00:00,2026-06-09T23:11:57.548563+00:00,4030.43,200,ok,api-2,
benchmark-api4-5000-c1000-005,005-REQ-003213,3213,registro de prueba,2026-06-09T23:11:53.519817+00:00,2026-06-09T23:11:53.992929+00:00,473.09,200,ok,api-2,
benchmark-api4-5000-c1000-005,005-REQ-003214,3214,registro de prueba,2026-06-09T23:11:53.520460+00:00,2026-06-09T23:11:57.501824+00:00,3981.34,200,ok,api-3,
benchmark-api4-5000-c1000-005,005-REQ-003215,3215,registro de prueba,2026-06-09T23:11:53.534147+00:00,2026-06-09T23:11:53.951939+00:00,417.76,200,ok,api-3,
benchmark-api4-5000-c1000-005,005-REQ-003216,3216,registro de prueba,2026-06-09T23:11:53.534735+00:00,2026-06-09T23:11:57.605171+00:00,4070.41,200,ok,api-4,
benchmark-api4-5000-c1000-005,005-REQ-003217,3217,registro de prueba,2026-06-09T23:11:53.536005+00:00,2026-06-09T23:11:57.500826+00:00,3964.8,200,ok,api-2,
benchmark-api4-5000-c1000-005,005-REQ-003218,3218,registro de prueba,2026-06-09T23:11:53.537194+00:00,2026-06-09T23:11:53.918975+00:00,381.75,200,ok,api-3,
benchmark-api4-5000-c1000-005,005-REQ-003219,3219,registro de prueba,2026-06-09T23:11:53.537787+00:00,2026-06-09T23:11:57.607976+00:00,4070.17,200,ok,api-1,
benchmark-api4-5000-c1000-005,005-REQ-003220,3220,registro de prueba,2026-06-09T23:11:53.539546+00:00,2026-06-09T23:11:57.607881+00:00,4068.3,200,ok,api-1,
benchmark-api4-5000-c1000-005,005-REQ-003221,3221,registro de prueba,2026-06-09T23:11:53.541124+00:00,2026-06-09T23:11:57.652043+00:00,4110.9,200,ok,api-4,
benchmark-api4-5000-c1000-005,005-REQ-003222,3222,registro de prueba,2026-06-09T23:11:53.549209+00:00,2026-06-09T23:11:57.477903+00:00,3928.66,200,ok,api-2,
benchmark-api4-5000-c1000-005,005-REQ-003223,3223,registro de prueba,2026-06-09T23:11:53.553930+00:00,2026-06-09T23:11:57.544965+00:00,3991.0,200,ok,api-3,
benchmark-api4-5000-c1000-005,005-REQ-003224,3224,registro de prueba,2026-06-09T23:11:53.555279+00:00,2026-06-09T23:11:57.699320+00:00,4144.01,200,ok,api-4,
benchmark-api4-5000-c1000-005,005-REQ-003225,3225,registro de prueba,2026-06-09T23:11:53.557511+00:00,2026-06-09T23:11:53.995468+00:00,437.93,200,ok,api-3,
benchmark-api4-5000-c1000-005,005-REQ-003226,3226,registro de prueba,2026-06-09T23:11:53.558179+00:00,2026-06-09T23:11:57.541738+00:00,3983.54,200,ok,api-1,
benchmark-api4-5000-c1000-005,005-REQ-003227,3227,registro de prueba,2026-06-09T23:11:53.559100+00:00,2026-06-09T23:11:57.566156+00:00,4007.03,200,ok,api-3,
benchmark-api4-5000-c1000-005,005-REQ-003228,3228,registro de prueba,2026-06-09T23:11:53.563445+00:00,2026-06-09T23:11:57.752531+00:00,4189.06,200,ok,api-4,
benchmark-api4-5000-c1000-005,005-REQ-003229,3229,registro de prueba,2026-06-09T23:11:53.597568+00:00,2026-06-09T23:11:57.615243+00:00,4017.65,200,ok,api-2,
benchmark-api4-5000-c1000-005,005-REQ-003230,3230,registro de prueba,2026-06-09T23:11:53.606321+00:00,2026-06-09T23:11:57.585911+00:00,3979.52,200,ok,api-1,
benchmark-api4-5000-c1000-005,005-REQ-003231,3231,registro de prueba,2026-06-09T23:11:53.607490+00:00,2026-06-09T23:11:57.545295+00:00,3937.79,200,ok,api-3,
benchmark-api4-5000-c1000-005,005-REQ-003232,3232,registro de prueba,2026-06-09T23:11:53.608229+00:00,2026-06-09T23:11:57.650809+00:00,4042.57,200,ok,api-4,
benchmark-api4-5000-c1000-005,005-REQ-003233,3233,registro de prueba,2026-06-09T23:11:53.616705+00:00,2026-06-09T23:11:57.606698+00:00,3989.97,200,ok,api-1,
benchmark-api4-5000-c1000-005,005-REQ-003234,3234,registro de prueba,2026-06-09T23:11:53.617589+00:00,2026-06-09T23:11:57.590224+00:00,3972.62,200,ok,api-2,
benchmark-api4-5000-c1000-005,005-REQ-003235,3235,registro de prueba,2026-06-09T23:11:53.620072+00:00,2026-06-09T23:11:57.580010+00:00,3959.92,200,ok,api-3,
benchmark-api4-5000-c1000-005,005-REQ-003236,3236,registro de prueba,2026-06-09T23:11:53.637895+00:00,2026-06-09T23:11:57.631511+00:00,3993.59,200,ok,api-1,
benchmark-api4-5000-c1000-005,005-REQ-003237,3237,registro de prueba,2026-06-09T23:11:53.642197+00:00,2026-06-09T23:11:57.607357+00:00,3965.14,200,ok,api-3,
benchmark-api4-5000-c1000-005,005-REQ-003238,3238,registro de prueba,2026-06-09T23:11:53.649897+00:00,2026-06-09T23:11:57.613507+00:00,3963.58,200,ok,api-2,
benchmark-api4-5000-c1000-005,005-REQ-003239,3239,registro de prueba,2026-06-09T23:11:53.655047+00:00,2026-06-09T23:11:57.627750+00:00,3972.68,200,ok,api-1,
benchmark-api4-5000-c1000-005,005-REQ-003240,3240,registro de prueba,2026-06-09T23:11:53.664815+00:00,2026-06-09T23:11:57.654428+00:00,3989.59,200,ok,api-2,
benchmark-api4-5000-c1000-005,005-REQ-003241,3241,registro de prueba,2026-06-09T23:11:53.680166+00:00,2026-06-09T23:11:57.626352+00:00,3946.16,200,ok,api-3,
benchmark-api4-5000-c1000-005,005-REQ-003242,3242,registro de prueba,2026-06-09T23:11:53.684406+00:00,2026-06-09T23:11:57.640135+00:00,3955.71,200,ok,api-1,
benchmark-api4-5000-c1000-005,005-REQ-003243,3243,registro de prueba,2026-06-09T23:11:53.693083+00:00,2026-06-09T23:11:57.665850+00:00,3972.74,200,ok,api-2,
benchmark-api4-5000-c1000-005,005-REQ-003244,3244,registro de prueba,2026-06-09T23:11:53.699369+00:00,2026-06-09T23:11:57.629149+00:00,3929.77,200,ok,api-3,
benchmark-api4-5000-c1000-005,005-REQ-003245,3245,registro de prueba,2026-06-09T23:11:53.700148+00:00,2026-06-09T23:11:57.664589+00:00,3964.42,200,ok,api-4,
benchmark-api4-5000-c1000-005,005-REQ-003246,3246,registro de prueba,2026-06-09T23:11:53.702055+00:00,2026-06-09T23:11:57.632786+00:00,3930.71,200,ok,api-3,
benchmark-api4-5000-c1000-005,005-REQ-003247,3247,registro de prueba,2026-06-09T23:11:53.707777+00:00,2026-06-09T23:11:57.685213+00:00,3977.41,200,ok,api-1,
benchmark-api4-5000-c1000-005,005-REQ-003248,3248,registro de prueba,2026-06-09T23:11:53.709661+00:00,2026-06-09T23:11:57.695876+00:00,3986.18,200,ok,api-1,
benchmark-api4-5000-c1000-005,005-REQ-003249,3249,registro de prueba,2026-06-09T23:11:53.727594+00:00,2026-06-09T23:11:57.652258+00:00,3924.65,200,ok,api-2,
benchmark-api4-5000-c1000-005,005-REQ-003250,3250,registro de prueba,2026-06-09T23:11:53.737711+00:00,2026-06-09T23:11:57.662312+00:00,3924.57,200,ok,api-3,
benchmark-api4-5000-c1000-005,005-REQ-003251,3251,registro de prueba,2026-06-09T23:11:53.746236+00:00,2026-06-09T23:11:57.765891+00:00,4019.62,200,ok,api-4,
benchmark-api4-5000-c1000-005,005-REQ-003252,3252,registro de prueba,2026-06-09T23:11:53.752816+00:00,2026-06-09T23:11:57.641139+00:00,3888.3,200,ok,api-3,
benchmark-api4-5000-c1000-005,005-REQ-003253,3253,registro de prueba,2026-06-09T23:11:53.765430+00:00,2026-06-09T23:11:57.772438+00:00,4006.99,200,ok,api-4,
benchmark-api4-5000-c1000-005,005-REQ-003254,3254,registro de prueba,2026-06-09T23:11:53.767393+00:00,2026-06-09T23:11:57.654725+00:00,3887.2,200,ok,api-2,
benchmark-api4-5000-c1000-005,005-REQ-003255,3255,registro de prueba,2026-06-09T23:11:53.768857+00:00,2026-06-09T23:11:57.656590+00:00,3887.71,200,ok,api-2,
benchmark-api4-5000-c1000-005,005-REQ-003256,3256,registro de prueba,2026-06-09T23:11:53.775285+00:00,2026-06-09T23:11:54.049217+00:00,273.91,200,ok,api-4,
benchmark-api4-5000-c1000-005,005-REQ-003257,3257,registro de prueba,2026-06-09T23:11:53.775844+00:00,2026-06-09T23:11:57.718820+00:00,3942.95,200,ok,api-3,
benchmark-api4-5000-c1000-005,005-REQ-003258,3258,registro de prueba,2026-06-09T23:11:53.776743+00:00,2026-06-09T23:11:57.741805+00:00,3965.04,200,ok,api-4,
benchmark-api4-5000-c1000-005,005-REQ-003259,3259,registro de prueba,2026-06-09T23:11:53.779396+00:00,2026-06-09T23:11:57.628928+00:00,3849.51,200,ok,api-2,
benchmark-api4-5000-c1000-005,005-REQ-003260,3260,registro de prueba,2026-06-09T23:11:53.790600+00:00,2026-06-09T23:11:57.706848+00:00,3916.23,200,ok,api-3,
benchmark-api4-5000-c1000-005,005-REQ-003261,3261,registro de prueba,2026-06-09T23:11:53.794304+00:00,2026-06-09T23:11:57.712320+00:00,3917.99,200,ok,api-1,
benchmark-api4-5000-c1000-005,005-REQ-003262,3262,registro de prueba,2026-06-09T23:11:53.798029+00:00,2026-06-09T23:11:57.754378+00:00,3956.33,200,ok,api-4,
benchmark-api4-5000-c1000-005,005-REQ-003263,3263,registro de prueba,2026-06-09T23:11:53.801391+00:00,2026-06-09T23:11:57.804291+00:00,4002.87,200,ok,api-3,
benchmark-api4-5000-c1000-005,005-REQ-003264,3264,registro de prueba,2026-06-09T23:11:53.805134+00:00,2026-06-09T23:11:57.769305+00:00,3964.15,200,ok,api-3,
benchmark-api4-5000-c1000-005,005-REQ-003265,3265,registro de prueba,2026-06-09T23:11:53.806732+00:00,2026-06-09T23:11:54.121231+00:00,314.48,200,ok,api-2,
benchmark-api4-5000-c1000-005,005-REQ-003266,3266,registro de prueba,2026-06-09T23:11:53.807221+00:00,2026-06-09T23:11:57.709892+00:00,3902.65,200,ok,api-2,
benchmark-api4-5000-c1000-005,005-REQ-003267,3267,registro de prueba,2026-06-09T23:11:53.825807+00:00,2026-06-09T23:11:54.108222+00:00,282.4,200,ok,api-4,
benchmark-api4-5000-c1000-005,005-REQ-003268,3268,registro de prueba,2026-06-09T23:11:53.826443+00:00,2026-06-09T23:11:57.795675+00:00,3969.21,200,ok,api-4,
benchmark-api4-5000-c1000-005,005-REQ-003269,3269,registro de prueba,2026-06-09T23:11:53.829317+00:00,2026-06-09T23:11:57.735761+00:00,3906.42,200,ok,api-1,
benchmark-api4-5000-c1000-005,005-REQ-003270,3270,registro de prueba,2026-06-09T23:11:53.832491+00:00,2026-06-09T23:11:57.760887+00:00,3928.37,200,ok,api-4,
benchmark-api4-5000-c1000-005,005-REQ-003271,3271,registro de prueba,2026-06-09T23:11:53.843343+00:00,2026-06-09T23:11:54.078985+00:00,235.62,200,ok,api-3,
benchmark-api4-5000-c1000-005,005-REQ-003272,3272,registro de prueba,2026-06-09T23:11:53.843989+00:00,2026-06-09T23:11:57.754495+00:00,3910.48,200,ok,api-1,
benchmark-api4-5000-c1000-005,005-REQ-003273,3273,registro de prueba,2026-06-09T23:11:53.850088+00:00,2026-06-09T23:11:57.735957+00:00,3885.85,200,ok,api-2,
benchmark-api4-5000-c1000-005,005-REQ-003274,3274,registro de prueba,2026-06-09T23:11:53.853948+00:00,2026-06-09T23:11:57.754178+00:00,3900.2,200,ok,api-3,
benchmark-api4-5000-c1000-005,005-REQ-003275,3275,registro de prueba,2026-06-09T23:11:53.855404+00:00,2026-06-09T23:11:57.767159+00:00,3911.74,200,ok,api-4,
benchmark-api4-5000-c1000-005,005-REQ-003276,3276,registro de prueba,2026-06-09T23:11:53.866212+00:00,2026-06-09T23:11:57.725438+00:00,3859.2,200,ok,api-2,
benchmark-api4-5000-c1000-005,005-REQ-003277,3277,registro de prueba,2026-06-09T23:11:53.889874+00:00,2026-06-09T23:11:57.770522+00:00,3880.62,200,ok,api-3,
benchmark-api4-5000-c1000-005,005-REQ-003278,3278,registro de prueba,2026-06-09T23:11:53.891106+00:00,2026-06-09T23:11:57.784805+00:00,3893.68,200,ok,api-4,
benchmark-api4-5000-c1000-005,005-REQ-003279,3279,registro de prueba,2026-06-09T23:11:53.892050+00:00,2026-06-09T23:11:57.734395+00:00,3842.33,200,ok,api-1,
benchmark-api4-5000-c1000-005,005-REQ-003280,3280,registro de prueba,2026-06-09T23:11:53.892703+00:00,2026-06-09T23:11:57.772668+00:00,3879.95,200,ok,api-2,
benchmark-api4-5000-c1000-005,005-REQ-003281,3281,registro de prueba,2026-06-09T23:11:53.893360+00:00,2026-06-09T23:11:57.830244+00:00,3936.87,200,ok,api-2,
benchmark-api4-5000-c1000-005,005-REQ-003282,3282,registro de prueba,2026-06-09T23:11:53.899835+00:00,2026-06-09T23:11:57.768228+00:00,3868.37,200,ok,api-3,
benchmark-api4-5000-c1000-005,005-REQ-003283,3283,registro de prueba,2026-06-09T23:11:53.905121+00:00,2026-06-09T23:11:57.747127+00:00,3841.95,200,ok,api-3,
benchmark-api4-5000-c1000-005,005-REQ-003284,3284,registro de prueba,2026-06-09T23:11:53.909280+00:00,2026-06-09T23:11:57.818142+00:00,3908.83,200,ok,api-4,
benchmark-api4-5000-c1000-005,005-REQ-003285,3285,registro de prueba,2026-06-09T23:11:53.913156+00:00,2026-06-09T23:11:57.837100+00:00,3923.91,200,ok,api-4,
benchmark-api4-5000-c1000-005,005-REQ-003286,3286,registro de prueba,2026-06-09T23:11:53.919594+00:00,2026-06-09T23:11:57.793984+00:00,3874.36,200,ok,api-1,
benchmark-api4-5000-c1000-005,005-REQ-003287,3287,registro de prueba,2026-06-09T23:11:53.921712+00:00,2026-06-09T23:11:57.714358+00:00,3792.62,200,ok,api-3,
benchmark-api4-5000-c1000-005,005-REQ-003288,3288,registro de prueba,2026-06-09T23:11:53.929045+00:00,2026-06-09T23:11:57.840243+00:00,3911.18,200,ok,api-4,
benchmark-api4-5000-c1000-005,005-REQ-003289,3289,registro de prueba,2026-06-09T23:11:53.933622+00:00,2026-06-09T23:11:57.888258+00:00,3954.61,200,ok,api-2,
benchmark-api4-5000-c1000-005,005-REQ-003290,3290,registro de prueba,2026-06-09T23:11:53.935601+00:00,2026-06-09T23:11:57.772166+00:00,3836.54,200,ok,api-3,
benchmark-api4-5000-c1000-005,005-REQ-003291,3291,registro de prueba,2026-06-09T23:11:53.944367+00:00,2026-06-09T23:11:57.775882+00:00,3831.49,200,ok,api-1,
benchmark-api4-5000-c1000-005,005-REQ-003292,3292,registro de prueba,2026-06-09T23:11:53.952523+00:00,2026-06-09T23:11:57.841325+00:00,3888.78,200,ok,api-4,
benchmark-api4-5000-c1000-005,005-REQ-003293,3293,registro de prueba,2026-06-09T23:11:53.953828+00:00,2026-06-09T23:11:57.806709+00:00,3852.86,200,ok,api-1,
benchmark-api4-5000-c1000-005,005-REQ-003294,3294,registro de prueba,2026-06-09T23:11:53.955027+00:00,2026-06-09T23:11:57.808925+00:00,3853.88,200,ok,api-3,
benchmark-api4-5000-c1000-005,005-REQ-003295,3295,registro de prueba,2026-06-09T23:11:53.960072+00:00,2026-06-09T23:11:54.246983+00:00,286.88,200,ok,api-1,
benchmark-api4-5000-c1000-005,005-REQ-003296,3296,registro de prueba,2026-06-09T23:11:53.960656+00:00,2026-06-09T23:11:57.800479+00:00,3839.8,200,ok,api-1,
benchmark-api4-5000-c1000-005,005-REQ-003297,3297,registro de prueba,2026-06-09T23:11:53.961803+00:00,2026-06-09T23:11:54.183200+00:00,221.37,200,ok,api-3,
benchmark-api4-5000-c1000-005,005-REQ-003298,3298,registro de prueba,2026-06-09T23:11:53.962450+00:00,2026-06-09T23:11:57.838746+00:00,3876.27,200,ok,api-1,
benchmark-api4-5000-c1000-005,005-REQ-003299,3299,registro de prueba,2026-06-09T23:11:53.962992+00:00,2026-06-09T23:11:57.788358+00:00,3825.34,200,ok,api-3,
benchmark-api4-5000-c1000-005,005-REQ-003300,3300,registro de prueba,2026-06-09T23:11:53.964074+00:00,2026-06-09T23:11:57.860117+00:00,3896.02,200,ok,api-4,
benchmark-api4-5000-c1000-005,005-REQ-003301,3301,registro de prueba,2026-06-09T23:11:53.965692+00:00,2026-06-09T23:11:54.160243+00:00,194.53,200,ok,api-2,
benchmark-api4-5000-c1000-005,005-REQ-003302,3302,registro de prueba,2026-06-09T23:11:53.966298+00:00,2026-06-09T23:11:57.897490+00:00,3931.16,200,ok,api-2,
benchmark-api4-5000-c1000-005,005-REQ-003303,3303,registro de prueba,2026-06-09T23:11:53.968067+00:00,2026-06-09T23:11:57.809856+00:00,3841.76,200,ok,api-3,
benchmark-api4-5000-c1000-005,005-REQ-003304,3304,registro de prueba,2026-06-09T23:11:53.969702+00:00,2026-06-09T23:11:54.222712+00:00,252.98,200,ok,api-2,
benchmark-api4-5000-c1000-005,005-REQ-003305,3305,registro de prueba,2026-06-09T23:11:53.970565+00:00,2026-06-09T23:11:57.863097+00:00,3892.5,200,ok,api-4,
benchmark-api4-5000-c1000-005,005-REQ-003306,3306,registro de prueba,2026-06-09T23:11:53.970878+00:00,2026-06-09T23:11:57.822573+00:00,3851.67,200,ok,api-1,
benchmark-api4-5000-c1000-005,005-REQ-003307,3307,registro de prueba,2026-06-09T23:11:53.974315+00:00,2026-06-09T23:11:57.841176+00:00,3866.77,200,ok,api-1,
benchmark-api4-5000-c1000-005,005-REQ-003308,3308,registro de prueba,2026-06-09T23:11:53.978266+00:00,2026-06-09T23:11:57.864552+00:00,3886.26,200,ok,api-3,
benchmark-api4-5000-c1000-005,005-REQ-003309,3309,registro de prueba,2026-06-09T23:11:53.979246+00:00,2026-06-09T23:11:57.880108+00:00,3900.84,200,ok,api-2,
benchmark-api4-5000-c1000-005,005-REQ-003310,3310,registro de prueba,2026-06-09T23:11:53.983020+00:00,2026-06-09T23:11:54.260173+00:00,277.14,200,ok,api-3,
benchmark-api4-5000-c1000-005,005-REQ-003311,3311,registro de prueba,2026-06-09T23:11:53.983629+00:00,2026-06-09T23:11:58.011927+00:00,4028.24,200,ok,api-2,
benchmark-api4-5000-c1000-005,005-REQ-003312,3312,registro de prueba,2026-06-09T23:11:53.986321+00:00,2026-06-09T23:11:57.864837+00:00,3878.47,200,ok,api-3,
benchmark-api4-5000-c1000-005,005-REQ-003313,3313,registro de prueba,2026-06-09T23:11:53.987846+00:00,2026-06-09T23:11:57.941380+00:00,3953.49,200,ok,api-4,
benchmark-api4-5000-c1000-005,005-REQ-003314,3314,registro de prueba,2026-06-09T23:11:53.989034+00:00,2026-06-09T23:11:54.279034+00:00,289.98,200,ok,api-3,
benchmark-api4-5000-c1000-005,005-REQ-003315,3315,registro de prueba,2026-06-09T23:11:53.989640+00:00,2026-06-09T23:11:57.886502+00:00,3896.84,200,ok,api-1,
benchmark-api4-5000-c1000-005,005-REQ-003316,3316,registro de prueba,2026-06-09T23:11:53.990767+00:00,2026-06-09T23:11:57.882255+00:00,3891.45,200,ok,api-3,
benchmark-api4-5000-c1000-005,005-REQ-003317,3317,registro de prueba,2026-06-09T23:11:53.993586+00:00,2026-06-09T23:11:57.893497+00:00,3899.89,200,ok,api-4,
benchmark-api4-5000-c1000-005,005-REQ-003318,3318,registro de prueba,2026-06-09T23:11:53.994925+00:00,2026-06-09T23:11:57.882405+00:00,3887.45,200,ok,api-1,
benchmark-api4-5000-c1000-005,005-REQ-003319,3319,registro de prueba,2026-06-09T23:11:53.996043+00:00,2026-06-09T23:11:57.932302+00:00,3936.24,200,ok,api-2,
benchmark-api4-5000-c1000-005,005-REQ-003320,3320,registro de prueba,2026-06-09T23:11:53.996943+00:00,2026-06-09T23:11:57.888815+00:00,3891.85,200,ok,api-1,
benchmark-api4-5000-c1000-005,005-REQ-003321,3321,registro de prueba,2026-06-09T23:11:53.997707+00:00,2026-06-09T23:11:57.934078+00:00,3936.36,200,ok,api-4,
benchmark-api4-5000-c1000-005,005-REQ-003322,3322,registro de prueba,2026-06-09T23:11:54.007790+00:00,2026-06-09T23:11:57.980042+00:00,3972.22,200,ok,api-2,
benchmark-api4-5000-c1000-005,005-REQ-003323,3323,registro de prueba,2026-06-09T23:11:54.027681+00:00,2026-06-09T23:11:57.936031+00:00,3908.32,200,ok,api-3,
benchmark-api4-5000-c1000-005,005-REQ-003324,3324,registro de prueba,2026-06-09T23:11:54.029269+00:00,2026-06-09T23:11:57.882549+00:00,3853.26,200,ok,api-4,
benchmark-api4-5000-c1000-005,005-REQ-003325,3325,registro de prueba,2026-06-09T23:11:54.032854+00:00,2026-06-09T23:11:57.892633+00:00,3859.75,200,ok,api-3,
benchmark-api4-5000-c1000-005,005-REQ-003326,3326,registro de prueba,2026-06-09T23:11:54.035206+00:00,2026-06-09T23:11:58.002009+00:00,3966.78,200,ok,api-1,
benchmark-api4-5000-c1000-005,005-REQ-003327,3327,registro de prueba,2026-06-09T23:11:54.042339+00:00,2026-06-09T23:11:57.881981+00:00,3839.56,200,ok,api-4,
benchmark-api4-5000-c1000-005,005-REQ-003328,3328,registro de prueba,2026-06-09T23:11:54.046818+00:00,2026-06-09T23:11:57.952051+00:00,3905.2,200,ok,api-1,
benchmark-api4-5000-c1000-005,005-REQ-003329,3329,registro de prueba,2026-06-09T23:11:54.047995+00:00,2026-06-09T23:11:54.332628+00:00,284.61,200,ok,api-2,
benchmark-api4-5000-c1000-005,005-REQ-003330,3330,registro de prueba,2026-06-09T23:11:54.048599+00:00,2026-06-09T23:11:57.899711+00:00,3851.08,200,ok,api-2,
benchmark-api4-5000-c1000-005,005-REQ-003331,3331,registro de prueba,2026-06-09T23:11:54.049643+00:00,2026-06-09T23:11:57.945383+00:00,3895.72,200,ok,api-3,
benchmark-api4-5000-c1000-005,005-REQ-003332,3332,registro de prueba,2026-06-09T23:11:54.050648+00:00,2026-06-09T23:11:57.885302+00:00,3834.64,200,ok,api-1,
benchmark-api4-5000-c1000-005,005-REQ-003333,3333,registro de prueba,2026-06-09T23:11:54.056301+00:00,2026-06-09T23:11:57.889300+00:00,3832.97,200,ok,api-3,
benchmark-api4-5000-c1000-005,005-REQ-003334,3334,registro de prueba,2026-06-09T23:11:54.057822+00:00,2026-06-09T23:11:57.945115+00:00,3887.27,200,ok,api-1,
benchmark-api4-5000-c1000-005,005-REQ-003335,3335,registro de prueba,2026-06-09T23:11:54.058819+00:00,2026-06-09T23:11:58.054705+00:00,3995.86,200,ok,api-2,
benchmark-api4-5000-c1000-005,005-REQ-003336,3336,registro de prueba,2026-06-09T23:11:54.063460+00:00,2026-06-09T23:11:57.969232+00:00,3905.74,200,ok,api-3,
benchmark-api4-5000-c1000-005,005-REQ-003337,3337,registro de prueba,2026-06-09T23:11:54.064704+00:00,2026-06-09T23:11:54.455424+00:00,390.7,200,ok,api-1,
benchmark-api4-5000-c1000-005,005-REQ-003338,3338,registro de prueba,2026-06-09T23:11:54.065301+00:00,2026-06-09T23:11:57.981470+00:00,3916.15,200,ok,api-4,
benchmark-api4-5000-c1000-005,005-REQ-003339,3339,registro de prueba,2026-06-09T23:11:54.070966+00:00,2026-06-09T23:11:57.943077+00:00,3872.09,200,ok,api-2,
benchmark-api4-5000-c1000-005,005-REQ-003340,3340,registro de prueba,2026-06-09T23:11:54.076531+00:00,2026-06-09T23:11:57.888610+00:00,3812.05,200,ok,api-1,
benchmark-api4-5000-c1000-005,005-REQ-003341,3341,registro de prueba,2026-06-09T23:11:54.078489+00:00,2026-06-09T23:11:57.935820+00:00,3857.31,200,ok,api-3,
benchmark-api4-5000-c1000-005,005-REQ-003342,3342,registro de prueba,2026-06-09T23:11:54.079541+00:00,2026-06-09T23:11:57.907997+00:00,3828.42,200,ok,api-4,
benchmark-api4-5000-c1000-005,005-REQ-003343,3343,registro de prueba,2026-06-09T23:11:54.085534+00:00,2026-06-09T23:11:54.439231+00:00,353.67,200,ok,api-2,
benchmark-api4-5000-c1000-005,005-REQ-003344,3344,registro de prueba,2026-06-09T23:11:54.086141+00:00,2026-06-09T23:11:57.889036+00:00,3802.87,200,ok,api-1,
benchmark-api4-5000-c1000-005,005-REQ-003345,3345,registro de prueba,2026-06-09T23:11:54.087289+00:00,2026-06-09T23:11:58.095791+00:00,4008.48,200,ok,api-2,
benchmark-api4-5000-c1000-005,005-REQ-003346,3346,registro de prueba,2026-06-09T23:11:54.088606+00:00,2026-06-09T23:11:57.895258+00:00,3806.63,200,ok,api-3,
benchmark-api4-5000-c1000-005,005-REQ-003347,3347,registro de prueba,2026-06-09T23:11:54.090238+00:00,2026-06-09T23:11:57.958370+00:00,3868.11,200,ok,api-4,
benchmark-api4-5000-c1000-005,005-REQ-003348,3348,registro de prueba,2026-06-09T23:11:54.091261+00:00,2026-06-09T23:11:57.961016+00:00,3869.73,200,ok,api-1,
benchmark-api4-5000-c1000-005,005-REQ-003349,3349,registro de prueba,2026-06-09T23:11:54.092295+00:00,2026-06-09T23:11:58.010960+00:00,3918.65,200,ok,api-2,
benchmark-api4-5000-c1000-005,005-REQ-003350,3350,registro de prueba,2026-06-09T23:11:54.097510+00:00,2026-06-09T23:11:58.006117+00:00,3908.58,200,ok,api-4,
benchmark-api4-5000-c1000-005,005-REQ-003351,3351,registro de prueba,2026-06-09T23:11:54.101321+00:00,2026-06-09T23:11:54.490468+00:00,389.11,200,ok,api-1,
benchmark-api4-5000-c1000-005,005-REQ-003352,3352,registro de prueba,2026-06-09T23:11:54.101972+00:00,2026-06-09T23:11:57.990426+00:00,3888.43,200,ok,api-3,
benchmark-api4-5000-c1000-005,005-REQ-003353,3353,registro de prueba,2026-06-09T23:11:54.103008+00:00,2026-06-09T23:11:58.064107+00:00,3961.08,200,ok,api-2,
benchmark-api4-5000-c1000-005,005-REQ-003354,3354,registro de prueba,2026-06-09T23:11:54.104027+00:00,2026-06-09T23:11:58.019106+00:00,3915.06,200,ok,api-1,
benchmark-api4-5000-c1000-005,005-REQ-003355,3355,registro de prueba,2026-06-09T23:11:54.106286+00:00,2026-06-09T23:11:58.007100+00:00,3900.78,200,ok,api-4,
benchmark-api4-5000-c1000-005,005-REQ-003356,3356,registro de prueba,2026-06-09T23:11:54.108701+00:00,2026-06-09T23:11:54.531218+00:00,422.5,200,ok,api-1,
benchmark-api4-5000-c1000-005,005-REQ-003357,3357,registro de prueba,2026-06-09T23:11:54.109600+00:00,2026-06-09T23:11:54.542762+00:00,433.13,200,ok,api-4,
benchmark-api4-5000-c1000-005,005-REQ-003358,3358,registro de prueba,2026-06-09T23:11:54.110140+00:00,2026-06-09T23:11:58.033174+00:00,3922.98,200,ok,api-3,
benchmark-api4-5000-c1000-005,005-REQ-003359,3359,registro de prueba,2026-06-09T23:11:54.110390+00:00,2026-06-09T23:11:57.973325+00:00,3862.92,200,ok,api-1,
benchmark-api4-5000-c1000-005,005-REQ-003360,3360,registro de prueba,2026-06-09T23:11:54.114399+00:00,2026-06-09T23:11:58.058778+00:00,3944.35,200,ok,api-2,
benchmark-api4-5000-c1000-005,005-REQ-003361,3361,registro de prueba,2026-06-09T23:11:54.115493+00:00,2026-06-09T23:11:57.956358+00:00,3840.84,200,ok,api-1,
benchmark-api4-5000-c1000-005,005-REQ-003362,3362,registro de prueba,2026-06-09T23:11:54.116580+00:00,2026-06-09T23:11:58.035719+00:00,3919.12,200,ok,api-3,
benchmark-api4-5000-c1000-005,005-REQ-003363,3363,registro de prueba,2026-06-09T23:11:54.118815+00:00,2026-06-09T23:11:58.063841+00:00,3945.0,200,ok,api-2,
benchmark-api4-5000-c1000-005,005-REQ-003364,3364,registro de prueba,2026-06-09T23:11:54.120079+00:00,2026-06-09T23:11:54.615430+00:00,495.33,200,ok,api-1,
benchmark-api4-5000-c1000-005,005-REQ-003365,3365,registro de prueba,2026-06-09T23:11:54.120664+00:00,2026-06-09T23:11:58.009280+00:00,3888.6,200,ok,api-1,
benchmark-api4-5000-c1000-005,005-REQ-003366,3366,registro de prueba,2026-06-09T23:11:54.122245+00:00,2026-06-09T23:11:58.075491+00:00,3953.21,200,ok,api-2,
benchmark-api4-5000-c1000-005,005-REQ-003367,3367,registro de prueba,2026-06-09T23:11:54.123771+00:00,2026-06-09T23:11:58.125740+00:00,4001.9,200,ok,api-3,
benchmark-api4-5000-c1000-005,005-REQ-003368,3368,registro de prueba,2026-06-09T23:11:54.124997+00:00,2026-06-09T23:11:58.033571+00:00,3908.56,200,ok,api-4,
benchmark-api4-5000-c1000-005,005-REQ-003369,3369,registro de prueba,2026-06-09T23:11:54.133732+00:00,2026-06-09T23:11:58.003458+00:00,3869.7,200,ok,api-1,
benchmark-api4-5000-c1000-005,005-REQ-003370,3370,registro de prueba,2026-06-09T23:11:54.135250+00:00,2026-06-09T23:11:58.102158+00:00,3966.88,200,ok,api-2,
benchmark-api4-5000-c1000-005,005-REQ-003371,3371,registro de prueba,2026-06-09T23:11:54.143339+00:00,2026-06-09T23:11:58.077693+00:00,3934.32,200,ok,api-4,
benchmark-api4-5000-c1000-005,005-REQ-003372,3372,registro de prueba,2026-06-09T23:11:54.152770+00:00,2026-06-09T23:11:58.000233+00:00,3847.44,200,ok,api-1,
benchmark-api4-5000-c1000-005,005-REQ-003373,3373,registro de prueba,2026-06-09T23:11:54.161212+00:00,2026-06-09T23:11:54.497371+00:00,336.13,200,ok,api-2,
benchmark-api4-5000-c1000-005,005-REQ-003374,3374,registro de prueba,2026-06-09T23:11:54.162258+00:00,2026-06-09T23:11:58.131867+00:00,3969.57,200,ok,api-2,
benchmark-api4-5000-c1000-005,005-REQ-003375,3375,registro de prueba,2026-06-09T23:11:54.162576+00:00,2026-06-09T23:11:58.124130+00:00,3961.53,200,ok,api-3,
benchmark-api4-5000-c1000-005,005-REQ-003376,3376,registro de prueba,2026-06-09T23:11:54.164171+00:00,2026-06-09T23:11:54.580459+00:00,416.27,200,ok,api-1,
benchmark-api4-5000-c1000-005,005-REQ-003377,3377,registro de prueba,2026-06-09T23:11:54.164683+00:00,2026-06-09T23:11:58.170457+00:00,4005.75,200,ok,api-4,
benchmark-api4-5000-c1000-005,005-REQ-003378,3378,registro de prueba,2026-06-09T23:11:54.165604+00:00,2026-06-09T23:11:58.033434+00:00,3867.81,200,ok,api-1,
benchmark-api4-5000-c1000-005,005-REQ-003379,3379,registro de prueba,2026-06-09T23:11:54.166607+00:00,2026-06-09T23:11:58.207563+00:00,4040.94,200,ok,api-3,
benchmark-api4-5000-c1000-005,005-REQ-003380,3380,registro de prueba,2026-06-09T23:11:54.175726+00:00,2026-06-09T23:11:58.105494+00:00,3929.72,200,ok,api-4,
benchmark-api4-5000-c1000-005,005-REQ-003381,3381,registro de prueba,2026-06-09T23:11:54.176931+00:00,2026-06-09T23:11:58.039381+00:00,3862.42,200,ok,api-1,
benchmark-api4-5000-c1000-005,005-REQ-003382,3382,registro de prueba,2026-06-09T23:11:54.183821+00:00,2026-06-09T23:11:58.209666+00:00,4025.82,200,ok,api-2,
benchmark-api4-5000-c1000-005,005-REQ-003383,3383,registro de prueba,2026-06-09T23:11:54.186607+00:00,2026-06-09T23:11:58.351232+00:00,4164.6,200,ok,api-3,
benchmark-api4-5000-c1000-005,005-REQ-003384,3384,registro de prueba,2026-06-09T23:11:54.192378+00:00,2026-06-09T23:11:58.105700+00:00,3913.3,200,ok,api-4,
benchmark-api4-5000-c1000-005,005-REQ-003385,3385,registro de prueba,2026-06-09T23:11:54.195752+00:00,2026-06-09T23:11:58.154906+00:00,3959.12,200,ok,api-1,
benchmark-api4-5000-c1000-005,005-REQ-003386,3386,registro de prueba,2026-06-09T23:11:54.197305+00:00,2026-06-09T23:11:54.580656+00:00,383.33,200,ok,api-2,
benchmark-api4-5000-c1000-005,005-REQ-003387,3387,registro de prueba,2026-06-09T23:11:54.197928+00:00,2026-06-09T23:11:58.276027+00:00,4078.07,200,ok,api-2,
benchmark-api4-5000-c1000-005,005-REQ-003388,3388,registro de prueba,2026-06-09T23:11:54.199847+00:00,2026-06-09T23:11:58.239731+00:00,4039.86,200,ok,api-3,
benchmark-api4-5000-c1000-005,005-REQ-003389,3389,registro de prueba,2026-06-09T23:11:54.203711+00:00,2026-06-09T23:11:54.666365+00:00,462.63,200,ok,api-1,
benchmark-api4-5000-c1000-005,005-REQ-003390,3390,registro de prueba,2026-06-09T23:11:54.204357+00:00,2026-06-09T23:11:58.197745+00:00,3993.35,200,ok,api-4,
benchmark-api4-5000-c1000-005,005-REQ-003391,3391,registro de prueba,2026-06-09T23:11:54.205762+00:00,2026-06-09T23:11:58.143574+00:00,3937.8,200,ok,api-1,
benchmark-api4-5000-c1000-005,005-REQ-003392,3392,registro de prueba,2026-06-09T23:11:54.210274+00:00,2026-06-09T23:11:54.569184+00:00,358.89,200,ok,api-4,
benchmark-api4-5000-c1000-005,005-REQ-003393,3393,registro de prueba,2026-06-09T23:11:54.210794+00:00,2026-06-09T23:11:58.158163+00:00,3947.35,200,ok,api-4,
benchmark-api4-5000-c1000-005,005-REQ-003394,3394,registro de prueba,2026-06-09T23:11:54.218023+00:00,2026-06-09T23:11:54.628246+00:00,410.19,200,ok,api-2,
benchmark-api4-5000-c1000-005,005-REQ-003395,3395,registro de prueba,2026-06-09T23:11:54.218728+00:00,2026-06-09T23:11:58.290481+00:00,4071.72,200,ok,api-3,
benchmark-api4-5000-c1000-005,005-REQ-003396,3396,registro de prueba,2026-06-09T23:11:54.222047+00:00,2026-06-09T23:11:58.277664+00:00,4055.59,200,ok,api-2,
benchmark-api4-5000-c1000-005,005-REQ-003397,3397,registro de prueba,2026-06-09T23:11:54.223474+00:00,2026-06-09T23:11:58.165446+00:00,3941.94,200,ok,api-1,
benchmark-api4-5000-c1000-005,005-REQ-003398,3398,registro de prueba,2026-06-09T23:11:54.225310+00:00,2026-06-09T23:11:54.611147+00:00,385.82,200,ok,api-3,
benchmark-api4-5000-c1000-005,005-REQ-003399,3399,registro de prueba,2026-06-09T23:11:54.226018+00:00,2026-06-09T23:11:58.226635+00:00,4000.59,200,ok,api-2,
benchmark-api4-5000-c1000-005,005-REQ-003400,3400,registro de prueba,2026-06-09T23:11:54.227454+00:00,2026-06-09T23:11:58.393004+00:00,4165.52,200,ok,api-3,
benchmark-api4-5000-c1000-005,005-REQ-003401,3401,registro de prueba,2026-06-09T23:11:54.233873+00:00,2026-06-09T23:11:58.174273+00:00,3940.36,200,ok,api-1,
benchmark-api4-5000-c1000-005,005-REQ-003402,3402,registro de prueba,2026-06-09T23:11:54.244999+00:00,2026-06-09T23:11:58.134863+00:00,3889.84,200,ok,api-4,
benchmark-api4-5000-c1000-005,005-REQ-003403,3403,registro de prueba,2026-06-09T23:11:54.246290+00:00,2026-06-09T23:11:58.152855+00:00,3906.54,200,ok,api-4,
benchmark-api4-5000-c1000-005,005-REQ-003404,3404,registro de prueba,2026-06-09T23:11:54.247458+00:00,2026-06-09T23:11:58.208603+00:00,3961.13,200,ok,api-2,
benchmark-api4-5000-c1000-005,005-REQ-003405,3405,registro de prueba,2026-06-09T23:11:54.249814+00:00,2026-06-09T23:11:58.143329+00:00,3893.48,200,ok,api-1,
benchmark-api4-5000-c1000-005,005-REQ-003406,3406,registro de prueba,2026-06-09T23:11:54.251136+00:00,2026-06-09T23:11:54.698879+00:00,447.71,200,ok,api-3,
benchmark-api4-5000-c1000-005,005-REQ-003407,3407,registro de prueba,2026-06-09T23:11:54.251781+00:00,2026-06-09T23:11:58.303200+00:00,4051.4,200,ok,api-2,
benchmark-api4-5000-c1000-005,005-REQ-003408,3408,registro de prueba,2026-06-09T23:11:54.260946+00:00,2026-06-09T23:11:54.714237+00:00,453.26,200,ok,api-2,
benchmark-api4-5000-c1000-005,005-REQ-003409,3409,registro de prueba,2026-06-09T23:11:54.261903+00:00,2026-06-09T23:11:58.245687+00:00,3983.75,200,ok,api-3,
benchmark-api4-5000-c1000-005,005-REQ-003410,3410,registro de prueba,2026-06-09T23:11:54.262208+00:00,2026-06-09T23:11:58.176200+00:00,3913.97,200,ok,api-4,
benchmark-api4-5000-c1000-005,005-REQ-003411,3411,registro de prueba,2026-06-09T23:11:54.263683+00:00,2026-06-09T23:11:54.701105+00:00,437.4,200,ok,api-3,
benchmark-api4-5000-c1000-005,005-REQ-003412,3412,registro de prueba,2026-06-09T23:11:54.264282+00:00,2026-06-09T23:11:58.251043+00:00,3986.74,200,ok,api-2,
benchmark-api4-5000-c1000-005,005-REQ-003413,3413,registro de prueba,2026-06-09T23:11:54.266916+00:00,2026-06-09T23:11:58.196615+00:00,3929.67,200,ok,api-3,
benchmark-api4-5000-c1000-005,005-REQ-003414,3414,registro de prueba,2026-06-09T23:11:54.267957+00:00,2026-06-09T23:11:58.194885+00:00,3926.9,200,ok,api-4,
benchmark-api4-5000-c1000-005,005-REQ-003415,3415,registro de prueba,2026-06-09T23:11:54.269085+00:00,2026-06-09T23:11:58.241750+00:00,3972.65,200,ok,api-1,
benchmark-api4-5000-c1000-005,005-REQ-003416,3416,registro de prueba,2026-06-09T23:11:54.279464+00:00,2026-06-09T23:11:58.187867+00:00,3908.38,200,ok,api-3,
benchmark-api4-5000-c1000-005,005-REQ-003417,3417,registro de prueba,2026-06-09T23:11:54.280646+00:00,2026-06-09T23:11:58.245268+00:00,3964.6,200,ok,api-2,
benchmark-api4-5000-c1000-005,005-REQ-003418,3418,registro de prueba,2026-06-09T23:11:54.287757+00:00,2026-06-09T23:11:54.646285+00:00,358.48,200,ok,api-4,
benchmark-api4-5000-c1000-005,005-REQ-003419,3419,registro de prueba,2026-06-09T23:11:54.288322+00:00,2026-06-09T23:11:58.287819+00:00,3999.47,200,ok,api-1,
benchmark-api4-5000-c1000-005,005-REQ-003420,3420,registro de prueba,2026-06-09T23:11:54.289737+00:00,2026-06-09T23:11:58.227078+00:00,3937.32,200,ok,api-4,
benchmark-api4-5000-c1000-005,005-REQ-003421,3421,registro de prueba,2026-06-09T23:11:54.299966+00:00,2026-06-09T23:11:58.205854+00:00,3905.83,200,ok,api-1,
benchmark-api4-5000-c1000-005,005-REQ-003422,3422,registro de prueba,2026-06-09T23:11:54.317285+00:00,2026-06-09T23:11:58.375547+00:00,4058.24,200,ok,api-4,
benchmark-api4-5000-c1000-005,005-REQ-003423,3423,registro de prueba,2026-06-09T23:11:54.333291+00:00,2026-06-09T23:11:58.423643+00:00,4090.32,200,ok,api-2,
benchmark-api4-5000-c1000-005,005-REQ-003424,3424,registro de prueba,2026-06-09T23:11:54.334593+00:00,2026-06-09T23:11:58.186097+00:00,3851.47,200,ok,api-1,
benchmark-api4-5000-c1000-005,005-REQ-003425,3425,registro de prueba,2026-06-09T23:11:54.337204+00:00,2026-06-09T23:11:58.374456+00:00,4037.23,200,ok,api-2,
benchmark-api4-5000-c1000-005,005-REQ-003426,3426,registro de prueba,2026-06-09T23:11:54.346117+00:00,2026-06-09T23:11:58.283665+00:00,3937.51,200,ok,api-3,
benchmark-api4-5000-c1000-005,005-REQ-003427,3427,registro de prueba,2026-06-09T23:11:54.363571+00:00,2026-06-09T23:11:58.256570+00:00,3892.97,200,ok,api-4,
benchmark-api4-5000-c1000-005,005-REQ-003428,3428,registro de prueba,2026-06-09T23:11:54.364680+00:00,2026-06-09T23:11:58.307395+00:00,3942.7,200,ok,api-3,
benchmark-api4-5000-c1000-005,005-REQ-003429,3429,registro de prueba,2026-06-09T23:11:54.368009+00:00,2026-06-09T23:11:58.239971+00:00,3871.94,200,ok,api-2,
benchmark-api4-5000-c1000-005,005-REQ-003430,3430,registro de prueba,2026-06-09T23:11:54.369092+00:00,2026-06-09T23:11:58.272446+00:00,3903.28,200,ok,api-4,
benchmark-api4-5000-c1000-005,005-REQ-003431,3431,registro de prueba,2026-06-09T23:11:54.374919+00:00,2026-06-09T23:11:58.303317+00:00,3928.38,200,ok,api-1,
benchmark-api4-5000-c1000-005,005-REQ-003432,3432,registro de prueba,2026-06-09T23:11:54.379973+00:00,2026-06-09T23:11:58.413596+00:00,4033.58,200,ok,api-2,
benchmark-api4-5000-c1000-005,005-REQ-003433,3433,registro de prueba,2026-06-09T23:11:54.386413+00:00,2026-06-09T23:11:58.395555+00:00,4009.12,200,ok,api-3,
benchmark-api4-5000-c1000-005,005-REQ-003434,3434,registro de prueba,2026-06-09T23:11:54.392963+00:00,2026-06-09T23:11:58.357279+00:00,3964.29,200,ok,api-2,
benchmark-api4-5000-c1000-005,005-REQ-003435,3435,registro de prueba,2026-06-09T23:11:54.394667+00:00,2026-06-09T23:11:58.232061+00:00,3837.35,200,ok,api-4,
benchmark-api4-5000-c1000-005,005-REQ-003436,3436,registro de prueba,2026-06-09T23:11:54.400157+00:00,2026-06-09T23:11:58.403582+00:00,4003.39,200,ok,api-3,
benchmark-api4-5000-c1000-005,005-REQ-003437,3437,registro de prueba,2026-06-09T23:11:54.401877+00:00,2026-06-09T23:11:58.290723+00:00,3888.82,200,ok,api-1,
benchmark-api4-5000-c1000-005,005-REQ-003438,3438,registro de prueba,2026-06-09T23:11:54.403550+00:00,2026-06-09T23:11:58.248003+00:00,3844.42,200,ok,api-1,
benchmark-api4-5000-c1000-005,005-REQ-003439,3439,registro de prueba,2026-06-09T23:11:54.404870+00:00,2026-06-09T23:11:58.373273+00:00,3968.37,200,ok,api-2,
benchmark-api4-5000-c1000-005,005-REQ-003440,3440,registro de prueba,2026-06-09T23:11:54.406236+00:00,2026-06-09T23:11:58.432190+00:00,4025.93,200,ok,api-3,
benchmark-api4-5000-c1000-005,005-REQ-003441,3441,registro de prueba,2026-06-09T23:11:54.419376+00:00,2026-06-09T23:11:58.334882+00:00,3915.48,200,ok,api-2,
benchmark-api4-5000-c1000-005,005-REQ-003442,3442,registro de prueba,2026-06-09T23:11:54.427991+00:00,2026-06-09T23:11:58.298118+00:00,3870.09,200,ok,api-3,
benchmark-api4-5000-c1000-005,005-REQ-003443,3443,registro de prueba,2026-06-09T23:11:54.431605+00:00,2026-06-09T23:11:58.359958+00:00,3928.33,200,ok,api-4,
benchmark-api4-5000-c1000-005,005-REQ-003444,3444,registro de prueba,2026-06-09T23:11:54.433800+00:00,2026-06-09T23:11:58.360064+00:00,3926.24,200,ok,api-1,
benchmark-api4-5000-c1000-005,005-REQ-003445,3445,registro de prueba,2026-06-09T23:11:54.434892+00:00,2026-06-09T23:11:58.352327+00:00,3917.41,200,ok,api-3,
benchmark-api4-5000-c1000-005,005-REQ-003446,3446,registro de prueba,2026-06-09T23:11:54.439785+00:00,2026-06-09T23:11:58.296119+00:00,3856.31,200,ok,api-4,
benchmark-api4-5000-c1000-005,005-REQ-003447,3447,registro de prueba,2026-06-09T23:11:54.448829+00:00,2026-06-09T23:11:58.347454+00:00,3898.6,200,ok,api-1,
benchmark-api4-5000-c1000-005,005-REQ-003448,3448,registro de prueba,2026-06-09T23:11:54.454064+00:00,2026-06-09T23:11:58.305920+00:00,3851.83,200,ok,api-2,
benchmark-api4-5000-c1000-005,005-REQ-003449,3449,registro de prueba,2026-06-09T23:11:54.456126+00:00,2026-06-09T23:11:54.824273+00:00,368.12,200,ok,api-1,
benchmark-api4-5000-c1000-005,005-REQ-003450,3450,registro de prueba,2026-06-09T23:11:54.456857+00:00,2026-06-09T23:11:58.394439+00:00,3937.55,200,ok,api-3,
benchmark-api4-5000-c1000-005,005-REQ-003451,3451,registro de prueba,2026-06-09T23:11:54.481459+00:00,2026-06-09T23:11:58.353412+00:00,3871.92,200,ok,api-4,
benchmark-api4-5000-c1000-005,005-REQ-003452,3452,registro de prueba,2026-06-09T23:11:54.482935+00:00,2026-06-09T23:11:58.358992+00:00,3876.03,200,ok,api-2,
benchmark-api4-5000-c1000-005,005-REQ-003453,3453,registro de prueba,2026-06-09T23:11:54.483969+00:00,2026-06-09T23:11:58.301851+00:00,3817.86,200,ok,api-1,
benchmark-api4-5000-c1000-005,005-REQ-003454,3454,registro de prueba,2026-06-09T23:11:54.490871+00:00,2026-06-09T23:11:58.381607+00:00,3890.72,200,ok,api-3,
benchmark-api4-5000-c1000-005,005-REQ-003455,3455,registro de prueba,2026-06-09T23:11:54.496838+00:00,2026-06-09T23:11:58.322154+00:00,3825.3,200,ok,api-1,
benchmark-api4-5000-c1000-005,005-REQ-003456,3456,registro de prueba,2026-06-09T23:11:54.497742+00:00,2026-06-09T23:11:58.420222+00:00,3922.46,200,ok,api-2,
benchmark-api4-5000-c1000-005,005-REQ-003457,3457,registro de prueba,2026-06-09T23:11:54.498668+00:00,2026-06-09T23:11:58.330740+00:00,3832.05,200,ok,api-4,
benchmark-api4-5000-c1000-005,005-REQ-003458,3458,registro de prueba,2026-06-09T23:11:54.499346+00:00,2026-06-09T23:11:58.294738+00:00,3795.37,200,ok,api-3,
benchmark-api4-5000-c1000-005,005-REQ-003459,3459,registro de prueba,2026-06-09T23:11:54.500145+00:00,2026-06-09T23:11:58.349662+00:00,3849.5,200,ok,api-1,
benchmark-api4-5000-c1000-005,005-REQ-003460,3460,registro de prueba,2026-06-09T23:11:54.502930+00:00,2026-06-09T23:11:54.898839+00:00,395.87,200,ok,api-3,
benchmark-api4-5000-c1000-005,005-REQ-003461,3461,registro de prueba,2026-06-09T23:11:54.503830+00:00,2026-06-09T23:11:58.303013+00:00,3799.15,200,ok,api-2,
benchmark-api4-5000-c1000-005,005-REQ-003462,3462,registro de prueba,2026-06-09T23:11:54.504105+00:00,2026-06-09T23:11:58.433410+00:00,3929.29,200,ok,api-4,
benchmark-api4-5000-c1000-005,005-REQ-003463,3463,registro de prueba,2026-06-09T23:11:54.505220+00:00,2026-06-09T23:11:58.320026+00:00,3814.78,200,ok,api-1,
benchmark-api4-5000-c1000-005,005-REQ-003464,3464,registro de prueba,2026-06-09T23:11:54.513424+00:00,2026-06-09T23:11:58.412272+00:00,3898.81,200,ok,api-2,
benchmark-api4-5000-c1000-005,005-REQ-003465,3465,registro de prueba,2026-06-09T23:11:54.521901+00:00,2026-06-09T23:11:58.274393+00:00,3752.46,200,ok,api-3,
benchmark-api4-5000-c1000-005,005-REQ-003466,3466,registro de prueba,2026-06-09T23:11:54.523547+00:00,2026-06-09T23:11:58.356049+00:00,3832.46,200,ok,api-1,
benchmark-api4-5000-c1000-005,005-REQ-003467,3467,registro de prueba,2026-06-09T23:11:54.526783+00:00,2026-06-09T23:11:58.451094+00:00,3924.29,200,ok,api-2,
benchmark-api4-5000-c1000-005,005-REQ-003468,3468,registro de prueba,2026-06-09T23:11:54.533083+00:00,2026-06-09T23:11:54.906208+00:00,373.07,200,ok,api-1,
benchmark-api4-5000-c1000-005,005-REQ-003469,3469,registro de prueba,2026-06-09T23:11:54.534220+00:00,2026-06-09T23:11:58.368370+00:00,3834.08,200,ok,api-3,
benchmark-api4-5000-c1000-005,005-REQ-003470,3470,registro de prueba,2026-06-09T23:11:54.540492+00:00,2026-06-09T23:11:54.857382+00:00,316.86,200,ok,api-4,
benchmark-api4-5000-c1000-005,005-REQ-003471,3471,registro de prueba,2026-06-09T23:11:54.541238+00:00,2026-06-09T23:11:58.419701+00:00,3878.43,200,ok,api-4,
benchmark-api4-5000-c1000-005,005-REQ-003472,3472,registro de prueba,2026-06-09T23:11:54.542190+00:00,2026-06-09T23:11:58.354770+00:00,3812.56,200,ok,api-1,
benchmark-api4-5000-c1000-005,005-REQ-003473,3473,registro de prueba,2026-06-09T23:11:54.543115+00:00,2026-06-09T23:11:58.396741+00:00,3853.61,200,ok,api-2,
benchmark-api4-5000-c1000-005,005-REQ-003474,3474,registro de prueba,2026-06-09T23:11:54.562788+00:00,2026-06-09T23:11:58.529705+00:00,3966.89,200,ok,api-4,
benchmark-api4-5000-c1000-005,005-REQ-003475,3475,registro de prueba,2026-06-09T23:11:54.570006+00:00,2026-06-09T23:11:54.870872+00:00,300.83,200,ok,api-4,
benchmark-api4-5000-c1000-005,005-REQ-003476,3476,registro de prueba,2026-06-09T23:11:54.570924+00:00,2026-06-09T23:11:58.515435+00:00,3944.48,200,ok,api-1,
benchmark-api4-5000-c1000-005,005-REQ-003477,3477,registro de prueba,2026-06-09T23:11:54.572828+00:00,2026-06-09T23:11:58.558152+00:00,3985.29,200,ok,api-2,
benchmark-api4-5000-c1000-005,005-REQ-003478,3478,registro de prueba,2026-06-09T23:11:54.574253+00:00,2026-06-09T23:11:58.520333+00:00,3946.05,200,ok,api-3,
benchmark-api4-5000-c1000-005,005-REQ-003479,3479,registro de prueba,2026-06-09T23:11:54.578860+00:00,2026-06-09T23:11:54.855911+00:00,277.03,200,ok,api-3,
benchmark-api4-5000-c1000-005,005-REQ-003480,3480,registro de prueba,2026-06-09T23:11:54.579564+00:00,2026-06-09T23:11:58.472329+00:00,3892.74,200,ok,api-4,
benchmark-api4-5000-c1000-005,005-REQ-003481,3481,registro de prueba,2026-06-09T23:11:54.579832+00:00,2026-06-09T23:11:58.521755+00:00,3941.91,200,ok,api-2,
benchmark-api4-5000-c1000-005,005-REQ-003482,3482,registro de prueba,2026-06-09T23:11:54.581017+00:00,2026-06-09T23:11:54.895139+00:00,314.1,200,ok,api-4,
benchmark-api4-5000-c1000-005,005-REQ-003483,3483,registro de prueba,2026-06-09T23:11:54.581560+00:00,2026-06-09T23:11:58.492177+00:00,3910.59,200,ok,api-3,
benchmark-api4-5000-c1000-005,005-REQ-003484,3484,registro de prueba,2026-06-09T23:11:54.585420+00:00,2026-06-09T23:11:58.627691+00:00,4042.25,200,ok,api-4,
benchmark-api4-5000-c1000-005,005-REQ-003485,3485,registro de prueba,2026-06-09T23:11:54.586409+00:00,2026-06-09T23:11:58.468597+00:00,3882.17,200,ok,api-1,
benchmark-api4-5000-c1000-005,005-REQ-003486,3486,registro de prueba,2026-06-09T23:11:54.590833+00:00,2026-06-09T23:11:58.516588+00:00,3925.74,200,ok,api-2,
benchmark-api4-5000-c1000-005,005-REQ-003487,3487,registro de prueba,2026-06-09T23:11:54.596916+00:00,2026-06-09T23:11:54.903358+00:00,306.4,200,ok,api-3,
benchmark-api4-5000-c1000-005,005-REQ-003488,3488,registro de prueba,2026-06-09T23:11:54.597688+00:00,2026-06-09T23:11:58.508002+00:00,3910.29,200,ok,api-4,
benchmark-api4-5000-c1000-005,005-REQ-003489,3489,registro de prueba,2026-06-09T23:11:54.603195+00:00,2026-06-09T23:11:54.993430+00:00,390.22,200,ok,api-3,
benchmark-api4-5000-c1000-005,005-REQ-003490,3490,registro de prueba,2026-06-09T23:11:54.603598+00:00,2026-06-09T23:11:58.604326+00:00,4000.71,200,ok,api-3,
benchmark-api4-5000-c1000-005,005-REQ-003491,3491,registro de prueba,2026-06-09T23:11:54.609672+00:00,2026-06-09T23:11:58.615892+00:00,4006.2,200,ok,api-1,
benchmark-api4-5000-c1000-005,005-REQ-003492,3492,registro de prueba,2026-06-09T23:11:54.610657+00:00,2026-06-09T23:11:58.548130+00:00,3937.46,200,ok,api-2,
benchmark-api4-5000-c1000-005,005-REQ-003493,3493,registro de prueba,2026-06-09T23:11:54.611497+00:00,2026-06-09T23:11:58.485421+00:00,3873.91,200,ok,api-3,
benchmark-api4-5000-c1000-005,005-REQ-003494,3494,registro de prueba,2026-06-09T23:11:54.612401+00:00,2026-06-09T23:11:58.596719+00:00,3984.3,200,ok,api-4,
benchmark-api4-5000-c1000-005,005-REQ-003495,3495,registro de prueba,2026-06-09T23:11:54.614774+00:00,2026-06-09T23:11:58.470942+00:00,3855.82,200,ok,api-1,
benchmark-api4-5000-c1000-005,005-REQ-003496,3496,registro de prueba,2026-06-09T23:11:54.615834+00:00,2026-06-09T23:11:54.968085+00:00,352.24,200,ok,api-2,
benchmark-api4-5000-c1000-005,005-REQ-003497,3497,registro de prueba,2026-06-09T23:11:54.616368+00:00,2026-06-09T23:11:58.507758+00:00,3891.36,200,ok,api-3,
benchmark-api4-5000-c1000-005,005-REQ-003498,3498,registro de prueba,2026-06-09T23:11:54.617310+00:00,2026-06-09T23:11:58.546879+00:00,3929.55,200,ok,api-4,
benchmark-api4-5000-c1000-005,005-REQ-003499,3499,registro de prueba,2026-06-09T23:11:54.622560+00:00,2026-06-09T23:11:58.511184+00:00,3888.59,200,ok,api-2,
benchmark-api4-5000-c1000-005,005-REQ-003500,3500,registro de prueba,2026-06-09T23:11:54.624470+00:00,2026-06-09T23:11:58.477819+00:00,3853.32,200,ok,api-1,
benchmark-api4-5000-c1000-005,005-REQ-003501,3501,registro de prueba,2026-06-09T23:11:54.628754+00:00,2026-06-09T23:11:58.559406+00:00,3930.63,200,ok,api-3,
benchmark-api4-5000-c1000-005,005-REQ-003502,3502,registro de prueba,2026-06-09T23:11:54.630637+00:00,2026-06-09T23:11:58.589024+00:00,3958.36,200,ok,api-4,
benchmark-api4-5000-c1000-005,005-REQ-003503,3503,registro de prueba,2026-06-09T23:11:54.631742+00:00,2026-06-09T23:11:58.479264+00:00,3847.48,200,ok,api-1,
benchmark-api4-5000-c1000-005,005-REQ-003504,3504,registro de prueba,2026-06-09T23:11:54.636017+00:00,2026-06-09T23:11:58.493699+00:00,3857.66,200,ok,api-2,
benchmark-api4-5000-c1000-005,005-REQ-003505,3505,registro de prueba,2026-06-09T23:11:54.638024+00:00,2026-06-09T23:11:58.490180+00:00,3852.13,200,ok,api-4,
benchmark-api4-5000-c1000-005,005-REQ-003506,3506,registro de prueba,2026-06-09T23:11:54.646886+00:00,2026-06-09T23:11:58.545552+00:00,3898.64,200,ok,api-2,
benchmark-api4-5000-c1000-005,005-REQ-003507,3507,registro de prueba,2026-06-09T23:11:54.656208+00:00,2026-06-09T23:11:58.501604+00:00,3845.36,200,ok,api-1,
benchmark-api4-5000-c1000-005,005-REQ-003508,3508,registro de prueba,2026-06-09T23:11:54.657635+00:00,2026-06-09T23:11:58.604642+00:00,3946.98,200,ok,api-4,
benchmark-api4-5000-c1000-005,005-REQ-003509,3509,registro de prueba,2026-06-09T23:11:54.658619+00:00,2026-06-09T23:11:58.548326+00:00,3889.69,200,ok,api-2,
benchmark-api4-5000-c1000-005,005-REQ-003510,3510,registro de prueba,2026-06-09T23:11:54.660202+00:00,2026-06-09T23:11:54.954654+00:00,294.44,200,ok,api-4,
benchmark-api4-5000-c1000-005,005-REQ-003511,3511,registro de prueba,2026-06-09T23:11:54.660632+00:00,2026-06-09T23:11:58.538260+00:00,3877.6,200,ok,api-3,
benchmark-api4-5000-c1000-005,005-REQ-003512,3512,registro de prueba,2026-06-09T23:11:54.665194+00:00,2026-06-09T23:11:58.572736+00:00,3907.52,200,ok,api-4,
benchmark-api4-5000-c1000-005,005-REQ-003513,3513,registro de prueba,2026-06-09T23:11:54.666897+00:00,2026-06-09T23:11:58.514253+00:00,3847.34,200,ok,api-3,
benchmark-api4-5000-c1000-005,005-REQ-003514,3514,registro de prueba,2026-06-09T23:11:54.668236+00:00,2026-06-09T23:11:58.571206+00:00,3902.94,200,ok,api-2,
benchmark-api4-5000-c1000-005,005-REQ-003515,3515,registro de prueba,2026-06-09T23:11:54.669375+00:00,2026-06-09T23:11:58.576789+00:00,3907.39,200,ok,api-4,
benchmark-api4-5000-c1000-005,005-REQ-003516,3516,registro de prueba,2026-06-09T23:11:54.670238+00:00,2026-06-09T23:11:58.476389+00:00,3806.14,200,ok,api-1,
benchmark-api4-5000-c1000-005,005-REQ-003517,3517,registro de prueba,2026-06-09T23:11:54.692743+00:00,2026-06-09T23:11:58.637529+00:00,3944.76,200,ok,api-2,
benchmark-api4-5000-c1000-005,005-REQ-003518,3518,registro de prueba,2026-06-09T23:11:54.693780+00:00,2026-06-09T23:11:58.579890+00:00,3886.09,200,ok,api-3,
benchmark-api4-5000-c1000-005,005-REQ-003519,3519,registro de prueba,2026-06-09T23:11:54.694520+00:00,2026-06-09T23:11:58.613164+00:00,3918.62,200,ok,api-4,
benchmark-api4-5000-c1000-005,005-REQ-003520,3520,registro de prueba,2026-06-09T23:11:54.695367+00:00,2026-06-09T23:11:58.533971+00:00,3838.59,200,ok,api-1,
benchmark-api4-5000-c1000-005,005-REQ-003521,3521,registro de prueba,2026-06-09T23:11:54.699937+00:00,2026-06-09T23:11:55.049294+00:00,349.32,200,ok,api-2,
benchmark-api4-5000-c1000-005,005-REQ-003522,3522,registro de prueba,2026-06-09T23:11:54.700589+00:00,2026-06-09T23:11:58.556803+00:00,3856.18,200,ok,api-2,
benchmark-api4-5000-c1000-005,005-REQ-003523,3523,registro de prueba,2026-06-09T23:11:54.702110+00:00,2026-06-09T23:11:58.606571+00:00,3904.43,200,ok,api-4,
benchmark-api4-5000-c1000-005,005-REQ-003524,3524,registro de prueba,2026-06-09T23:11:54.703808+00:00,2026-06-09T23:11:54.967889+00:00,264.05,200,ok,api-2,
benchmark-api4-5000-c1000-005,005-REQ-003525,3525,registro de prueba,2026-06-09T23:11:54.704703+00:00,2026-06-09T23:11:54.990451+00:00,285.72,200,ok,api-4,
benchmark-api4-5000-c1000-005,005-REQ-003526,3526,registro de prueba,2026-06-09T23:11:54.705554+00:00,2026-06-09T23:11:58.687369+00:00,3981.78,200,ok,api-1,
benchmark-api4-5000-c1000-005,005-REQ-003527,3527,registro de prueba,2026-06-09T23:11:54.705849+00:00,2026-06-09T23:11:58.690575+00:00,3984.71,200,ok,api-2,
benchmark-api4-5000-c1000-005,005-REQ-003528,3528,registro de prueba,2026-06-09T23:11:54.707371+00:00,2026-06-09T23:11:58.679192+00:00,3971.8,200,ok,api-3,
benchmark-api4-5000-c1000-005,005-REQ-003529,3529,registro de prueba,2026-06-09T23:11:54.708191+00:00,2026-06-09T23:11:58.669101+00:00,3960.89,200,ok,api-4,
benchmark-api4-5000-c1000-005,005-REQ-003530,3530,registro de prueba,2026-06-09T23:11:54.714919+00:00,2026-06-09T23:11:58.535394+00:00,3820.45,200,ok,api-1,
benchmark-api4-5000-c1000-005,005-REQ-003531,3531,registro de prueba,2026-06-09T23:11:54.716473+00:00,2026-06-09T23:11:55.010003+00:00,293.51,200,ok,api-4,
benchmark-api4-5000-c1000-005,005-REQ-003532,3532,registro de prueba,2026-06-09T23:11:54.717037+00:00,2026-06-09T23:11:58.582413+00:00,3865.35,200,ok,api-3,
benchmark-api4-5000-c1000-005,005-REQ-003533,3533,registro de prueba,2026-06-09T23:11:54.721321+00:00,2026-06-09T23:11:58.617202+00:00,3895.85,200,ok,api-1,
benchmark-api4-5000-c1000-005,005-REQ-003534,3534,registro de prueba,2026-06-09T23:11:54.724558+00:00,2026-06-09T23:11:58.628688+00:00,3904.11,200,ok,api-2,
benchmark-api4-5000-c1000-005,005-REQ-003535,3535,registro de prueba,2026-06-09T23:11:54.725814+00:00,2026-06-09T23:11:58.649279+00:00,3923.44,200,ok,api-3,
benchmark-api4-5000-c1000-005,005-REQ-003536,3536,registro de prueba,2026-06-09T23:11:54.734451+00:00,2026-06-09T23:11:58.623347+00:00,3888.86,200,ok,api-2,
benchmark-api4-5000-c1000-005,005-REQ-003537,3537,registro de prueba,2026-06-09T23:11:54.735599+00:00,2026-06-09T23:11:58.677956+00:00,3942.33,200,ok,api-1,
benchmark-api4-5000-c1000-005,005-REQ-003538,3538,registro de prueba,2026-06-09T23:11:54.737712+00:00,2026-06-09T23:11:58.716914+00:00,3979.17,200,ok,api-3,
benchmark-api4-5000-c1000-005,005-REQ-003539,3539,registro de prueba,2026-06-09T23:11:54.743225+00:00,2026-06-09T23:11:55.045027+00:00,301.79,200,ok,api-1,
benchmark-api4-5000-c1000-005,005-REQ-003540,3540,registro de prueba,2026-06-09T23:11:54.743773+00:00,2026-06-09T23:11:58.681490+00:00,3937.7,200,ok,api-4,
benchmark-api4-5000-c1000-005,005-REQ-003541,3541,registro de prueba,2026-06-09T23:11:54.746801+00:00,2026-06-09T23:11:58.647912+00:00,3901.08,200,ok,api-1,
benchmark-api4-5000-c1000-005,005-REQ-003542,3542,registro de prueba,2026-06-09T23:11:54.747962+00:00,2026-06-09T23:11:58.709005+00:00,3961.03,200,ok,api-2,
benchmark-api4-5000-c1000-005,005-REQ-003543,3543,registro de prueba,2026-06-09T23:11:54.761940+00:00,2026-06-09T23:11:58.629662+00:00,3867.68,200,ok,api-3,
benchmark-api4-5000-c1000-005,005-REQ-003544,3544,registro de prueba,2026-06-09T23:11:54.763561+00:00,2026-06-09T23:11:58.614790+00:00,3851.2,200,ok,api-4,
benchmark-api4-5000-c1000-005,005-REQ-003545,3545,registro de prueba,2026-06-09T23:11:54.768848+00:00,2026-06-09T23:11:58.701620+00:00,3932.75,200,ok,api-1,
benchmark-api4-5000-c1000-005,005-REQ-003546,3546,registro de prueba,2026-06-09T23:11:54.782865+00:00,2026-06-09T23:11:58.626321+00:00,3843.43,200,ok,api-2,
benchmark-api4-5000-c1000-005,005-REQ-003547,3547,registro de prueba,2026-06-09T23:11:54.787264+00:00,2026-06-09T23:11:58.746756+00:00,3959.43,200,ok,api-3,
benchmark-api4-5000-c1000-005,005-REQ-003548,3548,registro de prueba,2026-06-09T23:11:54.790744+00:00,2026-06-09T23:11:55.073359+00:00,282.5,200,ok,api-4,
benchmark-api4-5000-c1000-005,005-REQ-003549,3549,registro de prueba,2026-06-09T23:11:54.791433+00:00,2026-06-09T23:11:58.624716+00:00,3833.26,200,ok,api-4,
benchmark-api4-5000-c1000-005,005-REQ-003550,3550,registro de prueba,2026-06-09T23:11:54.801539+00:00,2026-06-09T23:11:58.702454+00:00,3900.89,200,ok,api-2,
benchmark-api4-5000-c1000-005,005-REQ-003551,3551,registro de prueba,2026-06-09T23:11:54.807149+00:00,2026-06-09T23:11:55.203648+00:00,396.44,200,ok,api-3,
benchmark-api4-5000-c1000-005,005-REQ-003552,3552,registro de prueba,2026-06-09T23:11:54.809011+00:00,2026-06-09T23:11:58.657982+00:00,3848.93,200,ok,api-1,
benchmark-api4-5000-c1000-005,005-REQ-003553,3553,registro de prueba,2026-06-09T23:11:54.814603+00:00,2026-06-09T23:11:58.765857+00:00,3951.2,200,ok,api-4,
benchmark-api4-5000-c1000-005,005-REQ-003554,3554,registro de prueba,2026-06-09T23:11:54.816766+00:00,2026-06-09T23:11:58.660673+00:00,3843.79,200,ok,api-1,
benchmark-api4-5000-c1000-005,005-REQ-003555,3555,registro de prueba,2026-06-09T23:11:54.818740+00:00,2026-06-09T23:11:58.644104+00:00,3825.33,200,ok,api-2,
benchmark-api4-5000-c1000-005,005-REQ-003556,3556,registro de prueba,2026-06-09T23:11:54.819974+00:00,2026-06-09T23:11:58.748327+00:00,3928.33,200,ok,api-3,
benchmark-api4-5000-c1000-005,005-REQ-003557,3557,registro de prueba,2026-06-09T23:11:54.824892+00:00,2026-06-09T23:11:58.728564+00:00,3903.65,200,ok,api-4,
benchmark-api4-5000-c1000-005,005-REQ-003558,3558,registro de prueba,2026-06-09T23:11:54.830778+00:00,2026-06-09T23:11:55.146373+00:00,315.57,200,ok,api-2,
benchmark-api4-5000-c1000-005,005-REQ-003559,3559,registro de prueba,2026-06-09T23:11:54.831814+00:00,2026-06-09T23:11:58.658246+00:00,3826.4,200,ok,api-1,
benchmark-api4-5000-c1000-005,005-REQ-003560,3560,registro de prueba,2026-06-09T23:11:54.836829+00:00,2026-06-09T23:11:58.767454+00:00,3930.6,200,ok,api-2,
benchmark-api4-5000-c1000-005,005-REQ-003561,3561,registro de prueba,2026-06-09T23:11:54.841795+00:00,2026-06-09T23:11:58.673273+00:00,3831.44,200,ok,api-3,
benchmark-api4-5000-c1000-005,005-REQ-003562,3562,registro de prueba,2026-06-09T23:11:54.851023+00:00,2026-06-09T23:11:58.617005+00:00,3765.96,200,ok,api-4,
benchmark-api4-5000-c1000-005,005-REQ-003563,3563,registro de prueba,2026-06-09T23:11:54.854557+00:00,2026-06-09T23:11:58.667502+00:00,3812.8,200,ok,api-1,
benchmark-api4-5000-c1000-005,005-REQ-003564,3564,registro de prueba,2026-06-09T23:11:54.856826+00:00,2026-06-09T23:11:58.660457+00:00,3803.6,200,ok,api-2,
benchmark-api4-5000-c1000-005,005-REQ-003565,3565,registro de prueba,2026-06-09T23:11:54.857911+00:00,2026-06-09T23:11:58.709218+00:00,3851.29,200,ok,api-3,
benchmark-api4-5000-c1000-005,005-REQ-003566,3566,registro de prueba,2026-06-09T23:11:54.866152+00:00,2026-06-09T23:11:58.680382+00:00,3814.21,200,ok,api-4,
benchmark-api4-5000-c1000-005,005-REQ-003567,3567,registro de prueba,2026-06-09T23:11:54.868912+00:00,2026-06-09T23:11:58.849940+00:00,3980.99,200,ok,api-1,
benchmark-api4-5000-c1000-005,005-REQ-003568,3568,registro de prueba,2026-06-09T23:11:54.871806+00:00,2026-06-09T23:11:58.707538+00:00,3835.69,200,ok,api-3,
benchmark-api4-5000-c1000-005,005-REQ-003569,3569,registro de prueba,2026-06-09T23:11:54.880524+00:00,2026-06-09T23:11:58.769115+00:00,3888.55,200,ok,api-4,
benchmark-api4-5000-c1000-005,005-REQ-003570,3570,registro de prueba,2026-06-09T23:11:54.883744+00:00,2026-06-09T23:11:58.692707+00:00,3808.94,200,ok,api-2,
benchmark-api4-5000-c1000-005,005-REQ-003571,3571,registro de prueba,2026-06-09T23:11:54.895775+00:00,2026-06-09T23:11:58.779672+00:00,3883.87,200,ok,api-3,
benchmark-api4-5000-c1000-005,005-REQ-003572,3572,registro de prueba,2026-06-09T23:11:54.899493+00:00,2026-06-09T23:11:58.879936+00:00,3980.42,200,ok,api-4,
benchmark-api4-5000-c1000-005,005-REQ-003573,3573,registro de prueba,2026-06-09T23:11:54.903995+00:00,2026-06-09T23:11:58.820621+00:00,3916.6,200,ok,api-1,
benchmark-api4-5000-c1000-005,005-REQ-003574,3574,registro de prueba,2026-06-09T23:11:54.906890+00:00,2026-06-09T23:11:55.175595+00:00,268.48,200,ok,api-2,
benchmark-api4-5000-c1000-005,005-REQ-003575,3575,registro de prueba,2026-06-09T23:11:54.907770+00:00,2026-06-09T23:11:58.834676+00:00,3926.88,200,ok,api-2,
benchmark-api4-5000-c1000-005,005-REQ-003576,3576,registro de prueba,2026-06-09T23:11:54.917464+00:00,2026-06-09T23:11:55.245671+00:00,328.19,200,ok,api-2,
benchmark-api4-5000-c1000-005,005-REQ-003577,3577,registro de prueba,2026-06-09T23:11:54.918360+00:00,2026-06-09T23:11:55.262171+00:00,343.78,200,ok,api-1,
benchmark-api4-5000-c1000-005,005-REQ-003578,3578,registro de prueba,2026-06-09T23:11:54.918909+00:00,2026-06-09T23:11:58.861123+00:00,3942.19,200,ok,api-4,
benchmark-api4-5000-c1000-005,005-REQ-003579,3579,registro de prueba,2026-06-09T23:11:54.919103+00:00,2026-06-09T23:11:58.729587+00:00,3810.48,200,ok,api-2,
benchmark-api4-5000-c1000-005,005-REQ-003580,3580,registro de prueba,2026-06-09T23:11:54.920287+00:00,2026-06-09T23:11:55.197146+00:00,276.84,200,ok,api-4,
benchmark-api4-5000-c1000-005,005-REQ-003581,3581,registro de prueba,2026-06-09T23:11:54.921376+00:00,2026-06-09T23:11:58.797247+00:00,3875.84,200,ok,api-4,
benchmark-api4-5000-c1000-005,005-REQ-003582,3582,registro de prueba,2026-06-09T23:11:54.931041+00:00,2026-06-09T23:11:55.253211+00:00,322.15,200,ok,api-3,
benchmark-api4-5000-c1000-005,005-REQ-003583,3583,registro de prueba,2026-06-09T23:11:54.931668+00:00,2026-06-09T23:11:58.813790+00:00,3882.1,200,ok,api-3,
benchmark-api4-5000-c1000-005,005-REQ-003584,3584,registro de prueba,2026-06-09T23:11:54.933349+00:00,2026-06-09T23:11:58.767262+00:00,3833.88,200,ok,api-1,
benchmark-api4-5000-c1000-005,005-REQ-003585,3585,registro de prueba,2026-06-09T23:11:54.951700+00:00,2026-06-09T23:11:55.191988+00:00,240.27,200,ok,api-2,
benchmark-api4-5000-c1000-005,005-REQ-003586,3586,registro de prueba,2026-06-09T23:11:54.952435+00:00,2026-06-09T23:11:55.239287+00:00,286.82,200,ok,api-4,
benchmark-api4-5000-c1000-005,005-REQ-003587,3587,registro de prueba,2026-06-09T23:11:54.953089+00:00,2026-06-09T23:11:58.832526+00:00,3879.41,200,ok,api-3,
benchmark-api4-5000-c1000-005,005-REQ-003588,3588,registro de prueba,2026-06-09T23:11:54.953309+00:00,2026-06-09T23:11:58.802317+00:00,3848.99,200,ok,api-1,
benchmark-api4-5000-c1000-005,005-REQ-003589,3589,registro de prueba,2026-06-09T23:11:54.953433+00:00,2026-06-09T23:11:58.795897+00:00,3842.45,200,ok,api-4,
benchmark-api4-5000-c1000-005,005-REQ-003590,3590,registro de prueba,2026-06-09T23:11:54.955520+00:00,2026-06-09T23:11:55.218748+00:00,263.2,200,ok,api-2,
benchmark-api4-5000-c1000-005,005-REQ-003591,3591,registro de prueba,2026-06-09T23:11:54.956301+00:00,2026-06-09T23:11:55.314005+00:00,357.69,200,ok,api-1,
benchmark-api4-5000-c1000-005,005-REQ-003592,3592,registro de prueba,2026-06-09T23:11:54.956853+00:00,2026-06-09T23:11:58.762344+00:00,3805.47,200,ok,api-2,
benchmark-api4-5000-c1000-005,005-REQ-003593,3593,registro de prueba,2026-06-09T23:11:54.957036+00:00,2026-06-09T23:11:58.833737+00:00,3876.69,200,ok,api-3,
benchmark-api4-5000-c1000-005,005-REQ-003594,3594,registro de prueba,2026-06-09T23:11:54.957591+00:00,2026-06-09T23:11:58.700752+00:00,3743.15,200,ok,api-4,
benchmark-api4-5000-c1000-005,005-REQ-003595,3595,registro de prueba,2026-06-09T23:11:54.962961+00:00,2026-06-09T23:11:58.725932+00:00,3762.94,200,ok,api-1,
benchmark-api4-5000-c1000-005,005-REQ-003596,3596,registro de prueba,2026-06-09T23:11:54.964617+00:00,2026-06-09T23:11:58.762731+00:00,3798.03,200,ok,api-3,
benchmark-api4-5000-c1000-005,005-REQ-003597,3597,registro de prueba,2026-06-09T23:11:54.966177+00:00,2026-06-09T23:11:58.901321+00:00,3935.11,200,ok,api-2,
benchmark-api4-5000-c1000-005,005-REQ-003598,3598,registro de prueba,2026-06-09T23:11:54.967172+00:00,2026-06-09T23:11:58.898175+00:00,3930.99,200,ok,api-4,
benchmark-api4-5000-c1000-005,005-REQ-003599,3599,registro de prueba,2026-06-09T23:11:54.968470+00:00,2026-06-09T23:11:55.250176+00:00,281.68,200,ok,api-2,
benchmark-api4-5000-c1000-005,005-REQ-003600,3600,registro de prueba,2026-06-09T23:11:54.968995+00:00,2026-06-09T23:11:58.946413+00:00,3977.4,200,ok,api-1,
benchmark-api4-5000-c1000-005,005-REQ-003601,3601,registro de prueba,2026-06-09T23:11:54.981473+00:00,2026-06-09T23:11:55.254573+00:00,273.08,200,ok,api-3,
benchmark-api4-5000-c1000-005,005-REQ-003602,3602,registro de prueba,2026-06-09T23:11:54.982112+00:00,2026-06-09T23:11:58.932882+00:00,3950.74,200,ok,api-4,
benchmark-api4-5000-c1000-005,005-REQ-003603,3603,registro de prueba,2026-06-09T23:11:54.983591+00:00,2026-06-09T23:11:58.976094+00:00,3992.48,200,ok,api-2,
benchmark-api4-5000-c1000-005,005-REQ-003604,3604,registro de prueba,2026-06-09T23:11:54.989283+00:00,2026-06-09T23:11:58.967021+00:00,3977.69,200,ok,api-3,
benchmark-api4-5000-c1000-005,005-REQ-003605,3605,registro de prueba,2026-06-09T23:11:54.991360+00:00,2026-06-09T23:11:55.343293+00:00,351.91,200,ok,api-1,
benchmark-api4-5000-c1000-005,005-REQ-003606,3606,registro de prueba,2026-06-09T23:11:54.992022+00:00,2026-06-09T23:11:55.408465+00:00,416.42,200,ok,api-3,
benchmark-api4-5000-c1000-005,005-REQ-003607,3607,registro de prueba,2026-06-09T23:11:54.992534+00:00,2026-06-09T23:11:58.900207+00:00,3907.65,200,ok,api-4,
benchmark-api4-5000-c1000-005,005-REQ-003608,3608,registro de prueba,2026-06-09T23:11:54.992755+00:00,2026-06-09T23:11:59.085377+00:00,4092.61,200,ok,api-1,
benchmark-api4-5000-c1000-005,005-REQ-003609,3609,registro de prueba,2026-06-09T23:11:54.993889+00:00,2026-06-09T23:11:55.372035+00:00,378.13,200,ok,api-1,
benchmark-api4-5000-c1000-005,005-REQ-003610,3610,registro de prueba,2026-06-09T23:11:54.994489+00:00,2026-06-09T23:11:59.062735+00:00,4068.22,200,ok,api-3,
benchmark-api4-5000-c1000-005,005-REQ-003611,3611,registro de prueba,2026-06-09T23:11:54.998341+00:00,2026-06-09T23:11:58.919496+00:00,3921.12,200,ok,api-2,
benchmark-api4-5000-c1000-005,005-REQ-003612,3612,registro de prueba,2026-06-09T23:11:55.004816+00:00,2026-06-09T23:11:59.046702+00:00,4041.81,200,ok,api-4,
benchmark-api4-5000-c1000-005,005-REQ-003613,3613,registro de prueba,2026-06-09T23:11:55.007438+00:00,2026-06-09T23:11:59.037070+00:00,4029.59,200,ok,api-1,
benchmark-api4-5000-c1000-005,005-REQ-003614,3614,registro de prueba,2026-06-09T23:11:55.009425+00:00,2026-06-09T23:11:58.961304+00:00,3951.85,200,ok,api-2,
benchmark-api4-5000-c1000-005,005-REQ-003615,3615,registro de prueba,2026-06-09T23:11:55.011504+00:00,2026-06-09T23:11:55.264555+00:00,253.02,200,ok,api-2,
benchmark-api4-5000-c1000-005,005-REQ-003616,3616,registro de prueba,2026-06-09T23:11:55.012311+00:00,2026-06-09T23:11:55.268386+00:00,256.05,200,ok,api-2,
benchmark-api4-5000-c1000-005,005-REQ-003617,3617,registro de prueba,2026-06-09T23:11:55.012802+00:00,2026-06-09T23:11:58.922971+00:00,3910.15,200,ok,api-4,
benchmark-api4-5000-c1000-005,005-REQ-003618,3618,registro de prueba,2026-06-09T23:11:55.013015+00:00,2026-06-09T23:11:59.095118+00:00,4082.09,200,ok,api-1,
benchmark-api4-5000-c1000-005,005-REQ-003619,3619,registro de prueba,2026-06-09T23:11:55.013890+00:00,2026-06-09T23:11:58.942237+00:00,3928.32,200,ok,api-2,
benchmark-api4-5000-c1000-005,005-REQ-003620,3620,registro de prueba,2026-06-09T23:11:55.016490+00:00,2026-06-09T23:11:58.968464+00:00,3951.96,200,ok,api-3,
benchmark-api4-5000-c1000-005,005-REQ-003621,3621,registro de prueba,2026-06-09T23:11:55.025203+00:00,2026-06-09T23:11:58.963118+00:00,3937.89,200,ok,api-4,
benchmark-api4-5000-c1000-005,005-REQ-003622,3622,registro de prueba,2026-06-09T23:11:55.026482+00:00,2026-06-09T23:11:58.978223+00:00,3951.72,200,ok,api-1,
benchmark-api4-5000-c1000-005,005-REQ-003623,3623,registro de prueba,2026-06-09T23:11:55.028141+00:00,2026-06-09T23:11:58.950584+00:00,3922.39,200,ok,api-2,
benchmark-api4-5000-c1000-005,005-REQ-003624,3624,registro de prueba,2026-06-09T23:11:55.033178+00:00,2026-06-09T23:11:55.481265+00:00,448.07,200,ok,api-3,
benchmark-api4-5000-c1000-005,005-REQ-003625,3625,registro de prueba,2026-06-09T23:11:55.033797+00:00,2026-06-09T23:11:58.950840+00:00,3917.02,200,ok,api-3,
benchmark-api4-5000-c1000-005,005-REQ-003626,3626,registro de prueba,2026-06-09T23:11:55.038008+00:00,2026-06-09T23:11:55.494618+00:00,456.57,200,ok,api-2,
benchmark-api4-5000-c1000-005,005-REQ-003627,3627,registro de prueba,2026-06-09T23:11:55.038872+00:00,2026-06-09T23:11:58.884259+00:00,3845.35,200,ok,api-4,
benchmark-api4-5000-c1000-005,005-REQ-003628,3628,registro de prueba,2026-06-09T23:11:55.040678+00:00,2026-06-09T23:11:58.928178+00:00,3887.48,200,ok,api-1,
benchmark-api4-5000-c1000-005,005-REQ-003629,3629,registro de prueba,2026-06-09T23:11:55.043175+00:00,2026-06-09T23:11:55.383754+00:00,340.55,200,ok,api-1,
benchmark-api4-5000-c1000-005,005-REQ-003630,3630,registro de prueba,2026-06-09T23:11:55.044052+00:00,2026-06-09T23:11:58.896825+00:00,3852.73,200,ok,api-2,
benchmark-api4-5000-c1000-005,005-REQ-003631,3631,registro de prueba,2026-06-09T23:11:55.045757+00:00,2026-06-09T23:11:55.415587+00:00,369.8,200,ok,api-3,
benchmark-api4-5000-c1000-005,005-REQ-003632,3632,registro de prueba,2026-06-09T23:11:55.046866+00:00,2026-06-09T23:11:59.012468+00:00,3965.57,200,ok,api-3,
benchmark-api4-5000-c1000-005,005-REQ-003633,3633,registro de prueba,2026-06-09T23:11:55.047168+00:00,2026-06-09T23:11:58.959170+00:00,3911.99,200,ok,api-1,
benchmark-api4-5000-c1000-005,005-REQ-003634,3634,registro de prueba,2026-06-09T23:11:55.048346+00:00,2026-06-09T23:11:58.981014+00:00,3932.64,200,ok,api-2,
benchmark-api4-5000-c1000-005,005-REQ-003635,3635,registro de prueba,2026-06-09T23:11:55.050428+00:00,2026-06-09T23:11:58.940078+00:00,3889.6,200,ok,api-3,
benchmark-api4-5000-c1000-005,005-REQ-003636,3636,registro de prueba,2026-06-09T23:11:55.052743+00:00,2026-06-09T23:11:59.105545+00:00,4052.75,200,ok,api-4,
benchmark-api4-5000-c1000-005,005-REQ-003637,3637,registro de prueba,2026-06-09T23:11:55.067390+00:00,2026-06-09T23:11:58.968192+00:00,3900.78,200,ok,api-1,
benchmark-api4-5000-c1000-005,005-REQ-003638,3638,registro de prueba,2026-06-09T23:11:55.071873+00:00,2026-06-09T23:11:58.963368+00:00,3891.46,200,ok,api-1,
benchmark-api4-5000-c1000-005,005-REQ-003639,3639,registro de prueba,2026-06-09T23:11:55.073998+00:00,2026-06-09T23:11:58.941212+00:00,3867.19,200,ok,api-3,
benchmark-api4-5000-c1000-005,005-REQ-003640,3640,registro de prueba,2026-06-09T23:11:55.086813+00:00,2026-06-09T23:11:58.955998+00:00,3869.13,200,ok,api-4,
benchmark-api4-5000-c1000-005,005-REQ-003641,3641,registro de prueba,2026-06-09T23:11:55.093436+00:00,2026-06-09T23:11:58.945200+00:00,3851.72,200,ok,api-4,
benchmark-api4-5000-c1000-005,005-REQ-003642,3642,registro de prueba,2026-06-09T23:11:55.094804+00:00,2026-06-09T23:11:58.876017+00:00,3781.19,200,ok,api-2,
benchmark-api4-5000-c1000-005,005-REQ-003643,3643,registro de prueba,2026-06-09T23:11:55.100220+00:00,2026-06-09T23:11:59.005693+00:00,3905.44,200,ok,api-3,
benchmark-api4-5000-c1000-005,005-REQ-003644,3644,registro de prueba,2026-06-09T23:11:55.105596+00:00,2026-06-09T23:11:59.101923+00:00,3996.29,200,ok,api-1,
benchmark-api4-5000-c1000-005,005-REQ-003645,3645,registro de prueba,2026-06-09T23:11:55.110486+00:00,2026-06-09T23:11:59.036093+00:00,3925.59,200,ok,api-2,
benchmark-api4-5000-c1000-005,005-REQ-003646,3646,registro de prueba,2026-06-09T23:11:55.113070+00:00,2026-06-09T23:11:55.663001+00:00,549.91,200,ok,api-3,
benchmark-api4-5000-c1000-005,005-REQ-003647,3647,registro de prueba,2026-06-09T23:11:55.114324+00:00,2026-06-09T23:11:59.035618+00:00,3921.25,200,ok,api-3,
benchmark-api4-5000-c1000-005,005-REQ-003648,3648,registro de prueba,2026-06-09T23:11:55.118055+00:00,2026-06-09T23:11:58.962808+00:00,3844.73,200,ok,api-1,
benchmark-api4-5000-c1000-005,005-REQ-003649,3649,registro de prueba,2026-06-09T23:11:55.123141+00:00,2026-06-09T23:11:58.891775+00:00,3768.59,200,ok,api-2,
benchmark-api4-5000-c1000-005,005-REQ-003650,3650,registro de prueba,2026-06-09T23:11:55.124676+00:00,2026-06-09T23:11:59.056351+00:00,3931.65,200,ok,api-3,
benchmark-api4-5000-c1000-005,005-REQ-003651,3651,registro de prueba,2026-06-09T23:11:55.129289+00:00,2026-06-09T23:11:59.033741+00:00,3904.42,200,ok,api-4,
benchmark-api4-5000-c1000-005,005-REQ-003652,3652,registro de prueba,2026-06-09T23:11:55.139339+00:00,2026-06-09T23:11:55.405121+00:00,265.74,200,ok,api-4,
benchmark-api4-5000-c1000-005,005-REQ-003653,3653,registro de prueba,2026-06-09T23:11:55.140339+00:00,2026-06-09T23:11:59.098905+00:00,3958.53,200,ok,api-1,
benchmark-api4-5000-c1000-005,005-REQ-003654,3654,registro de prueba,2026-06-09T23:11:55.141676+00:00,2026-06-09T23:11:59.055934+00:00,3914.23,200,ok,api-4,
benchmark-api4-5000-c1000-005,005-REQ-003655,3655,registro de prueba,2026-06-09T23:11:55.143150+00:00,2026-06-09T23:11:55.390906+00:00,247.74,200,ok,api-1,
benchmark-api4-5000-c1000-005,005-REQ-003656,3656,registro de prueba,2026-06-09T23:11:55.143697+00:00,2026-06-09T23:11:59.001734+00:00,3858.01,200,ok,api-1,
benchmark-api4-5000-c1000-005,005-REQ-003657,3657,registro de prueba,2026-06-09T23:11:55.144474+00:00,2026-06-09T23:11:58.885575+00:00,3741.08,200,ok,api-2,
benchmark-api4-5000-c1000-005,005-REQ-003658,3658,registro de prueba,2026-06-09T23:11:55.145713+00:00,2026-06-09T23:11:58.913077+00:00,3767.34,200,ok,api-3,
benchmark-api4-5000-c1000-005,005-REQ-003659,3659,registro de prueba,2026-06-09T23:11:55.146806+00:00,2026-06-09T23:11:58.924363+00:00,3777.54,200,ok,api-4,
benchmark-api4-5000-c1000-005,005-REQ-003660,3660,registro de prueba,2026-06-09T23:11:55.152394+00:00,2026-06-09T23:11:59.059260+00:00,3906.83,200,ok,api-1,
benchmark-api4-5000-c1000-005,005-REQ-003661,3661,registro de prueba,2026-06-09T23:11:55.156792+00:00,2026-06-09T23:11:58.906816+00:00,3750.0,200,ok,api-2,
benchmark-api4-5000-c1000-005,005-REQ-003662,3662,registro de prueba,2026-06-09T23:11:55.172586+00:00,2026-06-09T23:11:58.966016+00:00,3793.4,200,ok,api-4,
benchmark-api4-5000-c1000-005,005-REQ-003663,3663,registro de prueba,2026-06-09T23:11:55.176293+00:00,2026-06-09T23:11:55.565054+00:00,388.73,200,ok,api-1,
benchmark-api4-5000-c1000-005,005-REQ-003664,3664,registro de prueba,2026-06-09T23:11:55.177391+00:00,2026-06-09T23:11:55.661495+00:00,484.07,200,ok,api-3,
benchmark-api4-5000-c1000-005,005-REQ-003665,3665,registro de prueba,2026-06-09T23:11:55.178013+00:00,2026-06-09T23:11:58.955476+00:00,3777.43,200,ok,api-1,
benchmark-api4-5000-c1000-005,005-REQ-003666,3666,registro de prueba,2026-06-09T23:11:55.178311+00:00,2026-06-09T23:11:58.958621+00:00,3780.29,200,ok,api-2,
benchmark-api4-5000-c1000-005,005-REQ-003667,3667,registro de prueba,2026-06-09T23:11:55.180707+00:00,2026-06-09T23:11:58.962999+00:00,3782.27,200,ok,api-1,
benchmark-api4-5000-c1000-005,005-REQ-003668,3668,registro de prueba,2026-06-09T23:11:55.182036+00:00,2026-06-09T23:11:59.025459+00:00,3843.4,200,ok,api-3,
benchmark-api4-5000-c1000-005,005-REQ-003669,3669,registro de prueba,2026-06-09T23:11:55.190577+00:00,2026-06-09T23:11:55.640985+00:00,450.38,200,ok,api-2,
benchmark-api4-5000-c1000-005,005-REQ-003670,3670,registro de prueba,2026-06-09T23:11:55.191339+00:00,2026-06-09T23:11:58.982391+00:00,3791.03,200,ok,api-4,
benchmark-api4-5000-c1000-005,005-REQ-003671,3671,registro de prueba,2026-06-09T23:11:55.192448+00:00,2026-06-09T23:11:59.010523+00:00,3818.06,200,ok,api-2,
benchmark-api4-5000-c1000-005,005-REQ-003672,3672,registro de prueba,2026-06-09T23:11:55.197775+00:00,2026-06-09T23:11:59.122624+00:00,3924.82,200,ok,api-1,
benchmark-api4-5000-c1000-005,005-REQ-003673,3673,registro de prueba,2026-06-09T23:11:55.201606+00:00,2026-06-09T23:11:59.041377+00:00,3839.74,200,ok,api-2,
benchmark-api4-5000-c1000-005,005-REQ-003674,3674,registro de prueba,2026-06-09T23:11:55.203109+00:00,2026-06-09T23:11:58.915276+00:00,3712.14,200,ok,api-3,
benchmark-api4-5000-c1000-005,005-REQ-003675,3675,registro de prueba,2026-06-09T23:11:55.204559+00:00,2026-06-09T23:11:55.572521+00:00,367.94,200,ok,api-1,
benchmark-api4-5000-c1000-005,005-REQ-003676,3676,registro de prueba,2026-06-09T23:11:55.205112+00:00,2026-06-09T23:11:58.929622+00:00,3724.49,200,ok,api-3,
benchmark-api4-5000-c1000-005,005-REQ-003677,3677,registro de prueba,2026-06-09T23:11:55.210129+00:00,2026-06-09T23:11:59.092637+00:00,3882.46,200,ok,api-2,
benchmark-api4-5000-c1000-005,005-REQ-003678,3678,registro de prueba,2026-06-09T23:11:55.214893+00:00,2026-06-09T23:11:58.927101+00:00,3712.17,200,ok,api-4,
benchmark-api4-5000-c1000-005,005-REQ-003679,3679,registro de prueba,2026-06-09T23:11:55.216002+00:00,2026-06-09T23:11:59.036255+00:00,3820.23,200,ok,api-4,
benchmark-api4-5000-c1000-005,005-REQ-003680,3680,registro de prueba,2026-06-09T23:11:55.217086+00:00,2026-06-09T23:11:58.953308+00:00,3736.2,200,ok,api-2,
benchmark-api4-5000-c1000-005,005-REQ-003681,3681,registro de prueba,2026-06-09T23:11:55.219463+00:00,2026-06-09T23:11:59.031829+00:00,3812.33,200,ok,api-1,
benchmark-api4-5000-c1000-005,005-REQ-003682,3682,registro de prueba,2026-06-09T23:11:55.226864+00:00,2026-06-09T23:11:59.036364+00:00,3809.48,200,ok,api-3,
benchmark-api4-5000-c1000-005,005-REQ-003683,3683,registro de prueba,2026-06-09T23:11:55.235009+00:00,2026-06-09T23:11:59.035901+00:00,3800.87,200,ok,api-2,
benchmark-api4-5000-c1000-005,005-REQ-003684,3684,registro de prueba,2026-06-09T23:11:55.237980+00:00,2026-06-09T23:11:59.114905+00:00,3876.86,200,ok,api-1,
benchmark-api4-5000-c1000-005,005-REQ-003685,3685,registro de prueba,2026-06-09T23:11:55.240192+00:00,2026-06-09T23:11:58.968062+00:00,3727.84,200,ok,api-3,
benchmark-api4-5000-c1000-005,005-REQ-003686,3686,registro de prueba,2026-06-09T23:11:55.245068+00:00,2026-06-09T23:11:59.056220+00:00,3811.12,200,ok,api-1,
benchmark-api4-5000-c1000-005,005-REQ-003687,3687,registro de prueba,2026-06-09T23:11:55.246166+00:00,2026-06-09T23:11:59.010339+00:00,3764.15,200,ok,api-2,
benchmark-api4-5000-c1000-005,005-REQ-003688,3688,registro de prueba,2026-06-09T23:11:55.250904+00:00,2026-06-09T23:11:59.073392+00:00,3822.45,200,ok,api-3,
benchmark-api4-5000-c1000-005,005-REQ-003689,3689,registro de prueba,2026-06-09T23:11:55.252345+00:00,2026-06-09T23:11:59.107236+00:00,3854.86,200,ok,api-4,
benchmark-api4-5000-c1000-005,005-REQ-003690,3690,registro de prueba,2026-06-09T23:11:55.253674+00:00,2026-06-09T23:11:59.112407+00:00,3858.71,200,ok,api-1,
benchmark-api4-5000-c1000-005,005-REQ-003691,3691,registro de prueba,2026-06-09T23:11:55.255067+00:00,2026-06-09T23:11:59.075548+00:00,3820.47,200,ok,api-2,
benchmark-api4-5000-c1000-005,005-REQ-003692,3692,registro de prueba,2026-06-09T23:11:55.262686+00:00,2026-06-09T23:11:55.618772+00:00,356.06,200,ok,api-1,
benchmark-api4-5000-c1000-005,005-REQ-003693,3693,registro de prueba,2026-06-09T23:11:55.263307+00:00,2026-06-09T23:11:59.041153+00:00,3777.82,200,ok,api-3,
benchmark-api4-5000-c1000-005,005-REQ-003694,3694,registro de prueba,2026-06-09T23:11:55.265281+00:00,2026-06-09T23:11:59.083567+00:00,3818.25,200,ok,api-4,
benchmark-api4-5000-c1000-005,005-REQ-003695,3695,registro de prueba,2026-06-09T23:11:55.266752+00:00,2026-06-09T23:11:59.100488+00:00,3833.71,200,ok,api-1,
benchmark-api4-5000-c1000-005,005-REQ-003696,3696,registro de prueba,2026-06-09T23:11:55.268059+00:00,2026-06-09T23:11:59.085092+00:00,3817.01,200,ok,api-2,
benchmark-api4-5000-c1000-005,005-REQ-003697,3697,registro de prueba,2026-06-09T23:11:55.268725+00:00,2026-06-09T23:11:59.151601+00:00,3882.86,200,ok,api-3,
benchmark-api4-5000-c1000-005,005-REQ-003698,3698,registro de prueba,2026-06-09T23:11:55.274005+00:00,2026-06-09T23:11:59.111143+00:00,3837.11,200,ok,api-4,
benchmark-api4-5000-c1000-005,005-REQ-003699,3699,registro de prueba,2026-06-09T23:11:55.275975+00:00,2026-06-09T23:11:59.147222+00:00,3871.21,200,ok,api-1,
benchmark-api4-5000-c1000-005,005-REQ-003700,3700,registro de prueba,2026-06-09T23:11:55.277144+00:00,2026-06-09T23:11:59.087153+00:00,3809.99,200,ok,api-2,
benchmark-api4-5000-c1000-005,005-REQ-003701,3701,registro de prueba,2026-06-09T23:11:55.282891+00:00,2026-06-09T23:11:59.132192+00:00,3849.27,200,ok,api-3,
benchmark-api4-5000-c1000-005,005-REQ-003702,3702,registro de prueba,2026-06-09T23:11:55.284331+00:00,2026-06-09T23:11:59.135195+00:00,3850.84,200,ok,api-4,
benchmark-api4-5000-c1000-005,005-REQ-003703,3703,registro de prueba,2026-06-09T23:11:55.285256+00:00,2026-06-09T23:11:59.166874+00:00,3881.6,200,ok,api-1,
benchmark-api4-5000-c1000-005,005-REQ-003704,3704,registro de prueba,2026-06-09T23:11:55.294417+00:00,2026-06-09T23:11:59.113691+00:00,3819.25,200,ok,api-2,
benchmark-api4-5000-c1000-005,005-REQ-003705,3705,registro de prueba,2026-06-09T23:11:55.300136+00:00,2026-06-09T23:11:59.138439+00:00,3838.27,200,ok,api-3,
benchmark-api4-5000-c1000-005,005-REQ-003706,3706,registro de prueba,2026-06-09T23:11:55.306526+00:00,2026-06-09T23:11:59.167837+00:00,3861.28,200,ok,api-4,
benchmark-api4-5000-c1000-005,005-REQ-003707,3707,registro de prueba,2026-06-09T23:11:55.309018+00:00,2026-06-09T23:11:59.178227+00:00,3869.18,200,ok,api-1,
benchmark-api4-5000-c1000-005,005-REQ-003708,3708,registro de prueba,2026-06-09T23:11:55.311386+00:00,2026-06-09T23:11:59.074603+00:00,3763.2,200,ok,api-2,
benchmark-api4-5000-c1000-005,005-REQ-003709,3709,registro de prueba,2026-06-09T23:11:55.313729+00:00,2026-06-09T23:11:59.225985+00:00,3912.24,200,ok,api-3,
benchmark-api4-5000-c1000-005,005-REQ-003710,3710,registro de prueba,2026-06-09T23:11:55.314244+00:00,2026-06-09T23:11:59.257365+00:00,3943.1,200,ok,api-4,
benchmark-api4-5000-c1000-005,005-REQ-003711,3711,registro de prueba,2026-06-09T23:11:55.333161+00:00,2026-06-09T23:11:59.195317+00:00,3862.13,200,ok,api-2,
benchmark-api4-5000-c1000-005,005-REQ-003712,3712,registro de prueba,2026-06-09T23:11:55.334032+00:00,2026-06-09T23:11:59.239312+00:00,3905.26,200,ok,api-1,
benchmark-api4-5000-c1000-005,005-REQ-003713,3713,registro de prueba,2026-06-09T23:11:55.341708+00:00,2026-06-09T23:11:59.223702+00:00,3881.97,200,ok,api-4,
benchmark-api4-5000-c1000-005,005-REQ-003714,3714,registro de prueba,2026-06-09T23:11:55.343859+00:00,2026-06-09T23:11:59.227116+00:00,3883.23,200,ok,api-1,
benchmark-api4-5000-c1000-005,005-REQ-003715,3715,registro de prueba,2026-06-09T23:11:55.362875+00:00,2026-06-09T23:11:59.217995+00:00,3855.01,200,ok,api-2,
benchmark-api4-5000-c1000-005,005-REQ-003716,3716,registro de prueba,2026-06-09T23:11:55.370118+00:00,2026-06-09T23:11:59.337859+00:00,3967.71,200,ok,api-3,
benchmark-api4-5000-c1000-005,005-REQ-003717,3717,registro de prueba,2026-06-09T23:11:55.371554+00:00,2026-06-09T23:11:59.251238+00:00,3879.65,200,ok,api-4,
benchmark-api4-5000-c1000-005,005-REQ-003718,3718,registro de prueba,2026-06-09T23:11:55.372734+00:00,2026-06-09T23:11:55.690827+00:00,318.07,200,ok,api-2,
benchmark-api4-5000-c1000-005,005-REQ-003719,3719,registro de prueba,2026-06-09T23:11:55.373511+00:00,2026-06-09T23:11:59.165076+00:00,3791.54,200,ok,api-2,
benchmark-api4-5000-c1000-005,005-REQ-003720,3720,registro de prueba,2026-06-09T23:11:55.374704+00:00,2026-06-09T23:11:59.188731+00:00,3814.0,200,ok,api-3,
benchmark-api4-5000-c1000-005,005-REQ-003721,3721,registro de prueba,2026-06-09T23:11:55.379230+00:00,2026-06-09T23:11:55.769159+00:00,389.91,200,ok,api-2,
benchmark-api4-5000-c1000-005,005-REQ-003722,3722,registro de prueba,2026-06-09T23:11:55.380130+00:00,2026-06-09T23:11:59.291294+00:00,3911.14,200,ok,api-4,
benchmark-api4-5000-c1000-005,005-REQ-003723,3723,registro de prueba,2026-06-09T23:11:55.380399+00:00,2026-06-09T23:11:59.242765+00:00,3862.34,200,ok,api-2,
benchmark-api4-5000-c1000-005,005-REQ-003724,3724,registro de prueba,2026-06-09T23:11:55.381191+00:00,2026-06-09T23:11:59.276350+00:00,3895.14,200,ok,api-3,
benchmark-api4-5000-c1000-005,005-REQ-003725,3725,registro de prueba,2026-06-09T23:11:55.383093+00:00,2026-06-09T23:11:59.260545+00:00,3877.43,200,ok,api-4,
benchmark-api4-5000-c1000-005,005-REQ-003726,3726,registro de prueba,2026-06-09T23:11:55.384231+00:00,2026-06-09T23:11:59.243152+00:00,3858.9,200,ok,api-1,
benchmark-api4-5000-c1000-005,005-REQ-003727,3727,registro de prueba,2026-06-09T23:11:55.386172+00:00,2026-06-09T23:11:59.238231+00:00,3852.03,200,ok,api-3,
benchmark-api4-5000-c1000-005,005-REQ-003728,3728,registro de prueba,2026-06-09T23:11:55.389840+00:00,2026-06-09T23:11:59.276035+00:00,3886.08,200,ok,api-2,
benchmark-api4-5000-c1000-005,005-REQ-003729,3729,registro de prueba,2026-06-09T23:11:55.391415+00:00,2026-06-09T23:11:55.692783+00:00,301.35,200,ok,api-3,
benchmark-api4-5000-c1000-005,005-REQ-003730,3730,registro de prueba,2026-06-09T23:11:55.392285+00:00,2026-06-09T23:11:59.223478+00:00,3831.17,200,ok,api-4,
benchmark-api4-5000-c1000-005,005-REQ-003731,3731,registro de prueba,2026-06-09T23:11:55.392590+00:00,2026-06-09T23:11:59.227280+00:00,3834.68,200,ok,api-2,
benchmark-api4-5000-c1000-005,005-REQ-003732,3732,registro de prueba,2026-06-09T23:11:55.406434+00:00,2026-06-09T23:11:59.223825+00:00,3817.36,200,ok,api-3,
benchmark-api4-5000-c1000-005,005-REQ-003733,3733,registro de prueba,2026-06-09T23:11:55.407759+00:00,2026-06-09T23:11:59.290923+00:00,3883.14,200,ok,api-3,
benchmark-api4-5000-c1000-005,005-REQ-003734,3734,registro de prueba,2026-06-09T23:11:55.409127+00:00,2026-06-09T23:11:59.188369+00:00,3779.21,200,ok,api-2,
benchmark-api4-5000-c1000-005,005-REQ-003735,3735,registro de prueba,2026-06-09T23:11:55.413286+00:00,2026-06-09T23:11:55.777413+00:00,364.1,200,ok,api-2,
benchmark-api4-5000-c1000-005,005-REQ-003736,3736,registro de prueba,2026-06-09T23:11:55.414182+00:00,2026-06-09T23:11:59.278267+00:00,3864.06,200,ok,api-1,
benchmark-api4-5000-c1000-005,005-REQ-003737,3737,registro de prueba,2026-06-09T23:11:55.414446+00:00,2026-06-09T23:11:59.258812+00:00,3844.35,200,ok,api-2,
benchmark-api4-5000-c1000-005,005-REQ-003738,3738,registro de prueba,2026-06-09T23:11:55.416037+00:00,2026-06-09T23:11:55.782054+00:00,366.0,200,ok,api-3,
benchmark-api4-5000-c1000-005,005-REQ-003739,3739,registro de prueba,2026-06-09T23:11:55.417236+00:00,2026-06-09T23:11:59.365373+00:00,3948.1,200,ok,api-4,
benchmark-api4-5000-c1000-005,005-REQ-003740,3740,registro de prueba,2026-06-09T23:11:55.417544+00:00,2026-06-09T23:11:59.205780+00:00,3788.19,200,ok,api-2,
benchmark-api4-5000-c1000-005,005-REQ-003741,3741,registro de prueba,2026-06-09T23:11:55.426666+00:00,2026-06-09T23:11:59.282716+00:00,3856.02,200,ok,api-3,
benchmark-api4-5000-c1000-005,005-REQ-003742,3742,registro de prueba,2026-06-09T23:11:55.431407+00:00,2026-06-09T23:11:59.261536+00:00,3830.1,200,ok,api-1,
benchmark-api4-5000-c1000-005,005-REQ-003743,3743,registro de prueba,2026-06-09T23:11:55.433091+00:00,2026-06-09T23:11:55.767861+00:00,334.75,200,ok,api-1,
benchmark-api4-5000-c1000-005,005-REQ-003744,3744,registro de prueba,2026-06-09T23:11:55.433718+00:00,2026-06-09T23:11:59.300492+00:00,3866.75,200,ok,api-4,
benchmark-api4-5000-c1000-005,005-REQ-003745,3745,registro de prueba,2026-06-09T23:11:55.434745+00:00,2026-06-09T23:11:59.393146+00:00,3958.38,200,ok,api-1,
benchmark-api4-5000-c1000-005,005-REQ-003746,3746,registro de prueba,2026-06-09T23:11:55.450522+00:00,2026-06-09T23:11:59.221803+00:00,3771.25,200,ok,api-3,
benchmark-api4-5000-c1000-005,005-REQ-003747,3747,registro de prueba,2026-06-09T23:11:55.453020+00:00,2026-06-09T23:11:59.278491+00:00,3825.45,200,ok,api-2,
benchmark-api4-5000-c1000-005,005-REQ-003748,3748,registro de prueba,2026-06-09T23:11:55.467400+00:00,2026-06-09T23:11:59.390465+00:00,3923.04,200,ok,api-4,
benchmark-api4-5000-c1000-005,005-REQ-003749,3749,registro de prueba,2026-06-09T23:11:55.480651+00:00,2026-06-09T23:11:59.398232+00:00,3917.55,200,ok,api-1,
benchmark-api4-5000-c1000-005,005-REQ-003750,3750,registro de prueba,2026-06-09T23:11:55.481954+00:00,2026-06-09T23:11:55.777146+00:00,295.17,200,ok,api-4,
benchmark-api4-5000-c1000-005,005-REQ-003751,3751,registro de prueba,2026-06-09T23:11:55.482533+00:00,2026-06-09T23:11:59.310403+00:00,3827.85,200,ok,api-2,
benchmark-api4-5000-c1000-005,005-REQ-003752,3752,registro de prueba,2026-06-09T23:11:55.483648+00:00,2026-06-09T23:11:59.270236+00:00,3786.56,200,ok,api-4,
benchmark-api4-5000-c1000-005,005-REQ-003753,3753,registro de prueba,2026-06-09T23:11:55.484647+00:00,2026-06-09T23:11:59.305701+00:00,3821.03,200,ok,api-3,
benchmark-api4-5000-c1000-005,005-REQ-003754,3754,registro de prueba,2026-06-09T23:11:55.492624+00:00,2026-06-09T23:11:59.348995+00:00,3856.35,200,ok,api-3,
benchmark-api4-5000-c1000-005,005-REQ-003755,3755,registro de prueba,2026-06-09T23:11:55.495221+00:00,2026-06-09T23:11:59.373336+00:00,3878.08,200,ok,api-1,
benchmark-api4-5000-c1000-005,005-REQ-003756,3756,registro de prueba,2026-06-09T23:11:55.506498+00:00,2026-06-09T23:11:59.350899+00:00,3844.38,200,ok,api-1,
benchmark-api4-5000-c1000-005,005-REQ-003757,3757,registro de prueba,2026-06-09T23:11:55.509155+00:00,2026-06-09T23:11:59.255797+00:00,3746.62,200,ok,api-2,
benchmark-api4-5000-c1000-005,005-REQ-003758,3758,registro de prueba,2026-06-09T23:11:55.524615+00:00,2026-06-09T23:11:59.309247+00:00,3784.58,200,ok,api-3,
benchmark-api4-5000-c1000-005,005-REQ-003759,3759,registro de prueba,2026-06-09T23:11:55.527366+00:00,2026-06-09T23:11:59.321683+00:00,3794.27,200,ok,api-4,
benchmark-api4-5000-c1000-005,005-REQ-003760,3760,registro de prueba,2026-06-09T23:11:55.536755+00:00,2026-06-09T23:11:59.420988+00:00,3884.21,200,ok,api-1,
benchmark-api4-5000-c1000-005,005-REQ-003761,3761,registro de prueba,2026-06-09T23:11:55.538481+00:00,2026-06-09T23:11:59.363279+00:00,3824.77,200,ok,api-3,
benchmark-api4-5000-c1000-005,005-REQ-003762,3762,registro de prueba,2026-06-09T23:11:55.540111+00:00,2026-06-09T23:11:59.409312+00:00,3869.17,200,ok,api-1,
benchmark-api4-5000-c1000-005,005-REQ-003763,3763,registro de prueba,2026-06-09T23:11:55.540997+00:00,2026-06-09T23:11:59.291176+00:00,3750.14,200,ok,api-2,
benchmark-api4-5000-c1000-005,005-REQ-003764,3764,registro de prueba,2026-06-09T23:11:55.545077+00:00,2026-06-09T23:11:59.349204+00:00,3804.11,200,ok,api-3,
benchmark-api4-5000-c1000-005,005-REQ-003765,3765,registro de prueba,2026-06-09T23:11:55.549805+00:00,2026-06-09T23:11:59.448175+00:00,3898.34,200,ok,api-4,
benchmark-api4-5000-c1000-005,005-REQ-003766,3766,registro de prueba,2026-06-09T23:11:55.559037+00:00,2026-06-09T23:11:59.440403+00:00,3881.34,200,ok,api-1,
benchmark-api4-5000-c1000-005,005-REQ-003767,3767,registro de prueba,2026-06-09T23:11:55.560147+00:00,2026-06-09T23:11:59.363551+00:00,3803.38,200,ok,api-4,
benchmark-api4-5000-c1000-005,005-REQ-003768,3768,registro de prueba,2026-06-09T23:11:55.566287+00:00,2026-06-09T23:11:59.420738+00:00,3854.41,200,ok,api-3,
benchmark-api4-5000-c1000-005,005-REQ-003769,3769,registro de prueba,2026-06-09T23:11:55.567590+00:00,2026-06-09T23:11:59.423019+00:00,3855.4,200,ok,api-1,
benchmark-api4-5000-c1000-005,005-REQ-003770,3770,registro de prueba,2026-06-09T23:11:55.570327+00:00,2026-06-09T23:11:59.391810+00:00,3821.46,200,ok,api-4,
benchmark-api4-5000-c1000-005,005-REQ-003771,3771,registro de prueba,2026-06-09T23:11:55.573470+00:00,2026-06-09T23:11:59.339730+00:00,3766.23,200,ok,api-4,
benchmark-api4-5000-c1000-005,005-REQ-003772,3772,registro de prueba,2026-06-09T23:11:55.575131+00:00,2026-06-09T23:11:59.359848+00:00,3784.68,200,ok,api-3,
benchmark-api4-5000-c1000-005,005-REQ-003773,3773,registro de prueba,2026-06-09T23:11:55.580379+00:00,2026-06-09T23:11:59.459757+00:00,3879.35,200,ok,api-1,
benchmark-api4-5000-c1000-005,005-REQ-003774,3774,registro de prueba,2026-06-09T23:11:55.581885+00:00,2026-06-09T23:11:59.496133+00:00,3914.22,200,ok,api-1,
benchmark-api4-5000-c1000-005,005-REQ-003775,3775,registro de prueba,2026-06-09T23:11:55.583185+00:00,2026-06-09T23:11:59.396012+00:00,3812.8,200,ok,api-2,
benchmark-api4-5000-c1000-005,005-REQ-003776,3776,registro de prueba,2026-06-09T23:11:55.584362+00:00,2026-06-09T23:11:56.043507+00:00,459.12,200,ok,api-2,
benchmark-api4-5000-c1000-005,005-REQ-003777,3777,registro de prueba,2026-06-09T23:11:55.584903+00:00,2026-06-09T23:11:59.385444+00:00,3800.52,200,ok,api-4,
benchmark-api4-5000-c1000-005,005-REQ-003778,3778,registro de prueba,2026-06-09T23:11:55.585970+00:00,2026-06-09T23:11:59.379088+00:00,3793.09,200,ok,api-2,
benchmark-api4-5000-c1000-005,005-REQ-003779,3779,registro de prueba,2026-06-09T23:11:55.587339+00:00,2026-06-09T23:11:59.508808+00:00,3921.43,200,ok,api-1,
benchmark-api4-5000-c1000-005,005-REQ-003780,3780,registro de prueba,2026-06-09T23:11:55.588976+00:00,2026-06-09T23:11:59.473381+00:00,3884.37,200,ok,api-1,
benchmark-api4-5000-c1000-005,005-REQ-003781,3781,registro de prueba,2026-06-09T23:11:55.596189+00:00,2026-06-09T23:11:59.427924+00:00,3831.71,200,ok,api-2,
benchmark-api4-5000-c1000-005,005-REQ-003782,3782,registro de prueba,2026-06-09T23:11:55.600678+00:00,2026-06-09T23:11:59.411849+00:00,3811.12,200,ok,api-3,
benchmark-api4-5000-c1000-005,005-REQ-003783,3783,registro de prueba,2026-06-09T23:11:55.602302+00:00,2026-06-09T23:11:55.867642+00:00,265.32,200,ok,api-3,
benchmark-api4-5000-c1000-005,005-REQ-003784,3784,registro de prueba,2026-06-09T23:11:55.603193+00:00,2026-06-09T23:11:59.401203+00:00,3797.98,200,ok,api-4,
benchmark-api4-5000-c1000-005,005-REQ-003785,3785,registro de prueba,2026-06-09T23:11:55.603493+00:00,2026-06-09T23:11:59.401450+00:00,3797.95,200,ok,api-3,
benchmark-api4-5000-c1000-005,005-REQ-003786,3786,registro de prueba,2026-06-09T23:11:55.616985+00:00,2026-06-09T23:11:59.447637+00:00,3830.62,200,ok,api-4,
benchmark-api4-5000-c1000-005,005-REQ-003787,3787,registro de prueba,2026-06-09T23:11:55.618098+00:00,2026-06-09T23:11:59.446133+00:00,3828.02,200,ok,api-1,
benchmark-api4-5000-c1000-005,005-REQ-003788,3788,registro de prueba,2026-06-09T23:11:55.619293+00:00,2026-06-09T23:11:59.440672+00:00,3821.36,200,ok,api-3,
benchmark-api4-5000-c1000-005,005-REQ-003789,3789,registro de prueba,2026-06-09T23:11:55.629060+00:00,2026-06-09T23:11:56.007203+00:00,378.12,200,ok,api-2,
benchmark-api4-5000-c1000-005,005-REQ-003790,3790,registro de prueba,2026-06-09T23:11:55.629898+00:00,2026-06-09T23:11:59.371513+00:00,3741.58,200,ok,api-2,
benchmark-api4-5000-c1000-005,005-REQ-003791,3791,registro de prueba,2026-06-09T23:11:55.630204+00:00,2026-06-09T23:11:59.385251+00:00,3755.03,200,ok,api-4,
benchmark-api4-5000-c1000-005,005-REQ-003792,3792,registro de prueba,2026-06-09T23:11:55.635813+00:00,2026-06-09T23:11:55.833180+00:00,197.34,200,ok,api-1,
benchmark-api4-5000-c1000-005,005-REQ-003793,3793,registro de prueba,2026-06-09T23:11:55.636504+00:00,2026-06-09T23:11:59.469841+00:00,3833.31,200,ok,api-1,
benchmark-api4-5000-c1000-005,005-REQ-003794,3794,registro de prueba,2026-06-09T23:11:55.637888+00:00,2026-06-09T23:11:59.443585+00:00,3805.67,200,ok,api-2,
benchmark-api4-5000-c1000-005,005-REQ-003795,3795,registro de prueba,2026-06-09T23:11:55.642065+00:00,2026-06-09T23:11:55.945636+00:00,303.53,200,ok,api-3,
benchmark-api4-5000-c1000-005,005-REQ-003796,3796,registro de prueba,2026-06-09T23:11:55.642788+00:00,2026-06-09T23:11:59.442287+00:00,3799.48,200,ok,api-3,
benchmark-api4-5000-c1000-005,005-REQ-003797,3797,registro de prueba,2026-06-09T23:11:55.644821+00:00,2026-06-09T23:11:55.983882+00:00,339.03,200,ok,api-3,
benchmark-api4-5000-c1000-005,005-REQ-003798,3798,registro de prueba,2026-06-09T23:11:55.645824+00:00,2026-06-09T23:11:56.024174+00:00,378.31,200,ok,api-1,
benchmark-api4-5000-c1000-005,005-REQ-003799,3799,registro de prueba,2026-06-09T23:11:55.646795+00:00,2026-06-09T23:11:55.969091+00:00,322.26,200,ok,api-1,
benchmark-api4-5000-c1000-005,005-REQ-003800,3800,registro de prueba,2026-06-09T23:11:55.647268+00:00,2026-06-09T23:11:59.494706+00:00,3847.42,200,ok,api-4,
benchmark-api4-5000-c1000-005,005-REQ-003801,3801,registro de prueba,2026-06-09T23:11:55.647497+00:00,2026-06-09T23:11:59.399437+00:00,3751.93,200,ok,api-2,
benchmark-api4-5000-c1000-005,005-REQ-003802,3802,registro de prueba,2026-06-09T23:11:55.647711+00:00,2026-06-09T23:11:59.483220+00:00,3835.49,200,ok,api-3,
benchmark-api4-5000-c1000-005,005-REQ-003803,3803,registro de prueba,2026-06-09T23:11:55.652405+00:00,2026-06-09T23:11:59.387949+00:00,3735.52,200,ok,api-4,
benchmark-api4-5000-c1000-005,005-REQ-003804,3804,registro de prueba,2026-06-09T23:11:55.653788+00:00,2026-06-09T23:11:59.387819+00:00,3734.01,200,ok,api-2,
benchmark-api4-5000-c1000-005,005-REQ-003805,3805,registro de prueba,2026-06-09T23:11:55.660956+00:00,2026-06-09T23:11:59.549571+00:00,3888.58,200,ok,api-1,
benchmark-api4-5000-c1000-005,005-REQ-003806,3806,registro de prueba,2026-06-09T23:11:55.662399+00:00,2026-06-09T23:11:59.424372+00:00,3761.87,200,ok,api-3,
benchmark-api4-5000-c1000-005,005-REQ-003807,3807,registro de prueba,2026-06-09T23:11:55.663943+00:00,2026-06-09T23:11:56.063495+00:00,399.53,200,ok,api-1,
benchmark-api4-5000-c1000-005,005-REQ-003808,3808,registro de prueba,2026-06-09T23:11:55.664748+00:00,2026-06-09T23:11:56.059956+00:00,395.18,200,ok,api-2,
benchmark-api4-5000-c1000-005,005-REQ-003809,3809,registro de prueba,2026-06-09T23:11:55.665155+00:00,2026-06-09T23:11:59.410674+00:00,3745.5,200,ok,api-4,
benchmark-api4-5000-c1000-005,005-REQ-003810,3810,registro de prueba,2026-06-09T23:11:55.665343+00:00,2026-06-09T23:11:59.461481+00:00,3796.13,200,ok,api-2,
benchmark-api4-5000-c1000-005,005-REQ-003811,3811,registro de prueba,2026-06-09T23:11:55.666050+00:00,2026-06-09T23:11:59.465035+00:00,3798.95,200,ok,api-3,
benchmark-api4-5000-c1000-005,005-REQ-003812,3812,registro de prueba,2026-06-09T23:11:55.668722+00:00,2026-06-09T23:11:59.447951+00:00,3779.2,200,ok,api-4,
benchmark-api4-5000-c1000-005,005-REQ-003813,3813,registro de prueba,2026-06-09T23:11:55.681789+00:00,2026-06-09T23:11:56.065460+00:00,383.65,200,ok,api-1,
benchmark-api4-5000-c1000-005,005-REQ-003814,3814,registro de prueba,2026-06-09T23:11:55.682796+00:00,2026-06-09T23:11:59.548354+00:00,3865.53,200,ok,api-1,
benchmark-api4-5000-c1000-005,005-REQ-003815,3815,registro de prueba,2026-06-09T23:11:55.683122+00:00,2026-06-09T23:11:59.444843+00:00,3761.7,200,ok,api-2,
benchmark-api4-5000-c1000-005,005-REQ-003816,3816,registro de prueba,2026-06-09T23:11:55.684364+00:00,2026-06-09T23:11:59.549237+00:00,3864.85,200,ok,api-1,
benchmark-api4-5000-c1000-005,005-REQ-003817,3817,registro de prueba,2026-06-09T23:11:55.685482+00:00,2026-06-09T23:11:59.500577+00:00,3815.07,200,ok,api-3,
benchmark-api4-5000-c1000-005,005-REQ-003818,3818,registro de prueba,2026-06-09T23:11:55.691777+00:00,2026-06-09T23:11:56.087368+00:00,395.56,200,ok,api-4,
benchmark-api4-5000-c1000-005,005-REQ-003819,3819,registro de prueba,2026-06-09T23:11:55.692366+00:00,2026-06-09T23:11:59.506068+00:00,3813.68,200,ok,api-2,
benchmark-api4-5000-c1000-005,005-REQ-003820,3820,registro de prueba,2026-06-09T23:11:55.693482+00:00,2026-06-09T23:11:56.125586+00:00,432.08,200,ok,api-2,
benchmark-api4-5000-c1000-005,005-REQ-003821,3821,registro de prueba,2026-06-09T23:11:55.694131+00:00,2026-06-09T23:11:59.497692+00:00,3803.54,200,ok,api-3,
benchmark-api4-5000-c1000-005,005-REQ-003822,3822,registro de prueba,2026-06-09T23:11:55.713043+00:00,2026-06-09T23:11:59.484688+00:00,3771.62,200,ok,api-3,
benchmark-api4-5000-c1000-005,005-REQ-003823,3823,registro de prueba,2026-06-09T23:11:55.719211+00:00,2026-06-09T23:11:59.616946+00:00,3897.71,200,ok,api-1,
benchmark-api4-5000-c1000-005,005-REQ-003824,3824,registro de prueba,2026-06-09T23:11:55.720665+00:00,2026-06-09T23:11:59.508629+00:00,3787.93,200,ok,api-4,
benchmark-api4-5000-c1000-005,005-REQ-003825,3825,registro de prueba,2026-06-09T23:11:55.728198+00:00,2026-06-09T23:11:59.528639+00:00,3800.42,200,ok,api-2,
benchmark-api4-5000-c1000-005,005-REQ-003826,3826,registro de prueba,2026-06-09T23:11:55.742078+00:00,2026-06-09T23:11:56.184055+00:00,441.94,200,ok,api-2,
benchmark-api4-5000-c1000-005,005-REQ-003827,3827,registro de prueba,2026-06-09T23:11:55.743079+00:00,2026-06-09T23:11:56.152256+00:00,409.14,200,ok,api-2,
benchmark-api4-5000-c1000-005,005-REQ-003828,3828,registro de prueba,2026-06-09T23:11:55.743632+00:00,2026-06-09T23:11:59.516234+00:00,3772.58,200,ok,api-3,
benchmark-api4-5000-c1000-005,005-REQ-003829,3829,registro de prueba,2026-06-09T23:11:55.743900+00:00,2026-06-09T23:11:59.495959+00:00,3752.05,200,ok,api-4,
benchmark-api4-5000-c1000-005,005-REQ-003830,3830,registro de prueba,2026-06-09T23:11:55.745201+00:00,2026-06-09T23:11:59.549447+00:00,3804.22,200,ok,api-1,
benchmark-api4-5000-c1000-005,005-REQ-003831,3831,registro de prueba,2026-06-09T23:11:55.746315+00:00,2026-06-09T23:11:56.081865+00:00,335.53,200,ok,api-4,
benchmark-api4-5000-c1000-005,005-REQ-003832,3832,registro de prueba,2026-06-09T23:11:55.746865+00:00,2026-06-09T23:11:59.588754+00:00,3841.87,200,ok,api-2,
benchmark-api4-5000-c1000-005,005-REQ-003833,3833,registro de prueba,2026-06-09T23:11:55.747029+00:00,2026-06-09T23:11:59.515251+00:00,3768.21,200,ok,api-3,
benchmark-api4-5000-c1000-005,005-REQ-003834,3834,registro de prueba,2026-06-09T23:11:55.757468+00:00,2026-06-09T23:11:59.551643+00:00,3794.13,200,ok,api-1,
benchmark-api4-5000-c1000-005,005-REQ-003835,3835,registro de prueba,2026-06-09T23:11:55.760556+00:00,2026-06-09T23:11:59.540190+00:00,3779.6,200,ok,api-2,
benchmark-api4-5000-c1000-005,005-REQ-003836,3836,registro de prueba,2026-06-09T23:11:55.766901+00:00,2026-06-09T23:11:56.207124+00:00,440.2,200,ok,api-1,
benchmark-api4-5000-c1000-005,005-REQ-003837,3837,registro de prueba,2026-06-09T23:11:55.767452+00:00,2026-06-09T23:11:59.507333+00:00,3739.86,200,ok,api-4,
benchmark-api4-5000-c1000-005,005-REQ-003838,3838,registro de prueba,2026-06-09T23:11:55.768375+00:00,2026-06-09T23:11:59.545672+00:00,3777.27,200,ok,api-3,
benchmark-api4-5000-c1000-005,005-REQ-003839,3839,registro de prueba,2026-06-09T23:11:55.769882+00:00,2026-06-09T23:11:59.516458+00:00,3746.55,200,ok,api-4,
benchmark-api4-5000-c1000-005,005-REQ-003840,3840,registro de prueba,2026-06-09T23:11:55.772428+00:00,2026-06-09T23:11:56.231227+00:00,458.75,200,ok,api-1,
benchmark-api4-5000-c1000-005,005-REQ-003841,3841,registro de prueba,2026-06-09T23:11:55.774148+00:00,2026-06-09T23:11:59.558425+00:00,3784.23,200,ok,api-1,
benchmark-api4-5000-c1000-005,005-REQ-003842,3842,registro de prueba,2026-06-09T23:11:55.778542+00:00,2026-06-09T23:11:56.172678+00:00,394.09,200,ok,api-3,
benchmark-api4-5000-c1000-005,005-REQ-003843,3843,registro de prueba,2026-06-09T23:11:55.780088+00:00,2026-06-09T23:11:56.199719+00:00,419.59,200,ok,api-1,
benchmark-api4-5000-c1000-005,005-REQ-003844,3844,registro de prueba,2026-06-09T23:11:55.781188+00:00,2026-06-09T23:11:59.538863+00:00,3757.64,200,ok,api-3,
benchmark-api4-5000-c1000-005,005-REQ-003845,3845,registro de prueba,2026-06-09T23:11:55.781518+00:00,2026-06-09T23:11:59.564983+00:00,3783.44,200,ok,api-4,
benchmark-api4-5000-c1000-005,005-REQ-003846,3846,registro de prueba,2026-06-09T23:11:55.781712+00:00,2026-06-09T23:11:59.614082+00:00,3832.35,200,ok,api-2,
benchmark-api4-5000-c1000-005,005-REQ-003847,3847,registro de prueba,2026-06-09T23:11:55.782996+00:00,2026-06-09T23:11:56.215937+00:00,432.92,200,ok,api-4,
benchmark-api4-5000-c1000-005,005-REQ-003848,3848,registro de prueba,2026-06-09T23:11:55.783576+00:00,2026-06-09T23:11:59.577164+00:00,3793.56,200,ok,api-1,
benchmark-api4-5000-c1000-005,005-REQ-003849,3849,registro de prueba,2026-06-09T23:11:55.792265+00:00,2026-06-09T23:11:59.552811+00:00,3760.52,200,ok,api-1,
benchmark-api4-5000-c1000-005,005-REQ-003850,3850,registro de prueba,2026-06-09T23:11:55.794270+00:00,2026-06-09T23:11:59.578139+00:00,3783.84,200,ok,api-2,
benchmark-api4-5000-c1000-005,005-REQ-003851,3851,registro de prueba,2026-06-09T23:11:55.804071+00:00,2026-06-09T23:11:59.700182+00:00,3896.08,200,ok,api-4,
benchmark-api4-5000-c1000-005,005-REQ-003852,3852,registro de prueba,2026-06-09T23:11:55.805469+00:00,2026-06-09T23:11:59.593182+00:00,3787.68,200,ok,api-1,
benchmark-api4-5000-c1000-005,005-REQ-003853,3853,registro de prueba,2026-06-09T23:11:55.815945+00:00,2026-06-09T23:11:59.552278+00:00,3736.31,200,ok,api-3,
benchmark-api4-5000-c1000-005,005-REQ-003854,3854,registro de prueba,2026-06-09T23:11:55.817006+00:00,2026-06-09T23:11:59.581096+00:00,3764.07,200,ok,api-2,
benchmark-api4-5000-c1000-005,005-REQ-003855,3855,registro de prueba,2026-06-09T23:11:55.824016+00:00,2026-06-09T23:11:59.596814+00:00,3772.76,200,ok,api-3,
benchmark-api4-5000-c1000-005,005-REQ-003856,3856,registro de prueba,2026-06-09T23:11:55.825393+00:00,2026-06-09T23:11:59.661278+00:00,3835.86,200,ok,api-4,
benchmark-api4-5000-c1000-005,005-REQ-003857,3857,registro de prueba,2026-06-09T23:11:55.834008+00:00,2026-06-09T23:11:59.731094+00:00,3897.04,200,ok,api-1,
benchmark-api4-5000-c1000-005,005-REQ-003858,3858,registro de prueba,2026-06-09T23:11:55.837377+00:00,2026-06-09T23:11:59.668497+00:00,3830.75,200,ok,api-2,
benchmark-api4-5000-c1000-005,005-REQ-003859,3859,registro de prueba,2026-06-09T23:11:55.839890+00:00,2026-06-09T23:11:59.615091+00:00,3775.18,200,ok,api-3,
benchmark-api4-5000-c1000-005,005-REQ-003860,3860,registro de prueba,2026-06-09T23:11:55.858548+00:00,2026-06-09T23:11:56.215449+00:00,356.88,200,ok,api-1,
benchmark-api4-5000-c1000-005,005-REQ-003861,3861,registro de prueba,2026-06-09T23:11:55.859311+00:00,2026-06-09T23:11:59.727161+00:00,3867.82,200,ok,api-1,
benchmark-api4-5000-c1000-005,005-REQ-003862,3862,registro de prueba,2026-06-09T23:11:55.860598+00:00,2026-06-09T23:11:59.660986+00:00,3800.36,200,ok,api-4,
benchmark-api4-5000-c1000-005,005-REQ-003863,3863,registro de prueba,2026-06-09T23:11:55.863470+00:00,2026-06-09T23:11:59.674447+00:00,3810.95,200,ok,api-3,
benchmark-api4-5000-c1000-005,005-REQ-003864,3864,registro de prueba,2026-06-09T23:11:55.868387+00:00,2026-06-09T23:11:59.658208+00:00,3789.8,200,ok,api-4,
benchmark-api4-5000-c1000-005,005-REQ-003865,3865,registro de prueba,2026-06-09T23:11:55.869493+00:00,2026-06-09T23:11:59.606307+00:00,3736.79,200,ok,api-2,
benchmark-api4-5000-c1000-005,005-REQ-003866,3866,registro de prueba,2026-06-09T23:11:55.870594+00:00,2026-06-09T23:11:59.669878+00:00,3799.25,200,ok,api-1,
benchmark-api4-5000-c1000-005,005-REQ-003867,3867,registro de prueba,2026-06-09T23:11:55.875150+00:00,2026-06-09T23:11:59.675682+00:00,3800.5,200,ok,api-4,
benchmark-api4-5000-c1000-005,005-REQ-003868,3868,registro de prueba,2026-06-09T23:11:55.886729+00:00,2026-06-09T23:11:56.213942+00:00,327.19,200,ok,api-4,
benchmark-api4-5000-c1000-005,005-REQ-003869,3869,registro de prueba,2026-06-09T23:11:55.887402+00:00,2026-06-09T23:11:59.740548+00:00,3853.0,200,ok,api-1,
benchmark-api4-5000-c1000-005,005-REQ-003870,3870,registro de prueba,2026-06-09T23:11:55.889447+00:00,2026-06-09T23:11:56.226120+00:00,336.65,200,ok,api-1,
benchmark-api4-5000-c1000-005,005-REQ-003871,3871,registro de prueba,2026-06-09T23:11:55.890338+00:00,2026-06-09T23:11:59.683755+00:00,3793.39,200,ok,api-3,
benchmark-api4-5000-c1000-005,005-REQ-003872,3872,registro de prueba,2026-06-09T23:11:55.890659+00:00,2026-06-09T23:11:59.670231+00:00,3779.55,200,ok,api-4,
benchmark-api4-5000-c1000-005,005-REQ-003873,3873,registro de prueba,2026-06-09T23:11:55.892244+00:00,2026-06-09T23:11:56.165633+00:00,273.37,200,ok,api-3,
benchmark-api4-5000-c1000-005,005-REQ-003874,3874,registro de prueba,2026-06-09T23:11:55.892860+00:00,2026-06-09T23:11:59.657310+00:00,3764.42,200,ok,api-2,
benchmark-api4-5000-c1000-005,005-REQ-003875,3875,registro de prueba,2026-06-09T23:11:55.894009+00:00,2026-06-09T23:11:59.700525+00:00,3806.49,200,ok,api-1,
benchmark-api4-5000-c1000-005,005-REQ-003876,3876,registro de prueba,2026-06-09T23:11:55.896463+00:00,2026-06-09T23:11:56.298703+00:00,401.85,200,ok,api-2,
benchmark-api4-5000-c1000-005,005-REQ-003877,3877,registro de prueba,2026-06-09T23:11:55.898203+00:00,2026-06-09T23:11:59.675395+00:00,3777.16,200,ok,api-2,
benchmark-api4-5000-c1000-005,005-REQ-003878,3878,registro de prueba,2026-06-09T23:11:55.903133+00:00,2026-06-09T23:11:56.174827+00:00,271.68,200,ok,api-3,
benchmark-api4-5000-c1000-005,005-REQ-003879,3879,registro de prueba,2026-06-09T23:11:55.903965+00:00,2026-06-09T23:11:59.625226+00:00,3721.24,200,ok,api-3,
benchmark-api4-5000-c1000-005,005-REQ-003880,3880,registro de prueba,2026-06-09T23:11:55.905571+00:00,2026-06-09T23:11:59.655454+00:00,3749.86,200,ok,api-2,
benchmark-api4-5000-c1000-005,005-REQ-003881,3881,registro de prueba,2026-06-09T23:11:55.913098+00:00,2026-06-09T23:11:59.682889+00:00,3769.77,200,ok,api-4,
benchmark-api4-5000-c1000-005,005-REQ-003882,3882,registro de prueba,2026-06-09T23:11:55.935033+00:00,2026-06-09T23:11:56.286790+00:00,351.73,200,ok,api-1,
benchmark-api4-5000-c1000-005,005-REQ-003883,3883,registro de prueba,2026-06-09T23:11:55.935703+00:00,2026-06-09T23:11:59.631560+00:00,3695.83,200,ok,api-3,
benchmark-api4-5000-c1000-005,005-REQ-003884,3884,registro de prueba,2026-06-09T23:11:55.938127+00:00,2026-06-09T23:11:56.314351+00:00,376.2,200,ok,api-2,
benchmark-api4-5000-c1000-005,005-REQ-003885,3885,registro de prueba,2026-06-09T23:11:55.938736+00:00,2026-06-09T23:11:59.666274+00:00,3727.51,200,ok,api-1,
benchmark-api4-5000-c1000-005,005-REQ-003886,3886,registro de prueba,2026-06-09T23:11:55.946355+00:00,2026-06-09T23:11:59.673506+00:00,3727.12,200,ok,api-2,
benchmark-api4-5000-c1000-005,005-REQ-003887,3887,registro de prueba,2026-06-09T23:11:55.953941+00:00,2026-06-09T23:11:59.794980+00:00,3841.01,200,ok,api-1,
benchmark-api4-5000-c1000-005,005-REQ-003888,3888,registro de prueba,2026-06-09T23:11:55.962782+00:00,2026-06-09T23:11:56.258081+00:00,295.27,200,ok,api-1,
benchmark-api4-5000-c1000-005,005-REQ-003889,3889,registro de prueba,2026-06-09T23:11:55.963598+00:00,2026-06-09T23:11:59.615863+00:00,3652.23,200,ok,api-3,
benchmark-api4-5000-c1000-005,005-REQ-003890,3890,registro de prueba,2026-06-09T23:11:55.965162+00:00,2026-06-09T23:11:59.675572+00:00,3710.38,200,ok,api-4,
benchmark-api4-5000-c1000-005,005-REQ-003891,3891,registro de prueba,2026-06-09T23:11:55.967446+00:00,2026-06-09T23:11:56.302727+00:00,335.25,200,ok,api-3,
benchmark-api4-5000-c1000-005,005-REQ-003892,3892,registro de prueba,2026-06-09T23:11:55.968391+00:00,2026-06-09T23:11:59.670119+00:00,3701.7,200,ok,api-3,
benchmark-api4-5000-c1000-005,005-REQ-003893,3893,registro de prueba,2026-06-09T23:11:55.968721+00:00,2026-06-09T23:11:59.707313+00:00,3738.58,200,ok,api-2,
benchmark-api4-5000-c1000-005,005-REQ-003894,3894,registro de prueba,2026-06-09T23:11:55.969744+00:00,2026-06-09T23:11:56.286987+00:00,317.23,200,ok,api-4,
benchmark-api4-5000-c1000-005,005-REQ-003895,3895,registro de prueba,2026-06-09T23:11:55.970156+00:00,2026-06-09T23:11:59.735264+00:00,3765.09,200,ok,api-3,
benchmark-api4-5000-c1000-005,005-REQ-003896,3896,registro de prueba,2026-06-09T23:11:55.971192+00:00,2026-06-09T23:11:59.688737+00:00,3717.53,200,ok,api-2,
benchmark-api4-5000-c1000-005,005-REQ-003897,3897,registro de prueba,2026-06-09T23:11:55.971791+00:00,2026-06-09T23:11:59.737034+00:00,3765.23,200,ok,api-1,
benchmark-api4-5000-c1000-005,005-REQ-003898,3898,registro de prueba,2026-06-09T23:11:55.984687+00:00,2026-06-09T23:11:56.255374+00:00,270.66,200,ok,api-3,
benchmark-api4-5000-c1000-005,005-REQ-003899,3899,registro de prueba,2026-06-09T23:11:55.985315+00:00,2026-06-09T23:11:59.688318+00:00,3702.97,200,ok,api-2,
benchmark-api4-5000-c1000-005,005-REQ-003900,3900,registro de prueba,2026-06-09T23:11:55.998653+00:00,2026-06-09T23:11:59.741692+00:00,3743.01,200,ok,api-3,
benchmark-api4-5000-c1000-005,005-REQ-003901,3901,registro de prueba,2026-06-09T23:11:56.001207+00:00,2026-06-09T23:11:59.749557+00:00,3748.32,200,ok,api-4,
benchmark-api4-5000-c1000-005,005-REQ-003902,3902,registro de prueba,2026-06-09T23:11:56.007617+00:00,2026-06-09T23:11:59.750429+00:00,3742.8,200,ok,api-4,
benchmark-api4-5000-c1000-005,005-REQ-003903,3903,registro de prueba,2026-06-09T23:11:56.015716+00:00,2026-06-09T23:11:59.769801+00:00,3754.05,200,ok,api-3,
benchmark-api4-5000-c1000-005,005-REQ-003904,3904,registro de prueba,2026-06-09T23:11:56.024758+00:00,2026-06-09T23:11:59.690068+00:00,3665.28,200,ok,api-2,
benchmark-api4-5000-c1000-005,005-REQ-003905,3905,registro de prueba,2026-06-09T23:11:56.031118+00:00,2026-06-09T23:11:59.753232+00:00,3722.08,200,ok,api-1,
benchmark-api4-5000-c1000-005,005-REQ-003906,3906,registro de prueba,2026-06-09T23:11:56.039185+00:00,2026-06-09T23:11:59.753635+00:00,3714.42,200,ok,api-3,
benchmark-api4-5000-c1000-005,005-REQ-003907,3907,registro de prueba,2026-06-09T23:11:56.041022+00:00,2026-06-09T23:11:59.842529+00:00,3801.48,200,ok,api-1,
benchmark-api4-5000-c1000-005,005-REQ-003908,3908,registro de prueba,2026-06-09T23:11:56.042119+00:00,2026-06-09T23:11:59.775930+00:00,3733.79,200,ok,api-4,
benchmark-api4-5000-c1000-005,005-REQ-003909,3909,registro de prueba,2026-06-09T23:11:56.043962+00:00,2026-06-09T23:11:59.876254+00:00,3832.27,200,ok,api-2,
benchmark-api4-5000-c1000-005,005-REQ-003910,3910,registro de prueba,2026-06-09T23:11:56.059333+00:00,2026-06-09T23:11:59.813526+00:00,3754.17,200,ok,api-4,
benchmark-api4-5000-c1000-005,005-REQ-003911,3911,registro de prueba,2026-06-09T23:11:56.060418+00:00,2026-06-09T23:11:59.816668+00:00,3756.22,200,ok,api-1,
benchmark-api4-5000-c1000-005,005-REQ-003912,3912,registro de prueba,2026-06-09T23:11:56.061307+00:00,2026-06-09T23:11:59.882404+00:00,3821.08,200,ok,api-2,
benchmark-api4-5000-c1000-005,005-REQ-003913,3913,registro de prueba,2026-06-09T23:11:56.064106+00:00,2026-06-09T23:11:59.773836+00:00,3709.7,200,ok,api-3,
benchmark-api4-5000-c1000-005,005-REQ-003914,3914,registro de prueba,2026-06-09T23:11:56.065913+00:00,2026-06-09T23:11:59.727390+00:00,3661.46,200,ok,api-4,
benchmark-api4-5000-c1000-005,005-REQ-003915,3915,registro de prueba,2026-06-09T23:11:56.076388+00:00,2026-06-09T23:11:59.820651+00:00,3744.23,200,ok,api-1,
benchmark-api4-5000-c1000-005,005-REQ-003916,3916,registro de prueba,2026-06-09T23:11:56.082398+00:00,2026-06-09T23:11:59.788563+00:00,3706.14,200,ok,api-2,
benchmark-api4-5000-c1000-005,005-REQ-003917,3917,registro de prueba,2026-06-09T23:11:56.086489+00:00,2026-06-09T23:11:59.838594+00:00,3752.08,200,ok,api-1,
benchmark-api4-5000-c1000-005,005-REQ-003918,3918,registro de prueba,2026-06-09T23:11:56.087914+00:00,2026-06-09T23:11:59.787108+00:00,3699.16,200,ok,api-3,
benchmark-api4-5000-c1000-005,005-REQ-003919,3919,registro de prueba,2026-06-09T23:11:56.093641+00:00,2026-06-09T23:11:56.393025+00:00,299.37,200,ok,api-4,
benchmark-api4-5000-c1000-005,005-REQ-003920,3920,registro de prueba,2026-06-09T23:11:56.094173+00:00,2026-06-09T23:11:59.847066+00:00,3752.87,200,ok,api-2,
benchmark-api4-5000-c1000-005,005-REQ-003921,3921,registro de prueba,2026-06-09T23:11:56.098377+00:00,2026-06-09T23:11:59.795869+00:00,3697.47,200,ok,api-3,
benchmark-api4-5000-c1000-005,005-REQ-003922,3922,registro de prueba,2026-06-09T23:11:56.103318+00:00,2026-06-09T23:11:59.762924+00:00,3659.58,200,ok,api-2,
benchmark-api4-5000-c1000-005,005-REQ-003923,3923,registro de prueba,2026-06-09T23:11:56.110761+00:00,2026-06-09T23:11:59.836784+00:00,3725.97,200,ok,api-1,
benchmark-api4-5000-c1000-005,005-REQ-003924,3924,registro de prueba,2026-06-09T23:11:56.113902+00:00,2026-06-09T23:11:59.835633+00:00,3721.7,200,ok,api-2,
benchmark-api4-5000-c1000-005,005-REQ-003925,3925,registro de prueba,2026-06-09T23:11:56.120810+00:00,2026-06-09T23:11:59.876699+00:00,3755.86,200,ok,api-4,
benchmark-api4-5000-c1000-005,005-REQ-003926,3926,registro de prueba,2026-06-09T23:11:56.122315+00:00,2026-06-09T23:11:59.858110+00:00,3735.76,200,ok,api-3,
benchmark-api4-5000-c1000-005,005-REQ-003927,3927,registro de prueba,2026-06-09T23:11:56.123628+00:00,2026-06-09T23:11:59.808042+00:00,3684.38,200,ok,api-4,
benchmark-api4-5000-c1000-005,005-REQ-003928,3928,registro de prueba,2026-06-09T23:11:56.124909+00:00,2026-06-09T23:11:59.872561+00:00,3747.63,200,ok,api-1,
benchmark-api4-5000-c1000-005,005-REQ-003929,3929,registro de prueba,2026-06-09T23:11:56.126025+00:00,2026-06-09T23:11:59.892132+00:00,3766.08,200,ok,api-2,
benchmark-api4-5000-c1000-005,005-REQ-003930,3930,registro de prueba,2026-06-09T23:11:56.132778+00:00,2026-06-09T23:11:59.839285+00:00,3706.49,200,ok,api-2,
benchmark-api4-5000-c1000-005,005-REQ-003931,3931,registro de prueba,2026-06-09T23:11:56.134722+00:00,2026-06-09T23:11:59.931776+00:00,3797.0,200,ok,api-4,
benchmark-api4-5000-c1000-005,005-REQ-003932,3932,registro de prueba,2026-06-09T23:11:56.135589+00:00,2026-06-09T23:11:59.826701+00:00,3691.09,200,ok,api-1,
benchmark-api4-5000-c1000-005,005-REQ-003933,3933,registro de prueba,2026-06-09T23:11:56.141538+00:00,2026-06-09T23:11:59.912921+00:00,3771.35,200,ok,api-3,
benchmark-api4-5000-c1000-005,005-REQ-003934,3934,registro de prueba,2026-06-09T23:11:56.142776+00:00,2026-06-09T23:11:59.861811+00:00,3718.98,200,ok,api-4,
benchmark-api4-5000-c1000-005,005-REQ-003935,3935,registro de prueba,2026-06-09T23:11:56.143927+00:00,2026-06-09T23:11:59.873716+00:00,3729.77,200,ok,api-1,
benchmark-api4-5000-c1000-005,005-REQ-003936,3936,registro de prueba,2026-06-09T23:11:56.145488+00:00,2026-06-09T23:11:59.922748+00:00,3777.23,200,ok,api-2,
benchmark-api4-5000-c1000-005,005-REQ-003937,3937,registro de prueba,2026-06-09T23:11:56.152827+00:00,2026-06-09T23:11:56.526760+00:00,373.91,200,ok,api-1,
benchmark-api4-5000-c1000-005,005-REQ-003938,3938,registro de prueba,2026-06-09T23:11:56.153442+00:00,2026-06-09T23:11:59.873895+00:00,3720.43,200,ok,api-3,
benchmark-api4-5000-c1000-005,005-REQ-003939,3939,registro de prueba,2026-06-09T23:11:56.159160+00:00,2026-06-09T23:11:59.914664+00:00,3755.48,200,ok,api-4,
benchmark-api4-5000-c1000-005,005-REQ-003940,3940,registro de prueba,2026-06-09T23:11:56.164196+00:00,2026-06-09T23:11:59.871824+00:00,3707.59,200,ok,api-2,
benchmark-api4-5000-c1000-005,005-REQ-003941,3941,registro de prueba,2026-06-09T23:11:56.165299+00:00,2026-06-09T23:11:59.974627+00:00,3809.31,200,ok,api-1,
benchmark-api4-5000-c1000-005,005-REQ-003942,3942,registro de prueba,2026-06-09T23:11:56.165973+00:00,2026-06-09T23:11:59.951297+00:00,3785.31,200,ok,api-1,
benchmark-api4-5000-c1000-005,005-REQ-003943,3943,registro de prueba,2026-06-09T23:11:56.166453+00:00,2026-06-09T23:11:59.875461+00:00,3709.0,200,ok,api-3,
benchmark-api4-5000-c1000-005,005-REQ-003944,3944,registro de prueba,2026-06-09T23:11:56.173641+00:00,2026-06-09T23:11:59.896969+00:00,3723.3,200,ok,api-4,
benchmark-api4-5000-c1000-005,005-REQ-003945,3945,registro de prueba,2026-06-09T23:11:56.175314+00:00,2026-06-09T23:11:59.960023+00:00,3784.68,200,ok,api-3,
benchmark-api4-5000-c1000-005,005-REQ-003946,3946,registro de prueba,2026-06-09T23:11:56.183007+00:00,2026-06-09T23:11:59.920638+00:00,3737.6,200,ok,api-2,
benchmark-api4-5000-c1000-005,005-REQ-003947,3947,registro de prueba,2026-06-09T23:11:56.184652+00:00,2026-06-09T23:11:59.992968+00:00,3808.29,200,ok,api-4,
benchmark-api4-5000-c1000-005,005-REQ-003948,3948,registro de prueba,2026-06-09T23:11:56.187859+00:00,2026-06-09T23:11:59.952656+00:00,3764.76,200,ok,api-1,
benchmark-api4-5000-c1000-005,005-REQ-003949,3949,registro de prueba,2026-06-09T23:11:56.188989+00:00,2026-06-09T23:11:59.837718+00:00,3648.71,200,ok,api-2,
benchmark-api4-5000-c1000-005,005-REQ-003950,3950,registro de prueba,2026-06-09T23:11:56.196000+00:00,2026-06-09T23:11:59.919494+00:00,3723.46,200,ok,api-3,
benchmark-api4-5000-c1000-005,005-REQ-003951,3951,registro de prueba,2026-06-09T23:11:56.198753+00:00,2026-06-09T23:11:59.992825+00:00,3794.05,200,ok,api-4,
benchmark-api4-5000-c1000-005,005-REQ-003952,3952,registro de prueba,2026-06-09T23:11:56.200236+00:00,2026-06-09T23:11:59.963232+00:00,3762.97,200,ok,api-2,
benchmark-api4-5000-c1000-005,005-REQ-003953,3953,registro de prueba,2026-06-09T23:11:56.201752+00:00,2026-06-09T23:11:56.541492+00:00,339.72,200,ok,api-4,
benchmark-api4-5000-c1000-005,005-REQ-003954,3954,registro de prueba,2026-06-09T23:11:56.202298+00:00,2026-06-09T23:11:59.921600+00:00,3719.28,200,ok,api-1,
benchmark-api4-5000-c1000-005,005-REQ-003955,3955,registro de prueba,2026-06-09T23:11:56.207733+00:00,2026-06-09T23:11:59.884910+00:00,3677.15,200,ok,api-3,
benchmark-api4-5000-c1000-005,005-REQ-003956,3956,registro de prueba,2026-06-09T23:11:56.212219+00:00,2026-06-09T23:11:59.935030+00:00,3722.78,200,ok,api-4,
benchmark-api4-5000-c1000-005,005-REQ-003957,3957,registro de prueba,2026-06-09T23:11:56.213503+00:00,2026-06-09T23:11:59.910779+00:00,3697.25,200,ok,api-2,
benchmark-api4-5000-c1000-005,005-REQ-003958,3958,registro de prueba,2026-06-09T23:11:56.214600+00:00,2026-06-09T23:12:00.007499+00:00,3792.87,200,ok,api-1,
benchmark-api4-5000-c1000-005,005-REQ-003959,3959,registro de prueba,2026-06-09T23:11:56.216779+00:00,2026-06-09T23:11:56.528208+00:00,311.41,200,ok,api-3,
benchmark-api4-5000-c1000-005,005-REQ-003960,3960,registro de prueba,2026-06-09T23:11:56.217411+00:00,2026-06-09T23:11:56.632370+00:00,414.94,200,ok,api-1,
benchmark-api4-5000-c1000-005,005-REQ-003961,3961,registro de prueba,2026-06-09T23:11:56.217907+00:00,2026-06-09T23:12:00.042733+00:00,3824.8,200,ok,api-3,
benchmark-api4-5000-c1000-005,005-REQ-003962,3962,registro de prueba,2026-06-09T23:11:56.218072+00:00,2026-06-09T23:11:59.911169+00:00,3693.09,200,ok,api-4,
benchmark-api4-5000-c1000-005,005-REQ-003963,3963,registro de prueba,2026-06-09T23:11:56.218159+00:00,2026-06-09T23:11:59.941715+00:00,3723.55,200,ok,api-1,
benchmark-api4-5000-c1000-005,005-REQ-003964,3964,registro de prueba,2026-06-09T23:11:56.218989+00:00,2026-06-09T23:11:56.567213+00:00,348.2,200,ok,api-4,
benchmark-api4-5000-c1000-005,005-REQ-003965,3965,registro de prueba,2026-06-09T23:11:56.219450+00:00,2026-06-09T23:11:59.922991+00:00,3703.53,200,ok,api-2,
benchmark-api4-5000-c1000-005,005-REQ-003966,3966,registro de prueba,2026-06-09T23:11:56.219617+00:00,2026-06-09T23:11:59.947526+00:00,3727.84,200,ok,api-4,
benchmark-api4-5000-c1000-005,005-REQ-003967,3967,registro de prueba,2026-06-09T23:11:56.220529+00:00,2026-06-09T23:12:00.069718+00:00,3849.16,200,ok,api-3,
benchmark-api4-5000-c1000-005,005-REQ-003968,3968,registro de prueba,2026-06-09T23:11:56.225607+00:00,2026-06-09T23:11:59.874814+00:00,3649.18,200,ok,api-1,
benchmark-api4-5000-c1000-005,005-REQ-003969,3969,registro de prueba,2026-06-09T23:11:56.226672+00:00,2026-06-09T23:11:56.584715+00:00,358.02,200,ok,api-4,
benchmark-api4-5000-c1000-005,005-REQ-003970,3970,registro de prueba,2026-06-09T23:11:56.227151+00:00,2026-06-09T23:11:59.965639+00:00,3738.47,200,ok,api-2,
benchmark-api4-5000-c1000-005,005-REQ-003971,3971,registro de prueba,2026-06-09T23:11:56.231880+00:00,2026-06-09T23:12:00.062192+00:00,3830.28,200,ok,api-3,
benchmark-api4-5000-c1000-005,005-REQ-003972,3972,registro de prueba,2026-06-09T23:11:56.239204+00:00,2026-06-09T23:11:59.947836+00:00,3708.61,200,ok,api-1,
benchmark-api4-5000-c1000-005,005-REQ-003973,3973,registro de prueba,2026-06-09T23:11:56.244598+00:00,2026-06-09T23:11:59.992116+00:00,3747.5,200,ok,api-2,
benchmark-api4-5000-c1000-005,005-REQ-003974,3974,registro de prueba,2026-06-09T23:11:56.245282+00:00,2026-06-09T23:11:59.897818+00:00,3652.52,200,ok,api-3,
benchmark-api4-5000-c1000-005,005-REQ-003975,3975,registro de prueba,2026-06-09T23:11:56.248125+00:00,2026-06-09T23:11:59.992682+00:00,3744.54,200,ok,api-2,
benchmark-api4-5000-c1000-005,005-REQ-003976,3976,registro de prueba,2026-06-09T23:11:56.253057+00:00,2026-06-09T23:11:56.589536+00:00,336.45,200,ok,api-1,
benchmark-api4-5000-c1000-005,005-REQ-003977,3977,registro de prueba,2026-06-09T23:11:56.254079+00:00,2026-06-09T23:11:59.992544+00:00,3738.44,200,ok,api-1,
benchmark-api4-5000-c1000-005,005-REQ-003978,3978,registro de prueba,2026-06-09T23:11:56.254389+00:00,2026-06-09T23:11:59.930180+00:00,3675.73,200,ok,api-4,
benchmark-api4-5000-c1000-005,005-REQ-003979,3979,registro de prueba,2026-06-09T23:11:56.256175+00:00,2026-06-09T23:12:00.034072+00:00,3777.86,200,ok,api-3,
benchmark-api4-5000-c1000-005,005-REQ-003980,3980,registro de prueba,2026-06-09T23:11:56.259242+00:00,2026-06-09T23:11:56.499130+00:00,239.78,200,ok,api-3,
benchmark-api4-5000-c1000-005,005-REQ-003981,3981,registro de prueba,2026-06-09T23:11:56.260571+00:00,2026-06-09T23:11:56.509716+00:00,249.02,200,ok,api-3,
benchmark-api4-5000-c1000-005,005-REQ-003982,3982,registro de prueba,2026-06-09T23:11:56.261966+00:00,2026-06-09T23:12:00.045582+00:00,3783.58,200,ok,api-1,
benchmark-api4-5000-c1000-005,005-REQ-003983,3983,registro de prueba,2026-06-09T23:11:56.262292+00:00,2026-06-09T23:12:00.045460+00:00,3783.16,200,ok,api-4,
benchmark-api4-5000-c1000-005,005-REQ-003984,3984,registro de prueba,2026-06-09T23:11:56.264734+00:00,2026-06-09T23:11:59.936035+00:00,3671.26,200,ok,api-4,
benchmark-api4-5000-c1000-005,005-REQ-003985,3985,registro de prueba,2026-06-09T23:11:56.265872+00:00,2026-06-09T23:11:59.992373+00:00,3726.48,200,ok,api-2,
benchmark-api4-5000-c1000-005,005-REQ-003986,3986,registro de prueba,2026-06-09T23:11:56.268255+00:00,2026-06-09T23:11:59.975085+00:00,3706.8,200,ok,api-3,
benchmark-api4-5000-c1000-005,005-REQ-003987,3987,registro de prueba,2026-06-09T23:11:56.275040+00:00,2026-06-09T23:11:59.959070+00:00,3684.0,200,ok,api-4,
benchmark-api4-5000-c1000-005,005-REQ-003988,3988,registro de prueba,2026-06-09T23:11:56.279834+00:00,2026-06-09T23:12:00.036584+00:00,3756.72,200,ok,api-1,
benchmark-api4-5000-c1000-005,005-REQ-003989,3989,registro de prueba,2026-06-09T23:11:56.283859+00:00,2026-06-09T23:11:59.930471+00:00,3646.59,200,ok,api-2,
benchmark-api4-5000-c1000-005,005-REQ-003990,3990,registro de prueba,2026-06-09T23:11:56.286317+00:00,2026-06-09T23:11:59.942450+00:00,3656.11,200,ok,api-4,
benchmark-api4-5000-c1000-005,005-REQ-003991,3991,registro de prueba,2026-06-09T23:11:56.287645+00:00,2026-06-09T23:11:56.618881+00:00,331.2,200,ok,api-3,
benchmark-api4-5000-c1000-005,005-REQ-003992,3992,registro de prueba,2026-06-09T23:11:56.288951+00:00,2026-06-09T23:12:00.025666+00:00,3736.67,200,ok,api-3,
benchmark-api4-5000-c1000-005,005-REQ-003993,3993,registro de prueba,2026-06-09T23:11:56.290513+00:00,2026-06-09T23:12:00.054207+00:00,3763.67,200,ok,api-1,
benchmark-api4-5000-c1000-005,005-REQ-003994,3994,registro de prueba,2026-06-09T23:11:56.291554+00:00,2026-06-09T23:12:00.031394+00:00,3739.81,200,ok,api-3,
benchmark-api4-5000-c1000-005,005-REQ-003995,3995,registro de prueba,2026-06-09T23:11:56.294371+00:00,2026-06-09T23:11:59.938045+00:00,3643.64,200,ok,api-2,
benchmark-api4-5000-c1000-005,005-REQ-003996,3996,registro de prueba,2026-06-09T23:11:56.299376+00:00,2026-06-09T23:11:59.978104+00:00,3678.7,200,ok,api-1,
benchmark-api4-5000-c1000-005,005-REQ-003997,3997,registro de prueba,2026-06-09T23:11:56.303963+00:00,2026-06-09T23:11:56.702414+00:00,398.43,200,ok,api-2,
benchmark-api4-5000-c1000-005,005-REQ-003998,3998,registro de prueba,2026-06-09T23:11:56.304707+00:00,2026-06-09T23:11:59.940908+00:00,3636.17,200,ok,api-4,
benchmark-api4-5000-c1000-005,005-REQ-003999,3999,registro de prueba,2026-06-09T23:11:56.306096+00:00,2026-06-09T23:11:56.718224+00:00,412.11,200,ok,api-3,
benchmark-api4-5000-c1000-005,005-REQ-004000,4000,registro de prueba,2026-06-09T23:11:56.306590+00:00,2026-06-09T23:11:59.961613+00:00,3655.0,200,ok,api-2,
benchmark-api4-5000-c1000-005,005-REQ-004001,4001,registro de prueba,2026-06-09T23:11:56.314933+00:00,2026-06-09T23:12:00.048798+00:00,3733.84,200,ok,api-4,
benchmark-api4-5000-c1000-005,005-REQ-004002,4002,registro de prueba,2026-06-09T23:11:56.319106+00:00,2026-06-09T23:11:56.559237+00:00,240.1,200,ok,api-2,
benchmark-api4-5000-c1000-005,005-REQ-004003,4003,registro de prueba,2026-06-09T23:11:56.319804+00:00,2026-06-09T23:12:00.099703+00:00,3779.87,200,ok,api-3,
benchmark-api4-5000-c1000-005,005-REQ-004004,4004,registro de prueba,2026-06-09T23:11:56.321170+00:00,2026-06-09T23:11:59.977064+00:00,3655.87,200,ok,api-1,
benchmark-api4-5000-c1000-005,005-REQ-004005,4005,registro de prueba,2026-06-09T23:11:56.328871+00:00,2026-06-09T23:12:00.045318+00:00,3716.43,200,ok,api-3,
benchmark-api4-5000-c1000-005,005-REQ-004006,4006,registro de prueba,2026-06-09T23:11:56.346798+00:00,2026-06-09T23:11:59.972454+00:00,3625.63,200,ok,api-2,
benchmark-api4-5000-c1000-005,005-REQ-004007,4007,registro de prueba,2026-06-09T23:11:56.347681+00:00,2026-06-09T23:12:00.053974+00:00,3706.27,200,ok,api-4,
benchmark-api4-5000-c1000-005,005-REQ-004008,4008,registro de prueba,2026-06-09T23:11:56.348768+00:00,2026-06-09T23:12:00.049885+00:00,3701.09,200,ok,api-1,
benchmark-api4-5000-c1000-005,005-REQ-004009,4009,registro de prueba,2026-06-09T23:11:56.353321+00:00,2026-06-09T23:12:00.045085+00:00,3691.74,200,ok,api-2,
benchmark-api4-5000-c1000-005,005-REQ-004010,4010,registro de prueba,2026-06-09T23:11:56.354895+00:00,2026-06-09T23:12:00.066031+00:00,3711.11,200,ok,api-3,
benchmark-api4-5000-c1000-005,005-REQ-004011,4011,registro de prueba,2026-06-09T23:11:56.356976+00:00,2026-06-09T23:11:59.990821+00:00,3633.81,200,ok,api-1,
benchmark-api4-5000-c1000-005,005-REQ-004012,4012,registro de prueba,2026-06-09T23:11:56.358469+00:00,2026-06-09T23:11:59.956143+00:00,3597.64,200,ok,api-4,
benchmark-api4-5000-c1000-005,005-REQ-004013,4013,registro de prueba,2026-06-09T23:11:56.360493+00:00,2026-06-09T23:12:00.000878+00:00,3640.36,200,ok,api-2,
benchmark-api4-5000-c1000-005,005-REQ-004014,4014,registro de prueba,2026-06-09T23:11:56.361718+00:00,2026-06-09T23:12:00.060589+00:00,3698.85,200,ok,api-3,
benchmark-api4-5000-c1000-005,005-REQ-004015,4015,registro de prueba,2026-06-09T23:11:56.362785+00:00,2026-06-09T23:11:59.954533+00:00,3591.72,200,ok,api-4,
benchmark-api4-5000-c1000-005,005-REQ-004016,4016,registro de prueba,2026-06-09T23:11:56.367663+00:00,2026-06-09T23:12:00.043873+00:00,3676.18,200,ok,api-2,
benchmark-api4-5000-c1000-005,005-REQ-004017,4017,registro de prueba,2026-06-09T23:11:56.368951+00:00,2026-06-09T23:12:00.047758+00:00,3678.78,200,ok,api-1,
benchmark-api4-5000-c1000-005,005-REQ-004018,4018,registro de prueba,2026-06-09T23:11:56.377367+00:00,2026-06-09T23:12:00.068511+00:00,3691.12,200,ok,api-3,
benchmark-api4-5000-c1000-005,005-REQ-004019,4019,registro de prueba,2026-06-09T23:11:56.390107+00:00,2026-06-09T23:12:00.086467+00:00,3696.32,200,ok,api-4,
benchmark-api4-5000-c1000-005,005-REQ-004020,4020,registro de prueba,2026-06-09T23:11:56.391402+00:00,2026-06-09T23:12:00.047495+00:00,3656.07,200,ok,api-1,
benchmark-api4-5000-c1000-005,005-REQ-004021,4021,registro de prueba,2026-06-09T23:11:56.393451+00:00,2026-06-09T23:11:56.660954+00:00,267.48,200,ok,api-2,
benchmark-api4-5000-c1000-005,005-REQ-004022,4022,registro de prueba,2026-06-09T23:11:56.394014+00:00,2026-06-09T23:12:00.074865+00:00,3680.83,200,ok,api-4,
benchmark-api4-5000-c1000-005,005-REQ-004023,4023,registro de prueba,2026-06-09T23:11:56.406373+00:00,2026-06-09T23:12:00.096241+00:00,3689.84,200,ok,api-3,
benchmark-api4-5000-c1000-005,005-REQ-004024,4024,registro de prueba,2026-06-09T23:11:56.413115+00:00,2026-06-09T23:12:00.035105+00:00,3621.96,200,ok,api-2,
benchmark-api4-5000-c1000-005,005-REQ-004025,4025,registro de prueba,2026-06-09T23:11:56.414808+00:00,2026-06-09T23:12:00.063136+00:00,3648.3,200,ok,api-1,
benchmark-api4-5000-c1000-005,005-REQ-004026,4026,registro de prueba,2026-06-09T23:11:56.417737+00:00,2026-06-09T23:12:00.085247+00:00,3667.48,200,ok,api-2,
benchmark-api4-5000-c1000-005,005-REQ-004027,4027,registro de prueba,2026-06-09T23:11:56.427400+00:00,2026-06-09T23:12:00.092974+00:00,3665.55,200,ok,api-3,
benchmark-api4-5000-c1000-005,005-REQ-004028,4028,registro de prueba,2026-06-09T23:11:56.432810+00:00,2026-06-09T23:12:00.083202+00:00,3650.37,200,ok,api-4,
benchmark-api4-5000-c1000-005,005-REQ-004029,4029,registro de prueba,2026-06-09T23:11:56.436728+00:00,2026-06-09T23:12:00.052797+00:00,3616.04,200,ok,api-1,
benchmark-api4-5000-c1000-005,005-REQ-004030,4030,registro de prueba,2026-06-09T23:11:56.441788+00:00,2026-06-09T23:12:00.118345+00:00,3676.53,200,ok,api-2,
benchmark-api4-5000-c1000-005,005-REQ-004031,4031,registro de prueba,2026-06-09T23:11:56.444288+00:00,2026-06-09T23:12:00.077338+00:00,3633.02,200,ok,api-3,
benchmark-api4-5000-c1000-005,005-REQ-004032,4032,registro de prueba,2026-06-09T23:11:56.448471+00:00,2026-06-09T23:12:00.172293+00:00,3723.8,200,ok,api-2,
benchmark-api4-5000-c1000-005,005-REQ-004033,4033,registro de prueba,2026-06-09T23:11:56.449360+00:00,2026-06-09T23:12:00.084907+00:00,3635.52,200,ok,api-4,
benchmark-api4-5000-c1000-005,005-REQ-004034,4034,registro de prueba,2026-06-09T23:11:56.457445+00:00,2026-06-09T23:12:00.067418+00:00,3609.94,200,ok,api-3,
benchmark-api4-5000-c1000-005,005-REQ-004035,4035,registro de prueba,2026-06-09T23:11:56.458905+00:00,2026-06-09T23:12:00.059472+00:00,3600.54,200,ok,api-1,
benchmark-api4-5000-c1000-005,005-REQ-004036,4036,registro de prueba,2026-06-09T23:11:56.463354+00:00,2026-06-09T23:11:56.789261+00:00,325.88,200,ok,api-1,
benchmark-api4-5000-c1000-005,005-REQ-004037,4037,registro de prueba,2026-06-09T23:11:56.463973+00:00,2026-06-09T23:12:00.108540+00:00,3644.54,200,ok,api-4,
benchmark-api4-5000-c1000-005,005-REQ-004038,4038,registro de prueba,2026-06-09T23:11:56.469318+00:00,2026-06-09T23:11:56.747936+00:00,278.59,200,ok,api-1,
benchmark-api4-5000-c1000-005,005-REQ-004039,4039,registro de prueba,2026-06-09T23:11:56.469864+00:00,2026-06-09T23:12:00.092113+00:00,3622.22,200,ok,api-1,
benchmark-api4-5000-c1000-005,005-REQ-004040,4040,registro de prueba,2026-06-09T23:11:56.470831+00:00,2026-06-09T23:12:00.110140+00:00,3639.29,200,ok,api-2,
benchmark-api4-5000-c1000-005,005-REQ-004041,4041,registro de prueba,2026-06-09T23:11:56.473957+00:00,2026-06-09T23:12:00.163933+00:00,3689.94,200,ok,api-3,
benchmark-api4-5000-c1000-005,005-REQ-004042,4042,registro de prueba,2026-06-09T23:11:56.477936+00:00,2026-06-09T23:12:00.143659+00:00,3665.69,200,ok,api-4,
benchmark-api4-5000-c1000-005,005-REQ-004043,4043,registro de prueba,2026-06-09T23:11:56.480364+00:00,2026-06-09T23:12:00.145204+00:00,3664.82,200,ok,api-1,
benchmark-api4-5000-c1000-005,005-REQ-004044,4044,registro de prueba,2026-06-09T23:11:56.485237+00:00,2026-06-09T23:11:56.793027+00:00,307.77,200,ok,api-1,
benchmark-api4-5000-c1000-005,005-REQ-004045,4045,registro de prueba,2026-06-09T23:11:56.485950+00:00,2026-06-09T23:12:00.144875+00:00,3658.9,200,ok,api-2,
benchmark-api4-5000-c1000-005,005-REQ-004046,4046,registro de prueba,2026-06-09T23:11:56.490945+00:00,2026-06-09T23:12:00.109933+00:00,3618.96,200,ok,api-4,
benchmark-api4-5000-c1000-005,005-REQ-004047,4047,registro de prueba,2026-06-09T23:11:56.493194+00:00,2026-06-09T23:12:00.177333+00:00,3684.11,200,ok,api-3,
benchmark-api4-5000-c1000-005,005-REQ-004048,4048,registro de prueba,2026-06-09T23:11:56.498283+00:00,2026-06-09T23:12:00.097774+00:00,3599.46,200,ok,api-2,
benchmark-api4-5000-c1000-005,005-REQ-004049,4049,registro de prueba,2026-06-09T23:11:56.499680+00:00,2026-06-09T23:12:00.115214+00:00,3615.5,200,ok,api-4,
benchmark-api4-5000-c1000-005,005-REQ-004050,4050,registro de prueba,2026-06-09T23:11:56.506139+00:00,2026-06-09T23:11:56.822994+00:00,316.8,200,ok,api-3,
benchmark-api4-5000-c1000-005,005-REQ-004051,4051,registro de prueba,2026-06-09T23:11:56.507032+00:00,2026-06-09T23:12:00.161552+00:00,3654.49,200,ok,api-3,
benchmark-api4-5000-c1000-005,005-REQ-004052,4052,registro de prueba,2026-06-09T23:11:56.508699+00:00,2026-06-09T23:12:00.145084+00:00,3636.23,200,ok,api-1,
benchmark-api4-5000-c1000-005,005-REQ-004053,4053,registro de prueba,2026-06-09T23:11:56.510253+00:00,2026-06-09T23:12:00.194936+00:00,3684.65,200,ok,api-2,
benchmark-api4-5000-c1000-005,005-REQ-004054,4054,registro de prueba,2026-06-09T23:11:56.512718+00:00,2026-06-09T23:12:00.173322+00:00,3660.58,200,ok,api-1,
benchmark-api4-5000-c1000-005,005-REQ-004055,4055,registro de prueba,2026-06-09T23:11:56.524567+00:00,2026-06-09T23:12:00.285935+00:00,3761.34,200,ok,api-3,
benchmark-api4-5000-c1000-005,005-REQ-004056,4056,registro de prueba,2026-06-09T23:11:56.525918+00:00,2026-06-09T23:12:00.146676+00:00,3620.73,200,ok,api-4,
benchmark-api4-5000-c1000-005,005-REQ-004057,4057,registro de prueba,2026-06-09T23:11:56.527368+00:00,2026-06-09T23:12:00.277924+00:00,3750.53,200,ok,api-1,
benchmark-api4-5000-c1000-005,005-REQ-004058,4058,registro de prueba,2026-06-09T23:11:56.528909+00:00,2026-06-09T23:11:56.813160+00:00,284.22,200,ok,api-2,
benchmark-api4-5000-c1000-005,005-REQ-004059,4059,registro de prueba,2026-06-09T23:11:56.529463+00:00,2026-06-09T23:12:00.218106+00:00,3688.62,200,ok,api-2,
benchmark-api4-5000-c1000-005,005-REQ-004060,4060,registro de prueba,2026-06-09T23:11:56.530702+00:00,2026-06-09T23:11:56.862238+00:00,331.52,200,ok,api-1,
benchmark-api4-5000-c1000-005,005-REQ-004061,4061,registro de prueba,2026-06-09T23:11:56.531232+00:00,2026-06-09T23:12:00.177568+00:00,3646.32,200,ok,api-3,
benchmark-api4-5000-c1000-005,005-REQ-004062,4062,registro de prueba,2026-06-09T23:11:56.532231+00:00,2026-06-09T23:12:00.194159+00:00,3661.9,200,ok,api-2,
benchmark-api4-5000-c1000-005,005-REQ-004063,4063,registro de prueba,2026-06-09T23:11:56.542062+00:00,2026-06-09T23:12:00.285526+00:00,3743.43,200,ok,api-1,
benchmark-api4-5000-c1000-005,005-REQ-004064,4064,registro de prueba,2026-06-09T23:11:56.545464+00:00,2026-06-09T23:12:00.192083+00:00,3646.58,200,ok,api-4,
benchmark-api4-5000-c1000-005,005-REQ-004065,4065,registro de prueba,2026-06-09T23:11:56.546874+00:00,2026-06-09T23:12:00.316542+00:00,3769.65,200,ok,api-3,
benchmark-api4-5000-c1000-005,005-REQ-004066,4066,registro de prueba,2026-06-09T23:11:56.552208+00:00,2026-06-09T23:12:00.229384+00:00,3677.14,200,ok,api-4,
benchmark-api4-5000-c1000-005,005-REQ-004067,4067,registro de prueba,2026-06-09T23:11:56.553994+00:00,2026-06-09T23:12:00.205799+00:00,3651.77,200,ok,api-1,
benchmark-api4-5000-c1000-005,005-REQ-004068,4068,registro de prueba,2026-06-09T23:11:56.556027+00:00,2026-06-09T23:11:56.980952+00:00,424.9,200,ok,api-4,
benchmark-api4-5000-c1000-005,005-REQ-004069,4069,registro de prueba,2026-06-09T23:11:56.556739+00:00,2026-06-09T23:12:00.211233+00:00,3654.46,200,ok,api-2,
benchmark-api4-5000-c1000-005,005-REQ-004070,4070,registro de prueba,2026-06-09T23:11:56.558164+00:00,2026-06-09T23:11:56.921796+00:00,363.62,200,ok,api-1,
benchmark-api4-5000-c1000-005,005-REQ-004071,4071,registro de prueba,2026-06-09T23:11:56.558710+00:00,2026-06-09T23:12:00.252539+00:00,3693.8,200,ok,api-3,
benchmark-api4-5000-c1000-005,005-REQ-004072,4072,registro de prueba,2026-06-09T23:11:56.559615+00:00,2026-06-09T23:12:00.237118+00:00,3677.48,200,ok,api-4,
benchmark-api4-5000-c1000-005,005-REQ-004073,4073,registro de prueba,2026-06-09T23:11:56.567949+00:00,2026-06-09T23:12:00.208398+00:00,3640.41,200,ok,api-1,
benchmark-api4-5000-c1000-005,005-REQ-004074,4074,registro de prueba,2026-06-09T23:11:56.571684+00:00,2026-06-09T23:12:00.287629+00:00,3715.91,200,ok,api-2,
benchmark-api4-5000-c1000-005,005-REQ-004075,4075,registro de prueba,2026-06-09T23:11:56.575561+00:00,2026-06-09T23:12:00.288680+00:00,3713.1,200,ok,api-3,
benchmark-api4-5000-c1000-005,005-REQ-004076,4076,registro de prueba,2026-06-09T23:11:56.576369+00:00,2026-06-09T23:12:00.215543+00:00,3639.15,200,ok,api-4,
benchmark-api4-5000-c1000-005,005-REQ-004077,4077,registro de prueba,2026-06-09T23:11:56.582559+00:00,2026-06-09T23:12:00.253875+00:00,3671.28,200,ok,api-1,
benchmark-api4-5000-c1000-005,005-REQ-004078,4078,registro de prueba,2026-06-09T23:11:56.585577+00:00,2026-06-09T23:12:00.273961+00:00,3688.35,200,ok,api-2,
benchmark-api4-5000-c1000-005,005-REQ-004079,4079,registro de prueba,2026-06-09T23:11:56.586929+00:00,2026-06-09T23:12:00.314959+00:00,3727.98,200,ok,api-3,
benchmark-api4-5000-c1000-005,005-REQ-004080,4080,registro de prueba,2026-06-09T23:11:56.591054+00:00,2026-06-09T23:11:56.967893+00:00,376.81,200,ok,api-2,
benchmark-api4-5000-c1000-005,005-REQ-004081,4081,registro de prueba,2026-06-09T23:11:56.592398+00:00,2026-06-09T23:12:00.233011+00:00,3640.57,200,ok,api-4,
benchmark-api4-5000-c1000-005,005-REQ-004082,4082,registro de prueba,2026-06-09T23:11:56.592864+00:00,2026-06-09T23:12:00.336761+00:00,3743.87,200,ok,api-1,
benchmark-api4-5000-c1000-005,005-REQ-004083,4083,registro de prueba,2026-06-09T23:11:56.598313+00:00,2026-06-09T23:12:00.399171+00:00,3800.82,200,ok,api-4,
benchmark-api4-5000-c1000-005,005-REQ-004084,4084,registro de prueba,2026-06-09T23:11:56.599996+00:00,2026-06-09T23:11:57.078431+00:00,478.42,200,ok,api-1,
benchmark-api4-5000-c1000-005,005-REQ-004085,4085,registro de prueba,2026-06-09T23:11:56.600472+00:00,2026-06-09T23:12:00.361220+00:00,3760.73,200,ok,api-3,
benchmark-api4-5000-c1000-005,005-REQ-004086,4086,registro de prueba,2026-06-09T23:11:56.609591+00:00,2026-06-09T23:12:00.300468+00:00,3690.85,200,ok,api-2,
benchmark-api4-5000-c1000-005,005-REQ-004087,4087,registro de prueba,2026-06-09T23:11:56.610774+00:00,2026-06-09T23:12:00.244673+00:00,3633.87,200,ok,api-2,
benchmark-api4-5000-c1000-005,005-REQ-004088,4088,registro de prueba,2026-06-09T23:11:56.619631+00:00,2026-06-09T23:12:00.322447+00:00,3702.78,200,ok,api-1,
benchmark-api4-5000-c1000-005,005-REQ-004089,4089,registro de prueba,2026-06-09T23:11:56.621145+00:00,2026-06-09T23:12:00.354483+00:00,3733.31,200,ok,api-3,
benchmark-api4-5000-c1000-005,005-REQ-004090,4090,registro de prueba,2026-06-09T23:11:56.622877+00:00,2026-06-09T23:11:56.997075+00:00,374.17,200,ok,api-2,
benchmark-api4-5000-c1000-005,005-REQ-004091,4091,registro de prueba,2026-06-09T23:11:56.623728+00:00,2026-06-09T23:12:00.346789+00:00,3723.03,200,ok,api-4,
benchmark-api4-5000-c1000-005,005-REQ-004092,4092,registro de prueba,2026-06-09T23:11:56.633354+00:00,2026-06-09T23:11:57.046739+00:00,413.36,200,ok,api-2,
benchmark-api4-5000-c1000-005,005-REQ-004093,4093,registro de prueba,2026-06-09T23:11:56.634085+00:00,2026-06-09T23:12:00.224985+00:00,3590.87,200,ok,api-2,
benchmark-api4-5000-c1000-005,005-REQ-004094,4094,registro de prueba,2026-06-09T23:11:56.634990+00:00,2026-06-09T23:12:00.387677+00:00,3752.66,200,ok,api-1,
benchmark-api4-5000-c1000-005,005-REQ-004095,4095,registro de prueba,2026-06-09T23:11:56.639850+00:00,2026-06-09T23:12:00.351751+00:00,3711.86,200,ok,api-3,
benchmark-api4-5000-c1000-005,005-REQ-004096,4096,registro de prueba,2026-06-09T23:11:56.646714+00:00,2026-06-09T23:11:56.982653+00:00,335.92,200,ok,api-1,
benchmark-api4-5000-c1000-005,005-REQ-004097,4097,registro de prueba,2026-06-09T23:11:56.647324+00:00,2026-06-09T23:12:00.265657+00:00,3618.31,200,ok,api-4,
benchmark-api4-5000-c1000-005,005-REQ-004098,4098,registro de prueba,2026-06-09T23:11:56.648244+00:00,2026-06-09T23:12:00.289347+00:00,3641.09,200,ok,api-4,
benchmark-api4-5000-c1000-005,005-REQ-004099,4099,registro de prueba,2026-06-09T23:11:56.651551+00:00,2026-06-09T23:12:00.286111+00:00,3634.54,200,ok,api-2,
benchmark-api4-5000-c1000-005,005-REQ-004100,4100,registro de prueba,2026-06-09T23:11:56.654782+00:00,2026-06-09T23:11:56.970453+00:00,315.64,200,ok,api-1,
benchmark-api4-5000-c1000-005,005-REQ-004101,4101,registro de prueba,2026-06-09T23:11:56.655510+00:00,2026-06-09T23:12:00.411793+00:00,3756.25,200,ok,api-3,
benchmark-api4-5000-c1000-005,005-REQ-004102,4102,registro de prueba,2026-06-09T23:11:56.661600+00:00,2026-06-09T23:11:57.034544+00:00,372.92,200,ok,api-1,
benchmark-api4-5000-c1000-005,005-REQ-004103,4103,registro de prueba,2026-06-09T23:11:56.662276+00:00,2026-06-09T23:12:00.355559+00:00,3693.25,200,ok,api-1,
benchmark-api4-5000-c1000-005,005-REQ-004104,4104,registro de prueba,2026-06-09T23:11:56.663231+00:00,2026-06-09T23:12:00.324001+00:00,3660.75,200,ok,api-1,
benchmark-api4-5000-c1000-005,005-REQ-004105,4105,registro de prueba,2026-06-09T23:11:56.664217+00:00,2026-06-09T23:12:00.370412+00:00,3706.17,200,ok,api-3,
benchmark-api4-5000-c1000-005,005-REQ-004106,4106,registro de prueba,2026-06-09T23:11:56.665305+00:00,2026-06-09T23:12:00.482019+00:00,3816.7,200,ok,api-3,
benchmark-api4-5000-c1000-005,005-REQ-004107,4107,registro de prueba,2026-06-09T23:11:56.674079+00:00,2026-06-09T23:12:00.275222+00:00,3601.12,200,ok,api-4,
benchmark-api4-5000-c1000-005,005-REQ-004108,4108,registro de prueba,2026-06-09T23:11:56.675672+00:00,2026-06-09T23:12:00.335768+00:00,3660.06,200,ok,api-1,
benchmark-api4-5000-c1000-005,005-REQ-004109,4109,registro de prueba,2026-06-09T23:11:56.681001+00:00,2026-06-09T23:12:00.305930+00:00,3624.9,200,ok,api-4,
benchmark-api4-5000-c1000-005,005-REQ-004110,4110,registro de prueba,2026-06-09T23:11:56.688577+00:00,2026-06-09T23:12:00.323799+00:00,3635.18,200,ok,api-2,
benchmark-api4-5000-c1000-005,005-REQ-004111,4111,registro de prueba,2026-06-09T23:11:56.695820+00:00,2026-06-09T23:12:00.379065+00:00,3683.22,200,ok,api-2,
benchmark-api4-5000-c1000-005,005-REQ-004112,4112,registro de prueba,2026-06-09T23:11:56.701152+00:00,2026-06-09T23:11:57.091736+00:00,390.56,200,ok,api-1,
benchmark-api4-5000-c1000-005,005-REQ-004113,4113,registro de prueba,2026-06-09T23:11:56.701626+00:00,2026-06-09T23:12:00.322634+00:00,3620.99,200,ok,api-1,
benchmark-api4-5000-c1000-005,005-REQ-004114,4114,registro de prueba,2026-06-09T23:11:56.702872+00:00,2026-06-09T23:11:56.963798+00:00,260.91,200,ok,api-4,
benchmark-api4-5000-c1000-005,005-REQ-004115,4115,registro de prueba,2026-06-09T23:11:56.703495+00:00,2026-06-09T23:12:00.315814+00:00,3612.29,200,ok,api-2,
benchmark-api4-5000-c1000-005,005-REQ-004116,4116,registro de prueba,2026-06-09T23:11:56.703756+00:00,2026-06-09T23:12:00.454016+00:00,3750.25,200,ok,api-3,
benchmark-api4-5000-c1000-005,005-REQ-004117,4117,registro de prueba,2026-06-09T23:11:56.704799+00:00,2026-06-09T23:12:00.342655+00:00,3637.84,200,ok,api-4,
benchmark-api4-5000-c1000-005,005-REQ-004118,4118,registro de prueba,2026-06-09T23:11:56.708823+00:00,2026-06-09T23:12:00.360098+00:00,3651.24,200,ok,api-1,
benchmark-api4-5000-c1000-005,005-REQ-004119,4119,registro de prueba,2026-06-09T23:11:56.717345+00:00,2026-06-09T23:12:00.312113+00:00,3594.73,200,ok,api-2,
benchmark-api4-5000-c1000-005,005-REQ-004120,4120,registro de prueba,2026-06-09T23:11:56.719042+00:00,2026-06-09T23:11:56.939942+00:00,220.88,200,ok,api-2,
benchmark-api4-5000-c1000-005,005-REQ-004121,4121,registro de prueba,2026-06-09T23:11:56.719763+00:00,2026-06-09T23:12:00.469294+00:00,3749.5,200,ok,api-3,
benchmark-api4-5000-c1000-005,005-REQ-004122,4122,registro de prueba,2026-06-09T23:11:56.720008+00:00,2026-06-09T23:12:00.313222+00:00,3593.2,200,ok,api-4,
benchmark-api4-5000-c1000-005,005-REQ-004123,4123,registro de prueba,2026-06-09T23:11:56.725153+00:00,2026-06-09T23:12:00.401939+00:00,3676.75,200,ok,api-2,
benchmark-api4-5000-c1000-005,005-REQ-004124,4124,registro de prueba,2026-06-09T23:11:56.726288+00:00,2026-06-09T23:11:57.036277+00:00,309.97,200,ok,api-4,
benchmark-api4-5000-c1000-005,005-REQ-004125,4125,registro de prueba,2026-06-09T23:11:56.726759+00:00,2026-06-09T23:12:00.320314+00:00,3593.53,200,ok,api-1,
benchmark-api4-5000-c1000-005,005-REQ-004126,4126,registro de prueba,2026-06-09T23:11:56.728001+00:00,2026-06-09T23:12:00.361050+00:00,3633.02,200,ok,api-4,
benchmark-api4-5000-c1000-005,005-REQ-004127,4127,registro de prueba,2026-06-09T23:11:56.731428+00:00,2026-06-09T23:11:57.076308+00:00,344.8,200,ok,api-1,
benchmark-api4-5000-c1000-005,005-REQ-004128,4128,registro de prueba,2026-06-09T23:11:56.733348+00:00,2026-06-09T23:12:00.453725+00:00,3720.34,200,ok,api-1,
benchmark-api4-5000-c1000-005,005-REQ-004129,4129,registro de prueba,2026-06-09T23:11:56.735300+00:00,2026-06-09T23:12:00.395883+00:00,3660.56,200,ok,api-2,
benchmark-api4-5000-c1000-005,005-REQ-004130,4130,registro de prueba,2026-06-09T23:11:56.740954+00:00,2026-06-09T23:11:57.076516+00:00,335.53,200,ok,api-1,
benchmark-api4-5000-c1000-005,005-REQ-004131,4131,registro de prueba,2026-06-09T23:11:56.742110+00:00,2026-06-09T23:12:00.455765+00:00,3713.6,200,ok,api-3,
benchmark-api4-5000-c1000-005,005-REQ-004132,4132,registro de prueba,2026-06-09T23:11:56.742515+00:00,2026-06-09T23:12:00.420219+00:00,3677.68,200,ok,api-1,
benchmark-api4-5000-c1000-005,005-REQ-004133,4133,registro de prueba,2026-06-09T23:11:56.744023+00:00,2026-06-09T23:12:00.482130+00:00,3738.09,200,ok,api-3,
benchmark-api4-5000-c1000-005,005-REQ-004134,4134,registro de prueba,2026-06-09T23:11:56.745296+00:00,2026-06-09T23:11:57.026213+00:00,280.9,200,ok,api-4,
benchmark-api4-5000-c1000-005,005-REQ-004135,4135,registro de prueba,2026-06-09T23:11:56.746118+00:00,2026-06-09T23:12:00.409505+00:00,3663.36,200,ok,api-4,
benchmark-api4-5000-c1000-005,005-REQ-004136,4136,registro de prueba,2026-06-09T23:11:56.746396+00:00,2026-06-09T23:12:00.508170+00:00,3761.76,200,ok,api-2,
benchmark-api4-5000-c1000-005,005-REQ-004137,4137,registro de prueba,2026-06-09T23:11:56.748344+00:00,2026-06-09T23:12:00.473767+00:00,3725.4,200,ok,api-4,
benchmark-api4-5000-c1000-005,005-REQ-004138,4138,registro de prueba,2026-06-09T23:11:56.748956+00:00,2026-06-09T23:12:00.548915+00:00,3799.94,200,ok,api-3,
benchmark-api4-5000-c1000-005,005-REQ-004139,4139,registro de prueba,2026-06-09T23:11:56.753871+00:00,2026-06-09T23:12:00.409971+00:00,3655.68,200,ok,api-1,
benchmark-api4-5000-c1000-005,005-REQ-004140,4140,registro de prueba,2026-06-09T23:11:56.761612+00:00,2026-06-09T23:12:00.541408+00:00,3779.76,200,ok,api-2,
benchmark-api4-5000-c1000-005,005-REQ-004141,4141,registro de prueba,2026-06-09T23:11:56.762789+00:00,2026-06-09T23:12:00.435806+00:00,3672.99,200,ok,api-3,
benchmark-api4-5000-c1000-005,005-REQ-004142,4142,registro de prueba,2026-06-09T23:11:56.764758+00:00,2026-06-09T23:12:00.363767+00:00,3598.98,200,ok,api-4,
benchmark-api4-5000-c1000-005,005-REQ-004143,4143,registro de prueba,2026-06-09T23:11:56.766266+00:00,2026-06-09T23:12:00.506710+00:00,3740.42,200,ok,api-4,
benchmark-api4-5000-c1000-005,005-REQ-004144,4144,registro de prueba,2026-06-09T23:11:56.772723+00:00,2026-06-09T23:12:00.513356+00:00,3740.58,200,ok,api-1,
benchmark-api4-5000-c1000-005,005-REQ-004145,4145,registro de prueba,2026-06-09T23:11:56.777503+00:00,2026-06-09T23:12:00.409790+00:00,3632.26,200,ok,api-2,
benchmark-api4-5000-c1000-005,005-REQ-004146,4146,registro de prueba,2026-06-09T23:11:56.783113+00:00,2026-06-09T23:12:00.424986+00:00,3641.84,200,ok,api-3,
benchmark-api4-5000-c1000-005,005-REQ-004147,4147,registro de prueba,2026-06-09T23:11:56.788256+00:00,2026-06-09T23:12:00.506850+00:00,3718.55,200,ok,api-1,
benchmark-api4-5000-c1000-005,005-REQ-004148,4148,registro de prueba,2026-06-09T23:11:56.789987+00:00,2026-06-09T23:12:00.448612+00:00,3658.6,200,ok,api-2,
benchmark-api4-5000-c1000-005,005-REQ-004149,4149,registro de prueba,2026-06-09T23:11:56.793628+00:00,2026-06-09T23:12:00.475256+00:00,3681.61,200,ok,api-2,
benchmark-api4-5000-c1000-005,005-REQ-004150,4150,registro de prueba,2026-06-09T23:11:56.797076+00:00,2026-06-09T23:12:00.383635+00:00,3586.53,200,ok,api-3,
benchmark-api4-5000-c1000-005,005-REQ-004151,4151,registro de prueba,2026-06-09T23:11:56.801534+00:00,2026-06-09T23:12:00.395017+00:00,3593.46,200,ok,api-1,
benchmark-api4-5000-c1000-005,005-REQ-004152,4152,registro de prueba,2026-06-09T23:11:56.802739+00:00,2026-06-09T23:12:00.451786+00:00,3649.03,200,ok,api-4,
benchmark-api4-5000-c1000-005,005-REQ-004153,4153,registro de prueba,2026-06-09T23:11:56.813653+00:00,2026-06-09T23:12:00.416989+00:00,3603.31,200,ok,api-4,
benchmark-api4-5000-c1000-005,005-REQ-004154,4154,registro de prueba,2026-06-09T23:11:56.814579+00:00,2026-06-09T23:12:00.419018+00:00,3604.41,200,ok,api-3,
benchmark-api4-5000-c1000-005,005-REQ-004155,4155,registro de prueba,2026-06-09T23:11:56.815944+00:00,2026-06-09T23:12:00.480383+00:00,3664.41,200,ok,api-1,
benchmark-api4-5000-c1000-005,005-REQ-004156,4156,registro de prueba,2026-06-09T23:11:56.818287+00:00,2026-06-09T23:12:00.467291+00:00,3648.97,200,ok,api-2,
benchmark-api4-5000-c1000-005,005-REQ-004157,4157,registro de prueba,2026-06-09T23:11:56.821616+00:00,2026-06-09T23:12:00.572024+00:00,3750.37,200,ok,api-3,
benchmark-api4-5000-c1000-005,005-REQ-004158,4158,registro de prueba,2026-06-09T23:11:56.823484+00:00,2026-06-09T23:12:00.456467+00:00,3632.96,200,ok,api-1,
benchmark-api4-5000-c1000-005,005-REQ-004159,4159,registro de prueba,2026-06-09T23:11:56.827194+00:00,2026-06-09T23:12:00.519196+00:00,3691.97,200,ok,api-2,
benchmark-api4-5000-c1000-005,005-REQ-004160,4160,registro de prueba,2026-06-09T23:11:56.828569+00:00,2026-06-09T23:12:00.505749+00:00,3677.16,200,ok,api-4,
benchmark-api4-5000-c1000-005,005-REQ-004161,4161,registro de prueba,2026-06-09T23:11:56.831403+00:00,2026-06-09T23:12:00.475160+00:00,3643.73,200,ok,api-3,
benchmark-api4-5000-c1000-005,005-REQ-004162,4162,registro de prueba,2026-06-09T23:11:56.838656+00:00,2026-06-09T23:11:57.196443+00:00,357.76,200,ok,api-3,
benchmark-api4-5000-c1000-005,005-REQ-004163,4163,registro de prueba,2026-06-09T23:11:56.839444+00:00,2026-06-09T23:12:00.410118+00:00,3570.66,200,ok,api-4,
benchmark-api4-5000-c1000-005,005-REQ-004164,4164,registro de prueba,2026-06-09T23:11:56.840652+00:00,2026-06-09T23:11:57.099864+00:00,259.2,200,ok,api-1,
benchmark-api4-5000-c1000-005,005-REQ-004165,4165,registro de prueba,2026-06-09T23:11:56.841025+00:00,2026-06-09T23:12:00.475033+00:00,3633.99,200,ok,api-1,
benchmark-api4-5000-c1000-005,005-REQ-004166,4166,registro de prueba,2026-06-09T23:11:56.854430+00:00,2026-06-09T23:12:00.480626+00:00,3626.15,200,ok,api-4,
benchmark-api4-5000-c1000-005,005-REQ-004167,4167,registro de prueba,2026-06-09T23:11:56.861725+00:00,2026-06-09T23:12:00.385146+00:00,3523.38,200,ok,api-2,
benchmark-api4-5000-c1000-005,005-REQ-004168,4168,registro de prueba,2026-06-09T23:11:56.863434+00:00,2026-06-09T23:12:00.435010+00:00,3571.54,200,ok,api-3,
benchmark-api4-5000-c1000-005,005-REQ-004169,4169,registro de prueba,2026-06-09T23:11:56.865018+00:00,2026-06-09T23:12:00.470289+00:00,3605.23,200,ok,api-1,
benchmark-api4-5000-c1000-005,005-REQ-004170,4170,registro de prueba,2026-06-09T23:11:56.867090+00:00,2026-06-09T23:12:00.421623+00:00,3554.5,200,ok,api-2,
benchmark-api4-5000-c1000-005,005-REQ-004171,4171,registro de prueba,2026-06-09T23:11:56.876543+00:00,2026-06-09T23:12:00.556993+00:00,3680.42,200,ok,api-3,
benchmark-api4-5000-c1000-005,005-REQ-004172,4172,registro de prueba,2026-06-09T23:11:56.894748+00:00,2026-06-09T23:12:00.425193+00:00,3530.43,200,ok,api-1,
benchmark-api4-5000-c1000-005,005-REQ-004173,4173,registro de prueba,2026-06-09T23:11:56.899542+00:00,2026-06-09T23:12:00.507986+00:00,3608.42,200,ok,api-4,
benchmark-api4-5000-c1000-005,005-REQ-004174,4174,registro de prueba,2026-06-09T23:11:56.905641+00:00,2026-06-09T23:12:00.481816+00:00,3576.15,200,ok,api-2,
benchmark-api4-5000-c1000-005,005-REQ-004175,4175,registro de prueba,2026-06-09T23:11:56.908449+00:00,2026-06-09T23:12:00.506561+00:00,3598.08,200,ok,api-3,
benchmark-api4-5000-c1000-005,005-REQ-004176,4176,registro de prueba,2026-06-09T23:11:56.919743+00:00,2026-06-09T23:12:00.503501+00:00,3583.73,200,ok,api-4,
benchmark-api4-5000-c1000-005,005-REQ-004177,4177,registro de prueba,2026-06-09T23:11:56.922415+00:00,2026-06-09T23:11:57.178526+00:00,256.08,200,ok,api-2,
benchmark-api4-5000-c1000-005,005-REQ-004178,4178,registro de prueba,2026-06-09T23:11:56.923075+00:00,2026-06-09T23:12:00.578065+00:00,3654.96,200,ok,api-1,
benchmark-api4-5000-c1000-005,005-REQ-004179,4179,registro de prueba,2026-06-09T23:11:56.938706+00:00,2026-06-09T23:12:00.474795+00:00,3536.05,200,ok,api-2,
benchmark-api4-5000-c1000-005,005-REQ-004180,4180,registro de prueba,2026-06-09T23:11:56.940499+00:00,2026-06-09T23:12:00.530865+00:00,3590.34,200,ok,api-3,
benchmark-api4-5000-c1000-005,005-REQ-004181,4181,registro de prueba,2026-06-09T23:11:56.943151+00:00,2026-06-09T23:12:00.512346+00:00,3569.17,200,ok,api-4,
benchmark-api4-5000-c1000-005,005-REQ-004182,4182,registro de prueba,2026-06-09T23:11:56.944064+00:00,2026-06-09T23:12:00.522715+00:00,3578.63,200,ok,api-1,
benchmark-api4-5000-c1000-005,005-REQ-004183,4183,registro de prueba,2026-06-09T23:11:56.945347+00:00,2026-06-09T23:11:57.283015+00:00,337.65,200,ok,api-4,
benchmark-api4-5000-c1000-005,005-REQ-004184,4184,registro de prueba,2026-06-09T23:11:56.945974+00:00,2026-06-09T23:12:00.511321+00:00,3565.32,200,ok,api-2,
benchmark-api4-5000-c1000-005,005-REQ-004185,4185,registro de prueba,2026-06-09T23:11:56.957870+00:00,2026-06-09T23:12:00.545320+00:00,3587.42,200,ok,api-3,
benchmark-api4-5000-c1000-005,005-REQ-004186,4186,registro de prueba,2026-06-09T23:11:56.959141+00:00,2026-06-09T23:12:00.638060+00:00,3678.9,200,ok,api-4,
benchmark-api4-5000-c1000-005,005-REQ-004187,4187,registro de prueba,2026-06-09T23:11:56.962764+00:00,2026-06-09T23:12:00.628571+00:00,3665.77,200,ok,api-1,
benchmark-api4-5000-c1000-005,005-REQ-004188,4188,registro de prueba,2026-06-09T23:11:56.964658+00:00,2026-06-09T23:11:57.337924+00:00,373.25,200,ok,api-2,
benchmark-api4-5000-c1000-005,005-REQ-004189,4189,registro de prueba,2026-06-09T23:11:56.965581+00:00,2026-06-09T23:11:57.290200+00:00,324.59,200,ok,api-3,
benchmark-api4-5000-c1000-005,005-REQ-004190,4190,registro de prueba,2026-06-09T23:11:56.966087+00:00,2026-06-09T23:12:00.576112+00:00,3610.0,200,ok,api-2,
benchmark-api4-5000-c1000-005,005-REQ-004191,4191,registro de prueba,2026-06-09T23:11:56.966319+00:00,2026-06-09T23:12:00.631425+00:00,3665.09,200,ok,api-3,
benchmark-api4-5000-c1000-005,005-REQ-004192,4192,registro de prueba,2026-06-09T23:11:56.967279+00:00,2026-06-09T23:12:00.637039+00:00,3669.74,200,ok,api-4,
benchmark-api4-5000-c1000-005,005-REQ-004193,4193,registro de prueba,2026-06-09T23:11:56.968439+00:00,2026-06-09T23:12:00.648328+00:00,3679.86,200,ok,api-1,
benchmark-api4-5000-c1000-005,005-REQ-004194,4194,registro de prueba,2026-06-09T23:11:56.969518+00:00,2026-06-09T23:12:00.581666+00:00,3612.12,200,ok,api-2,
benchmark-api4-5000-c1000-005,005-REQ-004195,4195,registro de prueba,2026-06-09T23:11:56.971409+00:00,2026-06-09T23:12:00.619217+00:00,3647.77,200,ok,api-3,
benchmark-api4-5000-c1000-005,005-REQ-004196,4196,registro de prueba,2026-06-09T23:11:56.972578+00:00,2026-06-09T23:12:00.557743+00:00,3585.14,200,ok,api-4,
benchmark-api4-5000-c1000-005,005-REQ-004197,4197,registro de prueba,2026-06-09T23:11:56.978862+00:00,2026-06-09T23:12:00.640792+00:00,3661.89,200,ok,api-2,
benchmark-api4-5000-c1000-005,005-REQ-004198,4198,registro de prueba,2026-06-09T23:11:56.981588+00:00,2026-06-09T23:11:57.309966+00:00,328.35,200,ok,api-2,
benchmark-api4-5000-c1000-005,005-REQ-004199,4199,registro de prueba,2026-06-09T23:11:56.982199+00:00,2026-06-09T23:12:00.700432+00:00,3718.21,200,ok,api-1,
benchmark-api4-5000-c1000-005,005-REQ-004200,4200,registro de prueba,2026-06-09T23:11:56.983103+00:00,2026-06-09T23:12:00.682745+00:00,3699.58,200,ok,api-4,
benchmark-api4-5000-c1000-005,005-REQ-004201,4201,registro de prueba,2026-06-09T23:11:56.988884+00:00,2026-06-09T23:12:00.701920+00:00,3712.48,200,ok,api-1,
benchmark-api4-5000-c1000-005,005-REQ-004202,4202,registro de prueba,2026-06-09T23:11:56.992627+00:00,2026-06-09T23:12:00.587433+00:00,3594.77,200,ok,api-3,
benchmark-api4-5000-c1000-005,005-REQ-004203,4203,registro de prueba,2026-06-09T23:11:56.995539+00:00,2026-06-09T23:12:00.717281+00:00,3721.7,200,ok,api-2,
benchmark-api4-5000-c1000-005,005-REQ-004204,4204,registro de prueba,2026-06-09T23:11:56.997503+00:00,2026-06-09T23:12:00.639184+00:00,3641.65,200,ok,api-3,
benchmark-api4-5000-c1000-005,005-REQ-004205,4205,registro de prueba,2026-06-09T23:11:57.000925+00:00,2026-06-09T23:12:00.583162+00:00,3582.21,200,ok,api-4,
benchmark-api4-5000-c1000-005,005-REQ-004206,4206,registro de prueba,2026-06-09T23:11:57.005352+00:00,2026-06-09T23:12:00.690534+00:00,3685.16,200,ok,api-1,
benchmark-api4-5000-c1000-005,005-REQ-004207,4207,registro de prueba,2026-06-09T23:11:57.006547+00:00,2026-06-09T23:12:00.611040+00:00,3604.47,200,ok,api-2,
benchmark-api4-5000-c1000-005,005-REQ-004208,4208,registro de prueba,2026-06-09T23:11:57.009198+00:00,2026-06-09T23:12:00.728493+00:00,3719.26,200,ok,api-3,
benchmark-api4-5000-c1000-005,005-REQ-004209,4209,registro de prueba,2026-06-09T23:11:57.014930+00:00,2026-06-09T23:12:00.640055+00:00,3625.09,200,ok,api-4,
benchmark-api4-5000-c1000-005,005-REQ-004210,4210,registro de prueba,2026-06-09T23:11:57.016244+00:00,2026-06-09T23:12:00.722263+00:00,3705.99,200,ok,api-1,
benchmark-api4-5000-c1000-005,005-REQ-004211,4211,registro de prueba,2026-06-09T23:11:57.017672+00:00,2026-06-09T23:11:57.418927+00:00,401.24,200,ok,api-4,
benchmark-api4-5000-c1000-005,005-REQ-004212,4212,registro de prueba,2026-06-09T23:11:57.018195+00:00,2026-06-09T23:12:00.677670+00:00,3659.45,200,ok,api-3,
benchmark-api4-5000-c1000-005,005-REQ-004213,4213,registro de prueba,2026-06-09T23:11:57.020102+00:00,2026-06-09T23:12:00.630535+00:00,3610.4,200,ok,api-2,
benchmark-api4-5000-c1000-005,005-REQ-004214,4214,registro de prueba,2026-06-09T23:11:57.025413+00:00,2026-06-09T23:12:00.611917+00:00,3586.47,200,ok,api-2,
benchmark-api4-5000-c1000-005,005-REQ-004215,4215,registro de prueba,2026-06-09T23:11:57.026676+00:00,2026-06-09T23:12:00.707278+00:00,3680.57,200,ok,api-4,
benchmark-api4-5000-c1000-005,005-REQ-004216,4216,registro de prueba,2026-06-09T23:11:57.033892+00:00,2026-06-09T23:12:00.651470+00:00,3617.55,200,ok,api-1,
benchmark-api4-5000-c1000-005,005-REQ-004217,4217,registro de prueba,2026-06-09T23:11:57.034943+00:00,2026-06-09T23:12:00.764954+00:00,3729.99,200,ok,api-3,
benchmark-api4-5000-c1000-005,005-REQ-004218,4218,registro de prueba,2026-06-09T23:11:57.035889+00:00,2026-06-09T23:12:00.847735+00:00,3811.83,200,ok,api-4,
benchmark-api4-5000-c1000-005,005-REQ-004219,4219,registro de prueba,2026-06-09T23:11:57.036656+00:00,2026-06-09T23:12:00.766204+00:00,3729.53,200,ok,api-2,
benchmark-api4-5000-c1000-005,005-REQ-004220,4220,registro de prueba,2026-06-09T23:11:57.037885+00:00,2026-06-09T23:12:00.765905+00:00,3728.0,200,ok,api-1,
benchmark-api4-5000-c1000-005,005-REQ-004221,4221,registro de prueba,2026-06-09T23:11:57.039972+00:00,2026-06-09T23:12:00.617704+00:00,3577.71,200,ok,api-3,
benchmark-api4-5000-c1000-005,005-REQ-004222,4222,registro de prueba,2026-06-09T23:11:57.041762+00:00,2026-06-09T23:12:00.786930+00:00,3745.14,200,ok,api-4,
benchmark-api4-5000-c1000-005,005-REQ-004223,4223,registro de prueba,2026-06-09T23:11:57.043038+00:00,2026-06-09T23:12:00.621596+00:00,3578.53,200,ok,api-1,
benchmark-api4-5000-c1000-005,005-REQ-004224,4224,registro de prueba,2026-06-09T23:11:57.047405+00:00,2026-06-09T23:11:57.387677+00:00,340.25,200,ok,api-2,
benchmark-api4-5000-c1000-005,005-REQ-004225,4225,registro de prueba,2026-06-09T23:11:57.048454+00:00,2026-06-09T23:12:00.757901+00:00,3709.42,200,ok,api-2,
benchmark-api4-5000-c1000-005,005-REQ-004226,4226,registro de prueba,2026-06-09T23:11:57.048799+00:00,2026-06-09T23:12:00.735251+00:00,3686.43,200,ok,api-3,
benchmark-api4-5000-c1000-005,005-REQ-004227,4227,registro de prueba,2026-06-09T23:11:57.052252+00:00,2026-06-09T23:12:00.875170+00:00,3822.89,200,ok,api-4,
benchmark-api4-5000-c1000-005,005-REQ-004228,4228,registro de prueba,2026-06-09T23:11:57.053890+00:00,2026-06-09T23:12:00.738361+00:00,3684.45,200,ok,api-1,
benchmark-api4-5000-c1000-005,005-REQ-004229,4229,registro de prueba,2026-06-09T23:11:57.060924+00:00,2026-06-09T23:12:00.680586+00:00,3619.63,200,ok,api-2,
benchmark-api4-5000-c1000-005,005-REQ-004230,4230,registro de prueba,2026-06-09T23:11:57.071910+00:00,2026-06-09T23:11:57.467900+00:00,395.96,200,ok,api-3,
benchmark-api4-5000-c1000-005,005-REQ-004231,4231,registro de prueba,2026-06-09T23:11:57.072643+00:00,2026-06-09T23:12:00.676419+00:00,3603.75,200,ok,api-3,
benchmark-api4-5000-c1000-005,005-REQ-004232,4232,registro de prueba,2026-06-09T23:11:57.075892+00:00,2026-06-09T23:12:00.741571+00:00,3665.66,200,ok,api-4,
benchmark-api4-5000-c1000-005,005-REQ-004233,4233,registro de prueba,2026-06-09T23:11:57.076873+00:00,2026-06-09T23:11:57.337663+00:00,260.77,200,ok,api-3,
benchmark-api4-5000-c1000-005,005-REQ-004234,4234,registro de prueba,2026-06-09T23:11:57.077734+00:00,2026-06-09T23:12:00.701680+00:00,3623.92,200,ok,api-1,
benchmark-api4-5000-c1000-005,005-REQ-004235,4235,registro de prueba,2026-06-09T23:11:57.077945+00:00,2026-06-09T23:12:00.847507+00:00,3769.55,200,ok,api-2,
benchmark-api4-5000-c1000-005,005-REQ-004236,4236,registro de prueba,2026-06-09T23:11:57.078739+00:00,2026-06-09T23:12:00.892516+00:00,3813.75,200,ok,api-3,
benchmark-api4-5000-c1000-005,005-REQ-004237,4237,registro de prueba,2026-06-09T23:11:57.079726+00:00,2026-06-09T23:12:00.775985+00:00,3696.24,200,ok,api-4,
benchmark-api4-5000-c1000-005,005-REQ-004238,4238,registro de prueba,2026-06-09T23:11:57.080520+00:00,2026-06-09T23:12:00.724723+00:00,3644.15,200,ok,api-1,
benchmark-api4-5000-c1000-005,005-REQ-004239,4239,registro de prueba,2026-06-09T23:11:57.085240+00:00,2026-06-09T23:12:00.675287+00:00,3590.02,200,ok,api-2,
benchmark-api4-5000-c1000-005,005-REQ-004240,4240,registro de prueba,2026-06-09T23:11:57.092450+00:00,2026-06-09T23:12:00.766102+00:00,3673.62,200,ok,api-3,
benchmark-api4-5000-c1000-005,005-REQ-004241,4241,registro de prueba,2026-06-09T23:11:57.097883+00:00,2026-06-09T23:11:57.390256+00:00,292.35,200,ok,api-2,
benchmark-api4-5000-c1000-005,005-REQ-004242,4242,registro de prueba,2026-06-09T23:11:57.098695+00:00,2026-06-09T23:12:00.738557+00:00,3639.84,200,ok,api-4,
benchmark-api4-5000-c1000-005,005-REQ-004243,4243,registro de prueba,2026-06-09T23:11:57.100481+00:00,2026-06-09T23:11:57.387426+00:00,286.92,200,ok,api-2,
benchmark-api4-5000-c1000-005,005-REQ-004244,4244,registro de prueba,2026-06-09T23:11:57.101176+00:00,2026-06-09T23:12:00.789957+00:00,3688.76,200,ok,api-1,
benchmark-api4-5000-c1000-005,005-REQ-004245,4245,registro de prueba,2026-06-09T23:11:57.101408+00:00,2026-06-09T23:12:00.812097+00:00,3710.68,200,ok,api-2,
benchmark-api4-5000-c1000-005,005-REQ-004246,4246,registro de prueba,2026-06-09T23:11:57.103057+00:00,2026-06-09T23:12:00.704255+00:00,3601.17,200,ok,api-3,
benchmark-api4-5000-c1000-005,005-REQ-004247,4247,registro de prueba,2026-06-09T23:11:57.107949+00:00,2026-06-09T23:12:00.692076+00:00,3584.1,200,ok,api-1,
benchmark-api4-5000-c1000-005,005-REQ-004248,4248,registro de prueba,2026-06-09T23:11:57.108934+00:00,2026-06-09T23:12:00.767251+00:00,3658.3,200,ok,api-4,
benchmark-api4-5000-c1000-005,005-REQ-004249,4249,registro de prueba,2026-06-09T23:11:57.113565+00:00,2026-06-09T23:12:00.897500+00:00,3783.92,200,ok,api-1,
benchmark-api4-5000-c1000-005,005-REQ-004250,4250,registro de prueba,2026-06-09T23:11:57.123406+00:00,2026-06-09T23:12:00.892766+00:00,3769.33,200,ok,api-2,
benchmark-api4-5000-c1000-005,005-REQ-004251,4251,registro de prueba,2026-06-09T23:11:57.133591+00:00,2026-06-09T23:12:00.694485+00:00,3560.86,200,ok,api-2,
benchmark-api4-5000-c1000-005,005-REQ-004252,4252,registro de prueba,2026-06-09T23:11:57.134774+00:00,2026-06-09T23:12:00.809783+00:00,3674.99,200,ok,api-3,
benchmark-api4-5000-c1000-005,005-REQ-004253,4253,registro de prueba,2026-06-09T23:11:57.137030+00:00,2026-06-09T23:12:00.788025+00:00,3650.94,200,ok,api-4,
benchmark-api4-5000-c1000-005,005-REQ-004254,4254,registro de prueba,2026-06-09T23:11:57.138785+00:00,2026-06-09T23:11:57.562856+00:00,424.05,200,ok,api-4,
benchmark-api4-5000-c1000-005,005-REQ-004255,4255,registro de prueba,2026-06-09T23:11:57.139569+00:00,2026-06-09T23:12:00.799723+00:00,3660.13,200,ok,api-3,
benchmark-api4-5000-c1000-005,005-REQ-004256,4256,registro de prueba,2026-06-09T23:11:57.140587+00:00,2026-06-09T23:12:00.790958+00:00,3650.35,200,ok,api-4,
benchmark-api4-5000-c1000-005,005-REQ-004257,4257,registro de prueba,2026-06-09T23:11:57.146713+00:00,2026-06-09T23:12:01.094898+00:00,3948.16,200,ok,api-1,
benchmark-api4-5000-c1000-005,005-REQ-004258,4258,registro de prueba,2026-06-09T23:11:57.159916+00:00,2026-06-09T23:12:00.771490+00:00,3611.54,200,ok,api-2,
benchmark-api4-5000-c1000-005,005-REQ-004259,4259,registro de prueba,2026-06-09T23:11:57.160954+00:00,2026-06-09T23:12:00.818130+00:00,3657.15,200,ok,api-3,
benchmark-api4-5000-c1000-005,005-REQ-004260,4260,registro de prueba,2026-06-09T23:11:57.167383+00:00,2026-06-09T23:12:00.945345+00:00,3777.93,200,ok,api-1,
benchmark-api4-5000-c1000-005,005-REQ-004261,4261,registro de prueba,2026-06-09T23:11:57.169018+00:00,2026-06-09T23:12:00.946748+00:00,3777.71,200,ok,api-3,
benchmark-api4-5000-c1000-005,005-REQ-004262,4262,registro de prueba,2026-06-09T23:11:57.171236+00:00,2026-06-09T23:12:00.857440+00:00,3685.97,200,ok,api-4,
benchmark-api4-5000-c1000-005,005-REQ-004263,4263,registro de prueba,2026-06-09T23:11:57.179100+00:00,2026-06-09T23:12:00.777780+00:00,3598.65,200,ok,api-2,
benchmark-api4-5000-c1000-005,005-REQ-004264,4264,registro de prueba,2026-06-09T23:11:57.184299+00:00,2026-06-09T23:12:00.894958+00:00,3710.62,200,ok,api-4,
benchmark-api4-5000-c1000-005,005-REQ-004265,4265,registro de prueba,2026-06-09T23:11:57.186051+00:00,2026-06-09T23:11:57.474932+00:00,288.86,200,ok,api-1,
benchmark-api4-5000-c1000-005,005-REQ-004266,4266,registro de prueba,2026-06-09T23:11:57.186723+00:00,2026-06-09T23:12:00.848759+00:00,3662.01,200,ok,api-1,
benchmark-api4-5000-c1000-005,005-REQ-004267,4267,registro de prueba,2026-06-09T23:11:57.197549+00:00,2026-06-09T23:11:57.564247+00:00,366.67,200,ok,api-4,
benchmark-api4-5000-c1000-005,005-REQ-004268,4268,registro de prueba,2026-06-09T23:11:57.198261+00:00,2026-06-09T23:12:00.824334+00:00,3626.04,200,ok,api-2,
benchmark-api4-5000-c1000-005,005-REQ-004269,4269,registro de prueba,2026-06-09T23:11:57.201514+00:00,2026-06-09T23:12:00.798889+00:00,3597.35,200,ok,api-2,
benchmark-api4-5000-c1000-005,005-REQ-004270,4270,registro de prueba,2026-06-09T23:11:57.202418+00:00,2026-06-09T23:12:00.876016+00:00,3673.58,200,ok,api-1,
benchmark-api4-5000-c1000-005,005-REQ-004271,4271,registro de prueba,2026-06-09T23:11:57.203864+00:00,2026-06-09T23:12:00.879151+00:00,3675.26,200,ok,api-3,
benchmark-api4-5000-c1000-005,005-REQ-004272,4272,registro de prueba,2026-06-09T23:11:57.208643+00:00,2026-06-09T23:12:00.815355+00:00,3606.68,200,ok,api-4,
benchmark-api4-5000-c1000-005,005-REQ-004273,4273,registro de prueba,2026-06-09T23:11:57.212377+00:00,2026-06-09T23:12:00.756683+00:00,3544.28,200,ok,api-3,
benchmark-api4-5000-c1000-005,005-REQ-004274,4274,registro de prueba,2026-06-09T23:11:57.213590+00:00,2026-06-09T23:12:00.912065+00:00,3698.45,200,ok,api-2,
benchmark-api4-5000-c1000-005,005-REQ-004275,4275,registro de prueba,2026-06-09T23:11:57.215312+00:00,2026-06-09T23:12:00.851695+00:00,3636.27,200,ok,api-1,
benchmark-api4-5000-c1000-005,005-REQ-004276,4276,registro de prueba,2026-06-09T23:11:57.218193+00:00,2026-06-09T23:12:00.870068+00:00,3651.84,200,ok,api-4,
benchmark-api4-5000-c1000-005,005-REQ-004277,4277,registro de prueba,2026-06-09T23:11:57.219320+00:00,2026-06-09T23:12:00.872262+00:00,3652.92,200,ok,api-4,
benchmark-api4-5000-c1000-005,005-REQ-004278,4278,registro de prueba,2026-06-09T23:11:57.230299+00:00,2026-06-09T23:12:00.876172+00:00,3645.85,200,ok,api-3,
benchmark-api4-5000-c1000-005,005-REQ-004279,4279,registro de prueba,2026-06-09T23:11:57.239826+00:00,2026-06-09T23:11:57.547094+00:00,307.25,200,ok,api-3,
benchmark-api4-5000-c1000-005,005-REQ-004280,4280,registro de prueba,2026-06-09T23:11:57.241123+00:00,2026-06-09T23:12:00.908624+00:00,3667.46,200,ok,api-1,
benchmark-api4-5000-c1000-005,005-REQ-004281,4281,registro de prueba,2026-06-09T23:11:57.243374+00:00,2026-06-09T23:12:00.873103+00:00,3629.63,200,ok,api-2,
benchmark-api4-5000-c1000-005,005-REQ-004282,4282,registro de prueba,2026-06-09T23:11:57.248889+00:00,2026-06-09T23:11:57.541175+00:00,292.26,200,ok,api-3,
benchmark-api4-5000-c1000-005,005-REQ-004283,4283,registro de prueba,2026-06-09T23:11:57.249447+00:00,2026-06-09T23:12:00.826991+00:00,3577.52,200,ok,api-3,
benchmark-api4-5000-c1000-005,005-REQ-004284,4284,registro de prueba,2026-06-09T23:11:57.256361+00:00,2026-06-09T23:12:00.897154+00:00,3640.76,200,ok,api-2,
benchmark-api4-5000-c1000-005,005-REQ-004285,4285,registro de prueba,2026-06-09T23:11:57.262356+00:00,2026-06-09T23:12:00.850397+00:00,3588.01,200,ok,api-3,
benchmark-api4-5000-c1000-005,005-REQ-004286,4286,registro de prueba,2026-06-09T23:11:57.267938+00:00,2026-06-09T23:12:00.876302+00:00,3608.34,200,ok,api-4,
benchmark-api4-5000-c1000-005,005-REQ-004287,4287,registro de prueba,2026-06-09T23:11:57.274083+00:00,2026-06-09T23:12:00.827353+00:00,3553.25,200,ok,api-1,
benchmark-api4-5000-c1000-005,005-REQ-004288,4288,registro de prueba,2026-06-09T23:11:57.282326+00:00,2026-06-09T23:12:00.846508+00:00,3564.15,200,ok,api-1,
benchmark-api4-5000-c1000-005,005-REQ-004289,4289,registro de prueba,2026-06-09T23:11:57.283487+00:00,2026-06-09T23:12:00.908878+00:00,3625.37,200,ok,api-4,
benchmark-api4-5000-c1000-005,005-REQ-004290,4290,registro de prueba,2026-06-09T23:11:57.285756+00:00,2026-06-09T23:12:00.972282+00:00,3686.5,200,ok,api-2,
benchmark-api4-5000-c1000-005,005-REQ-004291,4291,registro de prueba,2026-06-09T23:11:57.290837+00:00,2026-06-09T23:12:00.838893+00:00,3548.03,200,ok,api-3,
benchmark-api4-5000-c1000-005,005-REQ-004292,4292,registro de prueba,2026-06-09T23:11:57.292361+00:00,2026-06-09T23:11:57.571682+00:00,279.3,200,ok,api-3,
benchmark-api4-5000-c1000-005,005-REQ-004293,4293,registro de prueba,2026-06-09T23:11:57.293023+00:00,2026-06-09T23:12:00.916259+00:00,3623.21,200,ok,api-4,
benchmark-api4-5000-c1000-005,005-REQ-004294,4294,registro de prueba,2026-06-09T23:11:57.302174+00:00,2026-06-09T23:12:00.901720+00:00,3599.51,200,ok,api-1,
benchmark-api4-5000-c1000-005,005-REQ-004295,4295,registro de prueba,2026-06-09T23:11:57.306424+00:00,2026-06-09T23:12:00.849602+00:00,3543.14,200,ok,api-2,
benchmark-api4-5000-c1000-005,005-REQ-004296,4296,registro de prueba,2026-06-09T23:11:57.308776+00:00,2026-06-09T23:12:00.856418+00:00,3547.62,200,ok,api-3,
benchmark-api4-5000-c1000-005,005-REQ-004297,4297,registro de prueba,2026-06-09T23:11:57.310552+00:00,2026-06-09T23:11:57.573949+00:00,263.38,200,ok,api-2,
benchmark-api4-5000-c1000-005,005-REQ-004298,4298,registro de prueba,2026-06-09T23:11:57.311673+00:00,2026-06-09T23:12:00.912363+00:00,3600.67,200,ok,api-4,
benchmark-api4-5000-c1000-005,005-REQ-004299,4299,registro de prueba,2026-06-09T23:11:57.311991+00:00,2026-06-09T23:12:00.896050+00:00,3584.04,200,ok,api-1,
benchmark-api4-5000-c1000-005,005-REQ-004300,4300,registro de prueba,2026-06-09T23:11:57.313328+00:00,2026-06-09T23:12:00.760059+00:00,3446.71,200,ok,api-2,
benchmark-api4-5000-c1000-005,005-REQ-004301,4301,registro de prueba,2026-06-09T23:11:57.314383+00:00,2026-06-09T23:12:00.894071+00:00,3579.66,200,ok,api-3,
benchmark-api4-5000-c1000-005,005-REQ-004302,4302,registro de prueba,2026-06-09T23:11:57.315586+00:00,2026-06-09T23:12:00.966740+00:00,3651.13,200,ok,api-4,
benchmark-api4-5000-c1000-005,005-REQ-004303,4303,registro de prueba,2026-06-09T23:11:57.320975+00:00,2026-06-09T23:12:00.946506+00:00,3625.5,200,ok,api-1,
benchmark-api4-5000-c1000-005,005-REQ-004304,4304,registro de prueba,2026-06-09T23:11:57.330215+00:00,2026-06-09T23:12:00.938451+00:00,3608.21,200,ok,api-2,
benchmark-api4-5000-c1000-005,005-REQ-004305,4305,registro de prueba,2026-06-09T23:11:57.331983+00:00,2026-06-09T23:12:00.940116+00:00,3608.0,200,ok,api-3,
benchmark-api4-5000-c1000-005,005-REQ-004306,4306,registro de prueba,2026-06-09T23:11:57.333278+00:00,2026-06-09T23:12:00.936309+00:00,3603.0,200,ok,api-4,
benchmark-api4-5000-c1000-005,005-REQ-004307,4307,registro de prueba,2026-06-09T23:11:57.334985+00:00,2026-06-09T23:11:57.727179+00:00,392.17,200,ok,api-4,
benchmark-api4-5000-c1000-005,005-REQ-004308,4308,registro de prueba,2026-06-09T23:11:57.335591+00:00,2026-06-09T23:12:00.983152+00:00,3647.54,200,ok,api-1,
benchmark-api4-5000-c1000-005,005-REQ-004309,4309,registro de prueba,2026-06-09T23:11:57.336533+00:00,2026-06-09T23:12:00.991160+00:00,3654.61,200,ok,api-2,
benchmark-api4-5000-c1000-005,005-REQ-004310,4310,registro de prueba,2026-06-09T23:11:57.338674+00:00,2026-06-09T23:11:57.740287+00:00,401.59,200,ok,api-4,
benchmark-api4-5000-c1000-005,005-REQ-004311,4311,registro de prueba,2026-06-09T23:11:57.339482+00:00,2026-06-09T23:12:00.924509+00:00,3585.0,200,ok,api-3,
benchmark-api4-5000-c1000-005,005-REQ-004312,4312,registro de prueba,2026-06-09T23:11:57.339730+00:00,2026-06-09T23:12:00.934507+00:00,3594.76,200,ok,api-4,
benchmark-api4-5000-c1000-005,005-REQ-004313,4313,registro de prueba,2026-06-09T23:11:57.344796+00:00,2026-06-09T23:12:00.982310+00:00,3637.48,200,ok,api-1,
benchmark-api4-5000-c1000-005,005-REQ-004314,4314,registro de prueba,2026-06-09T23:11:57.351557+00:00,2026-06-09T23:12:00.960965+00:00,3609.38,200,ok,api-2,
benchmark-api4-5000-c1000-005,005-REQ-004315,4315,registro de prueba,2026-06-09T23:11:57.358002+00:00,2026-06-09T23:12:00.956934+00:00,3598.9,200,ok,api-3,
benchmark-api4-5000-c1000-005,005-REQ-004316,4316,registro de prueba,2026-06-09T23:11:57.364896+00:00,2026-06-09T23:11:57.708563+00:00,343.64,200,ok,api-4,
benchmark-api4-5000-c1000-005,005-REQ-004317,4317,registro de prueba,2026-06-09T23:11:57.365705+00:00,2026-06-09T23:12:00.959179+00:00,3593.44,200,ok,api-4,
benchmark-api4-5000-c1000-005,005-REQ-004318,4318,registro de prueba,2026-06-09T23:11:57.367074+00:00,2026-06-09T23:12:00.897422+00:00,3530.33,200,ok,api-1,
benchmark-api4-5000-c1000-005,005-REQ-004319,4319,registro de prueba,2026-06-09T23:11:57.375706+00:00,2026-06-09T23:12:01.061714+00:00,3685.99,200,ok,api-3,
benchmark-api4-5000-c1000-005,005-REQ-004320,4320,registro de prueba,2026-06-09T23:11:57.377097+00:00,2026-06-09T23:12:00.938681+00:00,3561.57,200,ok,api-2,
benchmark-api4-5000-c1000-005,005-REQ-004321,4321,registro de prueba,2026-06-09T23:11:57.377914+00:00,2026-06-09T23:12:00.974785+00:00,3596.85,200,ok,api-4,
benchmark-api4-5000-c1000-005,005-REQ-004322,4322,registro de prueba,2026-06-09T23:11:57.385766+00:00,2026-06-09T23:11:57.636709+00:00,250.92,200,ok,api-2,
benchmark-api4-5000-c1000-005,005-REQ-004323,4323,registro de prueba,2026-06-09T23:11:57.386600+00:00,2026-06-09T23:12:01.026726+00:00,3640.05,200,ok,api-1,
benchmark-api4-5000-c1000-005,005-REQ-004324,4324,registro de prueba,2026-06-09T23:11:57.389041+00:00,2026-06-09T23:11:57.725206+00:00,336.13,200,ok,api-4,
benchmark-api4-5000-c1000-005,005-REQ-004325,4325,registro de prueba,2026-06-09T23:11:57.389860+00:00,2026-06-09T23:12:00.932057+00:00,3542.16,200,ok,api-2,
benchmark-api4-5000-c1000-005,005-REQ-004326,4326,registro de prueba,2026-06-09T23:11:57.390747+00:00,2026-06-09T23:12:01.080931+00:00,3690.16,200,ok,api-3,
benchmark-api4-5000-c1000-005,005-REQ-004327,4327,registro de prueba,2026-06-09T23:11:57.394805+00:00,2026-06-09T23:11:57.672372+00:00,277.54,200,ok,api-1,
benchmark-api4-5000-c1000-005,005-REQ-004328,4328,registro de prueba,2026-06-09T23:11:57.395733+00:00,2026-06-09T23:12:00.967017+00:00,3571.25,200,ok,api-4,
benchmark-api4-5000-c1000-005,005-REQ-004329,4329,registro de prueba,2026-06-09T23:11:57.397584+00:00,2026-06-09T23:12:00.933604+00:00,3535.98,200,ok,api-1,
benchmark-api4-5000-c1000-005,005-REQ-004330,4330,registro de prueba,2026-06-09T23:11:57.400947+00:00,2026-06-09T23:12:00.936784+00:00,3535.81,200,ok,api-2,
benchmark-api4-5000-c1000-005,005-REQ-004331,4331,registro de prueba,2026-06-09T23:11:57.403518+00:00,2026-06-09T23:11:57.682725+00:00,279.18,200,ok,api-1,
benchmark-api4-5000-c1000-005,005-REQ-004332,4332,registro de prueba,2026-06-09T23:11:57.404125+00:00,2026-06-09T23:12:00.897327+00:00,3493.18,200,ok,api-3,
benchmark-api4-5000-c1000-005,005-REQ-004333,4333,registro de prueba,2026-06-09T23:11:57.405208+00:00,2026-06-09T23:12:00.938809+00:00,3533.58,200,ok,api-4,
benchmark-api4-5000-c1000-005,005-REQ-004334,4334,registro de prueba,2026-06-09T23:11:57.406514+00:00,2026-06-09T23:12:00.999547+00:00,3593.01,200,ok,api-1,
benchmark-api4-5000-c1000-005,005-REQ-004335,4335,registro de prueba,2026-06-09T23:11:57.409775+00:00,2026-06-09T23:12:00.989232+00:00,3579.43,200,ok,api-2,
benchmark-api4-5000-c1000-005,005-REQ-004336,4336,registro de prueba,2026-06-09T23:11:57.417868+00:00,2026-06-09T23:11:57.741650+00:00,323.76,200,ok,api-1,
benchmark-api4-5000-c1000-005,005-REQ-004337,4337,registro de prueba,2026-06-09T23:11:57.418396+00:00,2026-06-09T23:12:00.975662+00:00,3557.25,200,ok,api-3,
benchmark-api4-5000-c1000-005,005-REQ-004338,4338,registro de prueba,2026-06-09T23:11:57.419350+00:00,2026-06-09T23:12:00.990140+00:00,3570.77,200,ok,api-4,
benchmark-api4-5000-c1000-005,005-REQ-004339,4339,registro de prueba,2026-06-09T23:11:57.423990+00:00,2026-06-09T23:12:00.983767+00:00,3559.75,200,ok,api-2,
benchmark-api4-5000-c1000-005,005-REQ-004340,4340,registro de prueba,2026-06-09T23:11:57.425359+00:00,2026-06-09T23:12:01.058932+00:00,3633.54,200,ok,api-1,
benchmark-api4-5000-c1000-005,005-REQ-004341,4341,registro de prueba,2026-06-09T23:11:57.426605+00:00,2026-06-09T23:12:00.948850+00:00,3522.21,200,ok,api-3,
benchmark-api4-5000-c1000-005,005-REQ-004342,4342,registro de prueba,2026-06-09T23:11:57.428009+00:00,2026-06-09T23:12:01.095936+00:00,3667.9,200,ok,api-4,
benchmark-api4-5000-c1000-005,005-REQ-004343,4343,registro de prueba,2026-06-09T23:11:57.429608+00:00,2026-06-09T23:11:57.736065+00:00,306.43,200,ok,api-2,
benchmark-api4-5000-c1000-005,005-REQ-004344,4344,registro de prueba,2026-06-09T23:11:57.430204+00:00,2026-06-09T23:12:01.005299+00:00,3575.07,200,ok,api-1,
benchmark-api4-5000-c1000-005,005-REQ-004345,4345,registro de prueba,2026-06-09T23:11:57.431242+00:00,2026-06-09T23:12:01.010036+00:00,3578.77,200,ok,api-2,
benchmark-api4-5000-c1000-005,005-REQ-004346,4346,registro de prueba,2026-06-09T23:11:57.437142+00:00,2026-06-09T23:12:00.991394+00:00,3554.22,200,ok,api-3,
benchmark-api4-5000-c1000-005,005-REQ-004347,4347,registro de prueba,2026-06-09T23:11:57.440280+00:00,2026-06-09T23:12:00.992728+00:00,3552.42,200,ok,api-4,
benchmark-api4-5000-c1000-005,005-REQ-004348,4348,registro de prueba,2026-06-09T23:11:57.445364+00:00,2026-06-09T23:12:00.987845+00:00,3542.45,200,ok,api-1,
benchmark-api4-5000-c1000-005,005-REQ-004349,4349,registro de prueba,2026-06-09T23:11:57.451622+00:00,2026-06-09T23:12:00.979486+00:00,3527.83,200,ok,api-2,
benchmark-api4-5000-c1000-005,005-REQ-004350,4350,registro de prueba,2026-06-09T23:11:57.452923+00:00,2026-06-09T23:12:00.993813+00:00,3540.86,200,ok,api-3,
benchmark-api4-5000-c1000-005,005-REQ-004351,4351,registro de prueba,2026-06-09T23:11:57.459195+00:00,2026-06-09T23:12:00.994421+00:00,3535.2,200,ok,api-4,
benchmark-api4-5000-c1000-005,005-REQ-004352,4352,registro de prueba,2026-06-09T23:11:57.468459+00:00,2026-06-09T23:12:01.008990+00:00,3540.51,200,ok,api-1,
benchmark-api4-5000-c1000-005,005-REQ-004353,4353,registro de prueba,2026-06-09T23:11:57.469843+00:00,2026-06-09T23:11:57.744861+00:00,274.99,200,ok,api-1,
benchmark-api4-5000-c1000-005,005-REQ-004354,4354,registro de prueba,2026-06-09T23:11:57.470418+00:00,2026-06-09T23:12:01.036812+00:00,3566.37,200,ok,api-2,
benchmark-api4-5000-c1000-005,005-REQ-004355,4355,registro de prueba,2026-06-09T23:11:57.472091+00:00,2026-06-09T23:12:01.061815+00:00,3589.7,200,ok,api-3,
benchmark-api4-5000-c1000-005,005-REQ-004356,4356,registro de prueba,2026-06-09T23:11:57.475531+00:00,2026-06-09T23:12:01.117569+00:00,3642.0,200,ok,api-4,
benchmark-api4-5000-c1000-005,005-REQ-004357,4357,registro de prueba,2026-06-09T23:11:57.477007+00:00,2026-06-09T23:12:01.059227+00:00,3582.2,200,ok,api-4,
benchmark-api4-5000-c1000-005,005-REQ-004358,4358,registro de prueba,2026-06-09T23:11:57.478404+00:00,2026-06-09T23:12:01.017017+00:00,3538.59,200,ok,api-3,
benchmark-api4-5000-c1000-005,005-REQ-004359,4359,registro de prueba,2026-06-09T23:11:57.480503+00:00,2026-06-09T23:12:01.041875+00:00,3561.34,200,ok,api-2,
benchmark-api4-5000-c1000-005,005-REQ-004360,4360,registro de prueba,2026-06-09T23:11:57.482207+00:00,2026-06-09T23:12:01.174100+00:00,3691.86,200,ok,api-1,
benchmark-api4-5000-c1000-005,005-REQ-004361,4361,registro de prueba,2026-06-09T23:11:57.484564+00:00,2026-06-09T23:11:57.743468+00:00,258.88,200,ok,api-1,
benchmark-api4-5000-c1000-005,005-REQ-004362,4362,registro de prueba,2026-06-09T23:11:57.485101+00:00,2026-06-09T23:12:01.052463+00:00,3567.34,200,ok,api-1,
benchmark-api4-5000-c1000-005,005-REQ-004363,4363,registro de prueba,2026-06-09T23:11:57.487756+00:00,2026-06-09T23:12:01.079801+00:00,3592.01,200,ok,api-2,
benchmark-api4-5000-c1000-005,005-REQ-004364,4364,registro de prueba,2026-06-09T23:11:57.489007+00:00,2026-06-09T23:12:01.097359+00:00,3608.33,200,ok,api-3,
benchmark-api4-5000-c1000-005,005-REQ-004365,4365,registro de prueba,2026-06-09T23:11:57.493126+00:00,2026-06-09T23:12:01.078155+00:00,3585.0,200,ok,api-1,
benchmark-api4-5000-c1000-005,005-REQ-004366,4366,registro de prueba,2026-06-09T23:11:57.498535+00:00,2026-06-09T23:11:57.846605+00:00,348.04,200,ok,api-2,
benchmark-api4-5000-c1000-005,005-REQ-004367,4367,registro de prueba,2026-06-09T23:11:57.499122+00:00,2026-06-09T23:12:01.043516+00:00,3544.37,200,ok,api-3,
benchmark-api4-5000-c1000-005,005-REQ-004368,4368,registro de prueba,2026-06-09T23:11:57.500244+00:00,2026-06-09T23:12:01.076437+00:00,3576.17,200,ok,api-2,
benchmark-api4-5000-c1000-005,005-REQ-004369,4369,registro de prueba,2026-06-09T23:11:57.501215+00:00,2026-06-09T23:12:01.042781+00:00,3541.54,200,ok,api-4,
benchmark-api4-5000-c1000-005,005-REQ-004370,4370,registro de prueba,2026-06-09T23:11:57.502312+00:00,2026-06-09T23:12:01.053297+00:00,3550.96,200,ok,api-4,
benchmark-api4-5000-c1000-005,005-REQ-004371,4371,registro de prueba,2026-06-09T23:11:57.503167+00:00,2026-06-09T23:12:01.061590+00:00,3558.4,200,ok,api-1,
benchmark-api4-5000-c1000-005,005-REQ-004372,4372,registro de prueba,2026-06-09T23:11:57.509340+00:00,2026-06-09T23:12:01.039688+00:00,3530.31,200,ok,api-2,
benchmark-api4-5000-c1000-005,005-REQ-004373,4373,registro de prueba,2026-06-09T23:11:57.510507+00:00,2026-06-09T23:11:57.790992+00:00,280.47,200,ok,api-2,
benchmark-api4-5000-c1000-005,005-REQ-004374,4374,registro de prueba,2026-06-09T23:11:57.511094+00:00,2026-06-09T23:12:01.077151+00:00,3566.03,200,ok,api-3,
benchmark-api4-5000-c1000-005,005-REQ-004375,4375,registro de prueba,2026-06-09T23:11:57.522596+00:00,2026-06-09T23:12:01.059364+00:00,3536.73,200,ok,api-4,
benchmark-api4-5000-c1000-005,005-REQ-004376,4376,registro de prueba,2026-06-09T23:11:57.542961+00:00,2026-06-09T23:11:57.807899+00:00,264.89,200,ok,api-2,
benchmark-api4-5000-c1000-005,005-REQ-004377,4377,registro de prueba,2026-06-09T23:11:57.543798+00:00,2026-06-09T23:12:01.081684+00:00,3537.87,200,ok,api-1,
benchmark-api4-5000-c1000-005,005-REQ-004378,4378,registro de prueba,2026-06-09T23:11:57.545868+00:00,2026-06-09T23:11:57.867100+00:00,321.22,200,ok,api-4,
benchmark-api4-5000-c1000-005,005-REQ-004379,4379,registro de prueba,2026-06-09T23:11:57.546796+00:00,2026-06-09T23:12:01.182840+00:00,3636.02,200,ok,api-2,
benchmark-api4-5000-c1000-005,005-REQ-004380,4380,registro de prueba,2026-06-09T23:11:57.547988+00:00,2026-06-09T23:12:01.061317+00:00,3513.3,200,ok,api-3,
benchmark-api4-5000-c1000-005,005-REQ-004381,4381,registro de prueba,2026-06-09T23:11:57.549551+00:00,2026-06-09T23:12:01.150817+00:00,3601.23,200,ok,api-4,
benchmark-api4-5000-c1000-005,005-REQ-004382,4382,registro de prueba,2026-06-09T23:11:57.556376+00:00,2026-06-09T23:12:01.078382+00:00,3521.98,200,ok,api-1,
benchmark-api4-5000-c1000-005,005-REQ-004383,4383,registro de prueba,2026-06-09T23:11:57.563418+00:00,2026-06-09T23:12:01.075279+00:00,3511.83,200,ok,api-2,
benchmark-api4-5000-c1000-005,005-REQ-004384,4384,registro de prueba,2026-06-09T23:11:57.564968+00:00,2026-06-09T23:12:01.144142+00:00,3579.15,200,ok,api-3,
benchmark-api4-5000-c1000-005,005-REQ-004385,4385,registro de prueba,2026-06-09T23:11:57.566666+00:00,2026-06-09T23:12:01.084482+00:00,3517.79,200,ok,api-4,
benchmark-api4-5000-c1000-005,005-REQ-004386,4386,registro de prueba,2026-06-09T23:11:57.573032+00:00,2026-06-09T23:12:01.126815+00:00,3553.74,200,ok,api-1,
benchmark-api4-5000-c1000-005,005-REQ-004387,4387,registro de prueba,2026-06-09T23:11:57.574468+00:00,2026-06-09T23:11:57.889432+00:00,314.94,200,ok,api-4,
benchmark-api4-5000-c1000-005,005-REQ-004388,4388,registro de prueba,2026-06-09T23:11:57.575091+00:00,2026-06-09T23:12:01.056200+00:00,3481.08,200,ok,api-2,
benchmark-api4-5000-c1000-005,005-REQ-004389,4389,registro de prueba,2026-06-09T23:11:57.580544+00:00,2026-06-09T23:12:01.113014+00:00,3532.44,200,ok,api-2,
benchmark-api4-5000-c1000-005,005-REQ-004390,4390,registro de prueba,2026-06-09T23:11:57.583642+00:00,2026-06-09T23:12:01.224035+00:00,3640.36,200,ok,api-1,
benchmark-api4-5000-c1000-005,005-REQ-004391,4391,registro de prueba,2026-06-09T23:11:57.584673+00:00,2026-06-09T23:12:01.115257+00:00,3530.56,200,ok,api-3,
benchmark-api4-5000-c1000-005,005-REQ-004392,4392,registro de prueba,2026-06-09T23:11:57.586456+00:00,2026-06-09T23:12:01.094594+00:00,3508.11,200,ok,api-4,
benchmark-api4-5000-c1000-005,005-REQ-004393,4393,registro de prueba,2026-06-09T23:11:57.591071+00:00,2026-06-09T23:11:57.861742+00:00,270.65,200,ok,api-2,
benchmark-api4-5000-c1000-005,005-REQ-004394,4394,registro de prueba,2026-06-09T23:11:57.591632+00:00,2026-06-09T23:12:01.144715+00:00,3553.06,200,ok,api-3,
benchmark-api4-5000-c1000-005,005-REQ-004395,4395,registro de prueba,2026-06-09T23:11:57.600683+00:00,2026-06-09T23:12:01.192412+00:00,3591.69,200,ok,api-4,
benchmark-api4-5000-c1000-005,005-REQ-004396,4396,registro de prueba,2026-06-09T23:11:57.602304+00:00,2026-06-09T23:12:01.134979+00:00,3532.65,200,ok,api-1,
benchmark-api4-5000-c1000-005,005-REQ-004397,4397,registro de prueba,2026-06-09T23:11:57.606122+00:00,2026-06-09T23:12:01.175437+00:00,3569.29,200,ok,api-2,
benchmark-api4-5000-c1000-005,005-REQ-004398,4398,registro de prueba,2026-06-09T23:11:57.606976+00:00,2026-06-09T23:12:01.143037+00:00,3536.05,200,ok,api-4,
benchmark-api4-5000-c1000-005,005-REQ-004399,4399,registro de prueba,2026-06-09T23:11:57.607673+00:00,2026-06-09T23:12:01.179094+00:00,3571.4,200,ok,api-2,
benchmark-api4-5000-c1000-005,005-REQ-004400,4400,registro de prueba,2026-06-09T23:11:57.608171+00:00,2026-06-09T23:11:57.933881+00:00,325.7,200,ok,api-3,
benchmark-api4-5000-c1000-005,005-REQ-004401,4401,registro de prueba,2026-06-09T23:11:57.608396+00:00,2026-06-09T23:12:01.142278+00:00,3533.87,200,ok,api-1,
benchmark-api4-5000-c1000-005,005-REQ-004402,4402,registro de prueba,2026-06-09T23:11:57.614239+00:00,2026-06-09T23:12:01.154177+00:00,3539.91,200,ok,api-3,
benchmark-api4-5000-c1000-005,005-REQ-004403,4403,registro de prueba,2026-06-09T23:11:57.615914+00:00,2026-06-09T23:12:01.155385+00:00,3539.45,200,ok,api-3,
benchmark-api4-5000-c1000-005,005-REQ-004404,4404,registro de prueba,2026-06-09T23:11:57.626961+00:00,2026-06-09T23:12:01.204122+00:00,3577.13,200,ok,api-1,
benchmark-api4-5000-c1000-005,005-REQ-004405,4405,registro de prueba,2026-06-09T23:11:57.628250+00:00,2026-06-09T23:12:01.220523+00:00,3592.25,200,ok,api-4,
benchmark-api4-5000-c1000-005,005-REQ-004406,4406,registro de prueba,2026-06-09T23:11:57.629639+00:00,2026-06-09T23:11:57.996935+00:00,367.27,200,ok,api-2,
benchmark-api4-5000-c1000-005,005-REQ-004407,4407,registro de prueba,2026-06-09T23:11:57.630226+00:00,2026-06-09T23:12:01.237904+00:00,3607.63,200,ok,api-2,
benchmark-api4-5000-c1000-005,005-REQ-004408,4408,registro de prueba,2026-06-09T23:11:57.632072+00:00,2026-06-09T23:12:01.184412+00:00,3552.31,200,ok,api-3,
benchmark-api4-5000-c1000-005,005-REQ-004409,4409,registro de prueba,2026-06-09T23:11:57.633246+00:00,2026-06-09T23:12:01.255060+00:00,3621.79,200,ok,api-2,
benchmark-api4-5000-c1000-005,005-REQ-004410,4410,registro de prueba,2026-06-09T23:11:57.637686+00:00,2026-06-09T23:12:01.256412+00:00,3618.67,200,ok,api-1,
benchmark-api4-5000-c1000-005,005-REQ-004411,4411,registro de prueba,2026-06-09T23:11:57.642032+00:00,2026-06-09T23:11:57.918381+00:00,276.26,200,ok,api-4,
benchmark-api4-5000-c1000-005,005-REQ-004412,4412,registro de prueba,2026-06-09T23:11:57.643338+00:00,2026-06-09T23:12:01.158068+00:00,3514.68,200,ok,api-3,
benchmark-api4-5000-c1000-005,005-REQ-004413,4413,registro de prueba,2026-06-09T23:11:57.651524+00:00,2026-06-09T23:12:01.239195+00:00,3587.65,200,ok,api-4,
benchmark-api4-5000-c1000-005,005-REQ-004414,4414,registro de prueba,2026-06-09T23:11:57.653016+00:00,2026-06-09T23:11:57.901144+00:00,248.1,200,ok,api-4,
benchmark-api4-5000-c1000-005,005-REQ-004415,4415,registro de prueba,2026-06-09T23:11:57.653714+00:00,2026-06-09T23:12:01.193301+00:00,3539.56,200,ok,api-4,
benchmark-api4-5000-c1000-005,005-REQ-004416,4416,registro de prueba,2026-06-09T23:11:57.655331+00:00,2026-06-09T23:11:58.016169+00:00,360.81,200,ok,api-2,
benchmark-api4-5000-c1000-005,005-REQ-004417,4417,registro de prueba,2026-06-09T23:11:57.655950+00:00,2026-06-09T23:12:01.284759+00:00,3628.79,200,ok,api-1,
benchmark-api4-5000-c1000-005,005-REQ-004418,4418,registro de prueba,2026-06-09T23:11:57.657056+00:00,2026-06-09T23:12:01.226361+00:00,3569.28,200,ok,api-2,
benchmark-api4-5000-c1000-005,005-REQ-004419,4419,registro de prueba,2026-06-09T23:11:57.662918+00:00,2026-06-09T23:12:01.188714+00:00,3525.77,200,ok,api-3,
benchmark-api4-5000-c1000-005,005-REQ-004420,4420,registro de prueba,2026-06-09T23:11:57.665134+00:00,2026-06-09T23:12:01.226607+00:00,3561.46,200,ok,api-4,
benchmark-api4-5000-c1000-005,005-REQ-004421,4421,registro de prueba,2026-06-09T23:11:57.666420+00:00,2026-06-09T23:12:01.234479+00:00,3568.04,200,ok,api-1,
benchmark-api4-5000-c1000-005,005-REQ-004422,4422,registro de prueba,2026-06-09T23:11:57.667354+00:00,2026-06-09T23:12:01.279744+00:00,3612.38,200,ok,api-2,
benchmark-api4-5000-c1000-005,005-REQ-004423,4423,registro de prueba,2026-06-09T23:11:57.673172+00:00,2026-06-09T23:12:01.293917+00:00,3620.71,200,ok,api-3,
benchmark-api4-5000-c1000-005,005-REQ-004424,4424,registro de prueba,2026-06-09T23:11:57.683224+00:00,2026-06-09T23:12:01.331785+00:00,3648.53,200,ok,api-4,
benchmark-api4-5000-c1000-005,005-REQ-004425,4425,registro de prueba,2026-06-09T23:11:57.686002+00:00,2026-06-09T23:12:01.261465+00:00,3575.44,200,ok,api-1,
benchmark-api4-5000-c1000-005,005-REQ-004426,4426,registro de prueba,2026-06-09T23:11:57.687701+00:00,2026-06-09T23:12:01.278263+00:00,3590.52,200,ok,api-3,
benchmark-api4-5000-c1000-005,005-REQ-004427,4427,registro de prueba,2026-06-09T23:11:57.696745+00:00,2026-06-09T23:12:01.321110+00:00,3624.2,200,ok,api-4,
benchmark-api4-5000-c1000-005,005-REQ-004428,4428,registro de prueba,2026-06-09T23:11:57.699973+00:00,2026-06-09T23:12:01.262233+00:00,3562.23,200,ok,api-3,
benchmark-api4-5000-c1000-005,005-REQ-004429,4429,registro de prueba,2026-06-09T23:11:57.707391+00:00,2026-06-09T23:12:01.290975+00:00,3583.56,200,ok,api-2,
benchmark-api4-5000-c1000-005,005-REQ-004430,4430,registro de prueba,2026-06-09T23:11:57.709149+00:00,2026-06-09T23:12:01.388498+00:00,3679.32,200,ok,api-2,
benchmark-api4-5000-c1000-005,005-REQ-004431,4431,registro de prueba,2026-06-09T23:11:57.710322+00:00,2026-06-09T23:12:01.227751+00:00,3517.41,200,ok,api-1,
benchmark-api4-5000-c1000-005,005-REQ-004432,4432,registro de prueba,2026-06-09T23:11:57.712811+00:00,2026-06-09T23:12:01.379137+00:00,3666.3,200,ok,api-1,
benchmark-api4-5000-c1000-005,005-REQ-004433,4433,registro de prueba,2026-06-09T23:11:57.714909+00:00,2026-06-09T23:12:01.319940+00:00,3605.0,200,ok,api-2,
benchmark-api4-5000-c1000-005,005-REQ-004434,4434,registro de prueba,2026-06-09T23:11:57.719464+00:00,2026-06-09T23:12:01.317782+00:00,3598.29,200,ok,api-4,
benchmark-api4-5000-c1000-005,005-REQ-004435,4435,registro de prueba,2026-06-09T23:11:57.725897+00:00,2026-06-09T23:11:57.981306+00:00,255.39,200,ok,api-4,
benchmark-api4-5000-c1000-005,005-REQ-004436,4436,registro de prueba,2026-06-09T23:11:57.726505+00:00,2026-06-09T23:12:01.280267+00:00,3553.74,200,ok,api-3,
benchmark-api4-5000-c1000-005,005-REQ-004437,4437,registro de prueba,2026-06-09T23:11:57.727641+00:00,2026-06-09T23:12:01.259184+00:00,3531.5,200,ok,api-1,
benchmark-api4-5000-c1000-005,005-REQ-004438,4438,registro de prueba,2026-06-09T23:11:57.734950+00:00,2026-06-09T23:12:01.395589+00:00,3660.61,200,ok,api-4,
benchmark-api4-5000-c1000-005,005-REQ-004439,4439,registro de prueba,2026-06-09T23:11:57.736552+00:00,2026-06-09T23:11:58.004937+00:00,268.36,200,ok,api-3,
benchmark-api4-5000-c1000-005,005-REQ-004440,4440,registro de prueba,2026-06-09T23:11:57.737396+00:00,2026-06-09T23:12:01.275151+00:00,3537.72,200,ok,api-2,
benchmark-api4-5000-c1000-005,005-REQ-004441,4441,registro de prueba,2026-06-09T23:11:57.737655+00:00,2026-06-09T23:12:01.402440+00:00,3664.77,200,ok,api-4,
benchmark-api4-5000-c1000-005,005-REQ-004442,4442,registro de prueba,2026-06-09T23:11:57.741138+00:00,2026-06-09T23:12:01.269361+00:00,3528.19,200,ok,api-3,
benchmark-api4-5000-c1000-005,005-REQ-004443,4443,registro de prueba,2026-06-09T23:11:57.742461+00:00,2026-06-09T23:11:58.009070+00:00,266.58,200,ok,api-4,
benchmark-api4-5000-c1000-005,005-REQ-004444,4444,registro de prueba,2026-06-09T23:11:57.743035+00:00,2026-06-09T23:12:01.329623+00:00,3586.56,200,ok,api-1,
benchmark-api4-5000-c1000-005,005-REQ-004445,4445,registro de prueba,2026-06-09T23:11:57.743934+00:00,2026-06-09T23:12:01.389699+00:00,3645.74,200,ok,api-2,
benchmark-api4-5000-c1000-005,005-REQ-004446,4446,registro de prueba,2026-06-09T23:11:57.745623+00:00,2026-06-09T23:12:01.355779+00:00,3610.12,200,ok,api-3,
benchmark-api4-5000-c1000-005,005-REQ-004447,4447,registro de prueba,2026-06-09T23:11:57.747782+00:00,2026-06-09T23:12:01.374045+00:00,3626.24,200,ok,api-4,
benchmark-api4-5000-c1000-005,005-REQ-004448,4448,registro de prueba,2026-06-09T23:11:57.753171+00:00,2026-06-09T23:12:01.390816+00:00,3637.6,200,ok,api-4,
benchmark-api4-5000-c1000-005,005-REQ-004449,4449,registro de prueba,2026-06-09T23:11:57.755088+00:00,2026-06-09T23:11:58.215482+00:00,460.37,200,ok,api-3,
benchmark-api4-5000-c1000-005,005-REQ-004450,4450,registro de prueba,2026-06-09T23:11:57.755969+00:00,2026-06-09T23:12:01.380133+00:00,3624.14,200,ok,api-1,
benchmark-api4-5000-c1000-005,005-REQ-004451,4451,registro de prueba,2026-06-09T23:11:57.756221+00:00,2026-06-09T23:12:01.299485+00:00,3543.25,200,ok,api-3,
benchmark-api4-5000-c1000-005,005-REQ-004452,4452,registro de prueba,2026-06-09T23:11:57.761409+00:00,2026-06-09T23:12:01.301624+00:00,3540.19,200,ok,api-1,
benchmark-api4-5000-c1000-005,005-REQ-004453,4453,registro de prueba,2026-06-09T23:11:57.766625+00:00,2026-06-09T23:12:01.384789+00:00,3618.13,200,ok,api-2,
benchmark-api4-5000-c1000-005,005-REQ-004454,4454,registro de prueba,2026-06-09T23:11:57.767667+00:00,2026-06-09T23:12:01.414419+00:00,3646.73,200,ok,api-2,
benchmark-api4-5000-c1000-005,005-REQ-004455,4455,registro de prueba,2026-06-09T23:11:57.768698+00:00,2026-06-09T23:12:01.374212+00:00,3605.49,200,ok,api-1,
benchmark-api4-5000-c1000-005,005-REQ-004456,4456,registro de prueba,2026-06-09T23:11:57.769671+00:00,2026-06-09T23:12:01.350567+00:00,3580.87,200,ok,api-3,
benchmark-api4-5000-c1000-005,005-REQ-004457,4457,registro de prueba,2026-06-09T23:11:57.771220+00:00,2026-06-09T23:12:01.383045+00:00,3611.79,200,ok,api-4,
benchmark-api4-5000-c1000-005,005-REQ-004458,4458,registro de prueba,2026-06-09T23:11:57.773241+00:00,2026-06-09T23:11:58.300299+00:00,527.04,200,ok,api-2,
benchmark-api4-5000-c1000-005,005-REQ-004459,4459,registro de prueba,2026-06-09T23:11:57.774164+00:00,2026-06-09T23:12:01.317539+00:00,3543.34,200,ok,api-3,
benchmark-api4-5000-c1000-005,005-REQ-004460,4460,registro de prueba,2026-06-09T23:11:57.774450+00:00,2026-06-09T23:12:01.300845+00:00,3526.38,200,ok,api-2,
benchmark-api4-5000-c1000-005,005-REQ-004461,4461,registro de prueba,2026-06-09T23:11:57.776364+00:00,2026-06-09T23:12:01.382234+00:00,3605.85,200,ok,api-4,
benchmark-api4-5000-c1000-005,005-REQ-004462,4462,registro de prueba,2026-06-09T23:11:57.785355+00:00,2026-06-09T23:12:01.346519+00:00,3561.14,200,ok,api-3,
benchmark-api4-5000-c1000-005,005-REQ-004463,4463,registro de prueba,2026-06-09T23:11:57.789486+00:00,2026-06-09T23:12:01.360749+00:00,3571.2,200,ok,api-2,
benchmark-api4-5000-c1000-005,005-REQ-004464,4464,registro de prueba,2026-06-09T23:11:57.791429+00:00,2026-06-09T23:12:01.305253+00:00,3513.8,200,ok,api-1,
benchmark-api4-5000-c1000-005,005-REQ-004465,4465,registro de prueba,2026-06-09T23:11:57.794702+00:00,2026-06-09T23:12:01.380380+00:00,3585.65,200,ok,api-4,
benchmark-api4-5000-c1000-005,005-REQ-004466,4466,registro de prueba,2026-06-09T23:11:57.796238+00:00,2026-06-09T23:12:01.317889+00:00,3521.63,200,ok,api-1,
benchmark-api4-5000-c1000-005,005-REQ-004467,4467,registro de prueba,2026-06-09T23:11:57.800991+00:00,2026-06-09T23:12:01.364328+00:00,3563.31,200,ok,api-2,
benchmark-api4-5000-c1000-005,005-REQ-004468,4468,registro de prueba,2026-06-09T23:11:57.805019+00:00,2026-06-09T23:12:01.347418+00:00,3542.36,200,ok,api-3,
benchmark-api4-5000-c1000-005,005-REQ-004469,4469,registro de prueba,2026-06-09T23:11:57.807193+00:00,2026-06-09T23:12:01.341575+00:00,3534.36,200,ok,api-1,
benchmark-api4-5000-c1000-005,005-REQ-004470,4470,registro de prueba,2026-06-09T23:11:57.808333+00:00,2026-06-09T23:12:01.322000+00:00,3513.64,200,ok,api-4,
benchmark-api4-5000-c1000-005,005-REQ-004471,4471,registro de prueba,2026-06-09T23:11:57.809276+00:00,2026-06-09T23:12:01.330533+00:00,3521.24,200,ok,api-2,
benchmark-api4-5000-c1000-005,005-REQ-004472,4472,registro de prueba,2026-06-09T23:11:57.810153+00:00,2026-06-09T23:12:01.279185+00:00,3469.02,200,ok,api-3,
benchmark-api4-5000-c1000-005,005-REQ-004473,4473,registro de prueba,2026-06-09T23:11:57.818802+00:00,2026-06-09T23:12:01.390546+00:00,3571.71,200,ok,api-1,
benchmark-api4-5000-c1000-005,005-REQ-004474,4474,registro de prueba,2026-06-09T23:11:57.823154+00:00,2026-06-09T23:12:01.362434+00:00,3539.25,200,ok,api-4,
benchmark-api4-5000-c1000-005,005-REQ-004475,4475,registro de prueba,2026-06-09T23:11:57.830817+00:00,2026-06-09T23:12:01.388709+00:00,3557.87,200,ok,api-1,
benchmark-api4-5000-c1000-005,005-REQ-004476,4476,registro de prueba,2026-06-09T23:11:57.837786+00:00,2026-06-09T23:12:01.372578+00:00,3534.76,200,ok,api-3,
benchmark-api4-5000-c1000-005,005-REQ-004477,4477,registro de prueba,2026-06-09T23:11:57.839563+00:00,2026-06-09T23:12:01.399020+00:00,3559.42,200,ok,api-3,
benchmark-api4-5000-c1000-005,005-REQ-004478,4478,registro de prueba,2026-06-09T23:11:57.840661+00:00,2026-06-09T23:12:01.373351+00:00,3532.67,200,ok,api-2,
benchmark-api4-5000-c1000-005,005-REQ-004479,4479,registro de prueba,2026-06-09T23:11:57.841679+00:00,2026-06-09T23:11:58.251358+00:00,409.66,200,ok,api-3,
benchmark-api4-5000-c1000-005,005-REQ-004480,4480,registro de prueba,2026-06-09T23:11:57.842148+00:00,2026-06-09T23:12:01.416516+00:00,3574.34,200,ok,api-4,
benchmark-api4-5000-c1000-005,005-REQ-004481,4481,registro de prueba,2026-06-09T23:11:57.847178+00:00,2026-06-09T23:12:01.387420+00:00,3540.21,200,ok,api-4,
benchmark-api4-5000-c1000-005,005-REQ-004482,4482,registro de prueba,2026-06-09T23:11:57.860766+00:00,2026-06-09T23:12:01.349502+00:00,3488.7,200,ok,api-2,
benchmark-api4-5000-c1000-005,005-REQ-004483,4483,registro de prueba,2026-06-09T23:11:57.862420+00:00,2026-06-09T23:12:01.401456+00:00,3539.0,200,ok,api-1,
benchmark-api4-5000-c1000-005,005-REQ-004484,4484,registro de prueba,2026-06-09T23:11:57.863742+00:00,2026-06-09T23:12:01.339378+00:00,3475.61,200,ok,api-2,
benchmark-api4-5000-c1000-005,005-REQ-004485,4485,registro de prueba,2026-06-09T23:11:57.865282+00:00,2026-06-09T23:11:58.216665+00:00,351.36,200,ok,api-1,
benchmark-api4-5000-c1000-005,005-REQ-004486,4486,registro de prueba,2026-06-09T23:11:57.865855+00:00,2026-06-09T23:12:01.444506+00:00,3578.63,200,ok,api-3,
benchmark-api4-5000-c1000-005,005-REQ-004487,4487,registro de prueba,2026-06-09T23:11:57.867606+00:00,2026-06-09T23:12:01.435017+00:00,3567.39,200,ok,api-4,
benchmark-api4-5000-c1000-005,005-REQ-004488,4488,registro de prueba,2026-06-09T23:11:57.880851+00:00,2026-06-09T23:12:01.425360+00:00,3544.48,200,ok,api-4,
benchmark-api4-5000-c1000-005,005-REQ-004489,4489,registro de prueba,2026-06-09T23:11:57.883292+00:00,2026-06-09T23:11:58.223381+00:00,340.06,200,ok,api-2,
benchmark-api4-5000-c1000-005,005-REQ-004490,4490,registro de prueba,2026-06-09T23:11:57.884177+00:00,2026-06-09T23:11:58.254878+00:00,370.66,200,ok,api-4,
benchmark-api4-5000-c1000-005,005-REQ-004491,4491,registro de prueba,2026-06-09T23:11:57.884722+00:00,2026-06-09T23:12:01.457246+00:00,3572.5,200,ok,api-1,
benchmark-api4-5000-c1000-005,005-REQ-004492,4492,registro de prueba,2026-06-09T23:11:57.884953+00:00,2026-06-09T23:12:01.421683+00:00,3536.71,200,ok,api-2,
benchmark-api4-5000-c1000-005,005-REQ-004493,4493,registro de prueba,2026-06-09T23:11:57.886058+00:00,2026-06-09T23:12:01.430786+00:00,3544.7,200,ok,api-3,
benchmark-api4-5000-c1000-005,005-REQ-004494,4494,registro de prueba,2026-06-09T23:11:57.887559+00:00,2026-06-09T23:12:01.342388+00:00,3454.8,200,ok,api-1,
benchmark-api4-5000-c1000-005,005-REQ-004495,4495,registro de prueba,2026-06-09T23:11:57.889987+00:00,2026-06-09T23:11:58.300090+00:00,410.08,200,ok,api-3,
benchmark-api4-5000-c1000-005,005-REQ-004496,4496,registro de prueba,2026-06-09T23:11:57.890743+00:00,2026-06-09T23:11:58.249656+00:00,358.89,200,ok,api-3,
benchmark-api4-5000-c1000-005,005-REQ-004497,4497,registro de prueba,2026-06-09T23:11:57.891440+00:00,2026-06-09T23:11:58.197911+00:00,306.45,200,ok,api-1,
benchmark-api4-5000-c1000-005,005-REQ-004498,4498,registro de prueba,2026-06-09T23:11:57.891816+00:00,2026-06-09T23:12:01.432213+00:00,3540.38,200,ok,api-2,
benchmark-api4-5000-c1000-005,005-REQ-004499,4499,registro de prueba,2026-06-09T23:11:57.891972+00:00,2026-06-09T23:12:01.499714+00:00,3607.72,200,ok,api-3,
benchmark-api4-5000-c1000-005,005-REQ-004500,4500,registro de prueba,2026-06-09T23:11:57.892130+00:00,2026-06-09T23:12:01.448392+00:00,3556.25,200,ok,api-4,
benchmark-api4-5000-c1000-005,005-REQ-004501,4501,registro de prueba,2026-06-09T23:11:57.892994+00:00,2026-06-09T23:12:01.459321+00:00,3566.32,200,ok,api-1,
benchmark-api4-5000-c1000-005,005-REQ-004502,4502,registro de prueba,2026-06-09T23:11:57.893873+00:00,2026-06-09T23:12:01.410214+00:00,3516.32,200,ok,api-2,
benchmark-api4-5000-c1000-005,005-REQ-004503,4503,registro de prueba,2026-06-09T23:11:57.895723+00:00,2026-06-09T23:12:01.444284+00:00,3548.53,200,ok,api-3,
benchmark-api4-5000-c1000-005,005-REQ-004504,4504,registro de prueba,2026-06-09T23:11:57.898091+00:00,2026-06-09T23:12:01.443001+00:00,3544.88,200,ok,api-4,
benchmark-api4-5000-c1000-005,005-REQ-004505,4505,registro de prueba,2026-06-09T23:11:57.900421+00:00,2026-06-09T23:12:01.459148+00:00,3558.7,200,ok,api-1,
benchmark-api4-5000-c1000-005,005-REQ-004506,4506,registro de prueba,2026-06-09T23:11:57.901704+00:00,2026-06-09T23:12:01.460543+00:00,3558.82,200,ok,api-2,
benchmark-api4-5000-c1000-005,005-REQ-004507,4507,registro de prueba,2026-06-09T23:11:57.908567+00:00,2026-06-09T23:12:01.447487+00:00,3538.89,200,ok,api-4,
benchmark-api4-5000-c1000-005,005-REQ-004508,4508,registro de prueba,2026-06-09T23:11:57.918989+00:00,2026-06-09T23:12:01.417587+00:00,3498.58,200,ok,api-2,
benchmark-api4-5000-c1000-005,005-REQ-004509,4509,registro de prueba,2026-06-09T23:11:57.933077+00:00,2026-06-09T23:12:01.414655+00:00,3481.55,200,ok,api-3,
benchmark-api4-5000-c1000-005,005-REQ-004510,4510,registro de prueba,2026-06-09T23:11:57.934727+00:00,2026-06-09T23:11:58.265588+00:00,330.84,200,ok,api-1,
benchmark-api4-5000-c1000-005,005-REQ-004511,4511,registro de prueba,2026-06-09T23:11:57.935348+00:00,2026-06-09T23:12:01.462622+00:00,3527.25,200,ok,api-3,
benchmark-api4-5000-c1000-005,005-REQ-004512,4512,registro de prueba,2026-06-09T23:11:57.936558+00:00,2026-06-09T23:11:58.342590+00:00,406.0,200,ok,api-4,
benchmark-api4-5000-c1000-005,005-REQ-004513,4513,registro de prueba,2026-06-09T23:11:57.937274+00:00,2026-06-09T23:12:01.469377+00:00,3532.07,200,ok,api-1,
benchmark-api4-5000-c1000-005,005-REQ-004514,4514,registro de prueba,2026-06-09T23:11:57.941979+00:00,2026-06-09T23:12:01.451771+00:00,3509.76,200,ok,api-4,
benchmark-api4-5000-c1000-005,005-REQ-004515,4515,registro de prueba,2026-06-09T23:11:57.944456+00:00,2026-06-09T23:12:01.460640+00:00,3516.16,200,ok,api-1,
benchmark-api4-5000-c1000-005,005-REQ-004516,4516,registro de prueba,2026-06-09T23:11:57.945918+00:00,2026-06-09T23:11:58.307190+00:00,361.25,200,ok,api-4,
benchmark-api4-5000-c1000-005,005-REQ-004517,4517,registro de prueba,2026-06-09T23:11:57.946524+00:00,2026-06-09T23:12:01.460380+00:00,3513.83,200,ok,api-2,
benchmark-api4-5000-c1000-005,005-REQ-004518,4518,registro de prueba,2026-06-09T23:11:57.952783+00:00,2026-06-09T23:12:01.462780+00:00,3509.97,200,ok,api-4,
benchmark-api4-5000-c1000-005,005-REQ-004519,4519,registro de prueba,2026-06-09T23:11:57.956823+00:00,2026-06-09T23:12:01.520857+00:00,3564.01,200,ok,api-3,
benchmark-api4-5000-c1000-005,005-REQ-004520,4520,registro de prueba,2026-06-09T23:11:57.958844+00:00,2026-06-09T23:12:01.509271+00:00,3550.41,200,ok,api-1,
benchmark-api4-5000-c1000-005,005-REQ-004521,4521,registro de prueba,2026-06-09T23:11:57.961522+00:00,2026-06-09T23:12:01.508274+00:00,3546.73,200,ok,api-2,
benchmark-api4-5000-c1000-005,005-REQ-004522,4522,registro de prueba,2026-06-09T23:11:57.969945+00:00,2026-06-09T23:12:01.493862+00:00,3523.88,200,ok,api-3,
benchmark-api4-5000-c1000-005,005-REQ-004523,4523,registro de prueba,2026-06-09T23:11:57.974151+00:00,2026-06-09T23:12:01.518034+00:00,3543.86,200,ok,api-1,
benchmark-api4-5000-c1000-005,005-REQ-004524,4524,registro de prueba,2026-06-09T23:11:57.980817+00:00,2026-06-09T23:12:01.417416+00:00,3436.57,200,ok,api-4,
benchmark-api4-5000-c1000-005,005-REQ-004525,4525,registro de prueba,2026-06-09T23:11:57.982238+00:00,2026-06-09T23:11:58.452141+00:00,469.85,200,ok,api-2,
benchmark-api4-5000-c1000-005,005-REQ-004526,4526,registro de prueba,2026-06-09T23:11:57.983270+00:00,2026-06-09T23:12:01.461872+00:00,3478.57,200,ok,api-2,
benchmark-api4-5000-c1000-005,005-REQ-004527,4527,registro de prueba,2026-06-09T23:11:57.990966+00:00,2026-06-09T23:12:01.488492+00:00,3497.5,200,ok,api-3,
benchmark-api4-5000-c1000-005,005-REQ-004528,4528,registro de prueba,2026-06-09T23:11:57.997479+00:00,2026-06-09T23:12:01.473602+00:00,3476.1,200,ok,api-4,
benchmark-api4-5000-c1000-005,005-REQ-004529,4529,registro de prueba,2026-06-09T23:11:58.000828+00:00,2026-06-09T23:12:01.523438+00:00,3522.58,200,ok,api-2,
benchmark-api4-5000-c1000-005,005-REQ-004530,4530,registro de prueba,2026-06-09T23:11:58.002648+00:00,2026-06-09T23:12:01.458193+00:00,3455.52,200,ok,api-1,
benchmark-api4-5000-c1000-005,005-REQ-004531,4531,registro de prueba,2026-06-09T23:11:58.004207+00:00,2026-06-09T23:12:01.482500+00:00,3478.26,200,ok,api-4,
benchmark-api4-5000-c1000-005,005-REQ-004532,4532,registro de prueba,2026-06-09T23:11:58.005521+00:00,2026-06-09T23:12:01.524301+00:00,3518.76,200,ok,api-3,
benchmark-api4-5000-c1000-005,005-REQ-004533,4533,registro de prueba,2026-06-09T23:11:58.006692+00:00,2026-06-09T23:12:01.487969+00:00,3481.25,200,ok,api-1,
benchmark-api4-5000-c1000-005,005-REQ-004534,4534,registro de prueba,2026-06-09T23:11:58.008371+00:00,2026-06-09T23:12:01.496979+00:00,3488.58,200,ok,api-2,
benchmark-api4-5000-c1000-005,005-REQ-004535,4535,registro de prueba,2026-06-09T23:11:58.009768+00:00,2026-06-09T23:11:58.318579+00:00,308.78,200,ok,api-4,
benchmark-api4-5000-c1000-005,005-REQ-004536,4536,registro de prueba,2026-06-09T23:11:58.010355+00:00,2026-06-09T23:12:01.535409+00:00,3525.03,200,ok,api-3,
benchmark-api4-5000-c1000-005,005-REQ-004537,4537,registro de prueba,2026-06-09T23:11:58.011511+00:00,2026-06-09T23:12:01.512401+00:00,3500.87,200,ok,api-4,
benchmark-api4-5000-c1000-005,005-REQ-004538,4538,registro de prueba,2026-06-09T23:11:58.012403+00:00,2026-06-09T23:12:01.517791+00:00,3505.36,200,ok,api-1,
benchmark-api4-5000-c1000-005,005-REQ-004539,4539,registro de prueba,2026-06-09T23:11:58.016639+00:00,2026-06-09T23:12:01.534496+00:00,3517.83,200,ok,api-2,
benchmark-api4-5000-c1000-005,005-REQ-004540,4540,registro de prueba,2026-06-09T23:11:58.019705+00:00,2026-06-09T23:12:01.538726+00:00,3518.98,200,ok,api-3,
benchmark-api4-5000-c1000-005,005-REQ-004541,4541,registro de prueba,2026-06-09T23:11:58.034129+00:00,2026-06-09T23:11:58.476178+00:00,442.03,200,ok,api-3,
benchmark-api4-5000-c1000-005,005-REQ-004542,4542,registro de prueba,2026-06-09T23:11:58.035012+00:00,2026-06-09T23:12:01.573178+00:00,3538.13,200,ok,api-4,
benchmark-api4-5000-c1000-005,005-REQ-004543,4543,registro de prueba,2026-06-09T23:11:58.035375+00:00,2026-06-09T23:12:01.535731+00:00,3500.34,200,ok,api-1,
benchmark-api4-5000-c1000-005,005-REQ-004544,4544,registro de prueba,2026-06-09T23:11:58.036188+00:00,2026-06-09T23:12:01.603479+00:00,3567.27,200,ok,api-2,
benchmark-api4-5000-c1000-005,005-REQ-004545,4545,registro de prueba,2026-06-09T23:11:58.039997+00:00,2026-06-09T23:12:01.738375+00:00,3698.36,200,ok,api-3,
benchmark-api4-5000-c1000-005,005-REQ-004546,4546,registro de prueba,2026-06-09T23:11:58.055618+00:00,2026-06-09T23:12:01.767742+00:00,3712.1,200,ok,api-2,
benchmark-api4-5000-c1000-005,005-REQ-004547,4547,registro de prueba,2026-06-09T23:11:58.059352+00:00,2026-06-09T23:12:01.582494+00:00,3523.12,200,ok,api-4,
benchmark-api4-5000-c1000-005,005-REQ-004548,4548,registro de prueba,2026-06-09T23:11:58.064655+00:00,2026-06-09T23:11:58.423881+00:00,359.2,200,ok,api-4,
benchmark-api4-5000-c1000-005,005-REQ-004549,4549,registro de prueba,2026-06-09T23:11:58.065903+00:00,2026-06-09T23:12:01.637606+00:00,3571.66,200,ok,api-1,
benchmark-api4-5000-c1000-005,005-REQ-004550,4550,registro de prueba,2026-06-09T23:11:58.076099+00:00,2026-06-09T23:12:01.820147+00:00,3743.97,200,ok,api-3,
benchmark-api4-5000-c1000-005,005-REQ-004551,4551,registro de prueba,2026-06-09T23:11:58.078270+00:00,2026-06-09T23:12:01.574160+00:00,3495.87,200,ok,api-4,
benchmark-api4-5000-c1000-005,005-REQ-004552,4552,registro de prueba,2026-06-09T23:11:58.096345+00:00,2026-06-09T23:12:01.599173+00:00,3502.8,200,ok,api-1,
benchmark-api4-5000-c1000-005,005-REQ-004553,4553,registro de prueba,2026-06-09T23:11:58.102967+00:00,2026-06-09T23:12:01.703175+00:00,3600.17,200,ok,api-4,
benchmark-api4-5000-c1000-005,005-REQ-004554,4554,registro de prueba,2026-06-09T23:11:58.106144+00:00,2026-06-09T23:11:58.472677+00:00,366.51,200,ok,api-3,
benchmark-api4-5000-c1000-005,005-REQ-004555,4555,registro de prueba,2026-06-09T23:11:58.106666+00:00,2026-06-09T23:12:01.759012+00:00,3652.32,200,ok,api-3,
benchmark-api4-5000-c1000-005,005-REQ-004556,4556,registro de prueba,2026-06-09T23:11:58.124797+00:00,2026-06-09T23:12:01.712732+00:00,3587.9,200,ok,api-2,
benchmark-api4-5000-c1000-005,005-REQ-004557,4557,registro de prueba,2026-06-09T23:11:58.126227+00:00,2026-06-09T23:12:01.583187+00:00,3456.94,200,ok,api-1,
benchmark-api4-5000-c1000-005,005-REQ-004558,4558,registro de prueba,2026-06-09T23:11:58.132566+00:00,2026-06-09T23:12:01.673982+00:00,3541.39,200,ok,api-2,
benchmark-api4-5000-c1000-005,005-REQ-004559,4559,registro de prueba,2026-06-09T23:11:58.135400+00:00,2026-06-09T23:12:01.755169+00:00,3619.74,200,ok,api-3,
benchmark-api4-5000-c1000-005,005-REQ-004560,4560,registro de prueba,2026-06-09T23:11:58.143968+00:00,2026-06-09T23:11:58.471747+00:00,327.76,200,ok,api-1,
benchmark-api4-5000-c1000-005,005-REQ-004561,4561,registro de prueba,2026-06-09T23:11:58.144714+00:00,2026-06-09T23:12:01.610003+00:00,3465.26,200,ok,api-4,
benchmark-api4-5000-c1000-005,005-REQ-004562,4562,registro de prueba,2026-06-09T23:11:58.153456+00:00,2026-06-09T23:12:01.717270+00:00,3563.79,200,ok,api-1,
benchmark-api4-5000-c1000-005,005-REQ-004563,4563,registro de prueba,2026-06-09T23:11:58.155708+00:00,2026-06-09T23:12:01.738238+00:00,3582.51,200,ok,api-3,
benchmark-api4-5000-c1000-005,005-REQ-004564,4564,registro de prueba,2026-06-09T23:11:58.158772+00:00,2026-06-09T23:12:01.605505+00:00,3446.71,200,ok,api-2,
benchmark-api4-5000-c1000-005,005-REQ-004565,4565,registro de prueba,2026-06-09T23:11:58.166082+00:00,2026-06-09T23:12:01.728934+00:00,3562.83,200,ok,api-4,
benchmark-api4-5000-c1000-005,005-REQ-004566,4566,registro de prueba,2026-06-09T23:11:58.171342+00:00,2026-06-09T23:12:01.738777+00:00,3567.4,200,ok,api-1,
benchmark-api4-5000-c1000-005,005-REQ-004567,4567,registro de prueba,2026-06-09T23:11:58.174734+00:00,2026-06-09T23:12:01.666885+00:00,3492.13,200,ok,api-2,
benchmark-api4-5000-c1000-005,005-REQ-004568,4568,registro de prueba,2026-06-09T23:11:58.176653+00:00,2026-06-09T23:12:01.657127+00:00,3480.45,200,ok,api-3,
benchmark-api4-5000-c1000-005,005-REQ-004569,4569,registro de prueba,2026-06-09T23:11:58.186934+00:00,2026-06-09T23:12:01.736580+00:00,3549.61,200,ok,api-4,
benchmark-api4-5000-c1000-005,005-REQ-004570,4570,registro de prueba,2026-06-09T23:11:58.188440+00:00,2026-06-09T23:12:01.806637+00:00,3618.18,200,ok,api-1,
benchmark-api4-5000-c1000-005,005-REQ-004571,4571,registro de prueba,2026-06-09T23:11:58.195328+00:00,2026-06-09T23:12:01.593804+00:00,3398.45,200,ok,api-2,
benchmark-api4-5000-c1000-005,005-REQ-004572,4572,registro de prueba,2026-06-09T23:11:58.197045+00:00,2026-06-09T23:12:01.730138+00:00,3533.07,200,ok,api-3,
benchmark-api4-5000-c1000-005,005-REQ-004573,4573,registro de prueba,2026-06-09T23:11:58.198301+00:00,2026-06-09T23:11:58.645759+00:00,447.44,200,ok,api-2,
benchmark-api4-5000-c1000-005,005-REQ-004574,4574,registro de prueba,2026-06-09T23:11:58.198763+00:00,2026-06-09T23:12:01.615345+00:00,3416.56,200,ok,api-4,
benchmark-api4-5000-c1000-005,005-REQ-004575,4575,registro de prueba,2026-06-09T23:11:58.206464+00:00,2026-06-09T23:12:01.644103+00:00,3437.61,200,ok,api-1,
benchmark-api4-5000-c1000-005,005-REQ-004576,4576,registro de prueba,2026-06-09T23:11:58.208109+00:00,2026-06-09T23:12:01.658219+00:00,3450.09,200,ok,api-2,
benchmark-api4-5000-c1000-005,005-REQ-004577,4577,registro de prueba,2026-06-09T23:11:58.209104+00:00,2026-06-09T23:12:01.594699+00:00,3385.57,200,ok,api-3,
benchmark-api4-5000-c1000-005,005-REQ-004578,4578,registro de prueba,2026-06-09T23:11:58.210062+00:00,2026-06-09T23:12:01.710464+00:00,3500.38,200,ok,api-4,
benchmark-api4-5000-c1000-005,005-REQ-004579,4579,registro de prueba,2026-06-09T23:11:58.216046+00:00,2026-06-09T23:12:01.711467+00:00,3495.4,200,ok,api-1,
benchmark-api4-5000-c1000-005,005-REQ-004580,4580,registro de prueba,2026-06-09T23:11:58.217175+00:00,2026-06-09T23:12:01.828705+00:00,3611.51,200,ok,api-2,
benchmark-api4-5000-c1000-005,005-REQ-004581,4581,registro de prueba,2026-06-09T23:11:58.223843+00:00,2026-06-09T23:12:01.629366+00:00,3405.5,200,ok,api-3,
benchmark-api4-5000-c1000-005,005-REQ-004582,4582,registro de prueba,2026-06-09T23:11:58.227581+00:00,2026-06-09T23:11:58.510887+00:00,283.28,200,ok,api-3,
benchmark-api4-5000-c1000-005,005-REQ-004583,4583,registro de prueba,2026-06-09T23:11:58.228180+00:00,2026-06-09T23:12:01.589114+00:00,3360.9,200,ok,api-1,
benchmark-api4-5000-c1000-005,005-REQ-004584,4584,registro de prueba,2026-06-09T23:11:58.232720+00:00,2026-06-09T23:12:01.747863+00:00,3515.12,200,ok,api-4,
benchmark-api4-5000-c1000-005,005-REQ-004585,4585,registro de prueba,2026-06-09T23:11:58.240471+00:00,2026-06-09T23:11:58.494730+00:00,254.24,200,ok,api-3,
benchmark-api4-5000-c1000-005,005-REQ-004586,4586,registro de prueba,2026-06-09T23:11:58.241142+00:00,2026-06-09T23:12:01.650449+00:00,3409.28,200,ok,api-2,
benchmark-api4-5000-c1000-005,005-REQ-004587,4587,registro de prueba,2026-06-09T23:11:58.242722+00:00,2026-06-09T23:12:01.785971+00:00,3543.21,200,ok,api-1,
benchmark-api4-5000-c1000-005,005-REQ-004588,4588,registro de prueba,2026-06-09T23:11:58.246508+00:00,2026-06-09T23:11:58.515314+00:00,268.78,200,ok,api-1,
benchmark-api4-5000-c1000-005,005-REQ-004589,4589,registro de prueba,2026-06-09T23:11:58.247352+00:00,2026-06-09T23:12:01.649337+00:00,3401.95,200,ok,api-2,
benchmark-api4-5000-c1000-005,005-REQ-004590,4590,registro de prueba,2026-06-09T23:11:58.248958+00:00,2026-06-09T23:12:01.626854+00:00,3377.87,200,ok,api-3,
benchmark-api4-5000-c1000-005,005-REQ-004591,4591,registro de prueba,2026-06-09T23:11:58.250477+00:00,2026-06-09T23:12:01.718549+00:00,3468.04,200,ok,api-4,
benchmark-api4-5000-c1000-005,005-REQ-004592,4592,registro de prueba,2026-06-09T23:11:58.252004+00:00,2026-06-09T23:11:58.511369+00:00,259.34,200,ok,api-1,
benchmark-api4-5000-c1000-005,005-REQ-004593,4593,registro de prueba,2026-06-09T23:11:58.252649+00:00,2026-06-09T23:12:01.624979+00:00,3372.28,200,ok,api-3,
benchmark-api4-5000-c1000-005,005-REQ-004594,4594,registro de prueba,2026-06-09T23:11:58.255891+00:00,2026-06-09T23:12:01.625859+00:00,3369.93,200,ok,api-3,
benchmark-api4-5000-c1000-005,005-REQ-004595,4595,registro de prueba,2026-06-09T23:11:58.257128+00:00,2026-06-09T23:12:01.673031+00:00,3415.88,200,ok,api-1,
benchmark-api4-5000-c1000-005,005-REQ-004596,4596,registro de prueba,2026-06-09T23:11:58.266185+00:00,2026-06-09T23:12:01.747484+00:00,3481.27,200,ok,api-2,
benchmark-api4-5000-c1000-005,005-REQ-004597,4597,registro de prueba,2026-06-09T23:11:58.273032+00:00,2026-06-09T23:12:01.624093+00:00,3351.03,200,ok,api-4,
benchmark-api4-5000-c1000-005,005-REQ-004598,4598,registro de prueba,2026-06-09T23:11:58.274972+00:00,2026-06-09T23:12:01.595382+00:00,3320.39,200,ok,api-4,
benchmark-api4-5000-c1000-005,005-REQ-004599,4599,registro de prueba,2026-06-09T23:11:58.276510+00:00,2026-06-09T23:12:01.662885+00:00,3386.35,200,ok,api-1,
benchmark-api4-5000-c1000-005,005-REQ-004600,4600,registro de prueba,2026-06-09T23:11:58.278151+00:00,2026-06-09T23:12:01.667026+00:00,3388.85,200,ok,api-2,
benchmark-api4-5000-c1000-005,005-REQ-004601,4601,registro de prueba,2026-06-09T23:11:58.284208+00:00,2026-06-09T23:12:01.666646+00:00,3382.41,200,ok,api-3,
benchmark-api4-5000-c1000-005,005-REQ-004602,4602,registro de prueba,2026-06-09T23:11:58.288552+00:00,2026-06-09T23:12:01.799639+00:00,3511.06,200,ok,api-4,
benchmark-api4-5000-c1000-005,005-REQ-004603,4603,registro de prueba,2026-06-09T23:11:58.291129+00:00,2026-06-09T23:11:58.699433+00:00,408.28,200,ok,api-3,
benchmark-api4-5000-c1000-005,005-REQ-004604,4604,registro de prueba,2026-06-09T23:11:58.291815+00:00,2026-06-09T23:12:01.790661+00:00,3498.82,200,ok,api-1,
benchmark-api4-5000-c1000-005,005-REQ-004605,4605,registro de prueba,2026-06-09T23:11:58.295335+00:00,2026-06-09T23:12:01.639673+00:00,3344.27,200,ok,api-2,
benchmark-api4-5000-c1000-005,005-REQ-004606,4606,registro de prueba,2026-06-09T23:11:58.296569+00:00,2026-06-09T23:12:01.791414+00:00,3494.83,200,ok,api-3,
benchmark-api4-5000-c1000-005,005-REQ-004607,4607,registro de prueba,2026-06-09T23:11:58.298659+00:00,2026-06-09T23:12:01.636399+00:00,3337.7,200,ok,api-4,
benchmark-api4-5000-c1000-005,005-REQ-004608,4608,registro de prueba,2026-06-09T23:11:58.300848+00:00,2026-06-09T23:11:58.681660+00:00,380.79,200,ok,api-2,
benchmark-api4-5000-c1000-005,005-REQ-004609,4609,registro de prueba,2026-06-09T23:11:58.301391+00:00,2026-06-09T23:12:01.610386+00:00,3308.98,200,ok,api-1,
benchmark-api4-5000-c1000-005,005-REQ-004610,4610,registro de prueba,2026-06-09T23:11:58.302286+00:00,2026-06-09T23:12:01.649537+00:00,3347.24,200,ok,api-3,
benchmark-api4-5000-c1000-005,005-REQ-004611,4611,registro de prueba,2026-06-09T23:11:58.303995+00:00,2026-06-09T23:11:58.599754+00:00,295.73,200,ok,api-4,
benchmark-api4-5000-c1000-005,005-REQ-004612,4612,registro de prueba,2026-06-09T23:11:58.305136+00:00,2026-06-09T23:12:01.679612+00:00,3374.42,200,ok,api-2,
benchmark-api4-5000-c1000-005,005-REQ-004613,4613,registro de prueba,2026-06-09T23:11:58.305551+00:00,2026-06-09T23:12:01.611610+00:00,3306.03,200,ok,api-4,
benchmark-api4-5000-c1000-005,005-REQ-004614,4614,registro de prueba,2026-06-09T23:11:58.306722+00:00,2026-06-09T23:12:01.738066+00:00,3431.25,200,ok,api-1,
benchmark-api4-5000-c1000-005,005-REQ-004615,4615,registro de prueba,2026-06-09T23:11:58.307844+00:00,2026-06-09T23:11:58.642589+00:00,334.72,200,ok,api-4,
benchmark-api4-5000-c1000-005,005-REQ-004616,4616,registro de prueba,2026-06-09T23:11:58.308239+00:00,2026-06-09T23:12:01.866303+00:00,3558.05,200,ok,api-2,
benchmark-api4-5000-c1000-005,005-REQ-004617,4617,registro de prueba,2026-06-09T23:11:58.319160+00:00,2026-06-09T23:12:01.800700+00:00,3481.51,200,ok,api-3,
benchmark-api4-5000-c1000-005,005-REQ-004618,4618,registro de prueba,2026-06-09T23:11:58.320546+00:00,2026-06-09T23:12:01.627550+00:00,3306.98,200,ok,api-4,
benchmark-api4-5000-c1000-005,005-REQ-004619,4619,registro de prueba,2026-06-09T23:11:58.322732+00:00,2026-06-09T23:12:01.674282+00:00,3351.53,200,ok,api-1,
benchmark-api4-5000-c1000-005,005-REQ-004620,4620,registro de prueba,2026-06-09T23:11:58.331324+00:00,2026-06-09T23:12:01.848655+00:00,3517.3,200,ok,api-1,
benchmark-api4-5000-c1000-005,005-REQ-004621,4621,registro de prueba,2026-06-09T23:11:58.335305+00:00,2026-06-09T23:12:01.700579+00:00,3365.25,200,ok,api-2,
benchmark-api4-5000-c1000-005,005-REQ-004622,4622,registro de prueba,2026-06-09T23:11:58.343460+00:00,2026-06-09T23:12:01.806345+00:00,3462.86,200,ok,api-4,
benchmark-api4-5000-c1000-005,005-REQ-004623,4623,registro de prueba,2026-06-09T23:11:58.348313+00:00,2026-06-09T23:12:01.822440+00:00,3474.09,200,ok,api-3,
benchmark-api4-5000-c1000-005,005-REQ-004624,4624,registro de prueba,2026-06-09T23:11:58.350445+00:00,2026-06-09T23:12:01.707725+00:00,3357.25,200,ok,api-2,
benchmark-api4-5000-c1000-005,005-REQ-004625,4625,registro de prueba,2026-06-09T23:11:58.351896+00:00,2026-06-09T23:12:01.849521+00:00,3497.6,200,ok,api-3,
benchmark-api4-5000-c1000-005,005-REQ-004626,4626,registro de prueba,2026-06-09T23:11:58.352742+00:00,2026-06-09T23:12:01.849215+00:00,3496.45,200,ok,api-4,
benchmark-api4-5000-c1000-005,005-REQ-004627,4627,registro de prueba,2026-06-09T23:11:58.353907+00:00,2026-06-09T23:12:01.652828+00:00,3298.9,200,ok,api-1,
benchmark-api4-5000-c1000-005,005-REQ-004628,4628,registro de prueba,2026-06-09T23:11:58.355460+00:00,2026-06-09T23:12:01.866195+00:00,3510.72,200,ok,api-2,
benchmark-api4-5000-c1000-005,005-REQ-004629,4629,registro de prueba,2026-06-09T23:11:58.356414+00:00,2026-06-09T23:12:01.950379+00:00,3593.95,200,ok,api-1,
benchmark-api4-5000-c1000-005,005-REQ-004630,4630,registro de prueba,2026-06-09T23:11:58.357667+00:00,2026-06-09T23:12:01.830142+00:00,3472.46,200,ok,api-2,
benchmark-api4-5000-c1000-005,005-REQ-004631,4631,registro de prueba,2026-06-09T23:11:58.359626+00:00,2026-06-09T23:12:01.832670+00:00,3473.01,200,ok,api-4,
benchmark-api4-5000-c1000-005,005-REQ-004632,4632,registro de prueba,2026-06-09T23:11:58.360352+00:00,2026-06-09T23:11:58.644377+00:00,284.01,200,ok,api-3,
benchmark-api4-5000-c1000-005,005-REQ-004633,4633,registro de prueba,2026-06-09T23:11:58.360756+00:00,2026-06-09T23:12:01.927717+00:00,3566.94,200,ok,api-3,
benchmark-api4-5000-c1000-005,005-REQ-004634,4634,registro de prueba,2026-06-09T23:11:58.368922+00:00,2026-06-09T23:12:01.755600+00:00,3386.65,200,ok,api-4,
benchmark-api4-5000-c1000-005,005-REQ-004635,4635,registro de prueba,2026-06-09T23:11:58.373913+00:00,2026-06-09T23:12:01.717530+00:00,3343.59,200,ok,api-3,
benchmark-api4-5000-c1000-005,005-REQ-004636,4636,registro de prueba,2026-06-09T23:11:58.375140+00:00,2026-06-09T23:12:01.674163+00:00,3299.0,200,ok,api-1,
benchmark-api4-5000-c1000-005,005-REQ-004637,4637,registro de prueba,2026-06-09T23:11:58.375933+00:00,2026-06-09T23:12:01.875639+00:00,3499.67,200,ok,api-2,
benchmark-api4-5000-c1000-005,005-REQ-004638,4638,registro de prueba,2026-06-09T23:11:58.382208+00:00,2026-06-09T23:12:01.860277+00:00,3478.04,200,ok,api-3,
benchmark-api4-5000-c1000-005,005-REQ-004639,4639,registro de prueba,2026-06-09T23:11:58.393638+00:00,2026-06-09T23:12:01.930503+00:00,3536.84,200,ok,api-4,
benchmark-api4-5000-c1000-005,005-REQ-004640,4640,registro de prueba,2026-06-09T23:11:58.394906+00:00,2026-06-09T23:12:01.866060+00:00,3471.14,200,ok,api-1,
benchmark-api4-5000-c1000-005,005-REQ-004641,4641,registro de prueba,2026-06-09T23:11:58.396188+00:00,2026-06-09T23:12:01.946440+00:00,3550.22,200,ok,api-2,
benchmark-api4-5000-c1000-005,005-REQ-004642,4642,registro de prueba,2026-06-09T23:11:58.397210+00:00,2026-06-09T23:12:01.757880+00:00,3360.65,200,ok,api-3,
benchmark-api4-5000-c1000-005,005-REQ-004643,4643,registro de prueba,2026-06-09T23:11:58.404172+00:00,2026-06-09T23:12:01.799453+00:00,3395.25,200,ok,api-4,
benchmark-api4-5000-c1000-005,005-REQ-004644,4644,registro de prueba,2026-06-09T23:11:58.412860+00:00,2026-06-09T23:12:01.865762+00:00,3452.87,200,ok,api-1,
benchmark-api4-5000-c1000-005,005-REQ-004645,4645,registro de prueba,2026-06-09T23:11:58.414041+00:00,2026-06-09T23:12:01.805957+00:00,3391.89,200,ok,api-2,
benchmark-api4-5000-c1000-005,005-REQ-004646,4646,registro de prueba,2026-06-09T23:11:58.421554+00:00,2026-06-09T23:11:58.762612+00:00,341.02,200,ok,api-2,
benchmark-api4-5000-c1000-005,005-REQ-004647,4647,registro de prueba,2026-06-09T23:11:58.422357+00:00,2026-06-09T23:12:01.892641+00:00,3470.25,200,ok,api-3,
benchmark-api4-5000-c1000-005,005-REQ-004648,4648,registro de prueba,2026-06-09T23:11:58.424300+00:00,2026-06-09T23:11:58.798327+00:00,374.01,200,ok,api-1,
benchmark-api4-5000-c1000-005,005-REQ-004649,4649,registro de prueba,2026-06-09T23:11:58.424894+00:00,2026-06-09T23:12:01.829942+00:00,3405.02,200,ok,api-1,
benchmark-api4-5000-c1000-005,005-REQ-004650,4650,registro de prueba,2026-06-09T23:11:58.432940+00:00,2026-06-09T23:12:02.061968+00:00,3629.01,200,ok,api-4,
benchmark-api4-5000-c1000-005,005-REQ-004651,4651,registro de prueba,2026-06-09T23:11:58.433845+00:00,2026-06-09T23:12:01.782521+00:00,3348.66,200,ok,api-2,
benchmark-api4-5000-c1000-005,005-REQ-004652,4652,registro de prueba,2026-06-09T23:11:58.451586+00:00,2026-06-09T23:12:01.827146+00:00,3375.53,200,ok,api-3,
benchmark-api4-5000-c1000-005,005-REQ-004653,4653,registro de prueba,2026-06-09T23:11:58.452675+00:00,2026-06-09T23:12:01.926160+00:00,3473.45,200,ok,api-4,
benchmark-api4-5000-c1000-005,005-REQ-004654,4654,registro de prueba,2026-06-09T23:11:58.469326+00:00,2026-06-09T23:12:01.997271+00:00,3527.92,200,ok,api-1,
benchmark-api4-5000-c1000-005,005-REQ-004655,4655,registro de prueba,2026-06-09T23:11:58.473608+00:00,2026-06-09T23:11:58.702577+00:00,228.93,200,ok,api-1,
benchmark-api4-5000-c1000-005,005-REQ-004656,4656,registro de prueba,2026-06-09T23:11:58.474728+00:00,2026-06-09T23:11:58.726131+00:00,251.37,200,ok,api-3,
benchmark-api4-5000-c1000-005,005-REQ-004657,4657,registro de prueba,2026-06-09T23:11:58.475255+00:00,2026-06-09T23:12:01.784093+00:00,3308.81,200,ok,api-2,
benchmark-api4-5000-c1000-005,005-REQ-004658,4658,registro de prueba,2026-06-09T23:11:58.475531+00:00,2026-06-09T23:12:01.859772+00:00,3384.22,200,ok,api-4,
benchmark-api4-5000-c1000-005,005-REQ-004659,4659,registro de prueba,2026-06-09T23:11:58.476910+00:00,2026-06-09T23:11:58.725559+00:00,248.62,200,ok,api-2,
benchmark-api4-5000-c1000-005,005-REQ-004660,4660,registro de prueba,2026-06-09T23:11:58.477424+00:00,2026-06-09T23:12:01.884582+00:00,3407.11,200,ok,api-3,
benchmark-api4-5000-c1000-005,005-REQ-004661,4661,registro de prueba,2026-06-09T23:11:58.478251+00:00,2026-06-09T23:12:02.023890+00:00,3545.61,200,ok,api-1,
benchmark-api4-5000-c1000-005,005-REQ-004662,4662,registro de prueba,2026-06-09T23:11:58.479717+00:00,2026-06-09T23:12:01.993980+00:00,3514.23,200,ok,api-2,
benchmark-api4-5000-c1000-005,005-REQ-004663,4663,registro de prueba,2026-06-09T23:11:58.485807+00:00,2026-06-09T23:12:01.991902+00:00,3506.07,200,ok,api-3,
benchmark-api4-5000-c1000-005,005-REQ-004664,4664,registro de prueba,2026-06-09T23:11:58.490748+00:00,2026-06-09T23:12:01.909760+00:00,3418.98,200,ok,api-4,
benchmark-api4-5000-c1000-005,005-REQ-004665,4665,registro de prueba,2026-06-09T23:11:58.492696+00:00,2026-06-09T23:12:01.981415+00:00,3488.7,200,ok,api-1,
benchmark-api4-5000-c1000-005,005-REQ-004666,4666,registro de prueba,2026-06-09T23:11:58.494273+00:00,2026-06-09T23:12:02.057635+00:00,3563.34,200,ok,api-2,
benchmark-api4-5000-c1000-005,005-REQ-004667,4667,registro de prueba,2026-06-09T23:11:58.495224+00:00,2026-06-09T23:12:01.950219+00:00,3454.97,200,ok,api-4,
benchmark-api4-5000-c1000-005,005-REQ-004668,4668,registro de prueba,2026-06-09T23:11:58.502494+00:00,2026-06-09T23:12:02.015733+00:00,3513.21,200,ok,api-3,
benchmark-api4-5000-c1000-005,005-REQ-004669,4669,registro de prueba,2026-06-09T23:11:58.509257+00:00,2026-06-09T23:11:58.806957+00:00,297.67,200,ok,api-2,
benchmark-api4-5000-c1000-005,005-REQ-004670,4670,registro de prueba,2026-06-09T23:11:58.510079+00:00,2026-06-09T23:12:01.975222+00:00,3465.11,200,ok,api-1,
benchmark-api4-5000-c1000-005,005-REQ-004671,4671,registro de prueba,2026-06-09T23:11:58.512244+00:00,2026-06-09T23:11:58.906340+00:00,394.06,200,ok,api-3,
benchmark-api4-5000-c1000-005,005-REQ-004672,4672,registro de prueba,2026-06-09T23:11:58.513418+00:00,2026-06-09T23:12:01.993565+00:00,3480.11,200,ok,api-2,
benchmark-api4-5000-c1000-005,005-REQ-004673,4673,registro de prueba,2026-06-09T23:11:58.513714+00:00,2026-06-09T23:12:01.945798+00:00,3432.06,200,ok,api-3,
benchmark-api4-5000-c1000-005,005-REQ-004674,4674,registro de prueba,2026-06-09T23:11:58.514942+00:00,2026-06-09T23:12:02.033342+00:00,3518.37,200,ok,api-1,
benchmark-api4-5000-c1000-005,005-REQ-004675,4675,registro de prueba,2026-06-09T23:11:58.515828+00:00,2026-06-09T23:11:58.877035+00:00,361.19,200,ok,api-1,
benchmark-api4-5000-c1000-005,005-REQ-004676,4676,registro de prueba,2026-06-09T23:11:58.516183+00:00,2026-06-09T23:12:02.103402+00:00,3587.21,200,ok,api-2,
benchmark-api4-5000-c1000-005,005-REQ-004677,4677,registro de prueba,2026-06-09T23:11:58.516972+00:00,2026-06-09T23:12:02.011808+00:00,3494.82,200,ok,api-4,
benchmark-api4-5000-c1000-005,005-REQ-004678,4678,registro de prueba,2026-06-09T23:11:58.521180+00:00,2026-06-09T23:12:02.014315+00:00,3493.1,200,ok,api-3,
benchmark-api4-5000-c1000-005,005-REQ-004679,4679,registro de prueba,2026-06-09T23:11:58.522759+00:00,2026-06-09T23:12:02.095134+00:00,3572.33,200,ok,api-4,
benchmark-api4-5000-c1000-005,005-REQ-004680,4680,registro de prueba,2026-06-09T23:11:58.530439+00:00,2026-06-09T23:12:01.866418+00:00,3335.95,200,ok,api-1,
benchmark-api4-5000-c1000-005,005-REQ-004681,4681,registro de prueba,2026-06-09T23:11:58.534905+00:00,2026-06-09T23:12:02.088474+00:00,3553.54,200,ok,api-4,
benchmark-api4-5000-c1000-005,005-REQ-004682,4682,registro de prueba,2026-06-09T23:11:58.535891+00:00,2026-06-09T23:12:01.972016+00:00,3436.1,200,ok,api-2,
benchmark-api4-5000-c1000-005,005-REQ-004683,4683,registro de prueba,2026-06-09T23:11:58.539150+00:00,2026-06-09T23:12:01.973529+00:00,3434.35,200,ok,api-3,
benchmark-api4-5000-c1000-005,005-REQ-004684,4684,registro de prueba,2026-06-09T23:11:58.546243+00:00,2026-06-09T23:12:02.064205+00:00,3517.93,200,ok,api-1,
benchmark-api4-5000-c1000-005,005-REQ-004685,4685,registro de prueba,2026-06-09T23:11:58.547430+00:00,2026-06-09T23:12:02.001699+00:00,3454.24,200,ok,api-2,
benchmark-api4-5000-c1000-005,005-REQ-004686,4686,registro de prueba,2026-06-09T23:11:58.549034+00:00,2026-06-09T23:11:59.026619+00:00,477.52,200,ok,api-3,
benchmark-api4-5000-c1000-005,005-REQ-004687,4687,registro de prueba,2026-06-09T23:11:58.549710+00:00,2026-06-09T23:12:01.987857+00:00,3438.11,200,ok,api-3,
benchmark-api4-5000-c1000-005,005-REQ-004688,4688,registro de prueba,2026-06-09T23:11:58.557432+00:00,2026-06-09T23:12:02.073588+00:00,3516.13,200,ok,api-4,
benchmark-api4-5000-c1000-005,005-REQ-004689,4689,registro de prueba,2026-06-09T23:11:58.558582+00:00,2026-06-09T23:12:02.046100+00:00,3487.5,200,ok,api-1,
benchmark-api4-5000-c1000-005,005-REQ-004690,4690,registro de prueba,2026-06-09T23:11:58.559831+00:00,2026-06-09T23:12:01.949900+00:00,3390.05,200,ok,api-2,
benchmark-api4-5000-c1000-005,005-REQ-004691,4691,registro de prueba,2026-06-09T23:11:58.572042+00:00,2026-06-09T23:12:02.103503+00:00,3531.44,200,ok,api-4,
benchmark-api4-5000-c1000-005,005-REQ-004692,4692,registro de prueba,2026-06-09T23:11:58.573094+00:00,2026-06-09T23:12:02.062248+00:00,3489.14,200,ok,api-3,
benchmark-api4-5000-c1000-005,005-REQ-004693,4693,registro de prueba,2026-06-09T23:11:58.577225+00:00,2026-06-09T23:12:02.063428+00:00,3486.18,200,ok,api-1,
benchmark-api4-5000-c1000-005,005-REQ-004694,4694,registro de prueba,2026-06-09T23:11:58.580416+00:00,2026-06-09T23:12:02.042595+00:00,3462.15,200,ok,api-2,
benchmark-api4-5000-c1000-005,005-REQ-004695,4695,registro de prueba,2026-06-09T23:11:58.582932+00:00,2026-06-09T23:12:02.014465+00:00,3431.51,200,ok,api-3,
benchmark-api4-5000-c1000-005,005-REQ-004696,4696,registro de prueba,2026-06-09T23:11:58.589858+00:00,2026-06-09T23:12:02.103295+00:00,3513.41,200,ok,api-3,
benchmark-api4-5000-c1000-005,005-REQ-004697,4697,registro de prueba,2026-06-09T23:11:58.597191+00:00,2026-06-09T23:12:02.100289+00:00,3503.07,200,ok,api-4,
benchmark-api4-5000-c1000-005,005-REQ-004698,4698,registro de prueba,2026-06-09T23:11:58.600261+00:00,2026-06-09T23:12:02.075200+00:00,3474.91,200,ok,api-1,
benchmark-api4-5000-c1000-005,005-REQ-004699,4699,registro de prueba,2026-06-09T23:11:58.605328+00:00,2026-06-09T23:11:59.030283+00:00,424.93,200,ok,api-4,
benchmark-api4-5000-c1000-005,005-REQ-004700,4700,registro de prueba,2026-06-09T23:11:58.605936+00:00,2026-06-09T23:12:02.013446+00:00,3407.47,200,ok,api-2,
benchmark-api4-5000-c1000-005,005-REQ-004701,4701,registro de prueba,2026-06-09T23:11:58.606961+00:00,2026-06-09T23:12:01.980737+00:00,3373.75,200,ok,api-3,
benchmark-api4-5000-c1000-005,005-REQ-004702,4702,registro de prueba,2026-06-09T23:11:58.613921+00:00,2026-06-09T23:12:02.118812+00:00,3504.86,200,ok,api-2,
benchmark-api4-5000-c1000-005,005-REQ-004703,4703,registro de prueba,2026-06-09T23:11:58.615419+00:00,2026-06-09T23:12:02.073805+00:00,3458.36,200,ok,api-1,
benchmark-api4-5000-c1000-005,005-REQ-004704,4704,registro de prueba,2026-06-09T23:11:58.616308+00:00,2026-06-09T23:12:02.102572+00:00,3486.15,200,ok,api-4,
benchmark-api4-5000-c1000-005,005-REQ-004705,4705,registro de prueba,2026-06-09T23:11:58.617602+00:00,2026-06-09T23:11:59.008338+00:00,390.69,200,ok,api-2,
benchmark-api4-5000-c1000-005,005-REQ-004706,4706,registro de prueba,2026-06-09T23:11:58.618150+00:00,2026-06-09T23:12:02.062137+00:00,3443.97,200,ok,api-4,
benchmark-api4-5000-c1000-005,005-REQ-004707,4707,registro de prueba,2026-06-09T23:11:58.623972+00:00,2026-06-09T23:12:02.120397+00:00,3496.38,200,ok,api-1,
benchmark-api4-5000-c1000-005,005-REQ-004708,4708,registro de prueba,2026-06-09T23:11:58.625169+00:00,2026-06-09T23:12:02.140757+00:00,3515.56,200,ok,api-2,
benchmark-api4-5000-c1000-005,005-REQ-004709,4709,registro de prueba,2026-06-09T23:11:58.626931+00:00,2026-06-09T23:12:02.054375+00:00,3427.4,200,ok,api-3,
benchmark-api4-5000-c1000-005,005-REQ-004710,4710,registro de prueba,2026-06-09T23:11:58.628297+00:00,2026-06-09T23:12:02.065945+00:00,3437.62,200,ok,api-4,
benchmark-api4-5000-c1000-005,005-REQ-004711,4711,registro de prueba,2026-06-09T23:11:58.629098+00:00,2026-06-09T23:12:02.061166+00:00,3432.05,200,ok,api-1,
benchmark-api4-5000-c1000-005,005-REQ-004712,4712,registro de prueba,2026-06-09T23:11:58.630076+00:00,2026-06-09T23:12:02.056508+00:00,3426.39,200,ok,api-2,
benchmark-api4-5000-c1000-005,005-REQ-004713,4713,registro de prueba,2026-06-09T23:11:58.638185+00:00,2026-06-09T23:12:02.060263+00:00,3422.01,200,ok,api-3,
benchmark-api4-5000-c1000-005,005-REQ-004714,4714,registro de prueba,2026-06-09T23:11:58.643473+00:00,2026-06-09T23:12:02.106422+00:00,3462.92,200,ok,api-4,
benchmark-api4-5000-c1000-005,005-REQ-004715,4715,registro de prueba,2026-06-09T23:11:58.644926+00:00,2026-06-09T23:11:59.042901+00:00,397.95,200,ok,api-4,
benchmark-api4-5000-c1000-005,005-REQ-004716,4716,registro de prueba,2026-06-09T23:11:58.645393+00:00,2026-06-09T23:12:02.098933+00:00,3453.52,200,ok,api-1,
benchmark-api4-5000-c1000-005,005-REQ-004717,4717,registro de prueba,2026-06-09T23:11:58.646147+00:00,2026-06-09T23:12:02.100757+00:00,3454.6,200,ok,api-2,
benchmark-api4-5000-c1000-005,005-REQ-004718,4718,registro de prueba,2026-06-09T23:11:58.648542+00:00,2026-06-09T23:12:02.100572+00:00,3452.0,200,ok,api-3,
benchmark-api4-5000-c1000-005,005-REQ-004719,4719,registro de prueba,2026-06-09T23:11:58.649692+00:00,2026-06-09T23:12:02.102916+00:00,3453.21,200,ok,api-4,
benchmark-api4-5000-c1000-005,005-REQ-004720,4720,registro de prueba,2026-06-09T23:11:58.658798+00:00,2026-06-09T23:11:58.907057+00:00,248.24,200,ok,api-3,
benchmark-api4-5000-c1000-005,005-REQ-004721,4721,registro de prueba,2026-06-09T23:11:58.659420+00:00,2026-06-09T23:12:02.107825+00:00,3448.38,200,ok,api-2,
benchmark-api4-5000-c1000-005,005-REQ-004722,4722,registro de prueba,2026-06-09T23:11:58.661101+00:00,2026-06-09T23:11:58.929757+00:00,268.64,200,ok,api-2,
benchmark-api4-5000-c1000-005,005-REQ-004723,4723,registro de prueba,2026-06-09T23:11:58.661616+00:00,2026-06-09T23:12:02.106637+00:00,3445.01,200,ok,api-3,
benchmark-api4-5000-c1000-005,005-REQ-004724,4724,registro de prueba,2026-06-09T23:11:58.668239+00:00,2026-06-09T23:12:02.064408+00:00,3396.14,200,ok,api-1,
benchmark-api4-5000-c1000-005,005-REQ-004725,4725,registro de prueba,2026-06-09T23:11:58.669680+00:00,2026-06-09T23:12:02.103188+00:00,3433.49,200,ok,api-4,
benchmark-api4-5000-c1000-005,005-REQ-004726,4726,registro de prueba,2026-06-09T23:11:58.673790+00:00,2026-06-09T23:12:02.106757+00:00,3432.95,200,ok,api-1,
benchmark-api4-5000-c1000-005,005-REQ-004727,4727,registro de prueba,2026-06-09T23:11:58.678686+00:00,2026-06-09T23:12:02.103620+00:00,3424.91,200,ok,api-2,
benchmark-api4-5000-c1000-005,005-REQ-004728,4728,registro de prueba,2026-06-09T23:11:58.679726+00:00,2026-06-09T23:12:02.146194+00:00,3466.44,200,ok,api-4,
benchmark-api4-5000-c1000-005,005-REQ-004729,4729,registro de prueba,2026-06-09T23:11:58.680849+00:00,2026-06-09T23:12:02.118356+00:00,3437.48,200,ok,api-3,
benchmark-api4-5000-c1000-005,005-REQ-004730,4730,registro de prueba,2026-06-09T23:11:58.682039+00:00,2026-06-09T23:11:58.963257+00:00,281.2,200,ok,api-3,
benchmark-api4-5000-c1000-005,005-REQ-004731,4731,registro de prueba,2026-06-09T23:11:58.682589+00:00,2026-06-09T23:12:02.112018+00:00,3429.4,200,ok,api-1,
benchmark-api4-5000-c1000-005,005-REQ-004732,4732,registro de prueba,2026-06-09T23:11:58.688028+00:00,2026-06-09T23:12:02.141769+00:00,3453.72,200,ok,api-2,
benchmark-api4-5000-c1000-005,005-REQ-004733,4733,registro de prueba,2026-06-09T23:11:58.691113+00:00,2026-06-09T23:12:02.135385+00:00,3444.25,200,ok,api-3,
benchmark-api4-5000-c1000-005,005-REQ-004734,4734,registro de prueba,2026-06-09T23:11:58.693244+00:00,2026-06-09T23:12:02.158674+00:00,3465.4,200,ok,api-4,
benchmark-api4-5000-c1000-005,005-REQ-004735,4735,registro de prueba,2026-06-09T23:11:58.700037+00:00,2026-06-09T23:12:02.103052+00:00,3402.99,200,ok,api-1,
benchmark-api4-5000-c1000-005,005-REQ-004736,4736,registro de prueba,2026-06-09T23:11:58.701240+00:00,2026-06-09T23:12:02.118646+00:00,3417.39,200,ok,api-2,
benchmark-api4-5000-c1000-005,005-REQ-004737,4737,registro de prueba,2026-06-09T23:11:58.702010+00:00,2026-06-09T23:12:02.127193+00:00,3425.16,200,ok,api-3,
benchmark-api4-5000-c1000-005,005-REQ-004738,4738,registro de prueba,2026-06-09T23:11:58.702838+00:00,2026-06-09T23:11:58.928055+00:00,225.21,200,ok,api-3,
benchmark-api4-5000-c1000-005,005-REQ-004739,4739,registro de prueba,2026-06-09T23:11:58.703187+00:00,2026-06-09T23:12:02.139759+00:00,3436.55,200,ok,api-4,
benchmark-api4-5000-c1000-005,005-REQ-004740,4740,registro de prueba,2026-06-09T23:11:58.708364+00:00,2026-06-09T23:12:02.150342+00:00,3441.94,200,ok,api-2,
benchmark-api4-5000-c1000-005,005-REQ-004741,4741,registro de prueba,2026-06-09T23:11:58.709629+00:00,2026-06-09T23:11:59.134900+00:00,425.25,200,ok,api-4,
benchmark-api4-5000-c1000-005,005-REQ-004742,4742,registro de prueba,2026-06-09T23:11:58.710144+00:00,2026-06-09T23:12:02.167775+00:00,3457.61,200,ok,api-1,
benchmark-api4-5000-c1000-005,005-REQ-004743,4743,registro de prueba,2026-06-09T23:11:58.717640+00:00,2026-06-09T23:12:02.180014+00:00,3462.34,200,ok,api-3,
benchmark-api4-5000-c1000-005,005-REQ-004744,4744,registro de prueba,2026-06-09T23:11:58.726792+00:00,2026-06-09T23:11:59.108362+00:00,381.54,200,ok,api-1,
benchmark-api4-5000-c1000-005,005-REQ-004745,4745,registro de prueba,2026-06-09T23:11:58.727855+00:00,2026-06-09T23:12:02.156715+00:00,3428.83,200,ok,api-2,
benchmark-api4-5000-c1000-005,005-REQ-004746,4746,registro de prueba,2026-06-09T23:11:58.728171+00:00,2026-06-09T23:12:02.181479+00:00,3453.29,200,ok,api-1,
benchmark-api4-5000-c1000-005,005-REQ-004747,4747,registro de prueba,2026-06-09T23:11:58.729028+00:00,2026-06-09T23:12:02.244294+00:00,3515.24,200,ok,api-4,
benchmark-api4-5000-c1000-005,005-REQ-004748,4748,registro de prueba,2026-06-09T23:11:58.730001+00:00,2026-06-09T23:12:02.136479+00:00,3406.46,200,ok,api-3,
benchmark-api4-5000-c1000-005,005-REQ-004749,4749,registro de prueba,2026-06-09T23:11:58.747250+00:00,2026-06-09T23:12:02.282650+00:00,3535.38,200,ok,api-4,
benchmark-api4-5000-c1000-005,005-REQ-004750,4750,registro de prueba,2026-06-09T23:11:58.748729+00:00,2026-06-09T23:12:02.141570+00:00,3392.82,200,ok,api-2,
benchmark-api4-5000-c1000-005,005-REQ-004751,4751,registro de prueba,2026-06-09T23:11:58.763249+00:00,2026-06-09T23:11:59.075440+00:00,312.17,200,ok,api-4,
benchmark-api4-5000-c1000-005,005-REQ-004752,4752,registro de prueba,2026-06-09T23:11:58.764905+00:00,2026-06-09T23:12:02.102795+00:00,3337.86,200,ok,api-3,
benchmark-api4-5000-c1000-005,005-REQ-004753,4753,registro de prueba,2026-06-09T23:11:58.765370+00:00,2026-06-09T23:12:02.246031+00:00,3480.64,200,ok,api-4,
benchmark-api4-5000-c1000-005,005-REQ-004754,4754,registro de prueba,2026-06-09T23:11:58.766475+00:00,2026-06-09T23:12:02.195388+00:00,3428.88,200,ok,api-1,
benchmark-api4-5000-c1000-005,005-REQ-004755,4755,registro de prueba,2026-06-09T23:11:58.767900+00:00,2026-06-09T23:11:58.958935+00:00,191.02,200,ok,api-4,
benchmark-api4-5000-c1000-005,005-REQ-004756,4756,registro de prueba,2026-06-09T23:11:58.768504+00:00,2026-06-09T23:12:02.159584+00:00,3391.05,200,ok,api-1,
benchmark-api4-5000-c1000-005,005-REQ-004757,4757,registro de prueba,2026-06-09T23:11:58.769621+00:00,2026-06-09T23:12:02.151323+00:00,3381.67,200,ok,api-2,
benchmark-api4-5000-c1000-005,005-REQ-004758,4758,registro de prueba,2026-06-09T23:11:58.780261+00:00,2026-06-09T23:12:02.178048+00:00,3397.75,200,ok,api-3,
benchmark-api4-5000-c1000-005,005-REQ-004759,4759,registro de prueba,2026-06-09T23:11:58.796366+00:00,2026-06-09T23:12:02.166688+00:00,3370.3,200,ok,api-4,
benchmark-api4-5000-c1000-005,005-REQ-004760,4760,registro de prueba,2026-06-09T23:11:58.797641+00:00,2026-06-09T23:12:02.225300+00:00,3427.64,200,ok,api-2,
benchmark-api4-5000-c1000-005,005-REQ-004761,4761,registro de prueba,2026-06-09T23:11:58.798946+00:00,2026-06-09T23:12:02.207831+00:00,3408.86,200,ok,api-1,
benchmark-api4-5000-c1000-005,005-REQ-004762,4762,registro de prueba,2026-06-09T23:11:58.802845+00:00,2026-06-09T23:12:02.205575+00:00,3402.69,200,ok,api-2,
benchmark-api4-5000-c1000-005,005-REQ-004763,4763,registro de prueba,2026-06-09T23:11:58.807378+00:00,2026-06-09T23:12:02.245767+00:00,3438.37,200,ok,api-4,
benchmark-api4-5000-c1000-005,005-REQ-004764,4764,registro de prueba,2026-06-09T23:11:58.814564+00:00,2026-06-09T23:12:02.234625+00:00,3420.03,200,ok,api-3,
benchmark-api4-5000-c1000-005,005-REQ-004765,4765,registro de prueba,2026-06-09T23:11:58.821275+00:00,2026-06-09T23:12:02.199827+00:00,3378.51,200,ok,api-3,
benchmark-api4-5000-c1000-005,005-REQ-004766,4766,registro de prueba,2026-06-09T23:11:58.833012+00:00,2026-06-09T23:12:02.179739+00:00,3346.7,200,ok,api-1,
benchmark-api4-5000-c1000-005,005-REQ-004767,4767,registro de prueba,2026-06-09T23:11:58.834238+00:00,2026-06-09T23:12:02.263686+00:00,3429.43,200,ok,api-4,
benchmark-api4-5000-c1000-005,005-REQ-004768,4768,registro de prueba,2026-06-09T23:11:58.835290+00:00,2026-06-09T23:12:02.215054+00:00,3379.74,200,ok,api-1,
benchmark-api4-5000-c1000-005,005-REQ-004769,4769,registro de prueba,2026-06-09T23:11:58.850494+00:00,2026-06-09T23:12:02.207563+00:00,3357.04,200,ok,api-2,
benchmark-api4-5000-c1000-005,005-REQ-004770,4770,registro de prueba,2026-06-09T23:11:58.861608+00:00,2026-06-09T23:12:02.204983+00:00,3343.35,200,ok,api-3,
benchmark-api4-5000-c1000-005,005-REQ-004771,4771,registro de prueba,2026-06-09T23:11:58.876617+00:00,2026-06-09T23:12:02.297586+00:00,3420.94,200,ok,api-4,
benchmark-api4-5000-c1000-005,005-REQ-004772,4772,registro de prueba,2026-06-09T23:11:58.877465+00:00,2026-06-09T23:12:02.217426+00:00,3339.93,200,ok,api-2,
benchmark-api4-5000-c1000-005,005-REQ-004773,4773,registro de prueba,2026-06-09T23:11:58.880399+00:00,2026-06-09T23:12:02.314260+00:00,3433.84,200,ok,api-1,
benchmark-api4-5000-c1000-005,005-REQ-004774,4774,registro de prueba,2026-06-09T23:11:58.884777+00:00,2026-06-09T23:12:02.157783+00:00,3272.98,200,ok,api-3,
benchmark-api4-5000-c1000-005,005-REQ-004775,4775,registro de prueba,2026-06-09T23:11:58.885973+00:00,2026-06-09T23:12:02.253403+00:00,3367.41,200,ok,api-4,
benchmark-api4-5000-c1000-005,005-REQ-004776,4776,registro de prueba,2026-06-09T23:11:58.892474+00:00,2026-06-09T23:12:02.225428+00:00,3332.93,200,ok,api-2,
benchmark-api4-5000-c1000-005,005-REQ-004777,4777,registro de prueba,2026-06-09T23:11:58.897675+00:00,2026-06-09T23:12:02.225087+00:00,3327.38,200,ok,api-3,
benchmark-api4-5000-c1000-005,005-REQ-004778,4778,registro de prueba,2026-06-09T23:11:58.898683+00:00,2026-06-09T23:12:02.289447+00:00,3390.74,200,ok,api-1,
benchmark-api4-5000-c1000-005,005-REQ-004779,4779,registro de prueba,2026-06-09T23:11:58.900744+00:00,2026-06-09T23:12:02.293233+00:00,3392.46,200,ok,api-4,
benchmark-api4-5000-c1000-005,005-REQ-004780,4780,registro de prueba,2026-06-09T23:11:58.901772+00:00,2026-06-09T23:12:02.224011+00:00,3322.22,200,ok,api-2,
benchmark-api4-5000-c1000-005,005-REQ-004781,4781,registro de prueba,2026-06-09T23:11:58.907538+00:00,2026-06-09T23:11:59.200772+00:00,293.21,200,ok,api-3,
benchmark-api4-5000-c1000-005,005-REQ-004782,4782,registro de prueba,2026-06-09T23:11:58.908468+00:00,2026-06-09T23:12:02.299269+00:00,3390.77,200,ok,api-1,
benchmark-api4-5000-c1000-005,005-REQ-004783,4783,registro de prueba,2026-06-09T23:11:58.908821+00:00,2026-06-09T23:12:02.244548+00:00,3335.71,200,ok,api-2,
benchmark-api4-5000-c1000-005,005-REQ-004784,4784,registro de prueba,2026-06-09T23:11:58.913652+00:00,2026-06-09T23:12:02.290233+00:00,3376.55,200,ok,api-1,
benchmark-api4-5000-c1000-005,005-REQ-004785,4785,registro de prueba,2026-06-09T23:11:58.915771+00:00,2026-06-09T23:12:02.270665+00:00,3354.85,200,ok,api-3,
benchmark-api4-5000-c1000-005,005-REQ-004786,4786,registro de prueba,2026-06-09T23:11:58.920187+00:00,2026-06-09T23:12:02.341153+00:00,3420.94,200,ok,api-4,
benchmark-api4-5000-c1000-005,005-REQ-004787,4787,registro de prueba,2026-06-09T23:11:58.923600+00:00,2026-06-09T23:12:02.271983+00:00,3348.36,200,ok,api-3,
benchmark-api4-5000-c1000-005,005-REQ-004788,4788,registro de prueba,2026-06-09T23:11:58.924875+00:00,2026-06-09T23:12:02.336836+00:00,3411.93,200,ok,api-4,
benchmark-api4-5000-c1000-005,005-REQ-004789,4789,registro de prueba,2026-06-09T23:11:58.927699+00:00,2026-06-09T23:12:02.318204+00:00,3390.48,200,ok,api-1,
benchmark-api4-5000-c1000-005,005-REQ-004790,4790,registro de prueba,2026-06-09T23:11:58.928565+00:00,2026-06-09T23:11:59.245289+00:00,316.71,200,ok,api-1,
benchmark-api4-5000-c1000-005,005-REQ-004791,4791,registro de prueba,2026-06-09T23:11:58.929043+00:00,2026-06-09T23:12:02.296460+00:00,3367.39,200,ok,api-3,
benchmark-api4-5000-c1000-005,005-REQ-004792,4792,registro de prueba,2026-06-09T23:11:58.930059+00:00,2026-06-09T23:11:59.380215+00:00,450.14,200,ok,api-1,
benchmark-api4-5000-c1000-005,005-REQ-004793,4793,registro de prueba,2026-06-09T23:11:58.930479+00:00,2026-06-09T23:12:02.276446+00:00,3345.94,200,ok,api-2,
benchmark-api4-5000-c1000-005,005-REQ-004794,4794,registro de prueba,2026-06-09T23:11:58.933460+00:00,2026-06-09T23:12:02.281542+00:00,3348.03,200,ok,api-2,
benchmark-api4-5000-c1000-005,005-REQ-004795,4795,registro de prueba,2026-06-09T23:11:58.940749+00:00,2026-06-09T23:12:02.328635+00:00,3387.86,200,ok,api-1,
benchmark-api4-5000-c1000-005,005-REQ-004796,4796,registro de prueba,2026-06-09T23:11:58.941823+00:00,2026-06-09T23:12:02.346429+00:00,3404.58,200,ok,api-4,
benchmark-api4-5000-c1000-005,005-REQ-004797,4797,registro de prueba,2026-06-09T23:11:58.942677+00:00,2026-06-09T23:12:02.368313+00:00,3425.61,200,ok,api-4,
benchmark-api4-5000-c1000-005,005-REQ-004798,4798,registro de prueba,2026-06-09T23:11:58.945742+00:00,2026-06-09T23:12:02.271743+00:00,3325.97,200,ok,api-3,
benchmark-api4-5000-c1000-005,005-REQ-004799,4799,registro de prueba,2026-06-09T23:11:58.946905+00:00,2026-06-09T23:12:02.307254+00:00,3360.33,200,ok,api-1,
benchmark-api4-5000-c1000-005,005-REQ-004800,4800,registro de prueba,2026-06-09T23:11:58.951518+00:00,2026-06-09T23:11:59.243011+00:00,291.47,200,ok,api-1,
benchmark-api4-5000-c1000-005,005-REQ-004801,4801,registro de prueba,2026-06-09T23:11:58.952433+00:00,2026-06-09T23:12:02.324211+00:00,3371.74,200,ok,api-2,
benchmark-api4-5000-c1000-005,005-REQ-004802,4802,registro de prueba,2026-06-09T23:11:58.954394+00:00,2026-06-09T23:12:02.288115+00:00,3333.68,200,ok,api-3,
benchmark-api4-5000-c1000-005,005-REQ-004803,4803,registro de prueba,2026-06-09T23:11:58.957363+00:00,2026-06-09T23:11:59.263866+00:00,306.46,200,ok,api-4,
benchmark-api4-5000-c1000-005,005-REQ-004804,4804,registro de prueba,2026-06-09T23:11:58.958102+00:00,2026-06-09T23:12:02.384381+00:00,3426.25,200,ok,api-4,
benchmark-api4-5000-c1000-005,005-REQ-004805,4805,registro de prueba,2026-06-09T23:11:58.959886+00:00,2026-06-09T23:11:59.313998+00:00,354.09,200,ok,api-4,
benchmark-api4-5000-c1000-005,005-REQ-004806,4806,registro de prueba,2026-06-09T23:11:58.960665+00:00,2026-06-09T23:12:02.311593+00:00,3350.9,200,ok,api-1,
benchmark-api4-5000-c1000-005,005-REQ-004807,4807,registro de prueba,2026-06-09T23:11:58.960938+00:00,2026-06-09T23:12:02.291213+00:00,3330.26,200,ok,api-2,
benchmark-api4-5000-c1000-005,005-REQ-004808,4808,registro de prueba,2026-06-09T23:11:58.962313+00:00,2026-06-09T23:12:02.413115+00:00,3450.77,200,ok,api-4,
benchmark-api4-5000-c1000-005,005-REQ-004809,4809,registro de prueba,2026-06-09T23:11:58.963978+00:00,2026-06-09T23:11:59.307804+00:00,343.79,200,ok,api-1,
benchmark-api4-5000-c1000-005,005-REQ-004810,4810,registro de prueba,2026-06-09T23:11:58.964717+00:00,2026-06-09T23:11:59.259728+00:00,294.99,200,ok,api-3,
benchmark-api4-5000-c1000-005,005-REQ-004811,4811,registro de prueba,2026-06-09T23:11:58.965344+00:00,2026-06-09T23:12:02.247425+00:00,3282.05,200,ok,api-3,
benchmark-api4-5000-c1000-005,005-REQ-004812,4812,registro de prueba,2026-06-09T23:11:58.965577+00:00,2026-06-09T23:12:02.418920+00:00,3453.32,200,ok,api-1,
benchmark-api4-5000-c1000-005,005-REQ-004813,4813,registro de prueba,2026-06-09T23:11:58.965720+00:00,2026-06-09T23:12:02.355108+00:00,3389.37,200,ok,api-2,
benchmark-api4-5000-c1000-005,005-REQ-004814,4814,registro de prueba,2026-06-09T23:11:58.966669+00:00,2026-06-09T23:12:02.364986+00:00,3398.3,200,ok,api-2,
benchmark-api4-5000-c1000-005,005-REQ-004815,4815,registro de prueba,2026-06-09T23:11:58.967701+00:00,2026-06-09T23:12:02.405858+00:00,3438.13,200,ok,api-1,
benchmark-api4-5000-c1000-005,005-REQ-004816,4816,registro de prueba,2026-06-09T23:11:58.968925+00:00,2026-06-09T23:11:59.252861+00:00,283.92,200,ok,api-2,
benchmark-api4-5000-c1000-005,005-REQ-004817,4817,registro de prueba,2026-06-09T23:11:58.970359+00:00,2026-06-09T23:12:02.347463+00:00,3377.07,200,ok,api-3,
benchmark-api4-5000-c1000-005,005-REQ-004818,4818,registro de prueba,2026-06-09T23:11:58.970702+00:00,2026-06-09T23:12:02.356012+00:00,3385.29,200,ok,api-4,
benchmark-api4-5000-c1000-005,005-REQ-004819,4819,registro de prueba,2026-06-09T23:11:58.977365+00:00,2026-06-09T23:12:02.312490+00:00,3335.09,200,ok,api-3,
benchmark-api4-5000-c1000-005,005-REQ-004820,4820,registro de prueba,2026-06-09T23:11:58.978871+00:00,2026-06-09T23:12:02.365224+00:00,3385.87,200,ok,api-2,
benchmark-api4-5000-c1000-005,005-REQ-004821,4821,registro de prueba,2026-06-09T23:11:58.981560+00:00,2026-06-09T23:12:02.356580+00:00,3375.0,200,ok,api-1,
benchmark-api4-5000-c1000-005,005-REQ-004822,4822,registro de prueba,2026-06-09T23:11:58.983178+00:00,2026-06-09T23:12:02.419978+00:00,3436.77,200,ok,api-4,
benchmark-api4-5000-c1000-005,005-REQ-004823,4823,registro de prueba,2026-06-09T23:11:59.002254+00:00,2026-06-09T23:12:02.412841+00:00,3410.57,200,ok,api-3,
benchmark-api4-5000-c1000-005,005-REQ-004824,4824,registro de prueba,2026-06-09T23:11:59.006202+00:00,2026-06-09T23:12:02.398636+00:00,3392.41,200,ok,api-4,
benchmark-api4-5000-c1000-005,005-REQ-004825,4825,registro de prueba,2026-06-09T23:11:59.008770+00:00,2026-06-09T23:12:02.369361+00:00,3360.57,200,ok,api-1,
benchmark-api4-5000-c1000-005,005-REQ-004826,4826,registro de prueba,2026-06-09T23:11:59.010894+00:00,2026-06-09T23:11:59.459462+00:00,448.54,200,ok,api-4,
benchmark-api4-5000-c1000-005,005-REQ-004827,4827,registro de prueba,2026-06-09T23:11:59.011416+00:00,2026-06-09T23:12:02.425836+00:00,3414.4,200,ok,api-2,
benchmark-api4-5000-c1000-005,005-REQ-004828,4828,registro de prueba,2026-06-09T23:11:59.013060+00:00,2026-06-09T23:12:02.406087+00:00,3393.0,200,ok,api-3,
benchmark-api4-5000-c1000-005,005-REQ-004829,4829,registro de prueba,2026-06-09T23:11:59.026160+00:00,2026-06-09T23:12:02.485691+00:00,3459.5,200,ok,api-4,
benchmark-api4-5000-c1000-005,005-REQ-004830,4830,registro de prueba,2026-06-09T23:11:59.027088+00:00,2026-06-09T23:12:02.426173+00:00,3399.07,200,ok,api-3,
benchmark-api4-5000-c1000-005,005-REQ-004831,4831,registro de prueba,2026-06-09T23:11:59.030817+00:00,2026-06-09T23:12:02.499086+00:00,3468.24,200,ok,api-4,
benchmark-api4-5000-c1000-005,005-REQ-004832,4832,registro de prueba,2026-06-09T23:11:59.032316+00:00,2026-06-09T23:12:02.427950+00:00,3395.62,200,ok,api-2,
benchmark-api4-5000-c1000-005,005-REQ-004833,4833,registro de prueba,2026-06-09T23:11:59.034426+00:00,2026-06-09T23:12:02.431885+00:00,3397.43,200,ok,api-1,
benchmark-api4-5000-c1000-005,005-REQ-004834,4834,registro de prueba,2026-06-09T23:11:59.037952+00:00,2026-06-09T23:11:59.347963+00:00,309.98,200,ok,api-4,
benchmark-api4-5000-c1000-005,005-REQ-004835,4835,registro de prueba,2026-06-09T23:11:59.038900+00:00,2026-06-09T23:11:59.346695+00:00,307.77,200,ok,api-2,
benchmark-api4-5000-c1000-005,005-REQ-004836,4836,registro de prueba,2026-06-09T23:11:59.039578+00:00,2026-06-09T23:11:59.361779+00:00,322.17,200,ok,api-3,
benchmark-api4-5000-c1000-005,005-REQ-004837,4837,registro de prueba,2026-06-09T23:11:59.040033+00:00,2026-06-09T23:12:02.345487+00:00,3305.43,200,ok,api-3,
benchmark-api4-5000-c1000-005,005-REQ-004838,4838,registro de prueba,2026-06-09T23:11:59.040245+00:00,2026-06-09T23:12:02.483818+00:00,3443.56,200,ok,api-4,
benchmark-api4-5000-c1000-005,005-REQ-004839,4839,registro de prueba,2026-06-09T23:11:59.040424+00:00,2026-06-09T23:12:02.439819+00:00,3399.38,200,ok,api-1,
benchmark-api4-5000-c1000-005,005-REQ-004840,4840,registro de prueba,2026-06-09T23:11:59.041966+00:00,2026-06-09T23:11:59.452841+00:00,410.85,200,ok,api-2,
benchmark-api4-5000-c1000-005,005-REQ-004841,4841,registro de prueba,2026-06-09T23:11:59.042521+00:00,2026-06-09T23:12:02.467413+00:00,3424.87,200,ok,api-1,
benchmark-api4-5000-c1000-005,005-REQ-004842,4842,registro de prueba,2026-06-09T23:11:59.043270+00:00,2026-06-09T23:12:02.481216+00:00,3437.93,200,ok,api-2,
benchmark-api4-5000-c1000-005,005-REQ-004843,4843,registro de prueba,2026-06-09T23:11:59.047289+00:00,2026-06-09T23:12:02.483573+00:00,3436.27,200,ok,api-3,
benchmark-api4-5000-c1000-005,005-REQ-004844,4844,registro de prueba,2026-06-09T23:11:59.056923+00:00,2026-06-09T23:11:59.381122+00:00,324.18,200,ok,api-2,
benchmark-api4-5000-c1000-005,005-REQ-004845,4845,registro de prueba,2026-06-09T23:11:59.057776+00:00,2026-06-09T23:12:02.387420+00:00,3329.61,200,ok,api-2,
benchmark-api4-5000-c1000-005,005-REQ-004846,4846,registro de prueba,2026-06-09T23:11:59.058186+00:00,2026-06-09T23:12:02.561130+00:00,3502.93,200,ok,api-4,
benchmark-api4-5000-c1000-005,005-REQ-004847,4847,registro de prueba,2026-06-09T23:11:59.059770+00:00,2026-06-09T23:12:02.382830+00:00,3323.03,200,ok,api-2,
benchmark-api4-5000-c1000-005,005-REQ-004848,4848,registro de prueba,2026-06-09T23:11:59.063279+00:00,2026-06-09T23:12:02.361153+00:00,3297.85,200,ok,api-1,
benchmark-api4-5000-c1000-005,005-REQ-004849,4849,registro de prueba,2026-06-09T23:11:59.073961+00:00,2026-06-09T23:12:02.427732+00:00,3353.74,200,ok,api-2,
benchmark-api4-5000-c1000-005,005-REQ-004850,4850,registro de prueba,2026-06-09T23:11:59.075123+00:00,2026-06-09T23:12:02.426059+00:00,3350.92,200,ok,api-1,
benchmark-api4-5000-c1000-005,005-REQ-004851,4851,registro de prueba,2026-06-09T23:11:59.075814+00:00,2026-06-09T23:11:59.387564+00:00,311.74,200,ok,api-2,
benchmark-api4-5000-c1000-005,005-REQ-004852,4852,registro de prueba,2026-06-09T23:11:59.076116+00:00,2026-06-09T23:12:02.566756+00:00,3490.62,200,ok,api-4,
benchmark-api4-5000-c1000-005,005-REQ-004853,4853,registro de prueba,2026-06-09T23:11:59.084196+00:00,2026-06-09T23:12:02.376660+00:00,3292.43,200,ok,api-3,
benchmark-api4-5000-c1000-005,005-REQ-004854,4854,registro de prueba,2026-06-09T23:11:59.086116+00:00,2026-06-09T23:11:59.424195+00:00,338.05,200,ok,api-3,
benchmark-api4-5000-c1000-005,005-REQ-004855,4855,registro de prueba,2026-06-09T23:11:59.086746+00:00,2026-06-09T23:12:02.439507+00:00,3352.73,200,ok,api-3,
benchmark-api4-5000-c1000-005,005-REQ-004856,4856,registro de prueba,2026-06-09T23:11:59.087862+00:00,2026-06-09T23:12:02.492848+00:00,3404.95,200,ok,api-4,
benchmark-api4-5000-c1000-005,005-REQ-004857,4857,registro de prueba,2026-06-09T23:11:59.093722+00:00,2026-06-09T23:12:02.394111+00:00,3300.33,200,ok,api-1,
benchmark-api4-5000-c1000-005,005-REQ-004858,4858,registro de prueba,2026-06-09T23:11:59.095659+00:00,2026-06-09T23:12:02.507075+00:00,3411.39,200,ok,api-2,
benchmark-api4-5000-c1000-005,005-REQ-004859,4859,registro de prueba,2026-06-09T23:11:59.099558+00:00,2026-06-09T23:12:02.462085+00:00,3362.46,200,ok,api-1,
benchmark-api4-5000-c1000-005,005-REQ-004860,4860,registro de prueba,2026-06-09T23:11:59.101172+00:00,2026-06-09T23:12:02.406015+00:00,3304.82,200,ok,api-3,
benchmark-api4-5000-c1000-005,005-REQ-004861,4861,registro de prueba,2026-06-09T23:11:59.102443+00:00,2026-06-09T23:12:02.483301+00:00,3380.83,200,ok,api-4,
benchmark-api4-5000-c1000-005,005-REQ-004862,4862,registro de prueba,2026-06-09T23:11:59.106574+00:00,2026-06-09T23:12:02.458418+00:00,3351.81,200,ok,api-2,
benchmark-api4-5000-c1000-005,005-REQ-004863,4863,registro de prueba,2026-06-09T23:11:59.107745+00:00,2026-06-09T23:12:02.429548+00:00,3321.78,200,ok,api-3,
benchmark-api4-5000-c1000-005,005-REQ-004864,4864,registro de prueba,2026-06-09T23:11:59.108758+00:00,2026-06-09T23:12:02.489214+00:00,3380.43,200,ok,api-4,
benchmark-api4-5000-c1000-005,005-REQ-004865,4865,registro de prueba,2026-06-09T23:11:59.111885+00:00,2026-06-09T23:12:02.462817+00:00,3350.9,200,ok,api-1,
benchmark-api4-5000-c1000-005,005-REQ-004866,4866,registro de prueba,2026-06-09T23:11:59.112996+00:00,2026-06-09T23:12:02.497408+00:00,3384.37,200,ok,api-2,
benchmark-api4-5000-c1000-005,005-REQ-004867,4867,registro de prueba,2026-06-09T23:11:59.114182+00:00,2026-06-09T23:12:02.498313+00:00,3384.09,200,ok,api-3,
benchmark-api4-5000-c1000-005,005-REQ-004868,4868,registro de prueba,2026-06-09T23:11:59.115361+00:00,2026-06-09T23:12:02.597766+00:00,3482.39,200,ok,api-4,
benchmark-api4-5000-c1000-005,005-REQ-004869,4869,registro de prueba,2026-06-09T23:11:59.123183+00:00,2026-06-09T23:12:02.543780+00:00,3420.57,200,ok,api-2,
benchmark-api4-5000-c1000-005,005-REQ-004870,4870,registro de prueba,2026-06-09T23:11:59.132847+00:00,2026-06-09T23:12:02.485941+00:00,3353.07,200,ok,api-1,
benchmark-api4-5000-c1000-005,005-REQ-004871,4871,registro de prueba,2026-06-09T23:11:59.135685+00:00,2026-06-09T23:11:59.536058+00:00,400.35,200,ok,api-1,
benchmark-api4-5000-c1000-005,005-REQ-004872,4872,registro de prueba,2026-06-09T23:11:59.136627+00:00,2026-06-09T23:12:02.481489+00:00,3344.83,200,ok,api-3,
benchmark-api4-5000-c1000-005,005-REQ-004873,4873,registro de prueba,2026-06-09T23:11:59.140249+00:00,2026-06-09T23:12:02.575193+00:00,3434.89,200,ok,api-4,
benchmark-api4-5000-c1000-005,005-REQ-004874,4874,registro de prueba,2026-06-09T23:11:59.147768+00:00,2026-06-09T23:12:02.512688+00:00,3364.89,200,ok,api-1,
benchmark-api4-5000-c1000-005,005-REQ-004875,4875,registro de prueba,2026-06-09T23:11:59.152077+00:00,2026-06-09T23:12:02.483703+00:00,3331.61,200,ok,api-2,
benchmark-api4-5000-c1000-005,005-REQ-004876,4876,registro de prueba,2026-06-09T23:11:59.165931+00:00,2026-06-09T23:12:02.513894+00:00,3347.94,200,ok,api-3,
benchmark-api4-5000-c1000-005,005-REQ-004877,4877,registro de prueba,2026-06-09T23:11:59.167459+00:00,2026-06-09T23:12:02.589043+00:00,3421.56,200,ok,api-4,
benchmark-api4-5000-c1000-005,005-REQ-004878,4878,registro de prueba,2026-06-09T23:11:59.168227+00:00,2026-06-09T23:12:02.530881+00:00,3362.63,200,ok,api-1,
benchmark-api4-5000-c1000-005,005-REQ-004879,4879,registro de prueba,2026-06-09T23:11:59.178746+00:00,2026-06-09T23:12:02.538464+00:00,3359.69,200,ok,api-2,
benchmark-api4-5000-c1000-005,005-REQ-004880,4880,registro de prueba,2026-06-09T23:11:59.189222+00:00,2026-06-09T23:11:59.512842+00:00,323.6,200,ok,api-1,
benchmark-api4-5000-c1000-005,005-REQ-004881,4881,registro de prueba,2026-06-09T23:11:59.189755+00:00,2026-06-09T23:12:02.481625+00:00,3291.85,200,ok,api-3,
benchmark-api4-5000-c1000-005,005-REQ-004882,4882,registro de prueba,2026-06-09T23:11:59.195975+00:00,2026-06-09T23:12:02.581234+00:00,3385.23,200,ok,api-4,
benchmark-api4-5000-c1000-005,005-REQ-004883,4883,registro de prueba,2026-06-09T23:11:59.201402+00:00,2026-06-09T23:12:02.539316+00:00,3337.89,200,ok,api-1,
benchmark-api4-5000-c1000-005,005-REQ-004884,4884,registro de prueba,2026-06-09T23:11:59.206380+00:00,2026-06-09T23:12:02.494368+00:00,3287.96,200,ok,api-2,
benchmark-api4-5000-c1000-005,005-REQ-004885,4885,registro de prueba,2026-06-09T23:11:59.220190+00:00,2026-06-09T23:12:02.461132+00:00,3240.9,200,ok,api-3,
benchmark-api4-5000-c1000-005,005-REQ-004886,4886,registro de prueba,2026-06-09T23:11:59.222915+00:00,2026-06-09T23:12:02.521542+00:00,3298.6,200,ok,api-4,
benchmark-api4-5000-c1000-005,005-REQ-004887,4887,registro de prueba,2026-06-09T23:11:59.224494+00:00,2026-06-09T23:11:59.527304+00:00,302.78,200,ok,api-4,
benchmark-api4-5000-c1000-005,005-REQ-004888,4888,registro de prueba,2026-06-09T23:11:59.225362+00:00,2026-06-09T23:12:02.513658+00:00,3288.27,200,ok,api-1,
benchmark-api4-5000-c1000-005,005-REQ-004889,4889,registro de prueba,2026-06-09T23:11:59.225607+00:00,2026-06-09T23:12:02.545722+00:00,3320.1,200,ok,api-2,
benchmark-api4-5000-c1000-005,005-REQ-004890,4890,registro de prueba,2026-06-09T23:11:59.226487+00:00,2026-06-09T23:12:02.598339+00:00,3371.83,200,ok,api-3,
benchmark-api4-5000-c1000-005,005-REQ-004891,4891,registro de prueba,2026-06-09T23:11:59.227709+00:00,2026-06-09T23:11:59.477026+00:00,249.3,200,ok,api-4,
benchmark-api4-5000-c1000-005,005-REQ-004892,4892,registro de prueba,2026-06-09T23:11:59.228218+00:00,2026-06-09T23:12:02.596751+00:00,3368.51,200,ok,api-2,
benchmark-api4-5000-c1000-005,005-REQ-004893,4893,registro de prueba,2026-06-09T23:11:59.239861+00:00,2026-06-09T23:11:59.513107+00:00,273.2,200,ok,api-2,
benchmark-api4-5000-c1000-005,005-REQ-004894,4894,registro de prueba,2026-06-09T23:11:59.240550+00:00,2026-06-09T23:12:02.561229+00:00,3320.66,200,ok,api-3,
benchmark-api4-5000-c1000-005,005-REQ-004895,4895,registro de prueba,2026-06-09T23:11:59.243629+00:00,2026-06-09T23:11:59.550844+00:00,307.19,200,ok,api-1,
benchmark-api4-5000-c1000-005,005-REQ-004896,4896,registro de prueba,2026-06-09T23:11:59.244484+00:00,2026-06-09T23:12:02.604198+00:00,3359.68,200,ok,api-4,
benchmark-api4-5000-c1000-005,005-REQ-004897,4897,registro de prueba,2026-06-09T23:11:59.244758+00:00,2026-06-09T23:12:02.540732+00:00,3295.96,200,ok,api-1,
benchmark-api4-5000-c1000-005,005-REQ-004898,4898,registro de prueba,2026-06-09T23:11:59.245718+00:00,2026-06-09T23:12:02.593288+00:00,3347.55,200,ok,api-4,
benchmark-api4-5000-c1000-005,005-REQ-004899,4899,registro de prueba,2026-06-09T23:11:59.251873+00:00,2026-06-09T23:12:02.547829+00:00,3295.92,200,ok,api-1,
benchmark-api4-5000-c1000-005,005-REQ-004900,4900,registro de prueba,2026-06-09T23:11:59.253395+00:00,2026-06-09T23:12:02.593801+00:00,3340.38,200,ok,api-2,
benchmark-api4-5000-c1000-005,005-REQ-004901,4901,registro de prueba,2026-06-09T23:11:59.256469+00:00,2026-06-09T23:12:02.560451+00:00,3303.94,200,ok,api-3,
benchmark-api4-5000-c1000-005,005-REQ-004902,4902,registro de prueba,2026-06-09T23:11:59.258056+00:00,2026-06-09T23:12:02.583726+00:00,3325.64,200,ok,api-4,
benchmark-api4-5000-c1000-005,005-REQ-004903,4903,registro de prueba,2026-06-09T23:11:59.259206+00:00,2026-06-09T23:12:02.560337+00:00,3301.12,200,ok,api-1,
benchmark-api4-5000-c1000-005,005-REQ-004904,4904,registro de prueba,2026-06-09T23:11:59.260194+00:00,2026-06-09T23:12:02.570337+00:00,3310.11,200,ok,api-2,
benchmark-api4-5000-c1000-005,005-REQ-004905,4905,registro de prueba,2026-06-09T23:11:59.261000+00:00,2026-06-09T23:12:02.565737+00:00,3304.72,200,ok,api-3,
benchmark-api4-5000-c1000-005,005-REQ-004906,4906,registro de prueba,2026-06-09T23:11:59.261856+00:00,2026-06-09T23:12:02.560978+00:00,3299.11,200,ok,api-4,
benchmark-api4-5000-c1000-005,005-REQ-004907,4907,registro de prueba,2026-06-09T23:11:59.264396+00:00,2026-06-09T23:12:02.549051+00:00,3284.63,200,ok,api-1,
benchmark-api4-5000-c1000-005,005-REQ-004908,4908,registro de prueba,2026-06-09T23:11:59.271045+00:00,2026-06-09T23:12:02.573270+00:00,3302.18,200,ok,api-3,
benchmark-api4-5000-c1000-005,005-REQ-004909,4909,registro de prueba,2026-06-09T23:11:59.276808+00:00,2026-06-09T23:11:59.532896+00:00,256.07,200,ok,api-2,
benchmark-api4-5000-c1000-005,005-REQ-004910,4910,registro de prueba,2026-06-09T23:11:59.277477+00:00,2026-06-09T23:12:02.545356+00:00,3267.85,200,ok,api-2,
benchmark-api4-5000-c1000-005,005-REQ-004911,4911,registro de prueba,2026-06-09T23:11:59.278906+00:00,2026-06-09T23:11:59.623845+00:00,344.77,200,ok,api-4,
benchmark-api4-5000-c1000-005,005-REQ-004912,4912,registro de prueba,2026-06-09T23:11:59.279734+00:00,2026-06-09T23:12:02.595173+00:00,3315.41,200,ok,api-4,
benchmark-api4-5000-c1000-005,005-REQ-004913,4913,registro de prueba,2026-06-09T23:11:59.283292+00:00,2026-06-09T23:12:02.559846+00:00,3276.52,200,ok,api-1,
benchmark-api4-5000-c1000-005,005-REQ-004914,4914,registro de prueba,2026-06-09T23:11:59.291695+00:00,2026-06-09T23:11:59.533223+00:00,241.51,200,ok,api-3,
benchmark-api4-5000-c1000-005,005-REQ-004915,4915,registro de prueba,2026-06-09T23:11:59.292477+00:00,2026-06-09T23:12:02.589263+00:00,3296.77,200,ok,api-2,
benchmark-api4-5000-c1000-005,005-REQ-004916,4916,registro de prueba,2026-06-09T23:11:59.292763+00:00,2026-06-09T23:12:02.579165+00:00,3286.38,200,ok,api-3,
benchmark-api4-5000-c1000-005,005-REQ-004917,4917,registro de prueba,2026-06-09T23:11:59.301113+00:00,2026-06-09T23:12:02.543193+00:00,3242.05,200,ok,api-4,
benchmark-api4-5000-c1000-005,005-REQ-004918,4918,registro de prueba,2026-06-09T23:11:59.306399+00:00,2026-06-09T23:12:02.562780+00:00,3256.35,200,ok,api-1,
benchmark-api4-5000-c1000-005,005-REQ-004919,4919,registro de prueba,2026-06-09T23:11:59.308543+00:00,2026-06-09T23:12:02.592226+00:00,3283.65,200,ok,api-2,
benchmark-api4-5000-c1000-005,005-REQ-004920,4920,registro de prueba,2026-06-09T23:11:59.309891+00:00,2026-06-09T23:12:02.592568+00:00,3282.66,200,ok,api-3,
benchmark-api4-5000-c1000-005,005-REQ-004921,4921,registro de prueba,2026-06-09T23:11:59.310853+00:00,2026-06-09T23:12:02.601869+00:00,3290.99,200,ok,api-4,
benchmark-api4-5000-c1000-005,005-REQ-004922,4922,registro de prueba,2026-06-09T23:11:59.314346+00:00,2026-06-09T23:12:02.560187+00:00,3245.83,200,ok,api-1,
benchmark-api4-5000-c1000-005,005-REQ-004923,4923,registro de prueba,2026-06-09T23:11:59.322191+00:00,2026-06-09T23:12:02.565342+00:00,3243.13,200,ok,api-2,
benchmark-api4-5000-c1000-005,005-REQ-004924,4924,registro de prueba,2026-06-09T23:11:59.338777+00:00,2026-06-09T23:12:02.607011+00:00,3268.18,200,ok,api-3,
benchmark-api4-5000-c1000-005,005-REQ-004925,4925,registro de prueba,2026-06-09T23:11:59.340447+00:00,2026-06-09T23:12:02.597425+00:00,3256.95,200,ok,api-4,
benchmark-api4-5000-c1000-005,005-REQ-004926,4926,registro de prueba,2026-06-09T23:11:59.347283+00:00,2026-06-09T23:12:02.564646+00:00,3217.34,200,ok,api-1,
benchmark-api4-5000-c1000-005,005-REQ-004927,4927,registro de prueba,2026-06-09T23:11:59.348548+00:00,2026-06-09T23:12:02.625775+00:00,3277.2,200,ok,api-4,
benchmark-api4-5000-c1000-005,005-REQ-004928,4928,registro de prueba,2026-06-09T23:11:59.349704+00:00,2026-06-09T23:11:59.633503+00:00,283.78,200,ok,api-2,
benchmark-api4-5000-c1000-005,005-REQ-004929,4929,registro de prueba,2026-06-09T23:11:59.350297+00:00,2026-06-09T23:12:02.552469+00:00,3202.14,200,ok,api-2,
benchmark-api4-5000-c1000-005,005-REQ-004930,4930,registro de prueba,2026-06-09T23:11:59.351325+00:00,2026-06-09T23:12:02.598079+00:00,3246.74,200,ok,api-3,
benchmark-api4-5000-c1000-005,005-REQ-004931,4931,registro de prueba,2026-06-09T23:11:59.360519+00:00,2026-06-09T23:12:02.611880+00:00,3251.33,200,ok,api-2,
benchmark-api4-5000-c1000-005,005-REQ-004932,4932,registro de prueba,2026-06-09T23:11:59.362690+00:00,2026-06-09T23:12:02.655618+00:00,3292.9,200,ok,api-3,
benchmark-api4-5000-c1000-005,005-REQ-004933,4933,registro de prueba,2026-06-09T23:11:59.364181+00:00,2026-06-09T23:11:59.633261+00:00,269.05,200,ok,api-3,
benchmark-api4-5000-c1000-005,005-REQ-004934,4934,registro de prueba,2026-06-09T23:11:59.364962+00:00,2026-06-09T23:12:02.625367+00:00,3260.38,200,ok,api-4,
benchmark-api4-5000-c1000-005,005-REQ-004935,4935,registro de prueba,2026-06-09T23:11:59.365974+00:00,2026-06-09T23:12:02.617478+00:00,3251.48,200,ok,api-1,
benchmark-api4-5000-c1000-005,005-REQ-004936,4936,registro de prueba,2026-06-09T23:11:59.372192+00:00,2026-06-09T23:12:02.606092+00:00,3233.87,200,ok,api-3,
benchmark-api4-5000-c1000-005,005-REQ-004937,4937,registro de prueba,2026-06-09T23:11:59.373968+00:00,2026-06-09T23:12:02.612586+00:00,3238.59,200,ok,api-4,
benchmark-api4-5000-c1000-005,005-REQ-004938,4938,registro de prueba,2026-06-09T23:11:59.379600+00:00,2026-06-09T23:12:02.612417+00:00,3232.79,200,ok,api-1,
benchmark-api4-5000-c1000-005,005-REQ-004939,4939,registro de prueba,2026-06-09T23:11:59.380722+00:00,2026-06-09T23:12:02.623085+00:00,3242.34,200,ok,api-2,
benchmark-api4-5000-c1000-005,005-REQ-004940,4940,registro de prueba,2026-06-09T23:11:59.381501+00:00,2026-06-09T23:12:02.636422+00:00,3254.9,200,ok,api-1,
benchmark-api4-5000-c1000-005,005-REQ-004941,4941,registro de prueba,2026-06-09T23:11:59.386087+00:00,2026-06-09T23:11:59.671823+00:00,285.71,200,ok,api-4,
benchmark-api4-5000-c1000-005,005-REQ-004942,4942,registro de prueba,2026-06-09T23:11:59.386703+00:00,2026-06-09T23:12:02.648996+00:00,3262.26,200,ok,api-3,
benchmark-api4-5000-c1000-005,005-REQ-004943,4943,registro de prueba,2026-06-09T23:11:59.388678+00:00,2026-06-09T23:11:59.704273+00:00,315.57,200,ok,api-1,
benchmark-api4-5000-c1000-005,005-REQ-004944,4944,registro de prueba,2026-06-09T23:11:59.389554+00:00,2026-06-09T23:12:02.665868+00:00,3276.29,200,ok,api-2,
benchmark-api4-5000-c1000-005,005-REQ-004945,4945,registro de prueba,2026-06-09T23:11:59.389853+00:00,2026-06-09T23:12:02.655357+00:00,3265.49,200,ok,api-4,
benchmark-api4-5000-c1000-005,005-REQ-004946,4946,registro de prueba,2026-06-09T23:11:59.391274+00:00,2026-06-09T23:12:02.665643+00:00,3274.34,200,ok,api-1,
benchmark-api4-5000-c1000-005,005-REQ-004947,4947,registro de prueba,2026-06-09T23:11:59.392634+00:00,2026-06-09T23:12:02.642441+00:00,3249.78,200,ok,api-2,
benchmark-api4-5000-c1000-005,005-REQ-004948,4948,registro de prueba,2026-06-09T23:11:59.393665+00:00,2026-06-09T23:12:02.637231+00:00,3243.54,200,ok,api-3,
benchmark-api4-5000-c1000-005,005-REQ-004949,4949,registro de prueba,2026-06-09T23:11:59.396647+00:00,2026-06-09T23:12:02.658394+00:00,3261.72,200,ok,api-1,
benchmark-api4-5000-c1000-005,005-REQ-004950,4950,registro de prueba,2026-06-09T23:11:59.398914+00:00,2026-06-09T23:12:02.642092+00:00,3243.15,200,ok,api-4,
benchmark-api4-5000-c1000-005,005-REQ-004951,4951,registro de prueba,2026-06-09T23:11:59.399911+00:00,2026-06-09T23:12:02.688852+00:00,3288.92,200,ok,api-3,
benchmark-api4-5000-c1000-005,005-REQ-004952,4952,registro de prueba,2026-06-09T23:11:59.401905+00:00,2026-06-09T23:11:59.774691+00:00,372.76,200,ok,api-4,
benchmark-api4-5000-c1000-005,005-REQ-004953,4953,registro de prueba,2026-06-09T23:11:59.402781+00:00,2026-06-09T23:12:02.625897+00:00,3223.09,200,ok,api-2,
benchmark-api4-5000-c1000-005,005-REQ-004954,4954,registro de prueba,2026-06-09T23:11:59.410019+00:00,2026-06-09T23:12:02.650577+00:00,3240.53,200,ok,api-1,
benchmark-api4-5000-c1000-005,005-REQ-004955,4955,registro de prueba,2026-06-09T23:11:59.411249+00:00,2026-06-09T23:12:02.662957+00:00,3251.68,200,ok,api-4,
benchmark-api4-5000-c1000-005,005-REQ-004956,4956,registro de prueba,2026-06-09T23:11:59.412232+00:00,2026-06-09T23:12:02.637575+00:00,3225.33,200,ok,api-2,
benchmark-api4-5000-c1000-005,005-REQ-004957,4957,registro de prueba,2026-06-09T23:11:59.421831+00:00,2026-06-09T23:11:59.778753+00:00,356.89,200,ok,api-1,
benchmark-api4-5000-c1000-005,005-REQ-004958,4958,registro de prueba,2026-06-09T23:11:59.422553+00:00,2026-06-09T23:12:02.667763+00:00,3245.18,200,ok,api-3,
benchmark-api4-5000-c1000-005,005-REQ-004959,4959,registro de prueba,2026-06-09T23:11:59.423525+00:00,2026-06-09T23:12:02.637814+00:00,3214.27,200,ok,api-4,
benchmark-api4-5000-c1000-005,005-REQ-004960,4960,registro de prueba,2026-06-09T23:11:59.424757+00:00,2026-06-09T23:11:59.707101+00:00,282.32,200,ok,api-4,
benchmark-api4-5000-c1000-005,005-REQ-004961,4961,registro de prueba,2026-06-09T23:11:59.425228+00:00,2026-06-09T23:12:02.637994+00:00,3212.75,200,ok,api-2,
benchmark-api4-5000-c1000-005,005-REQ-004962,4962,registro de prueba,2026-06-09T23:11:59.428519+00:00,2026-06-09T23:12:02.643220+00:00,3214.68,200,ok,api-1,
benchmark-api4-5000-c1000-005,005-REQ-004963,4963,registro de prueba,2026-06-09T23:11:59.441295+00:00,2026-06-09T23:11:59.742005+00:00,300.69,200,ok,api-1,
benchmark-api4-5000-c1000-005,005-REQ-004964,4964,registro de prueba,2026-06-09T23:11:59.441847+00:00,2026-06-09T23:12:02.661928+00:00,3220.06,200,ok,api-3,
benchmark-api4-5000-c1000-005,005-REQ-004965,4965,registro de prueba,2026-06-09T23:11:59.443084+00:00,2026-06-09T23:12:02.665156+00:00,3222.04,200,ok,api-4,
benchmark-api4-5000-c1000-005,005-REQ-004966,4966,registro de prueba,2026-06-09T23:11:59.444163+00:00,2026-06-09T23:12:02.659931+00:00,3215.74,200,ok,api-2,
benchmark-api4-5000-c1000-005,005-REQ-004967,4967,registro de prueba,2026-06-09T23:11:59.445488+00:00,2026-06-09T23:12:02.642970+00:00,3197.46,200,ok,api-1,
benchmark-api4-5000-c1000-005,005-REQ-004968,4968,registro de prueba,2026-06-09T23:11:59.446790+00:00,2026-06-09T23:12:02.643313+00:00,3196.5,200,ok,api-3,
benchmark-api4-5000-c1000-005,005-REQ-004969,4969,registro de prueba,2026-06-09T23:11:59.448693+00:00,2026-06-09T23:11:59.794103+00:00,345.38,200,ok,api-2,
benchmark-api4-5000-c1000-005,005-REQ-004970,4970,registro de prueba,2026-06-09T23:11:59.449525+00:00,2026-06-09T23:12:02.662378+00:00,3212.83,200,ok,api-4,
benchmark-api4-5000-c1000-005,005-REQ-004971,4971,registro de prueba,2026-06-09T23:11:59.449793+00:00,2026-06-09T23:12:02.655755+00:00,3205.95,200,ok,api-1,
benchmark-api4-5000-c1000-005,005-REQ-004972,4972,registro de prueba,2026-06-09T23:11:59.453448+00:00,2026-06-09T23:12:02.656079+00:00,3202.6,200,ok,api-3,
benchmark-api4-5000-c1000-005,005-REQ-004973,4973,registro de prueba,2026-06-09T23:11:59.460351+00:00,2026-06-09T23:11:59.761612+00:00,301.24,200,ok,api-3,
benchmark-api4-5000-c1000-005,005-REQ-004974,4974,registro de prueba,2026-06-09T23:11:59.461002+00:00,2026-06-09T23:12:02.669121+00:00,3208.09,200,ok,api-2,
benchmark-api4-5000-c1000-005,005-REQ-004975,4975,registro de prueba,2026-06-09T23:11:59.462037+00:00,2026-06-09T23:12:02.672143+00:00,3210.08,200,ok,api-2,
benchmark-api4-5000-c1000-005,005-REQ-004976,4976,registro de prueba,2026-06-09T23:11:59.465649+00:00,2026-06-09T23:12:02.667449+00:00,3201.77,200,ok,api-4,
benchmark-api4-5000-c1000-005,005-REQ-004977,4977,registro de prueba,2026-06-09T23:11:59.470493+00:00,2026-06-09T23:12:02.665352+00:00,3194.84,200,ok,api-1,
benchmark-api4-5000-c1000-005,005-REQ-004978,4978,registro de prueba,2026-06-09T23:11:59.473902+00:00,2026-06-09T23:12:02.671763+00:00,3197.81,200,ok,api-2,
benchmark-api4-5000-c1000-005,005-REQ-004979,4979,registro de prueba,2026-06-09T23:11:59.477803+00:00,2026-06-09T23:12:02.685460+00:00,3207.63,200,ok,api-4,
benchmark-api4-5000-c1000-005,005-REQ-004980,4980,registro de prueba,2026-06-09T23:11:59.483880+00:00,2026-06-09T23:12:02.689397+00:00,3205.49,200,ok,api-1,
benchmark-api4-5000-c1000-005,005-REQ-004981,4981,registro de prueba,2026-06-09T23:11:59.485075+00:00,2026-06-09T23:12:02.694881+00:00,3209.79,200,ok,api-3,
benchmark-api4-5000-c1000-005,005-REQ-004982,4982,registro de prueba,2026-06-09T23:11:59.495510+00:00,2026-06-09T23:12:02.695871+00:00,3200.34,200,ok,api-3,
benchmark-api4-5000-c1000-005,005-REQ-004983,4983,registro de prueba,2026-06-09T23:11:59.496724+00:00,2026-06-09T23:11:59.812682+00:00,315.93,200,ok,api-4,
benchmark-api4-5000-c1000-005,005-REQ-004984,4984,registro de prueba,2026-06-09T23:11:59.497257+00:00,2026-06-09T23:12:02.663068+00:00,3165.8,200,ok,api-1,
benchmark-api4-5000-c1000-005,005-REQ-004985,4985,registro de prueba,2026-06-09T23:11:59.498170+00:00,2026-06-09T23:12:02.669753+00:00,3171.56,200,ok,api-4,
benchmark-api4-5000-c1000-005,005-REQ-004986,4986,registro de prueba,2026-06-09T23:11:59.501218+00:00,2026-06-09T23:12:02.662673+00:00,3161.43,200,ok,api-2,
benchmark-api4-5000-c1000-005,005-REQ-004987,4987,registro de prueba,2026-06-09T23:11:59.506814+00:00,2026-06-09T23:12:02.683227+00:00,3176.38,200,ok,api-3,
benchmark-api4-5000-c1000-005,005-REQ-004988,4988,registro de prueba,2026-06-09T23:11:59.507929+00:00,2026-06-09T23:12:02.692519+00:00,3184.57,200,ok,api-4,
benchmark-api4-5000-c1000-005,005-REQ-004989,4989,registro de prueba,2026-06-09T23:11:59.509200+00:00,2026-06-09T23:11:59.792469+00:00,283.25,200,ok,api-4,
benchmark-api4-5000-c1000-005,005-REQ-004990,4990,registro de prueba,2026-06-09T23:11:59.509706+00:00,2026-06-09T23:12:02.682069+00:00,3172.34,200,ok,api-1,
benchmark-api4-5000-c1000-005,005-REQ-004991,4991,registro de prueba,2026-06-09T23:11:59.514021+00:00,2026-06-09T23:11:59.840092+00:00,326.04,200,ok,api-1,
benchmark-api4-5000-c1000-005,005-REQ-004992,4992,registro de prueba,2026-06-09T23:11:59.514790+00:00,2026-06-09T23:12:02.674178+00:00,3159.35,200,ok,api-2,
benchmark-api4-5000-c1000-005,005-REQ-004993,4993,registro de prueba,2026-06-09T23:11:59.515670+00:00,2026-06-09T23:12:02.680957+00:00,3165.27,200,ok,api-3,
benchmark-api4-5000-c1000-005,005-REQ-004994,4994,registro de prueba,2026-06-09T23:11:59.516982+00:00,2026-06-09T23:11:59.831988+00:00,314.98,200,ok,api-3,
benchmark-api4-5000-c1000-005,005-REQ-004995,4995,registro de prueba,2026-06-09T23:11:59.517677+00:00,2026-06-09T23:12:02.683461+00:00,3165.76,200,ok,api-4,
benchmark-api4-5000-c1000-005,005-REQ-004996,4996,registro de prueba,2026-06-09T23:11:59.527902+00:00,2026-06-09T23:12:02.684846+00:00,3156.92,200,ok,api-2,
benchmark-api4-5000-c1000-005,005-REQ-004997,4997,registro de prueba,2026-06-09T23:11:59.529345+00:00,2026-06-09T23:12:02.685059+00:00,3155.69,200,ok,api-1,
benchmark-api4-5000-c1000-005,005-REQ-004998,4998,registro de prueba,2026-06-09T23:11:59.533789+00:00,2026-06-09T23:11:59.862720+00:00,328.83,200,ok,api-3,
benchmark-api4-5000-c1000-005,005-REQ-004999,4999,registro de prueba,2026-06-09T23:11:59.534498+00:00,2026-06-09T23:12:02.685351+00:00,3150.84,200,ok,api-3,
benchmark-api4-5000-c1000-005,005-REQ-005000,5000,registro de prueba,2026-06-09T23:11:59.536595+00:00,2026-06-09T23:12:02.669599+00:00,3132.98,200,ok,api-4,
