test_id;request_id;value;description;sent_at;received_at;client_elapsed_ms;status_code;status;service_instance;error
benchmark-api4-1000-c100-008;008-REQ-000001;1;registro de prueba;2026-06-09T23:41:02.224440+00:00;2026-06-09T23:41:02.641573+00:00;417.11;502;error;;La respuesta no fue JSON válido
benchmark-api4-1000-c100-008;008-REQ-000002;2;registro de prueba;2026-06-09T23:41:02.228282+00:00;2026-06-09T23:41:02.398215+00:00;169.92;502;error;;La respuesta no fue JSON válido
benchmark-api4-1000-c100-008;008-REQ-000003;3;registro de prueba;2026-06-09T23:41:02.228497+00:00;2026-06-09T23:41:02.398610+00:00;170.11;502;error;;La respuesta no fue JSON válido
benchmark-api4-1000-c100-008;008-REQ-000004;4;registro de prueba;2026-06-09T23:41:02.228575+00:00;2026-06-09T23:41:02.563982+00:00;335.4;502;error;;La respuesta no fue JSON válido
benchmark-api4-1000-c100-008;008-REQ-000005;5;registro de prueba;2026-06-09T23:41:02.228632+00:00;2026-06-09T23:41:02.441214+00:00;212.58;502;error;;La respuesta no fue JSON válido
benchmark-api4-1000-c100-008;008-REQ-000006;6;registro de prueba;2026-06-09T23:41:02.228692+00:00;2026-06-09T23:41:02.392901+00:00;164.2;502;error;;La respuesta no fue JSON válido
benchmark-api4-1000-c100-008;008-REQ-000007;7;registro de prueba;2026-06-09T23:41:02.228746+00:00;2026-06-09T23:41:02.468172+00:00;239.42;502;error;;La respuesta no fue JSON válido
benchmark-api4-1000-c100-008;008-REQ-000008;8;registro de prueba;2026-06-09T23:41:02.228789+00:00;2026-06-09T23:41:02.392839+00:00;164.05;502;error;;La respuesta no fue JSON válido
benchmark-api4-1000-c100-008;008-REQ-000009;9;registro de prueba;2026-06-09T23:41:02.228835+00:00;2026-06-09T23:41:02.385206+00:00;156.37;502;error;;La respuesta no fue JSON válido
benchmark-api4-1000-c100-008;008-REQ-000010;10;registro de prueba;2026-06-09T23:41:02.228877+00:00;2026-06-09T23:41:02.385374+00:00;156.49;502;error;;La respuesta no fue JSON válido
benchmark-api4-1000-c100-008;008-REQ-000011;11;registro de prueba;2026-06-09T23:41:02.228919+00:00;2026-06-09T23:41:02.384259+00:00;155.33;502;error;;La respuesta no fue JSON válido
benchmark-api4-1000-c100-008;008-REQ-000012;12;registro de prueba;2026-06-09T23:41:02.228962+00:00;2026-06-09T23:41:02.398839+00:00;169.87;502;error;;La respuesta no fue JSON válido
benchmark-api4-1000-c100-008;008-REQ-000013;13;registro de prueba;2026-06-09T23:41:02.229009+00:00;2026-06-09T23:41:02.384382+00:00;155.37;502;error;;La respuesta no fue JSON válido
benchmark-api4-1000-c100-008;008-REQ-000014;14;registro de prueba;2026-06-09T23:41:02.229047+00:00;2026-06-09T23:41:02.410679+00:00;181.63;502;error;;La respuesta no fue JSON válido
benchmark-api4-1000-c100-008;008-REQ-000015;15;registro de prueba;2026-06-09T23:41:02.229099+00:00;2026-06-09T23:41:02.399820+00:00;170.72;502;error;;La respuesta no fue JSON válido
benchmark-api4-1000-c100-008;008-REQ-000016;16;registro de prueba;2026-06-09T23:41:02.229143+00:00;2026-06-09T23:41:02.964840+00:00;735.69;200;ok;api-4;
benchmark-api4-1000-c100-008;008-REQ-000017;17;registro de prueba;2026-06-09T23:41:02.229185+00:00;2026-06-09T23:41:02.399505+00:00;170.32;502;error;;La respuesta no fue JSON válido
benchmark-api4-1000-c100-008;008-REQ-000018;18;registro de prueba;2026-06-09T23:41:02.229226+00:00;2026-06-09T23:41:02.384750+00:00;155.52;502;error;;La respuesta no fue JSON válido
benchmark-api4-1000-c100-008;008-REQ-000019;19;registro de prueba;2026-06-09T23:41:02.229269+00:00;2026-06-09T23:41:02.965166+00:00;735.89;200;ok;api-3;
benchmark-api4-1000-c100-008;008-REQ-000020;20;registro de prueba;2026-06-09T23:41:02.229309+00:00;2026-06-09T23:41:02.378615+00:00;149.29;502;error;;La respuesta no fue JSON válido
benchmark-api4-1000-c100-008;008-REQ-000021;21;registro de prueba;2026-06-09T23:41:02.229350+00:00;2026-06-09T23:41:02.393221+00:00;163.87;502;error;;La respuesta no fue JSON válido
benchmark-api4-1000-c100-008;008-REQ-000022;22;registro de prueba;2026-06-09T23:41:02.229386+00:00;2026-06-09T23:41:02.410874+00:00;181.48;502;error;;La respuesta no fue JSON válido
benchmark-api4-1000-c100-008;008-REQ-000023;23;registro de prueba;2026-06-09T23:41:02.229426+00:00;2026-06-09T23:41:02.400043+00:00;170.61;502;error;;La respuesta no fue JSON válido
benchmark-api4-1000-c100-008;008-REQ-000024;24;registro de prueba;2026-06-09T23:41:02.229470+00:00;2026-06-09T23:41:02.623600+00:00;394.13;502;error;;La respuesta no fue JSON válido
benchmark-api4-1000-c100-008;008-REQ-000025;25;registro de prueba;2026-06-09T23:41:02.229506+00:00;2026-06-09T23:41:02.384869+00:00;155.36;502;error;;La respuesta no fue JSON válido
benchmark-api4-1000-c100-008;008-REQ-000026;26;registro de prueba;2026-06-09T23:41:02.229546+00:00;2026-06-09T23:41:02.384919+00:00;155.37;502;error;;La respuesta no fue JSON válido
benchmark-api4-1000-c100-008;008-REQ-000027;27;registro de prueba;2026-06-09T23:41:02.229587+00:00;2026-06-09T23:41:02.623845+00:00;394.26;502;error;;La respuesta no fue JSON válido
benchmark-api4-1000-c100-008;008-REQ-000028;28;registro de prueba;2026-06-09T23:41:02.229633+00:00;2026-06-09T23:41:02.392629+00:00;162.99;502;error;;La respuesta no fue JSON válido
benchmark-api4-1000-c100-008;008-REQ-000029;29;registro de prueba;2026-06-09T23:41:02.229675+00:00;2026-06-09T23:41:02.543584+00:00;313.91;502;error;;La respuesta no fue JSON válido
benchmark-api4-1000-c100-008;008-REQ-000030;30;registro de prueba;2026-06-09T23:41:02.229712+00:00;2026-06-09T23:41:02.586171+00:00;356.46;502;error;;La respuesta no fue JSON válido
benchmark-api4-1000-c100-008;008-REQ-000031;31;registro de prueba;2026-06-09T23:41:02.229751+00:00;2026-06-09T23:41:02.385428+00:00;155.67;502;error;;La respuesta no fue JSON válido
benchmark-api4-1000-c100-008;008-REQ-000032;32;registro de prueba;2026-06-09T23:41:02.229789+00:00;2026-06-09T23:41:02.623086+00:00;393.29;502;error;;La respuesta no fue JSON válido
benchmark-api4-1000-c100-008;008-REQ-000033;33;registro de prueba;2026-06-09T23:41:02.229831+00:00;2026-06-09T23:41:02.623889+00:00;394.06;502;error;;La respuesta no fue JSON válido
benchmark-api4-1000-c100-008;008-REQ-000034;34;registro de prueba;2026-06-09T23:41:02.229868+00:00;2026-06-09T23:41:02.384635+00:00;154.76;502;error;;La respuesta no fue JSON válido
benchmark-api4-1000-c100-008;008-REQ-000035;35;registro de prueba;2026-06-09T23:41:02.229908+00:00;2026-06-09T23:41:02.384525+00:00;154.61;502;error;;La respuesta no fue JSON válido
benchmark-api4-1000-c100-008;008-REQ-000036;36;registro de prueba;2026-06-09T23:41:02.230019+00:00;2026-06-09T23:41:02.398690+00:00;168.67;502;error;;La respuesta no fue JSON válido
benchmark-api4-1000-c100-008;008-REQ-000037;37;registro de prueba;2026-06-09T23:41:02.230080+00:00;2026-06-09T23:41:02.399625+00:00;169.54;502;error;;La respuesta no fue JSON válido
benchmark-api4-1000-c100-008;008-REQ-000038;38;registro de prueba;2026-06-09T23:41:02.230123+00:00;2026-06-09T23:41:02.400432+00:00;170.31;502;error;;La respuesta no fue JSON válido
benchmark-api4-1000-c100-008;008-REQ-000039;39;registro de prueba;2026-06-09T23:41:02.230165+00:00;2026-06-09T23:41:02.410193+00:00;180.02;502;error;;La respuesta no fue JSON válido
benchmark-api4-1000-c100-008;008-REQ-000040;40;registro de prueba;2026-06-09T23:41:02.230204+00:00;2026-06-09T23:41:02.384981+00:00;154.77;502;error;;La respuesta no fue JSON válido
benchmark-api4-1000-c100-008;008-REQ-000041;41;registro de prueba;2026-06-09T23:41:02.230251+00:00;2026-06-09T23:41:02.457752+00:00;227.5;502;error;;La respuesta no fue JSON válido
benchmark-api4-1000-c100-008;008-REQ-000042;42;registro de prueba;2026-06-09T23:41:02.230292+00:00;2026-06-09T23:41:02.398010+00:00;167.71;502;error;;La respuesta no fue JSON válido
benchmark-api4-1000-c100-008;008-REQ-000043;43;registro de prueba;2026-06-09T23:41:02.230335+00:00;2026-06-09T23:41:02.482474+00:00;252.13;502;error;;La respuesta no fue JSON válido
benchmark-api4-1000-c100-008;008-REQ-000044;44;registro de prueba;2026-06-09T23:41:02.230375+00:00;2026-06-09T23:41:02.546041+00:00;315.66;502;error;;La respuesta no fue JSON válido
benchmark-api4-1000-c100-008;008-REQ-000045;45;registro de prueba;2026-06-09T23:41:02.230416+00:00;2026-06-09T23:41:02.564975+00:00;334.55;502;error;;La respuesta no fue JSON válido
benchmark-api4-1000-c100-008;008-REQ-000046;46;registro de prueba;2026-06-09T23:41:02.230459+00:00;2026-06-09T23:41:02.586951+00:00;356.49;502;error;;La respuesta no fue JSON válido
benchmark-api4-1000-c100-008;008-REQ-000047;47;registro de prueba;2026-06-09T23:41:02.230497+00:00;2026-06-09T23:41:02.384459+00:00;153.96;502;error;;La respuesta no fue JSON válido
benchmark-api4-1000-c100-008;008-REQ-000048;48;registro de prueba;2026-06-09T23:41:02.230536+00:00;2026-06-09T23:41:02.623708+00:00;393.17;502;error;;La respuesta no fue JSON válido
benchmark-api4-1000-c100-008;008-REQ-000049;49;registro de prueba;2026-06-09T23:41:02.230580+00:00;2026-06-09T23:41:02.624150+00:00;393.57;502;error;;La respuesta no fue JSON válido
benchmark-api4-1000-c100-008;008-REQ-000050;50;registro de prueba;2026-06-09T23:41:02.230622+00:00;2026-06-09T23:41:02.384805+00:00;154.18;502;error;;La respuesta no fue JSON válido
benchmark-api4-1000-c100-008;008-REQ-000051;51;registro de prueba;2026-06-09T23:41:02.230666+00:00;2026-06-09T23:41:02.419545+00:00;188.87;502;error;;La respuesta no fue JSON válido
benchmark-api4-1000-c100-008;008-REQ-000052;52;registro de prueba;2026-06-09T23:41:02.230712+00:00;2026-06-09T23:41:02.392700+00:00;161.98;502;error;;La respuesta no fue JSON válido
benchmark-api4-1000-c100-008;008-REQ-000053;53;registro de prueba;2026-06-09T23:41:02.230757+00:00;2026-06-09T23:41:02.392386+00:00;161.62;502;error;;La respuesta no fue JSON válido
benchmark-api4-1000-c100-008;008-REQ-000054;54;registro de prueba;2026-06-09T23:41:02.230801+00:00;2026-06-09T23:41:02.410495+00:00;179.69;502;error;;La respuesta no fue JSON válido
benchmark-api4-1000-c100-008;008-REQ-000055;55;registro de prueba;2026-06-09T23:41:02.230854+00:00;2026-06-09T23:41:02.428607+00:00;197.75;502;error;;La respuesta no fue JSON válido
benchmark-api4-1000-c100-008;008-REQ-000056;56;registro de prueba;2026-06-09T23:41:02.230902+00:00;2026-06-09T23:41:02.392544+00:00;161.64;502;error;;La respuesta no fue JSON válido
benchmark-api4-1000-c100-008;008-REQ-000057;57;registro de prueba;2026-06-09T23:41:02.230947+00:00;2026-06-09T23:41:02.458233+00:00;227.28;502;error;;La respuesta no fue JSON válido
benchmark-api4-1000-c100-008;008-REQ-000058;58;registro de prueba;2026-06-09T23:41:02.230991+00:00;2026-06-09T23:41:02.392955+00:00;161.96;502;error;;La respuesta no fue JSON válido
benchmark-api4-1000-c100-008;008-REQ-000059;59;registro de prueba;2026-06-09T23:41:02.231038+00:00;2026-06-09T23:41:02.499726+00:00;268.68;502;error;;La respuesta no fue JSON válido
benchmark-api4-1000-c100-008;008-REQ-000060;60;registro de prueba;2026-06-09T23:41:02.231089+00:00;2026-06-09T23:41:02.964921+00:00;733.83;200;ok;api-1;
benchmark-api4-1000-c100-008;008-REQ-000061;61;registro de prueba;2026-06-09T23:41:02.231137+00:00;2026-06-09T23:41:02.385259+00:00;154.12;502;error;;La respuesta no fue JSON válido
benchmark-api4-1000-c100-008;008-REQ-000062;62;registro de prueba;2026-06-09T23:41:02.231193+00:00;2026-06-09T23:41:02.604019+00:00;372.82;502;error;;La respuesta no fue JSON válido
benchmark-api4-1000-c100-008;008-REQ-000063;63;registro de prueba;2026-06-09T23:41:02.231291+00:00;2026-06-09T23:41:02.385094+00:00;153.8;502;error;;La respuesta no fue JSON válido
benchmark-api4-1000-c100-008;008-REQ-000064;64;registro de prueba;2026-06-09T23:41:02.231369+00:00;2026-06-09T23:41:02.393081+00:00;161.71;502;error;;La respuesta no fue JSON válido
benchmark-api4-1000-c100-008;008-REQ-000065;65;registro de prueba;2026-06-09T23:41:02.231458+00:00;2026-06-09T23:41:02.641396+00:00;409.93;502;error;;La respuesta no fue JSON válido
benchmark-api4-1000-c100-008;008-REQ-000066;66;registro de prueba;2026-06-09T23:41:02.231552+00:00;2026-06-09T23:41:02.398906+00:00;167.35;502;error;;La respuesta no fue JSON válido
benchmark-api4-1000-c100-008;008-REQ-000067;67;registro de prueba;2026-06-09T23:41:02.231636+00:00;2026-06-09T23:41:02.399217+00:00;167.57;502;error;;La respuesta no fue JSON válido
benchmark-api4-1000-c100-008;008-REQ-000068;68;registro de prueba;2026-06-09T23:41:02.231714+00:00;2026-06-09T23:41:02.393165+00:00;161.45;502;error;;La respuesta no fue JSON válido
benchmark-api4-1000-c100-008;008-REQ-000069;69;registro de prueba;2026-06-09T23:41:02.231803+00:00;2026-06-09T23:41:02.409414+00:00;177.6;502;error;;La respuesta no fue JSON válido
benchmark-api4-1000-c100-008;008-REQ-000070;70;registro de prueba;2026-06-09T23:41:02.231894+00:00;2026-06-09T23:41:02.398421+00:00;166.52;502;error;;La respuesta no fue JSON válido
benchmark-api4-1000-c100-008;008-REQ-000071;71;registro de prueba;2026-06-09T23:41:02.232068+00:00;2026-06-09T23:41:02.398764+00:00;166.68;502;error;;La respuesta no fue JSON válido
benchmark-api4-1000-c100-008;008-REQ-000072;72;registro de prueba;2026-06-09T23:41:02.232188+00:00;2026-06-09T23:41:02.400302+00:00;168.11;502;error;;La respuesta no fue JSON válido
benchmark-api4-1000-c100-008;008-REQ-000073;73;registro de prueba;2026-06-09T23:41:02.232277+00:00;2026-06-09T23:41:02.398329+00:00;166.05;502;error;;La respuesta no fue JSON válido
benchmark-api4-1000-c100-008;008-REQ-000074;74;registro de prueba;2026-06-09T23:41:02.232323+00:00;2026-06-09T23:41:02.535010+00:00;302.68;502;error;;La respuesta no fue JSON válido
benchmark-api4-1000-c100-008;008-REQ-000075;75;registro de prueba;2026-06-09T23:41:02.232371+00:00;2026-06-09T23:41:02.543713+00:00;311.34;502;error;;La respuesta no fue JSON válido
benchmark-api4-1000-c100-008;008-REQ-000076;76;registro de prueba;2026-06-09T23:41:02.232416+00:00;2026-06-09T23:41:02.585317+00:00;352.9;502;error;;La respuesta no fue JSON válido
benchmark-api4-1000-c100-008;008-REQ-000077;77;registro de prueba;2026-06-09T23:41:02.232459+00:00;2026-06-09T23:41:02.605579+00:00;373.12;502;error;;La respuesta no fue JSON válido
benchmark-api4-1000-c100-008;008-REQ-000078;78;registro de prueba;2026-06-09T23:41:02.232501+00:00;2026-06-09T23:41:02.384695+00:00;152.19;502;error;;La respuesta no fue JSON válido
benchmark-api4-1000-c100-008;008-REQ-000079;79;registro de prueba;2026-06-09T23:41:02.232541+00:00;2026-06-09T23:41:02.399322+00:00;166.78;502;error;;La respuesta no fue JSON válido
benchmark-api4-1000-c100-008;008-REQ-000080;80;registro de prueba;2026-06-09T23:41:02.232583+00:00;2026-06-09T23:41:02.641138+00:00;408.55;502;error;;La respuesta no fue JSON válido
benchmark-api4-1000-c100-008;008-REQ-000081;81;registro de prueba;2026-06-09T23:41:02.232627+00:00;2026-06-09T23:41:02.429004+00:00;196.37;502;error;;La respuesta no fue JSON válido
benchmark-api4-1000-c100-008;008-REQ-000082;82;registro de prueba;2026-06-09T23:41:02.232671+00:00;2026-06-09T23:41:02.382756+00:00;150.08;502;error;;La respuesta no fue JSON válido
benchmark-api4-1000-c100-008;008-REQ-000083;83;registro de prueba;2026-06-09T23:41:02.232709+00:00;2026-06-09T23:41:02.398526+00:00;165.81;502;error;;La respuesta no fue JSON válido
benchmark-api4-1000-c100-008;008-REQ-000084;84;registro de prueba;2026-06-09T23:41:02.232748+00:00;2026-06-09T23:41:02.393334+00:00;160.58;502;error;;La respuesta no fue JSON válido
benchmark-api4-1000-c100-008;008-REQ-000085;85;registro de prueba;2026-06-09T23:41:02.232788+00:00;2026-06-09T23:41:02.384584+00:00;151.79;502;error;;La respuesta no fue JSON válido
benchmark-api4-1000-c100-008;008-REQ-000086;86;registro de prueba;2026-06-09T23:41:02.232830+00:00;2026-06-09T23:41:02.428886+00:00;196.05;502;error;;La respuesta no fue JSON válido
benchmark-api4-1000-c100-008;008-REQ-000087;87;registro de prueba;2026-06-09T23:41:02.232866+00:00;2026-06-09T23:41:02.457922+00:00;225.05;502;error;;La respuesta no fue JSON válido
benchmark-api4-1000-c100-008;008-REQ-000088;88;registro de prueba;2026-06-09T23:41:02.232910+00:00;2026-06-09T23:41:02.468017+00:00;235.1;502;error;;La respuesta no fue JSON válido
benchmark-api4-1000-c100-008;008-REQ-000089;89;registro de prueba;2026-06-09T23:41:02.232952+00:00;2026-06-09T23:41:02.482999+00:00;250.04;502;error;;La respuesta no fue JSON válido
benchmark-api4-1000-c100-008;008-REQ-000090;90;registro de prueba;2026-06-09T23:41:02.232990+00:00;2026-06-09T23:41:02.393276+00:00;160.28;502;error;;La respuesta no fue JSON válido
benchmark-api4-1000-c100-008;008-REQ-000091;91;registro de prueba;2026-06-09T23:41:02.233030+00:00;2026-06-09T23:41:02.963452+00:00;730.42;200;ok;api-2;
benchmark-api4-1000-c100-008;008-REQ-000092;92;registro de prueba;2026-06-09T23:41:02.233072+00:00;2026-06-09T23:41:02.385321+00:00;152.08;502;error;;La respuesta no fue JSON válido
benchmark-api4-1000-c100-008;008-REQ-000093;93;registro de prueba;2026-06-09T23:41:02.233415+00:00;2026-06-09T23:41:02.604235+00:00;370.81;502;error;;La respuesta no fue JSON válido
benchmark-api4-1000-c100-008;008-REQ-000094;94;registro de prueba;2026-06-09T23:41:02.233477+00:00;2026-06-09T23:41:02.385145+00:00;151.67;502;error;;La respuesta no fue JSON válido
benchmark-api4-1000-c100-008;008-REQ-000095;95;registro de prueba;2026-06-09T23:41:02.233522+00:00;2026-06-09T23:41:02.620588+00:00;387.06;502;error;;La respuesta no fue JSON válido
benchmark-api4-1000-c100-008;008-REQ-000096;96;registro de prueba;2026-06-09T23:41:02.233560+00:00;2026-06-09T23:41:02.393011+00:00;159.45;502;error;;La respuesta no fue JSON válido
benchmark-api4-1000-c100-008;008-REQ-000097;97;registro de prueba;2026-06-09T23:41:02.233603+00:00;2026-06-09T23:41:02.385040+00:00;151.43;502;error;;La respuesta no fue JSON válido
benchmark-api4-1000-c100-008;008-REQ-000098;98;registro de prueba;2026-06-09T23:41:02.233639+00:00;2026-06-09T23:41:02.410777+00:00;177.13;502;error;;La respuesta no fue JSON válido
benchmark-api4-1000-c100-008;008-REQ-000099;99;registro de prueba;2026-06-09T23:41:02.233678+00:00;2026-06-09T23:41:02.410296+00:00;176.61;502;error;;La respuesta no fue JSON válido
benchmark-api4-1000-c100-008;008-REQ-000100;100;registro de prueba;2026-06-09T23:41:02.233716+00:00;2026-06-09T23:41:02.392771+00:00;159.05;502;error;;La respuesta no fue JSON válido
benchmark-api4-1000-c100-008;008-REQ-000101;101;registro de prueba;2026-06-09T23:41:02.378867+00:00;2026-06-09T23:41:02.399077+00:00;20.2;502;error;;La respuesta no fue JSON válido
benchmark-api4-1000-c100-008;008-REQ-000102;102;registro de prueba;2026-06-09T23:41:02.383523+00:00;2026-06-09T23:41:02.409608+00:00;26.06;502;error;;La respuesta no fue JSON válido
benchmark-api4-1000-c100-008;008-REQ-000103;103;registro de prueba;2026-06-09T23:41:02.386494+00:00;2026-06-09T23:41:02.409745+00:00;23.23;502;error;;La respuesta no fue JSON válido
benchmark-api4-1000-c100-008;008-REQ-000104;104;registro de prueba;2026-06-09T23:41:02.387076+00:00;2026-06-09T23:41:02.409872+00:00;22.78;502;error;;La respuesta no fue JSON válido
benchmark-api4-1000-c100-008;008-REQ-000105;105;registro de prueba;2026-06-09T23:41:02.387524+00:00;2026-06-09T23:41:02.410095+00:00;22.56;502;error;;La respuesta no fue JSON válido
benchmark-api4-1000-c100-008;008-REQ-000106;106;registro de prueba;2026-06-09T23:41:02.387809+00:00;2026-06-09T23:41:02.409988+00:00;22.17;502;error;;La respuesta no fue JSON válido
benchmark-api4-1000-c100-008;008-REQ-000107;107;registro de prueba;2026-06-09T23:41:02.388060+00:00;2026-06-09T23:41:02.410397+00:00;22.33;502;error;;La respuesta no fue JSON válido
benchmark-api4-1000-c100-008;008-REQ-000108;108;registro de prueba;2026-06-09T23:41:02.388309+00:00;2026-06-09T23:41:02.410589+00:00;22.27;502;error;;La respuesta no fue JSON válido
benchmark-api4-1000-c100-008;008-REQ-000109;109;registro de prueba;2026-06-09T23:41:02.388529+00:00;2026-06-09T23:41:02.417987+00:00;29.45;502;error;;La respuesta no fue JSON válido
benchmark-api4-1000-c100-008;008-REQ-000110;110;registro de prueba;2026-06-09T23:41:02.388760+00:00;2026-06-09T23:41:02.418432+00:00;29.66;502;error;;La respuesta no fue JSON válido
benchmark-api4-1000-c100-008;008-REQ-000111;111;registro de prueba;2026-06-09T23:41:02.389004+00:00;2026-06-09T23:41:02.418299+00:00;29.29;502;error;;La respuesta no fue JSON válido
benchmark-api4-1000-c100-008;008-REQ-000112;112;registro de prueba;2026-06-09T23:41:02.389226+00:00;2026-06-09T23:41:02.419743+00:00;30.51;502;error;;La respuesta no fue JSON válido
benchmark-api4-1000-c100-008;008-REQ-000113;113;registro de prueba;2026-06-09T23:41:02.389413+00:00;2026-06-09T23:41:02.418551+00:00;29.13;502;error;;La respuesta no fue JSON válido
benchmark-api4-1000-c100-008;008-REQ-000114;114;registro de prueba;2026-06-09T23:41:02.389612+00:00;2026-06-09T23:41:02.418781+00:00;29.16;502;error;;La respuesta no fue JSON válido
benchmark-api4-1000-c100-008;008-REQ-000115;115;registro de prueba;2026-06-09T23:41:02.389793+00:00;2026-06-09T23:41:02.418671+00:00;28.87;502;error;;La respuesta no fue JSON válido
benchmark-api4-1000-c100-008;008-REQ-000116;116;registro de prueba;2026-06-09T23:41:02.390030+00:00;2026-06-09T23:41:02.418892+00:00;28.85;502;error;;La respuesta no fue JSON válido
benchmark-api4-1000-c100-008;008-REQ-000117;117;registro de prueba;2026-06-09T23:41:02.390259+00:00;2026-06-09T23:41:02.419003+00:00;28.73;502;error;;La respuesta no fue JSON válido
benchmark-api4-1000-c100-008;008-REQ-000118;118;registro de prueba;2026-06-09T23:41:02.390566+00:00;2026-06-09T23:41:02.419249+00:00;28.67;502;error;;La respuesta no fue JSON válido
benchmark-api4-1000-c100-008;008-REQ-000119;119;registro de prueba;2026-06-09T23:41:02.390916+00:00;2026-06-09T23:41:02.419350+00:00;28.42;502;error;;La respuesta no fue JSON válido
benchmark-api4-1000-c100-008;008-REQ-000120;120;registro de prueba;2026-06-09T23:41:02.391191+00:00;2026-06-09T23:41:02.419445+00:00;28.24;502;error;;La respuesta no fue JSON válido
benchmark-api4-1000-c100-008;008-REQ-000121;121;registro de prueba;2026-06-09T23:41:02.391432+00:00;2026-06-09T23:41:02.419643+00:00;28.2;502;error;;La respuesta no fue JSON válido
benchmark-api4-1000-c100-008;008-REQ-000122;122;registro de prueba;2026-06-09T23:41:02.391746+00:00;2026-06-09T23:41:02.418156+00:00;26.39;502;error;;La respuesta no fue JSON válido
benchmark-api4-1000-c100-008;008-REQ-000123;123;registro de prueba;2026-06-09T23:41:02.394190+00:00;2026-06-09T23:41:02.419115+00:00;24.91;502;error;;La respuesta no fue JSON válido
benchmark-api4-1000-c100-008;008-REQ-000124;124;registro de prueba;2026-06-09T23:41:02.394693+00:00;2026-06-09T23:41:02.429118+00:00;34.41;502;error;;La respuesta no fue JSON válido
benchmark-api4-1000-c100-008;008-REQ-000125;125;registro de prueba;2026-06-09T23:41:02.394999+00:00;2026-06-09T23:41:02.429227+00:00;34.22;502;error;;La respuesta no fue JSON válido
benchmark-api4-1000-c100-008;008-REQ-000126;126;registro de prueba;2026-06-09T23:41:02.395250+00:00;2026-06-09T23:41:02.429333+00:00;34.08;502;error;;La respuesta no fue JSON válido
benchmark-api4-1000-c100-008;008-REQ-000127;127;registro de prueba;2026-06-09T23:41:02.395440+00:00;2026-06-09T23:41:02.429556+00:00;34.11;502;error;;La respuesta no fue JSON válido
benchmark-api4-1000-c100-008;008-REQ-000128;128;registro de prueba;2026-06-09T23:41:02.395599+00:00;2026-06-09T23:41:02.429973+00:00;34.37;502;error;;La respuesta no fue JSON válido
benchmark-api4-1000-c100-008;008-REQ-000129;129;registro de prueba;2026-06-09T23:41:02.395749+00:00;2026-06-09T23:41:02.429663+00:00;33.91;502;error;;La respuesta no fue JSON válido
benchmark-api4-1000-c100-008;008-REQ-000130;130;registro de prueba;2026-06-09T23:41:02.395900+00:00;2026-06-09T23:41:02.428371+00:00;32.46;502;error;;La respuesta no fue JSON válido
benchmark-api4-1000-c100-008;008-REQ-000131;131;registro de prueba;2026-06-09T23:41:02.396045+00:00;2026-06-09T23:41:02.428494+00:00;32.44;502;error;;La respuesta no fue JSON válido
benchmark-api4-1000-c100-008;008-REQ-000132;132;registro de prueba;2026-06-09T23:41:02.396216+00:00;2026-06-09T23:41:02.429767+00:00;33.54;502;error;;La respuesta no fue JSON válido
benchmark-api4-1000-c100-008;008-REQ-000133;133;registro de prueba;2026-06-09T23:41:02.396373+00:00;2026-06-09T23:41:02.429863+00:00;33.48;502;error;;La respuesta no fue JSON válido
benchmark-api4-1000-c100-008;008-REQ-000134;134;registro de prueba;2026-06-09T23:41:02.396517+00:00;2026-06-09T23:41:02.429443+00:00;32.92;502;error;;La respuesta no fue JSON válido
benchmark-api4-1000-c100-008;008-REQ-000135;135;registro de prueba;2026-06-09T23:41:02.396714+00:00;2026-06-09T23:41:02.428768+00:00;32.05;502;error;;La respuesta no fue JSON válido
benchmark-api4-1000-c100-008;008-REQ-000136;136;registro de prueba;2026-06-09T23:41:02.397297+00:00;2026-06-09T23:41:02.430091+00:00;32.77;502;error;;La respuesta no fue JSON válido
benchmark-api4-1000-c100-008;008-REQ-000137;137;registro de prueba;2026-06-09T23:41:02.401446+00:00;2026-06-09T23:41:02.439943+00:00;38.47;502;error;;La respuesta no fue JSON válido
benchmark-api4-1000-c100-008;008-REQ-000138;138;registro de prueba;2026-06-09T23:41:02.402029+00:00;2026-06-09T23:41:02.428023+00:00;25.97;502;error;;La respuesta no fue JSON válido
benchmark-api4-1000-c100-008;008-REQ-000139;139;registro de prueba;2026-06-09T23:41:02.402603+00:00;2026-06-09T23:41:02.440196+00:00;37.57;502;error;;La respuesta no fue JSON válido
benchmark-api4-1000-c100-008;008-REQ-000140;140;registro de prueba;2026-06-09T23:41:02.403147+00:00;2026-06-09T23:41:02.440316+00:00;37.15;502;error;;La respuesta no fue JSON válido
benchmark-api4-1000-c100-008;008-REQ-000141;141;registro de prueba;2026-06-09T23:41:02.403642+00:00;2026-06-09T23:41:02.428232+00:00;24.57;502;error;;La respuesta no fue JSON válido
benchmark-api4-1000-c100-008;008-REQ-000142;142;registro de prueba;2026-06-09T23:41:02.404100+00:00;2026-06-09T23:41:02.440531+00:00;36.41;502;error;;La respuesta no fue JSON válido
benchmark-api4-1000-c100-008;008-REQ-000143;143;registro de prueba;2026-06-09T23:41:02.404586+00:00;2026-06-09T23:41:02.440675+00:00;36.06;502;error;;La respuesta no fue JSON válido
benchmark-api4-1000-c100-008;008-REQ-000144;144;registro de prueba;2026-06-09T23:41:02.405126+00:00;2026-06-09T23:41:02.440790+00:00;35.65;502;error;;La respuesta no fue JSON válido
benchmark-api4-1000-c100-008;008-REQ-000145;145;registro de prueba;2026-06-09T23:41:02.405501+00:00;2026-06-09T23:41:02.440905+00:00;35.39;502;error;;La respuesta no fue JSON válido
benchmark-api4-1000-c100-008;008-REQ-000146;146;registro de prueba;2026-06-09T23:41:02.405829+00:00;2026-06-09T23:41:02.441015+00:00;35.17;502;error;;La respuesta no fue JSON válido
benchmark-api4-1000-c100-008;008-REQ-000147;147;registro de prueba;2026-06-09T23:41:02.406195+00:00;2026-06-09T23:41:02.441114+00:00;34.9;502;error;;La respuesta no fue JSON válido
benchmark-api4-1000-c100-008;008-REQ-000148;148;registro de prueba;2026-06-09T23:41:02.406520+00:00;2026-06-09T23:41:02.441307+00:00;34.77;502;error;;La respuesta no fue JSON válido
benchmark-api4-1000-c100-008;008-REQ-000149;149;registro de prueba;2026-06-09T23:41:02.406859+00:00;2026-06-09T23:41:02.441505+00:00;34.63;502;error;;La respuesta no fue JSON válido
benchmark-api4-1000-c100-008;008-REQ-000150;150;registro de prueba;2026-06-09T23:41:02.407200+00:00;2026-06-09T23:41:02.441608+00:00;34.39;502;error;;La respuesta no fue JSON válido
benchmark-api4-1000-c100-008;008-REQ-000151;151;registro de prueba;2026-06-09T23:41:02.407580+00:00;2026-06-09T23:41:02.441725+00:00;34.13;502;error;;La respuesta no fue JSON válido
benchmark-api4-1000-c100-008;008-REQ-000152;152;registro de prueba;2026-06-09T23:41:02.407939+00:00;2026-06-09T23:41:02.441832+00:00;33.88;502;error;;La respuesta no fue JSON válido
benchmark-api4-1000-c100-008;008-REQ-000153;153;registro de prueba;2026-06-09T23:41:02.408277+00:00;2026-06-09T23:41:02.458061+00:00;49.77;502;error;;La respuesta no fue JSON válido
benchmark-api4-1000-c100-008;008-REQ-000154;154;registro de prueba;2026-06-09T23:41:02.408622+00:00;2026-06-09T23:41:02.441929+00:00;33.29;502;error;;La respuesta no fue JSON válido
benchmark-api4-1000-c100-008;008-REQ-000155;155;registro de prueba;2026-06-09T23:41:02.408935+00:00;2026-06-09T23:41:02.457811+00:00;48.86;502;error;;La respuesta no fue JSON válido
benchmark-api4-1000-c100-008;008-REQ-000156;156;registro de prueba;2026-06-09T23:41:02.411964+00:00;2026-06-09T23:41:02.439747+00:00;27.76;502;error;;La respuesta no fue JSON válido
benchmark-api4-1000-c100-008;008-REQ-000157;157;registro de prueba;2026-06-09T23:41:02.412564+00:00;2026-06-09T23:41:02.457697+00:00;45.12;502;error;;La respuesta no fue JSON válido
benchmark-api4-1000-c100-008;008-REQ-000158;158;registro de prueba;2026-06-09T23:41:02.412998+00:00;2026-06-09T23:41:02.456774+00:00;43.76;502;error;;La respuesta no fue JSON válido
benchmark-api4-1000-c100-008;008-REQ-000159;159;registro de prueba;2026-06-09T23:41:02.413428+00:00;2026-06-09T23:41:02.456928+00:00;43.48;502;error;;La respuesta no fue JSON válido
benchmark-api4-1000-c100-008;008-REQ-000160;160;registro de prueba;2026-06-09T23:41:02.413846+00:00;2026-06-09T23:41:02.457076+00:00;43.21;502;error;;La respuesta no fue JSON válido
benchmark-api4-1000-c100-008;008-REQ-000161;161;registro de prueba;2026-06-09T23:41:02.414180+00:00;2026-06-09T23:41:02.457009+00:00;42.81;502;error;;La respuesta no fue JSON válido
benchmark-api4-1000-c100-008;008-REQ-000162;162;registro de prueba;2026-06-09T23:41:02.414510+00:00;2026-06-09T23:41:02.440077+00:00;25.55;502;error;;La respuesta no fue JSON válido
benchmark-api4-1000-c100-008;008-REQ-000163;163;registro de prueba;2026-06-09T23:41:02.414872+00:00;2026-06-09T23:41:02.442028+00:00;27.14;502;error;;La respuesta no fue JSON válido
benchmark-api4-1000-c100-008;008-REQ-000164;164;registro de prueba;2026-06-09T23:41:02.415211+00:00;2026-06-09T23:41:02.457133+00:00;41.91;502;error;;La respuesta no fue JSON válido
benchmark-api4-1000-c100-008;008-REQ-000165;165;registro de prueba;2026-06-09T23:41:02.415583+00:00;2026-06-09T23:41:02.441401+00:00;25.8;502;error;;La respuesta no fue JSON válido
benchmark-api4-1000-c100-008;008-REQ-000166;166;registro de prueba;2026-06-09T23:41:02.415966+00:00;2026-06-09T23:41:02.457189+00:00;41.21;502;error;;La respuesta no fue JSON válido
benchmark-api4-1000-c100-008;008-REQ-000167;167;registro de prueba;2026-06-09T23:41:02.416365+00:00;2026-06-09T23:41:02.440428+00:00;24.04;502;error;;La respuesta no fue JSON válido
benchmark-api4-1000-c100-008;008-REQ-000168;168;registro de prueba;2026-06-09T23:41:02.416932+00:00;2026-06-09T23:41:02.458134+00:00;41.18;502;error;;La respuesta no fue JSON válido
benchmark-api4-1000-c100-008;008-REQ-000169;169;registro de prueba;2026-06-09T23:41:02.417408+00:00;2026-06-09T23:41:02.457865+00:00;40.44;502;error;;La respuesta no fue JSON válido
benchmark-api4-1000-c100-008;008-REQ-000170;170;registro de prueba;2026-06-09T23:41:02.421009+00:00;2026-06-09T23:41:02.457260+00:00;36.22;502;error;;La respuesta no fue JSON válido
benchmark-api4-1000-c100-008;008-REQ-000171;171;registro de prueba;2026-06-09T23:41:02.421727+00:00;2026-06-09T23:41:02.457321+00:00;35.57;502;error;;La respuesta no fue JSON válido
benchmark-api4-1000-c100-008;008-REQ-000172;172;registro de prueba;2026-06-09T23:41:02.422195+00:00;2026-06-09T23:41:02.457453+00:00;35.24;502;error;;La respuesta no fue JSON válido
benchmark-api4-1000-c100-008;008-REQ-000173;173;registro de prueba;2026-06-09T23:41:02.422832+00:00;2026-06-09T23:41:02.457397+00:00;34.54;502;error;;La respuesta no fue JSON válido
benchmark-api4-1000-c100-008;008-REQ-000174;174;registro de prueba;2026-06-09T23:41:02.423247+00:00;2026-06-09T23:41:02.457514+00:00;34.25;502;error;;La respuesta no fue JSON válido
benchmark-api4-1000-c100-008;008-REQ-000175;175;registro de prueba;2026-06-09T23:41:02.423626+00:00;2026-06-09T23:41:02.457638+00:00;33.99;502;error;;La respuesta no fue JSON válido
benchmark-api4-1000-c100-008;008-REQ-000176;176;registro de prueba;2026-06-09T23:41:02.424023+00:00;2026-06-09T23:41:02.457580+00:00;33.54;502;error;;La respuesta no fue JSON válido
benchmark-api4-1000-c100-008;008-REQ-000177;177;registro de prueba;2026-06-09T23:41:02.424440+00:00;2026-06-09T23:41:02.468657+00:00;44.2;502;error;;La respuesta no fue JSON válido
benchmark-api4-1000-c100-008;008-REQ-000178;178;registro de prueba;2026-06-09T23:41:02.424864+00:00;2026-06-09T23:41:02.468727+00:00;43.85;502;error;;La respuesta no fue JSON válido
benchmark-api4-1000-c100-008;008-REQ-000179;179;registro de prueba;2026-06-09T23:41:02.425231+00:00;2026-06-09T23:41:02.468867+00:00;43.62;502;error;;La respuesta no fue JSON válido
benchmark-api4-1000-c100-008;008-REQ-000180;180;registro de prueba;2026-06-09T23:41:02.425586+00:00;2026-06-09T23:41:02.468940+00:00;43.34;502;error;;La respuesta no fue JSON válido
benchmark-api4-1000-c100-008;008-REQ-000181;181;registro de prueba;2026-06-09T23:41:02.425934+00:00;2026-06-09T23:41:02.469130+00:00;43.18;502;error;;La respuesta no fue JSON válido
benchmark-api4-1000-c100-008;008-REQ-000182;182;registro de prueba;2026-06-09T23:41:02.426292+00:00;2026-06-09T23:41:02.469256+00:00;42.95;502;error;;La respuesta no fue JSON válido
benchmark-api4-1000-c100-008;008-REQ-000183;183;registro de prueba;2026-06-09T23:41:02.426713+00:00;2026-06-09T23:41:02.457989+00:00;31.26;502;error;;La respuesta no fue JSON válido
benchmark-api4-1000-c100-008;008-REQ-000184;184;registro de prueba;2026-06-09T23:41:02.427106+00:00;2026-06-09T23:41:02.469326+00:00;42.2;502;error;;La respuesta no fue JSON válido
benchmark-api4-1000-c100-008;008-REQ-000185;185;registro de prueba;2026-06-09T23:41:02.427461+00:00;2026-06-09T23:41:02.469462+00:00;41.99;502;error;;La respuesta no fue JSON válido
benchmark-api4-1000-c100-008;008-REQ-000186;186;registro de prueba;2026-06-09T23:41:02.432048+00:00;2026-06-09T23:41:02.467841+00:00;35.75;502;error;;La respuesta no fue JSON válido
benchmark-api4-1000-c100-008;008-REQ-000187;187;registro de prueba;2026-06-09T23:41:02.432787+00:00;2026-06-09T23:41:02.468291+00:00;35.48;502;error;;La respuesta no fue JSON válido
benchmark-api4-1000-c100-008;008-REQ-000188;188;registro de prueba;2026-06-09T23:41:02.433248+00:00;2026-06-09T23:41:02.468375+00:00;35.11;502;error;;La respuesta no fue JSON válido
benchmark-api4-1000-c100-008;008-REQ-000189;189;registro de prueba;2026-06-09T23:41:02.433630+00:00;2026-06-09T23:41:02.468450+00:00;34.8;502;error;;La respuesta no fue JSON válido
benchmark-api4-1000-c100-008;008-REQ-000190;190;registro de prueba;2026-06-09T23:41:02.434015+00:00;2026-06-09T23:41:02.468514+00:00;34.48;502;error;;La respuesta no fue JSON válido
benchmark-api4-1000-c100-008;008-REQ-000191;191;registro de prueba;2026-06-09T23:41:02.434485+00:00;2026-06-09T23:41:02.469397+00:00;34.89;502;error;;La respuesta no fue JSON válido
benchmark-api4-1000-c100-008;008-REQ-000192;192;registro de prueba;2026-06-09T23:41:02.434987+00:00;2026-06-09T23:41:02.468585+00:00;33.58;502;error;;La respuesta no fue JSON válido
benchmark-api4-1000-c100-008;008-REQ-000193;193;registro de prueba;2026-06-09T23:41:02.435396+00:00;2026-06-09T23:41:02.468793+00:00;33.38;502;error;;La respuesta no fue JSON válido
benchmark-api4-1000-c100-008;008-REQ-000194;194;registro de prueba;2026-06-09T23:41:02.435783+00:00;2026-06-09T23:41:02.483891+00:00;48.09;502;error;;La respuesta no fue JSON válido
benchmark-api4-1000-c100-008;008-REQ-000195;195;registro de prueba;2026-06-09T23:41:02.436185+00:00;2026-06-09T23:41:02.484187+00:00;47.99;502;error;;La respuesta no fue JSON válido
benchmark-api4-1000-c100-008;008-REQ-000196;196;registro de prueba;2026-06-09T23:41:02.436612+00:00;2026-06-09T23:41:02.484306+00:00;47.68;502;error;;La respuesta no fue JSON válido
benchmark-api4-1000-c100-008;008-REQ-000197;197;registro de prueba;2026-06-09T23:41:02.437041+00:00;2026-06-09T23:41:02.485041+00:00;47.98;502;error;;La respuesta no fue JSON válido
benchmark-api4-1000-c100-008;008-REQ-000198;198;registro de prueba;2026-06-09T23:41:02.437522+00:00;2026-06-09T23:41:02.484524+00:00;46.99;502;error;;La respuesta no fue JSON válido
benchmark-api4-1000-c100-008;008-REQ-000199;199;registro de prueba;2026-06-09T23:41:02.437865+00:00;2026-06-09T23:41:02.484418+00:00;46.54;502;error;;La respuesta no fue JSON válido
benchmark-api4-1000-c100-008;008-REQ-000200;200;registro de prueba;2026-06-09T23:41:02.438189+00:00;2026-06-09T23:41:02.484839+00:00;46.64;502;error;;La respuesta no fue JSON válido
benchmark-api4-1000-c100-008;008-REQ-000201;201;registro de prueba;2026-06-09T23:41:02.438562+00:00;2026-06-09T23:41:02.484937+00:00;46.36;502;error;;La respuesta no fue JSON válido
benchmark-api4-1000-c100-008;008-REQ-000202;202;registro de prueba;2026-06-09T23:41:02.438916+00:00;2026-06-09T23:41:02.484737+00:00;45.81;502;error;;La respuesta no fue JSON válido
benchmark-api4-1000-c100-008;008-REQ-000203;203;registro de prueba;2026-06-09T23:41:02.439252+00:00;2026-06-09T23:41:02.485141+00:00;45.87;502;error;;La respuesta no fue JSON válido
benchmark-api4-1000-c100-008;008-REQ-000204;204;registro de prueba;2026-06-09T23:41:02.443919+00:00;2026-06-09T23:41:02.481320+00:00;37.37;502;error;;La respuesta no fue JSON válido
benchmark-api4-1000-c100-008;008-REQ-000205;205;registro de prueba;2026-06-09T23:41:02.444672+00:00;2026-06-09T23:41:02.481578+00:00;36.88;502;error;;La respuesta no fue JSON válido
benchmark-api4-1000-c100-008;008-REQ-000206;206;registro de prueba;2026-06-09T23:41:02.445119+00:00;2026-06-09T23:41:02.481766+00:00;36.63;502;error;;La respuesta no fue JSON válido
benchmark-api4-1000-c100-008;008-REQ-000207;207;registro de prueba;2026-06-09T23:41:02.445539+00:00;2026-06-09T23:41:02.481904+00:00;36.35;502;error;;La respuesta no fue JSON válido
benchmark-api4-1000-c100-008;008-REQ-000208;208;registro de prueba;2026-06-09T23:41:02.446079+00:00;2026-06-09T23:41:02.482178+00:00;36.08;502;error;;La respuesta no fue JSON válido
benchmark-api4-1000-c100-008;008-REQ-000209;209;registro de prueba;2026-06-09T23:41:02.446905+00:00;2026-06-09T23:41:02.482337+00:00;35.41;502;error;;La respuesta no fue JSON válido
benchmark-api4-1000-c100-008;008-REQ-000210;210;registro de prueba;2026-06-09T23:41:02.447402+00:00;2026-06-09T23:41:02.482649+00:00;35.23;502;error;;La respuesta no fue JSON válido
benchmark-api4-1000-c100-008;008-REQ-000211;211;registro de prueba;2026-06-09T23:41:02.447882+00:00;2026-06-09T23:41:02.482805+00:00;34.9;502;error;;La respuesta no fue JSON válido
benchmark-api4-1000-c100-008;008-REQ-000212;212;registro de prueba;2026-06-09T23:41:02.448746+00:00;2026-06-09T23:41:02.483105+00:00;34.19;502;error;;La respuesta no fue JSON válido
benchmark-api4-1000-c100-008;008-REQ-000213;213;registro de prueba;2026-06-09T23:41:02.450311+00:00;2026-06-09T23:41:02.483210+00:00;32.87;502;error;;La respuesta no fue JSON válido
benchmark-api4-1000-c100-008;008-REQ-000214;214;registro de prueba;2026-06-09T23:41:02.451191+00:00;2026-06-09T23:41:02.483307+00:00;32.09;502;error;;La respuesta no fue JSON válido
benchmark-api4-1000-c100-008;008-REQ-000215;215;registro de prueba;2026-06-09T23:41:02.451896+00:00;2026-06-09T23:41:02.483404+00:00;31.49;502;error;;La respuesta no fue JSON válido
benchmark-api4-1000-c100-008;008-REQ-000216;216;registro de prueba;2026-06-09T23:41:02.452651+00:00;2026-06-09T23:41:02.483501+00:00;30.83;502;error;;La respuesta no fue JSON válido
benchmark-api4-1000-c100-008;008-REQ-000217;217;registro de prueba;2026-06-09T23:41:02.453084+00:00;2026-06-09T23:41:02.483714+00:00;30.61;502;error;;La respuesta no fue JSON válido
benchmark-api4-1000-c100-008;008-REQ-000218;218;registro de prueba;2026-06-09T23:41:02.453595+00:00;2026-06-09T23:41:02.484054+00:00;30.4;502;error;;La respuesta no fue JSON válido
benchmark-api4-1000-c100-008;008-REQ-000219;219;registro de prueba;2026-06-09T23:41:02.454092+00:00;2026-06-09T23:41:02.499472+00:00;45.36;502;error;;La respuesta no fue JSON válido
benchmark-api4-1000-c100-008;008-REQ-000220;220;registro de prueba;2026-06-09T23:41:02.455157+00:00;2026-06-09T23:41:02.499609+00:00;44.42;502;error;;La respuesta no fue JSON válido
benchmark-api4-1000-c100-008;008-REQ-000221;221;registro de prueba;2026-06-09T23:41:02.455593+00:00;2026-06-09T23:41:02.484628+00:00;29.02;502;error;;La respuesta no fue JSON válido
benchmark-api4-1000-c100-008;008-REQ-000222;222;registro de prueba;2026-06-09T23:41:02.455841+00:00;2026-06-09T23:41:02.499963+00:00;44.11;502;error;;La respuesta no fue JSON válido
benchmark-api4-1000-c100-008;008-REQ-000223;223;registro de prueba;2026-06-09T23:41:02.456066+00:00;2026-06-09T23:41:02.500106+00:00;44.03;502;error;;La respuesta no fue JSON válido
benchmark-api4-1000-c100-008;008-REQ-000224;224;registro de prueba;2026-06-09T23:41:02.456300+00:00;2026-06-09T23:41:02.482048+00:00;25.74;502;error;;La respuesta no fue JSON válido
benchmark-api4-1000-c100-008;008-REQ-000225;225;registro de prueba;2026-06-09T23:41:02.459246+00:00;2026-06-09T23:41:02.499117+00:00;39.85;502;error;;La respuesta no fue JSON válido
benchmark-api4-1000-c100-008;008-REQ-000226;226;registro de prueba;2026-06-09T23:41:02.459838+00:00;2026-06-09T23:41:02.504649+00:00;44.8;502;error;;La respuesta no fue JSON válido
benchmark-api4-1000-c100-008;008-REQ-000227;227;registro de prueba;2026-06-09T23:41:02.460138+00:00;2026-06-09T23:41:02.504807+00:00;44.66;502;error;;La respuesta no fue JSON válido
benchmark-api4-1000-c100-008;008-REQ-000228;228;registro de prueba;2026-06-09T23:41:02.460354+00:00;2026-06-09T23:41:02.504911+00:00;44.55;502;error;;La respuesta no fue JSON válido
benchmark-api4-1000-c100-008;008-REQ-000229;229;registro de prueba;2026-06-09T23:41:02.460533+00:00;2026-06-09T23:41:02.505019+00:00;44.48;502;error;;La respuesta no fue JSON válido
benchmark-api4-1000-c100-008;008-REQ-000230;230;registro de prueba;2026-06-09T23:41:02.460858+00:00;2026-06-09T23:41:02.505229+00:00;44.35;502;error;;La respuesta no fue JSON válido
benchmark-api4-1000-c100-008;008-REQ-000231;231;registro de prueba;2026-06-09T23:41:02.461276+00:00;2026-06-09T23:41:02.516911+00:00;55.62;502;error;;La respuesta no fue JSON válido
benchmark-api4-1000-c100-008;008-REQ-000232;232;registro de prueba;2026-06-09T23:41:02.461531+00:00;2026-06-09T23:41:02.505925+00:00;44.39;502;error;;La respuesta no fue JSON válido
benchmark-api4-1000-c100-008;008-REQ-000233;233;registro de prueba;2026-06-09T23:41:02.461707+00:00;2026-06-09T23:41:02.505421+00:00;43.71;502;error;;La respuesta no fue JSON válido
benchmark-api4-1000-c100-008;008-REQ-000234;234;registro de prueba;2026-06-09T23:41:02.461894+00:00;2026-06-09T23:41:02.505325+00:00;43.42;502;error;;La respuesta no fue JSON válido
benchmark-api4-1000-c100-008;008-REQ-000235;235;registro de prueba;2026-06-09T23:41:02.462109+00:00;2026-06-09T23:41:02.505525+00:00;43.4;502;error;;La respuesta no fue JSON válido
benchmark-api4-1000-c100-008;008-REQ-000236;236;registro de prueba;2026-06-09T23:41:02.462424+00:00;2026-06-09T23:41:02.505820+00:00;43.38;502;error;;La respuesta no fue JSON válido
benchmark-api4-1000-c100-008;008-REQ-000237;237;registro de prueba;2026-06-09T23:41:02.462734+00:00;2026-06-09T23:41:02.517441+00:00;54.7;502;error;;La respuesta no fue JSON válido
benchmark-api4-1000-c100-008;008-REQ-000238;238;registro de prueba;2026-06-09T23:41:02.462955+00:00;2026-06-09T23:41:02.517641+00:00;54.68;502;error;;La respuesta no fue JSON válido
benchmark-api4-1000-c100-008;008-REQ-000239;239;registro de prueba;2026-06-09T23:41:02.463165+00:00;2026-06-09T23:41:02.518327+00:00;55.15;502;error;;La respuesta no fue JSON válido
benchmark-api4-1000-c100-008;008-REQ-000240;240;registro de prueba;2026-06-09T23:41:02.463434+00:00;2026-06-09T23:41:02.499845+00:00;36.4;502;error;;La respuesta no fue JSON válido
benchmark-api4-1000-c100-008;008-REQ-000241;241;registro de prueba;2026-06-09T23:41:02.464142+00:00;2026-06-09T23:41:02.500222+00:00;36.05;502;error;;La respuesta no fue JSON válido
benchmark-api4-1000-c100-008;008-REQ-000242;242;registro de prueba;2026-06-09T23:41:02.464935+00:00;2026-06-09T23:41:02.505629+00:00;40.67;502;error;;La respuesta no fue JSON válido
benchmark-api4-1000-c100-008;008-REQ-000243;243;registro de prueba;2026-06-09T23:41:02.465487+00:00;2026-06-09T23:41:02.518550+00:00;53.04;502;error;;La respuesta no fue JSON válido
benchmark-api4-1000-c100-008;008-REQ-000244;244;registro de prueba;2026-06-09T23:41:02.466162+00:00;2026-06-09T23:41:02.505729+00:00;39.55;502;error;;La respuesta no fue JSON válido
benchmark-api4-1000-c100-008;008-REQ-000245;245;registro de prueba;2026-06-09T23:41:02.466862+00:00;2026-06-09T23:41:02.505126+00:00;38.25;502;error;;La respuesta no fue JSON válido
benchmark-api4-1000-c100-008;008-REQ-000246;246;registro de prueba;2026-06-09T23:41:02.467292+00:00;2026-06-09T23:41:02.518765+00:00;51.46;502;error;;La respuesta no fue JSON válido
benchmark-api4-1000-c100-008;008-REQ-000247;247;registro de prueba;2026-06-09T23:41:02.470710+00:00;2026-06-09T23:41:02.515720+00:00;44.91;502;error;;La respuesta no fue JSON válido
benchmark-api4-1000-c100-008;008-REQ-000248;248;registro de prueba;2026-06-09T23:41:02.471700+00:00;2026-06-09T23:41:02.515950+00:00;44.23;502;error;;La respuesta no fue JSON válido
benchmark-api4-1000-c100-008;008-REQ-000249;249;registro de prueba;2026-06-09T23:41:02.472427+00:00;2026-06-09T23:41:02.516992+00:00;44.53;502;error;;La respuesta no fue JSON válido
benchmark-api4-1000-c100-008;008-REQ-000250;250;registro de prueba;2026-06-09T23:41:02.472965+00:00;2026-06-09T23:41:02.517056+00:00;44.08;502;error;;La respuesta no fue JSON válido
benchmark-api4-1000-c100-008;008-REQ-000251;251;registro de prueba;2026-06-09T23:41:02.474572+00:00;2026-06-09T23:41:02.517120+00:00;42.51;502;error;;La respuesta no fue JSON válido
benchmark-api4-1000-c100-008;008-REQ-000252;252;registro de prueba;2026-06-09T23:41:02.475147+00:00;2026-06-09T23:41:02.517245+00:00;42.08;502;error;;La respuesta no fue JSON válido
benchmark-api4-1000-c100-008;008-REQ-000253;253;registro de prueba;2026-06-09T23:41:02.475605+00:00;2026-06-09T23:41:02.517301+00:00;41.68;502;error;;La respuesta no fue JSON válido
benchmark-api4-1000-c100-008;008-REQ-000254;254;registro de prueba;2026-06-09T23:41:02.476212+00:00;2026-06-09T23:41:02.517508+00:00;41.28;502;error;;La respuesta no fue JSON válido
benchmark-api4-1000-c100-008;008-REQ-000255;255;registro de prueba;2026-06-09T23:41:02.476649+00:00;2026-06-09T23:41:02.517570+00:00;40.89;502;error;;La respuesta no fue JSON válido
benchmark-api4-1000-c100-008;008-REQ-000256;256;registro de prueba;2026-06-09T23:41:02.477058+00:00;2026-06-09T23:41:02.517700+00:00;40.63;502;error;;La respuesta no fue JSON válido
benchmark-api4-1000-c100-008;008-REQ-000257;257;registro de prueba;2026-06-09T23:41:02.477699+00:00;2026-06-09T23:41:02.517768+00:00;40.05;502;error;;La respuesta no fue JSON válido
benchmark-api4-1000-c100-008;008-REQ-000258;258;registro de prueba;2026-06-09T23:41:02.478176+00:00;2026-06-09T23:41:02.517964+00:00;39.77;502;error;;La respuesta no fue JSON válido
benchmark-api4-1000-c100-008;008-REQ-000259;259;registro de prueba;2026-06-09T23:41:02.478567+00:00;2026-06-09T23:41:02.518108+00:00;39.52;502;error;;La respuesta no fue JSON válido
benchmark-api4-1000-c100-008;008-REQ-000260;260;registro de prueba;2026-06-09T23:41:02.478938+00:00;2026-06-09T23:41:02.518229+00:00;39.28;502;error;;La respuesta no fue JSON válido
benchmark-api4-1000-c100-008;008-REQ-000261;261;registro de prueba;2026-06-09T23:41:02.479308+00:00;2026-06-09T23:41:02.518424+00:00;39.1;502;error;;La respuesta no fue JSON válido
benchmark-api4-1000-c100-008;008-REQ-000262;262;registro de prueba;2026-06-09T23:41:02.479654+00:00;2026-06-09T23:41:02.518648+00:00;38.98;502;error;;La respuesta no fue JSON válido
benchmark-api4-1000-c100-008;008-REQ-000263;263;registro de prueba;2026-06-09T23:41:02.480026+00:00;2026-06-09T23:41:02.518705+00:00;38.66;502;error;;La respuesta no fue JSON válido
benchmark-api4-1000-c100-008;008-REQ-000264;264;registro de prueba;2026-06-09T23:41:02.480640+00:00;2026-06-09T23:41:02.517180+00:00;36.52;502;error;;La respuesta no fue JSON válido
benchmark-api4-1000-c100-008;008-REQ-000265;265;registro de prueba;2026-06-09T23:41:02.485977+00:00;2026-06-09T23:41:02.515388+00:00;29.39;502;error;;La respuesta no fue JSON válido
benchmark-api4-1000-c100-008;008-REQ-000266;266;registro de prueba;2026-06-09T23:41:02.486617+00:00;2026-06-09T23:41:02.515620+00:00;28.99;502;error;;La respuesta no fue JSON válido
benchmark-api4-1000-c100-008;008-REQ-000267;267;registro de prueba;2026-06-09T23:41:02.487038+00:00;2026-06-09T23:41:02.515809+00:00;28.76;502;error;;La respuesta no fue JSON válido
benchmark-api4-1000-c100-008;008-REQ-000268;268;registro de prueba;2026-06-09T23:41:02.487418+00:00;2026-06-09T23:41:02.516108+00:00;28.67;502;error;;La respuesta no fue JSON válido
benchmark-api4-1000-c100-008;008-REQ-000269;269;registro de prueba;2026-06-09T23:41:02.487794+00:00;2026-06-09T23:41:02.535311+00:00;47.5;502;error;;La respuesta no fue JSON válido
benchmark-api4-1000-c100-008;008-REQ-000270;270;registro de prueba;2026-06-09T23:41:02.488170+00:00;2026-06-09T23:41:02.516686+00:00;28.5;502;error;;La respuesta no fue JSON válido
benchmark-api4-1000-c100-008;008-REQ-000271;271;registro de prueba;2026-06-09T23:41:02.488526+00:00;2026-06-09T23:41:02.517367+00:00;28.83;502;error;;La respuesta no fue JSON válido
benchmark-api4-1000-c100-008;008-REQ-000272;272;registro de prueba;2026-06-09T23:41:02.488884+00:00;2026-06-09T23:41:02.535112+00:00;46.21;502;error;;La respuesta no fue JSON válido
benchmark-api4-1000-c100-008;008-REQ-000273;273;registro de prueba;2026-06-09T23:41:02.489266+00:00;2026-06-09T23:41:02.535209+00:00;45.93;502;error;;La respuesta no fue JSON válido
benchmark-api4-1000-c100-008;008-REQ-000274;274;registro de prueba;2026-06-09T23:41:02.489798+00:00;2026-06-09T23:41:02.534691+00:00;44.88;502;error;;La respuesta no fue JSON válido
benchmark-api4-1000-c100-008;008-REQ-000275;275;registro de prueba;2026-06-09T23:41:02.490183+00:00;2026-06-09T23:41:02.543876+00:00;53.68;502;error;;La respuesta no fue JSON válido
benchmark-api4-1000-c100-008;008-REQ-000276;276;registro de prueba;2026-06-09T23:41:02.491006+00:00;2026-06-09T23:41:02.534035+00:00;43.0;502;error;;La respuesta no fue JSON válido
benchmark-api4-1000-c100-008;008-REQ-000277;277;registro de prueba;2026-06-09T23:41:02.491464+00:00;2026-06-09T23:41:02.534213+00:00;42.73;502;error;;La respuesta no fue JSON válido
benchmark-api4-1000-c100-008;008-REQ-000278;278;registro de prueba;2026-06-09T23:41:02.492144+00:00;2026-06-09T23:41:02.544142+00:00;51.98;502;error;;La respuesta no fue JSON válido
benchmark-api4-1000-c100-008;008-REQ-000279;279;registro de prueba;2026-06-09T23:41:02.492547+00:00;2026-06-09T23:41:02.534477+00:00;41.91;502;error;;La respuesta no fue JSON válido
benchmark-api4-1000-c100-008;008-REQ-000280;280;registro de prueba;2026-06-09T23:41:02.492938+00:00;2026-06-09T23:41:02.534587+00:00;41.64;502;error;;La respuesta no fue JSON válido
benchmark-api4-1000-c100-008;008-REQ-000281;281;registro de prueba;2026-06-09T23:41:02.493250+00:00;2026-06-09T23:41:02.534341+00:00;41.08;502;error;;La respuesta no fue JSON válido
benchmark-api4-1000-c100-008;008-REQ-000282;282;registro de prueba;2026-06-09T23:41:02.493665+00:00;2026-06-09T23:41:02.534802+00:00;41.12;502;error;;La respuesta no fue JSON válido
benchmark-api4-1000-c100-008;008-REQ-000283;283;registro de prueba;2026-06-09T23:41:02.494109+00:00;2026-06-09T23:41:02.534909+00:00;40.74;502;error;;La respuesta no fue JSON válido
benchmark-api4-1000-c100-008;008-REQ-000284;284;registro de prueba;2026-06-09T23:41:02.494526+00:00;2026-06-09T23:41:02.544254+00:00;49.72;502;error;;La respuesta no fue JSON válido
benchmark-api4-1000-c100-008;008-REQ-000285;285;registro de prueba;2026-06-09T23:41:02.494834+00:00;2026-06-09T23:41:02.544610+00:00;49.76;502;error;;La respuesta no fue JSON válido
benchmark-api4-1000-c100-008;008-REQ-000286;286;registro de prueba;2026-06-09T23:41:02.495171+00:00;2026-06-09T23:41:02.544922+00:00;49.7;502;error;;La respuesta no fue JSON válido
benchmark-api4-1000-c100-008;008-REQ-000287;287;registro de prueba;2026-06-09T23:41:02.495677+00:00;2026-06-09T23:41:02.545028+00:00;49.34;502;error;;La respuesta no fue JSON válido
benchmark-api4-1000-c100-008;008-REQ-000288;288;registro de prueba;2026-06-09T23:41:02.496012+00:00;2026-06-09T23:41:02.545325+00:00;49.25;502;error;;La respuesta no fue JSON válido
benchmark-api4-1000-c100-008;008-REQ-000289;289;registro de prueba;2026-06-09T23:41:02.496521+00:00;2026-06-09T23:41:02.546102+00:00;49.56;502;error;;La respuesta no fue JSON válido
benchmark-api4-1000-c100-008;008-REQ-000290;290;registro de prueba;2026-06-09T23:41:02.497009+00:00;2026-06-09T23:41:02.545869+00:00;48.84;502;error;;La respuesta no fue JSON válido
benchmark-api4-1000-c100-008;008-REQ-000291;291;registro de prueba;2026-06-09T23:41:02.497534+00:00;2026-06-09T23:41:02.545982+00:00;48.43;502;error;;La respuesta no fue JSON válido
benchmark-api4-1000-c100-008;008-REQ-000292;292;registro de prueba;2026-06-09T23:41:02.497986+00:00;2026-06-09T23:41:02.545927+00:00;47.92;502;error;;La respuesta no fue JSON válido
benchmark-api4-1000-c100-008;008-REQ-000293;293;registro de prueba;2026-06-09T23:41:02.498422+00:00;2026-06-09T23:41:02.546162+00:00;47.72;502;error;;La respuesta no fue JSON válido
benchmark-api4-1000-c100-008;008-REQ-000294;294;registro de prueba;2026-06-09T23:41:02.501300+00:00;2026-06-09T23:41:02.543256+00:00;41.93;502;error;;La respuesta no fue JSON válido
benchmark-api4-1000-c100-008;008-REQ-000295;295;registro de prueba;2026-06-09T23:41:02.501963+00:00;2026-06-09T23:41:02.544489+00:00;42.51;502;error;;La respuesta no fue JSON válido
benchmark-api4-1000-c100-008;008-REQ-000296;296;registro de prueba;2026-06-09T23:41:02.502404+00:00;2026-06-09T23:41:02.544723+00:00;42.3;502;error;;La respuesta no fue JSON válido
benchmark-api4-1000-c100-008;008-REQ-000297;297;registro de prueba;2026-06-09T23:41:02.502797+00:00;2026-06-09T23:41:02.544825+00:00;42.01;502;error;;La respuesta no fue JSON válido
benchmark-api4-1000-c100-008;008-REQ-000298;298;registro de prueba;2026-06-09T23:41:02.503148+00:00;2026-06-09T23:41:02.544020+00:00;40.86;502;error;;La respuesta no fue JSON válido
benchmark-api4-1000-c100-008;008-REQ-000299;299;registro de prueba;2026-06-09T23:41:02.503483+00:00;2026-06-09T23:41:02.545709+00:00;42.21;502;error;;La respuesta no fue JSON válido
benchmark-api4-1000-c100-008;008-REQ-000300;300;registro de prueba;2026-06-09T23:41:02.503810+00:00;2026-06-09T23:41:02.545804+00:00;41.98;502;error;;La respuesta no fue JSON válido
benchmark-api4-1000-c100-008;008-REQ-000301;301;registro de prueba;2026-06-09T23:41:02.504127+00:00;2026-06-09T23:41:02.545211+00:00;41.07;502;error;;La respuesta no fue JSON válido
benchmark-api4-1000-c100-008;008-REQ-000302;302;registro de prueba;2026-06-09T23:41:02.508189+00:00;2026-06-09T23:41:02.543454+00:00;35.24;502;error;;La respuesta no fue JSON válido
benchmark-api4-1000-c100-008;008-REQ-000303;303;registro de prueba;2026-06-09T23:41:02.508912+00:00;2026-06-09T23:41:02.562777+00:00;53.84;502;error;;La respuesta no fue JSON válido
benchmark-api4-1000-c100-008;008-REQ-000304;304;registro de prueba;2026-06-09T23:41:02.509229+00:00;2026-06-09T23:41:02.562903+00:00;53.67;502;error;;La respuesta no fue JSON válido
benchmark-api4-1000-c100-008;008-REQ-000305;305;registro de prueba;2026-06-09T23:41:02.509499+00:00;2026-06-09T23:41:02.563019+00:00;53.51;502;error;;La respuesta no fue JSON válido
benchmark-api4-1000-c100-008;008-REQ-000306;306;registro de prueba;2026-06-09T23:41:02.509766+00:00;2026-06-09T23:41:02.544371+00:00;34.59;502;error;;La respuesta no fue JSON válido
benchmark-api4-1000-c100-008;008-REQ-000307;307;registro de prueba;2026-06-09T23:41:02.510755+00:00;2026-06-09T23:41:02.563461+00:00;52.68;502;error;;La respuesta no fue JSON válido
benchmark-api4-1000-c100-008;008-REQ-000308;308;registro de prueba;2026-06-09T23:41:02.511698+00:00;2026-06-09T23:41:02.564362+00:00;52.64;502;error;;La respuesta no fue JSON válido
benchmark-api4-1000-c100-008;008-REQ-000309;309;registro de prueba;2026-06-09T23:41:02.512224+00:00;2026-06-09T23:41:02.564110+00:00;51.87;502;error;;La respuesta no fue JSON válido
benchmark-api4-1000-c100-008;008-REQ-000310;310;registro de prueba;2026-06-09T23:41:02.512664+00:00;2026-06-09T23:41:02.564845+00:00;52.11;502;error;;La respuesta no fue JSON válido
benchmark-api4-1000-c100-008;008-REQ-000311;311;registro de prueba;2026-06-09T23:41:02.513044+00:00;2026-06-09T23:41:02.545525+00:00;32.47;502;error;;La respuesta no fue JSON válido
benchmark-api4-1000-c100-008;008-REQ-000312;312;registro de prueba;2026-06-09T23:41:02.513294+00:00;2026-06-09T23:41:02.566485+00:00;53.18;502;error;;La respuesta no fue JSON válido
benchmark-api4-1000-c100-008;008-REQ-000313;313;registro de prueba;2026-06-09T23:41:02.513659+00:00;2026-06-09T23:41:02.565102+00:00;51.4;502;error;;La respuesta no fue JSON válido
benchmark-api4-1000-c100-008;008-REQ-000314;314;registro de prueba;2026-06-09T23:41:02.514658+00:00;2026-06-09T23:41:02.566689+00:00;51.97;502;error;;La respuesta no fue JSON válido
benchmark-api4-1000-c100-008;008-REQ-000315;315;registro de prueba;2026-06-09T23:41:02.519590+00:00;2026-06-09T23:41:02.562041+00:00;42.42;502;error;;La respuesta no fue JSON válido
benchmark-api4-1000-c100-008;008-REQ-000316;316;registro de prueba;2026-06-09T23:41:02.520256+00:00;2026-06-09T23:41:02.562236+00:00;41.96;502;error;;La respuesta no fue JSON válido
benchmark-api4-1000-c100-008;008-REQ-000317;317;registro de prueba;2026-06-09T23:41:02.520707+00:00;2026-06-09T23:41:02.562483+00:00;41.76;502;error;;La respuesta no fue JSON válido
benchmark-api4-1000-c100-008;008-REQ-000318;318;registro de prueba;2026-06-09T23:41:02.521477+00:00;2026-06-09T23:41:02.562648+00:00;41.16;502;error;;La respuesta no fue JSON válido
benchmark-api4-1000-c100-008;008-REQ-000319;319;registro de prueba;2026-06-09T23:41:02.521891+00:00;2026-06-09T23:41:02.563163+00:00;41.26;502;error;;La respuesta no fue JSON válido
benchmark-api4-1000-c100-008;008-REQ-000320;320;registro de prueba;2026-06-09T23:41:02.522201+00:00;2026-06-09T23:41:02.563321+00:00;41.11;502;error;;La respuesta no fue JSON válido
benchmark-api4-1000-c100-008;008-REQ-000321;321;registro de prueba;2026-06-09T23:41:02.522656+00:00;2026-06-09T23:41:02.563594+00:00;40.92;502;error;;La respuesta no fue JSON válido
benchmark-api4-1000-c100-008;008-REQ-000322;322;registro de prueba;2026-06-09T23:41:02.523107+00:00;2026-06-09T23:41:02.563728+00:00;40.61;502;error;;La respuesta no fue JSON válido
benchmark-api4-1000-c100-008;008-REQ-000323;323;registro de prueba;2026-06-09T23:41:02.523501+00:00;2026-06-09T23:41:02.563853+00:00;40.32;502;error;;La respuesta no fue JSON válido
benchmark-api4-1000-c100-008;008-REQ-000324;324;registro de prueba;2026-06-09T23:41:02.524223+00:00;2026-06-09T23:41:02.564236+00:00;39.98;502;error;;La respuesta no fue JSON válido
benchmark-api4-1000-c100-008;008-REQ-000325;325;registro de prueba;2026-06-09T23:41:02.524552+00:00;2026-06-09T23:41:02.564722+00:00;40.16;502;error;;La respuesta no fue JSON válido
benchmark-api4-1000-c100-008;008-REQ-000326;326;registro de prueba;2026-06-09T23:41:02.524830+00:00;2026-06-09T23:41:02.565291+00:00;40.45;502;error;;La respuesta no fue JSON válido
benchmark-api4-1000-c100-008;008-REQ-000327;327;registro de prueba;2026-06-09T23:41:02.525057+00:00;2026-06-09T23:41:02.564489+00:00;39.42;502;error;;La respuesta no fue JSON válido
benchmark-api4-1000-c100-008;008-REQ-000328;328;registro de prueba;2026-06-09T23:41:02.525262+00:00;2026-06-09T23:41:02.564606+00:00;39.34;502;error;;La respuesta no fue JSON válido
benchmark-api4-1000-c100-008;008-REQ-000329;329;registro de prueba;2026-06-09T23:41:02.525550+00:00;2026-06-09T23:41:02.584411+00:00;58.84;502;error;;La respuesta no fue JSON válido
benchmark-api4-1000-c100-008;008-REQ-000330;330;registro de prueba;2026-06-09T23:41:02.526039+00:00;2026-06-09T23:41:02.584742+00:00;58.67;502;error;;La respuesta no fue JSON válido
benchmark-api4-1000-c100-008;008-REQ-000331;331;registro de prueba;2026-06-09T23:41:02.526537+00:00;2026-06-09T23:41:02.565615+00:00;39.05;502;error;;La respuesta no fue JSON válido
benchmark-api4-1000-c100-008;008-REQ-000332;332;registro de prueba;2026-06-09T23:41:02.526944+00:00;2026-06-09T23:41:02.585153+00:00;58.03;502;error;;La respuesta no fue JSON válido
benchmark-api4-1000-c100-008;008-REQ-000333;333;registro de prueba;2026-06-09T23:41:02.527915+00:00;2026-06-09T23:41:02.585456+00:00;57.52;502;error;;La respuesta no fue JSON válido
benchmark-api4-1000-c100-008;008-REQ-000334;334;registro de prueba;2026-06-09T23:41:02.528441+00:00;2026-06-09T23:41:02.585774+00:00;57.27;502;error;;La respuesta no fue JSON válido
benchmark-api4-1000-c100-008;008-REQ-000335;335;registro de prueba;2026-06-09T23:41:02.529104+00:00;2026-06-09T23:41:02.566006+00:00;36.88;502;error;;La respuesta no fue JSON válido
benchmark-api4-1000-c100-008;008-REQ-000336;336;registro de prueba;2026-06-09T23:41:02.529768+00:00;2026-06-09T23:41:02.586312+00:00;56.51;502;error;;La respuesta no fue JSON válido
benchmark-api4-1000-c100-008;008-REQ-000337;337;registro de prueba;2026-06-09T23:41:02.530358+00:00;2026-06-09T23:41:02.586572+00:00;56.19;502;error;;La respuesta no fue JSON válido
benchmark-api4-1000-c100-008;008-REQ-000338;338;registro de prueba;2026-06-09T23:41:02.530809+00:00;2026-06-09T23:41:02.586705+00:00;55.88;502;error;;La respuesta no fue JSON válido
benchmark-api4-1000-c100-008;008-REQ-000339;339;registro de prueba;2026-06-09T23:41:02.531224+00:00;2026-06-09T23:41:02.586825+00:00;55.58;502;error;;La respuesta no fue JSON válido
benchmark-api4-1000-c100-008;008-REQ-000340;340;registro de prueba;2026-06-09T23:41:02.531677+00:00;2026-06-09T23:41:02.587113+00:00;55.42;502;error;;La respuesta no fue JSON válido
benchmark-api4-1000-c100-008;008-REQ-000341;341;registro de prueba;2026-06-09T23:41:02.532096+00:00;2026-06-09T23:41:02.587236+00:00;55.12;502;error;;La respuesta no fue JSON válido
benchmark-api4-1000-c100-008;008-REQ-000342;342;registro de prueba;2026-06-09T23:41:02.532531+00:00;2026-06-09T23:41:02.587361+00:00;54.81;502;error;;La respuesta no fue JSON válido
benchmark-api4-1000-c100-008;008-REQ-000343;343;registro de prueba;2026-06-09T23:41:02.533037+00:00;2026-06-09T23:41:02.587490+00:00;54.41;502;error;;La respuesta no fue JSON válido
benchmark-api4-1000-c100-008;008-REQ-000344;344;registro de prueba;2026-06-09T23:41:02.533493+00:00;2026-06-09T23:41:02.587614+00:00;54.11;502;error;;La respuesta no fue JSON válido
benchmark-api4-1000-c100-008;008-REQ-000345;345;registro de prueba;2026-06-09T23:41:02.537419+00:00;2026-06-09T23:41:02.604489+00:00;67.04;502;error;;La respuesta no fue JSON válido
benchmark-api4-1000-c100-008;008-REQ-000346;346;registro de prueba;2026-06-09T23:41:02.538195+00:00;2026-06-09T23:41:02.604549+00:00;66.33;502;error;;La respuesta no fue JSON válido
benchmark-api4-1000-c100-008;008-REQ-000347;347;registro de prueba;2026-06-09T23:41:02.538825+00:00;2026-06-09T23:41:02.585905+00:00;46.92;502;error;;La respuesta no fue JSON válido
benchmark-api4-1000-c100-008;008-REQ-000348;348;registro de prueba;2026-06-09T23:41:02.539415+00:00;2026-06-09T23:41:02.604608+00:00;65.17;502;error;;La respuesta no fue JSON válido
benchmark-api4-1000-c100-008;008-REQ-000349;349;registro de prueba;2026-06-09T23:41:02.539825+00:00;2026-06-09T23:41:02.585611+00:00;45.77;502;error;;La respuesta no fue JSON válido
benchmark-api4-1000-c100-008;008-REQ-000350;350;registro de prueba;2026-06-09T23:41:02.540141+00:00;2026-06-09T23:41:02.584939+00:00;44.79;502;error;;La respuesta no fue JSON válido
benchmark-api4-1000-c100-008;008-REQ-000351;351;registro de prueba;2026-06-09T23:41:02.540426+00:00;2026-06-09T23:41:02.604726+00:00;64.29;502;error;;La respuesta no fue JSON válido
benchmark-api4-1000-c100-008;008-REQ-000352;352;registro de prueba;2026-06-09T23:41:02.540982+00:00;2026-06-09T23:41:02.586045+00:00;45.04;502;error;;La respuesta no fue JSON válido
benchmark-api4-1000-c100-008;008-REQ-000353;353;registro de prueba;2026-06-09T23:41:02.541434+00:00;2026-06-09T23:41:02.586441+00:00;44.99;502;error;;La respuesta no fue JSON válido
benchmark-api4-1000-c100-008;008-REQ-000354;354;registro de prueba;2026-06-09T23:41:02.541866+00:00;2026-06-09T23:41:02.584571+00:00;42.69;502;error;;La respuesta no fue JSON válido
benchmark-api4-1000-c100-008;008-REQ-000355;355;registro de prueba;2026-06-09T23:41:02.542249+00:00;2026-06-09T23:41:02.604362+00:00;62.09;502;error;;La respuesta no fue JSON válido
benchmark-api4-1000-c100-008;008-REQ-000356;356;registro de prueba;2026-06-09T23:41:02.542641+00:00;2026-06-09T23:41:02.584189+00:00;41.53;502;error;;La respuesta no fue JSON válido
benchmark-api4-1000-c100-008;008-REQ-000357;357;registro de prueba;2026-06-09T23:41:02.549946+00:00;2026-06-09T23:41:02.603871+00:00;53.89;502;error;;La respuesta no fue JSON válido
benchmark-api4-1000-c100-008;008-REQ-000358;358;registro de prueba;2026-06-09T23:41:02.551107+00:00;2026-06-09T23:41:02.604105+00:00;52.97;502;error;;La respuesta no fue JSON válido
benchmark-api4-1000-c100-008;008-REQ-000359;359;registro de prueba;2026-06-09T23:41:02.551579+00:00;2026-06-09T23:41:02.604171+00:00;52.57;502;error;;La respuesta no fue JSON válido
benchmark-api4-1000-c100-008;008-REQ-000360;360;registro de prueba;2026-06-09T23:41:02.551964+00:00;2026-06-09T23:41:02.604299+00:00;52.32;502;error;;La respuesta no fue JSON válido
benchmark-api4-1000-c100-008;008-REQ-000361;361;registro de prueba;2026-06-09T23:41:02.552327+00:00;2026-06-09T23:41:02.604425+00:00;52.08;502;error;;La respuesta no fue JSON válido
benchmark-api4-1000-c100-008;008-REQ-000362;362;registro de prueba;2026-06-09T23:41:02.552697+00:00;2026-06-09T23:41:02.605414+00:00;52.7;502;error;;La respuesta no fue JSON válido
benchmark-api4-1000-c100-008;008-REQ-000363;363;registro de prueba;2026-06-09T23:41:02.553074+00:00;2026-06-09T23:41:02.604666+00:00;51.58;502;error;;La respuesta no fue JSON válido
benchmark-api4-1000-c100-008;008-REQ-000364;364;registro de prueba;2026-06-09T23:41:02.553578+00:00;2026-06-09T23:41:02.604793+00:00;51.19;502;error;;La respuesta no fue JSON válido
benchmark-api4-1000-c100-008;008-REQ-000365;365;registro de prueba;2026-06-09T23:41:02.554012+00:00;2026-06-09T23:41:02.604849+00:00;50.82;502;error;;La respuesta no fue JSON válido
benchmark-api4-1000-c100-008;008-REQ-000366;366;registro de prueba;2026-06-09T23:41:02.554470+00:00;2026-06-09T23:41:02.604907+00:00;50.42;502;error;;La respuesta no fue JSON válido
benchmark-api4-1000-c100-008;008-REQ-000367;367;registro de prueba;2026-06-09T23:41:02.554870+00:00;2026-06-09T23:41:02.604965+00:00;50.08;502;error;;La respuesta no fue JSON válido
benchmark-api4-1000-c100-008;008-REQ-000368;368;registro de prueba;2026-06-09T23:41:02.555227+00:00;2026-06-09T23:41:02.605024+00:00;49.78;502;error;;La respuesta no fue JSON válido
benchmark-api4-1000-c100-008;008-REQ-000369;369;registro de prueba;2026-06-09T23:41:02.555823+00:00;2026-06-09T23:41:02.605084+00:00;49.24;502;error;;La respuesta no fue JSON válido
benchmark-api4-1000-c100-008;008-REQ-000370;370;registro de prueba;2026-06-09T23:41:02.556276+00:00;2026-06-09T23:41:02.605141+00:00;48.85;502;error;;La respuesta no fue JSON válido
benchmark-api4-1000-c100-008;008-REQ-000371;371;registro de prueba;2026-06-09T23:41:02.556759+00:00;2026-06-09T23:41:02.605195+00:00;48.37;502;error;;La respuesta no fue JSON válido
benchmark-api4-1000-c100-008;008-REQ-000372;372;registro de prueba;2026-06-09T23:41:02.557331+00:00;2026-06-09T23:41:02.605255+00:00;47.91;502;error;;La respuesta no fue JSON válido
benchmark-api4-1000-c100-008;008-REQ-000373;373;registro de prueba;2026-06-09T23:41:02.557802+00:00;2026-06-09T23:41:02.605309+00:00;47.49;502;error;;La respuesta no fue JSON válido
benchmark-api4-1000-c100-008;008-REQ-000374;374;registro de prueba;2026-06-09T23:41:02.558331+00:00;2026-06-09T23:41:02.605360+00:00;47.01;502;error;;La respuesta no fue JSON válido
benchmark-api4-1000-c100-008;008-REQ-000375;375;registro de prueba;2026-06-09T23:41:02.558781+00:00;2026-06-09T23:41:02.623961+00:00;65.17;502;error;;La respuesta no fue JSON válido
benchmark-api4-1000-c100-008;008-REQ-000376;376;registro de prueba;2026-06-09T23:41:02.559225+00:00;2026-06-09T23:41:02.605467+00:00;46.23;502;error;;La respuesta no fue JSON válido
benchmark-api4-1000-c100-008;008-REQ-000377;377;registro de prueba;2026-06-09T23:41:02.559642+00:00;2026-06-09T23:41:02.624002+00:00;64.34;502;error;;La respuesta no fue JSON válido
benchmark-api4-1000-c100-008;008-REQ-000378;378;registro de prueba;2026-06-09T23:41:02.560024+00:00;2026-06-09T23:41:02.621952+00:00;61.92;502;error;;La respuesta no fue JSON válido
benchmark-api4-1000-c100-008;008-REQ-000379;379;registro de prueba;2026-06-09T23:41:02.560327+00:00;2026-06-09T23:41:02.624092+00:00;63.75;502;error;;La respuesta no fue JSON válido
benchmark-api4-1000-c100-008;008-REQ-000380;380;registro de prueba;2026-06-09T23:41:02.560638+00:00;2026-06-09T23:41:02.605524+00:00;44.87;502;error;;La respuesta no fue JSON válido
benchmark-api4-1000-c100-008;008-REQ-000381;381;registro de prueba;2026-06-09T23:41:02.560975+00:00;2026-06-09T23:41:02.623925+00:00;62.94;502;error;;La respuesta no fue JSON válido
benchmark-api4-1000-c100-008;008-REQ-000382;382;registro de prueba;2026-06-09T23:41:02.561440+00:00;2026-06-09T23:41:02.605632+00:00;44.17;502;error;;La respuesta no fue JSON válido
benchmark-api4-1000-c100-008;008-REQ-000383;383;registro de prueba;2026-06-09T23:41:02.569085+00:00;2026-06-09T23:41:02.622148+00:00;53.03;502;error;;La respuesta no fue JSON válido
benchmark-api4-1000-c100-008;008-REQ-000384;384;registro de prueba;2026-06-09T23:41:02.570009+00:00;2026-06-09T23:41:02.622267+00:00;52.23;502;error;;La respuesta no fue JSON válido
benchmark-api4-1000-c100-008;008-REQ-000385;385;registro de prueba;2026-06-09T23:41:02.570643+00:00;2026-06-09T23:41:02.620747+00:00;50.08;502;error;;La respuesta no fue JSON válido
benchmark-api4-1000-c100-008;008-REQ-000386;386;registro de prueba;2026-06-09T23:41:02.571167+00:00;2026-06-09T23:41:02.620884+00:00;49.69;502;error;;La respuesta no fue JSON válido
benchmark-api4-1000-c100-008;008-REQ-000387;387;registro de prueba;2026-06-09T23:41:02.571648+00:00;2026-06-09T23:41:02.622486+00:00;50.82;502;error;;La respuesta no fue JSON válido
benchmark-api4-1000-c100-008;008-REQ-000388;388;registro de prueba;2026-06-09T23:41:02.572047+00:00;2026-06-09T23:41:02.622383+00:00;50.32;502;error;;La respuesta no fue JSON válido
benchmark-api4-1000-c100-008;008-REQ-000389;389;registro de prueba;2026-06-09T23:41:02.572423+00:00;2026-06-09T23:41:02.621010+00:00;48.57;502;error;;La respuesta no fue JSON válido
benchmark-api4-1000-c100-008;008-REQ-000390;390;registro de prueba;2026-06-09T23:41:02.572807+00:00;2026-06-09T23:41:02.622586+00:00;49.76;502;error;;La respuesta no fue JSON válido
benchmark-api4-1000-c100-008;008-REQ-000391;391;registro de prueba;2026-06-09T23:41:02.573205+00:00;2026-06-09T23:41:02.622690+00:00;49.47;502;error;;La respuesta no fue JSON válido
benchmark-api4-1000-c100-008;008-REQ-000392;392;registro de prueba;2026-06-09T23:41:02.573592+00:00;2026-06-09T23:41:02.621140+00:00;47.53;502;error;;La respuesta no fue JSON válido
benchmark-api4-1000-c100-008;008-REQ-000393;393;registro de prueba;2026-06-09T23:41:02.573975+00:00;2026-06-09T23:41:02.621247+00:00;47.26;502;error;;La respuesta no fue JSON válido
benchmark-api4-1000-c100-008;008-REQ-000394;394;registro de prueba;2026-06-09T23:41:02.574473+00:00;2026-06-09T23:41:02.622792+00:00;48.3;502;error;;La respuesta no fue JSON válido
benchmark-api4-1000-c100-008;008-REQ-000395;395;registro de prueba;2026-06-09T23:41:02.574979+00:00;2026-06-09T23:41:02.622890+00:00;47.9;502;error;;La respuesta no fue JSON válido
benchmark-api4-1000-c100-008;008-REQ-000396;396;registro de prueba;2026-06-09T23:41:02.575494+00:00;2026-06-09T23:41:02.621351+00:00;45.84;502;error;;La respuesta no fue JSON válido
benchmark-api4-1000-c100-008;008-REQ-000397;397;registro de prueba;2026-06-09T23:41:02.575918+00:00;2026-06-09T23:41:02.621455+00:00;45.49;502;error;;La respuesta no fue JSON válido
benchmark-api4-1000-c100-008;008-REQ-000398;398;registro de prueba;2026-06-09T23:41:02.576363+00:00;2026-06-09T23:41:02.622988+00:00;46.61;502;error;;La respuesta no fue JSON válido
benchmark-api4-1000-c100-008;008-REQ-000399;399;registro de prueba;2026-06-09T23:41:02.576683+00:00;2026-06-09T23:41:02.623186+00:00;46.49;502;error;;La respuesta no fue JSON válido
benchmark-api4-1000-c100-008;008-REQ-000400;400;registro de prueba;2026-06-09T23:41:02.577030+00:00;2026-06-09T23:41:02.621650+00:00;44.61;502;error;;La respuesta no fue JSON válido
benchmark-api4-1000-c100-008;008-REQ-000401;401;registro de prueba;2026-06-09T23:41:02.577271+00:00;2026-06-09T23:41:02.621823+00:00;44.54;502;error;;La respuesta no fue JSON válido
benchmark-api4-1000-c100-008;008-REQ-000402;402;registro de prueba;2026-06-09T23:41:02.577593+00:00;2026-06-09T23:41:02.623294+00:00;45.69;502;error;;La respuesta no fue JSON válido
benchmark-api4-1000-c100-008;008-REQ-000403;403;registro de prueba;2026-06-09T23:41:02.578266+00:00;2026-06-09T23:41:02.623396+00:00;45.11;502;error;;La respuesta no fue JSON válido
benchmark-api4-1000-c100-008;008-REQ-000404;404;registro de prueba;2026-06-09T23:41:02.579571+00:00;2026-06-09T23:41:02.641492+00:00;61.9;502;error;;La respuesta no fue JSON válido
benchmark-api4-1000-c100-008;008-REQ-000405;405;registro de prueba;2026-06-09T23:41:02.580636+00:00;2026-06-09T23:41:02.641643+00:00;60.98;502;error;;La respuesta no fue JSON válido
benchmark-api4-1000-c100-008;008-REQ-000406;406;registro de prueba;2026-06-09T23:41:02.581430+00:00;2026-06-09T23:41:02.644017+00:00;62.56;502;error;;La respuesta no fue JSON válido
benchmark-api4-1000-c100-008;008-REQ-000407;407;registro de prueba;2026-06-09T23:41:02.581953+00:00;2026-06-09T23:41:02.641705+00:00;59.73;502;error;;La respuesta no fue JSON válido
benchmark-api4-1000-c100-008;008-REQ-000408;408;registro de prueba;2026-06-09T23:41:02.582500+00:00;2026-06-09T23:41:02.623778+00:00;41.26;502;error;;La respuesta no fue JSON válido
benchmark-api4-1000-c100-008;008-REQ-000409;409;registro de prueba;2026-06-09T23:41:02.583062+00:00;2026-06-09T23:41:02.643883+00:00;60.8;502;error;;La respuesta no fue JSON válido
benchmark-api4-1000-c100-008;008-REQ-000410;410;registro de prueba;2026-06-09T23:41:02.583537+00:00;2026-06-09T23:41:02.642277+00:00;58.72;502;error;;La respuesta no fue JSON válido
benchmark-api4-1000-c100-008;008-REQ-000411;411;registro de prueba;2026-06-09T23:41:02.590181+00:00;2026-06-09T23:41:02.641305+00:00;51.1;502;error;;La respuesta no fue JSON válido
benchmark-api4-1000-c100-008;008-REQ-000412;412;registro de prueba;2026-06-09T23:41:02.590980+00:00;2026-06-09T23:41:02.642402+00:00;51.4;502;error;;La respuesta no fue JSON válido
benchmark-api4-1000-c100-008;008-REQ-000413;413;registro de prueba;2026-06-09T23:41:02.591440+00:00;2026-06-09T23:41:02.642527+00:00;51.07;502;error;;La respuesta no fue JSON válido
benchmark-api4-1000-c100-008;008-REQ-000414;414;registro de prueba;2026-06-09T23:41:02.591837+00:00;2026-06-09T23:41:02.642600+00:00;50.73;502;error;;La respuesta no fue JSON válido
benchmark-api4-1000-c100-008;008-REQ-000415;415;registro de prueba;2026-06-09T23:41:02.592341+00:00;2026-06-09T23:41:02.642670+00:00;50.3;502;error;;La respuesta no fue JSON válido
benchmark-api4-1000-c100-008;008-REQ-000416;416;registro de prueba;2026-06-09T23:41:02.592912+00:00;2026-06-09T23:41:02.642733+00:00;49.8;502;error;;La respuesta no fue JSON válido
benchmark-api4-1000-c100-008;008-REQ-000417;417;registro de prueba;2026-06-09T23:41:02.593370+00:00;2026-06-09T23:41:02.641765+00:00;48.38;502;error;;La respuesta no fue JSON válido
benchmark-api4-1000-c100-008;008-REQ-000418;418;registro de prueba;2026-06-09T23:41:02.593743+00:00;2026-06-09T23:41:02.643072+00:00;49.31;502;error;;La respuesta no fue JSON válido
benchmark-api4-1000-c100-008;008-REQ-000419;419;registro de prueba;2026-06-09T23:41:02.594148+00:00;2026-06-09T23:41:02.641823+00:00;47.66;502;error;;La respuesta no fue JSON válido
benchmark-api4-1000-c100-008;008-REQ-000420;420;registro de prueba;2026-06-09T23:41:02.594756+00:00;2026-06-09T23:41:02.643204+00:00;48.43;502;error;;La respuesta no fue JSON válido
benchmark-api4-1000-c100-008;008-REQ-000421;421;registro de prueba;2026-06-09T23:41:02.595384+00:00;2026-06-09T23:41:02.643300+00:00;47.88;502;error;;La respuesta no fue JSON válido
benchmark-api4-1000-c100-008;008-REQ-000422;422;registro de prueba;2026-06-09T23:41:02.595889+00:00;2026-06-09T23:41:02.643365+00:00;47.46;502;error;;La respuesta no fue JSON válido
benchmark-api4-1000-c100-008;008-REQ-000423;423;registro de prueba;2026-06-09T23:41:02.596325+00:00;2026-06-09T23:41:02.641888+00:00;45.47;502;error;;La respuesta no fue JSON válido
benchmark-api4-1000-c100-008;008-REQ-000424;424;registro de prueba;2026-06-09T23:41:02.598233+00:00;2026-06-09T23:41:02.641945+00:00;43.67;502;error;;La respuesta no fue JSON válido
benchmark-api4-1000-c100-008;008-REQ-000425;425;registro de prueba;2026-06-09T23:41:02.599736+00:00;2026-06-09T23:41:02.643428+00:00;43.66;502;error;;La respuesta no fue JSON válido
benchmark-api4-1000-c100-008;008-REQ-000426;426;registro de prueba;2026-06-09T23:41:02.600193+00:00;2026-06-09T23:41:02.643533+00:00;43.32;502;error;;La respuesta no fue JSON válido
benchmark-api4-1000-c100-008;008-REQ-000427;427;registro de prueba;2026-06-09T23:41:02.600572+00:00;2026-06-09T23:41:02.642012+00:00;41.42;502;error;;La respuesta no fue JSON válido
benchmark-api4-1000-c100-008;008-REQ-000428;428;registro de prueba;2026-06-09T23:41:02.600925+00:00;2026-06-09T23:41:02.642084+00:00;41.14;502;error;;La respuesta no fue JSON válido
benchmark-api4-1000-c100-008;008-REQ-000429;429;registro de prueba;2026-06-09T23:41:02.601387+00:00;2026-06-09T23:41:02.642156+00:00;40.75;502;error;;La respuesta no fue JSON válido
benchmark-api4-1000-c100-008;008-REQ-000430;430;registro de prueba;2026-06-09T23:41:02.601834+00:00;2026-06-09T23:41:02.642216+00:00;40.37;502;error;;La respuesta no fue JSON válido
benchmark-api4-1000-c100-008;008-REQ-000431;431;registro de prueba;2026-06-09T23:41:02.602360+00:00;2026-06-09T23:41:02.643735+00:00;41.34;502;error;;La respuesta no fue JSON válido
benchmark-api4-1000-c100-008;008-REQ-000432;432;registro de prueba;2026-06-09T23:41:02.602800+00:00;2026-06-09T23:41:02.643817+00:00;41.0;502;error;;La respuesta no fue JSON válido
benchmark-api4-1000-c100-008;008-REQ-000433;433;registro de prueba;2026-06-09T23:41:02.603166+00:00;2026-06-09T23:41:02.643948+00:00;40.77;502;error;;La respuesta no fue JSON válido
benchmark-api4-1000-c100-008;008-REQ-000434;434;registro de prueba;2026-06-09T23:41:02.603459+00:00;2026-06-09T23:41:02.642335+00:00;38.86;502;error;;La respuesta no fue JSON válido
benchmark-api4-1000-c100-008;008-REQ-000435;435;registro de prueba;2026-06-09T23:41:02.607475+00:00;2026-06-09T23:41:02.659149+00:00;51.64;502;error;;La respuesta no fue JSON válido
benchmark-api4-1000-c100-008;008-REQ-000436;436;registro de prueba;2026-06-09T23:41:02.608257+00:00;2026-06-09T23:41:02.659311+00:00;51.03;502;error;;La respuesta no fue JSON válido
benchmark-api4-1000-c100-008;008-REQ-000437;437;registro de prueba;2026-06-09T23:41:02.608841+00:00;2026-06-09T23:41:02.659444+00:00;50.58;502;error;;La respuesta no fue JSON válido
benchmark-api4-1000-c100-008;008-REQ-000438;438;registro de prueba;2026-06-09T23:41:02.609524+00:00;2026-06-09T23:41:02.659563+00:00;50.02;502;error;;La respuesta no fue JSON válido
benchmark-api4-1000-c100-008;008-REQ-000439;439;registro de prueba;2026-06-09T23:41:02.609922+00:00;2026-06-09T23:41:02.659678+00:00;49.74;502;error;;La respuesta no fue JSON válido
benchmark-api4-1000-c100-008;008-REQ-000440;440;registro de prueba;2026-06-09T23:41:02.610636+00:00;2026-06-09T23:41:02.659786+00:00;49.13;502;error;;La respuesta no fue JSON válido
benchmark-api4-1000-c100-008;008-REQ-000441;441;registro de prueba;2026-06-09T23:41:02.611148+00:00;2026-06-09T23:41:02.659893+00:00;48.72;502;error;;La respuesta no fue JSON válido
benchmark-api4-1000-c100-008;008-REQ-000442;442;registro de prueba;2026-06-09T23:41:02.611685+00:00;2026-06-09T23:41:02.659999+00:00;48.29;502;error;;La respuesta no fue JSON válido
benchmark-api4-1000-c100-008;008-REQ-000443;443;registro de prueba;2026-06-09T23:41:02.612073+00:00;2026-06-09T23:41:02.660128+00:00;48.04;502;error;;La respuesta no fue JSON válido
benchmark-api4-1000-c100-008;008-REQ-000444;444;registro de prueba;2026-06-09T23:41:02.612463+00:00;2026-06-09T23:41:02.660241+00:00;47.76;502;error;;La respuesta no fue JSON válido
benchmark-api4-1000-c100-008;008-REQ-000445;445;registro de prueba;2026-06-09T23:41:02.612835+00:00;2026-06-09T23:41:02.660337+00:00;47.49;502;error;;La respuesta no fue JSON válido
benchmark-api4-1000-c100-008;008-REQ-000446;446;registro de prueba;2026-06-09T23:41:02.613217+00:00;2026-06-09T23:41:02.660430+00:00;47.19;502;error;;La respuesta no fue JSON válido
benchmark-api4-1000-c100-008;008-REQ-000447;447;registro de prueba;2026-06-09T23:41:02.613693+00:00;2026-06-09T23:41:02.660523+00:00;46.81;502;error;;La respuesta no fue JSON válido
benchmark-api4-1000-c100-008;008-REQ-000448;448;registro de prueba;2026-06-09T23:41:02.614112+00:00;2026-06-09T23:41:02.660621+00:00;46.49;502;error;;La respuesta no fue JSON válido
benchmark-api4-1000-c100-008;008-REQ-000449;449;registro de prueba;2026-06-09T23:41:02.614537+00:00;2026-06-09T23:41:02.660716+00:00;46.16;502;error;;La respuesta no fue JSON válido
benchmark-api4-1000-c100-008;008-REQ-000450;450;registro de prueba;2026-06-09T23:41:02.615030+00:00;2026-06-09T23:41:02.660809+00:00;45.76;502;error;;La respuesta no fue JSON válido
benchmark-api4-1000-c100-008;008-REQ-000451;451;registro de prueba;2026-06-09T23:41:02.615499+00:00;2026-06-09T23:41:02.660899+00:00;45.38;502;error;;La respuesta no fue JSON válido
benchmark-api4-1000-c100-008;008-REQ-000452;452;registro de prueba;2026-06-09T23:41:02.615998+00:00;2026-06-09T23:41:02.660984+00:00;44.96;502;error;;La respuesta no fue JSON válido
benchmark-api4-1000-c100-008;008-REQ-000453;453;registro de prueba;2026-06-09T23:41:02.616364+00:00;2026-06-09T23:41:02.661069+00:00;44.69;502;error;;La respuesta no fue JSON válido
benchmark-api4-1000-c100-008;008-REQ-000454;454;registro de prueba;2026-06-09T23:41:02.616703+00:00;2026-06-09T23:41:02.661161+00:00;44.44;502;error;;La respuesta no fue JSON válido
benchmark-api4-1000-c100-008;008-REQ-000455;455;registro de prueba;2026-06-09T23:41:02.617042+00:00;2026-06-09T23:41:02.661259+00:00;44.2;502;error;;La respuesta no fue JSON válido
benchmark-api4-1000-c100-008;008-REQ-000456;456;registro de prueba;2026-06-09T23:41:02.617385+00:00;2026-06-09T23:41:02.661358+00:00;43.96;502;error;;La respuesta no fue JSON válido
benchmark-api4-1000-c100-008;008-REQ-000457;457;registro de prueba;2026-06-09T23:41:02.617742+00:00;2026-06-09T23:41:02.661450+00:00;43.69;502;error;;La respuesta no fue JSON válido
benchmark-api4-1000-c100-008;008-REQ-000458;458;registro de prueba;2026-06-09T23:41:02.618073+00:00;2026-06-09T23:41:02.661548+00:00;43.46;502;error;;La respuesta no fue JSON válido
benchmark-api4-1000-c100-008;008-REQ-000459;459;registro de prueba;2026-06-09T23:41:02.618417+00:00;2026-06-09T23:41:02.661644+00:00;43.21;502;error;;La respuesta no fue JSON válido
benchmark-api4-1000-c100-008;008-REQ-000460;460;registro de prueba;2026-06-09T23:41:02.618735+00:00;2026-06-09T23:41:02.661737+00:00;42.99;502;error;;La respuesta no fue JSON válido
benchmark-api4-1000-c100-008;008-REQ-000461;461;registro de prueba;2026-06-09T23:41:02.619053+00:00;2026-06-09T23:41:02.661836+00:00;42.77;502;error;;La respuesta no fue JSON válido
benchmark-api4-1000-c100-008;008-REQ-000462;462;registro de prueba;2026-06-09T23:41:02.619372+00:00;2026-06-09T23:41:02.661927+00:00;42.54;502;error;;La respuesta no fue JSON válido
benchmark-api4-1000-c100-008;008-REQ-000463;463;registro de prueba;2026-06-09T23:41:02.619977+00:00;2026-06-09T23:41:02.662019+00:00;42.02;502;error;;La respuesta no fue JSON válido
benchmark-api4-1000-c100-008;008-REQ-000464;464;registro de prueba;2026-06-09T23:41:02.624959+00:00;2026-06-09T23:41:02.676408+00:00;51.43;502;error;;La respuesta no fue JSON válido
benchmark-api4-1000-c100-008;008-REQ-000465;465;registro de prueba;2026-06-09T23:41:02.625512+00:00;2026-06-09T23:41:02.676577+00:00;51.05;502;error;;La respuesta no fue JSON válido
benchmark-api4-1000-c100-008;008-REQ-000466;466;registro de prueba;2026-06-09T23:41:02.625874+00:00;2026-06-09T23:41:02.676668+00:00;50.78;502;error;;La respuesta no fue JSON válido
benchmark-api4-1000-c100-008;008-REQ-000467;467;registro de prueba;2026-06-09T23:41:02.626283+00:00;2026-06-09T23:41:02.676891+00:00;50.59;502;error;;La respuesta no fue JSON válido
benchmark-api4-1000-c100-008;008-REQ-000468;468;registro de prueba;2026-06-09T23:41:02.627003+00:00;2026-06-09T23:41:02.677022+00:00;50.0;502;error;;La respuesta no fue JSON válido
benchmark-api4-1000-c100-008;008-REQ-000469;469;registro de prueba;2026-06-09T23:41:02.627578+00:00;2026-06-09T23:41:02.677146+00:00;49.55;502;error;;La respuesta no fue JSON válido
benchmark-api4-1000-c100-008;008-REQ-000470;470;registro de prueba;2026-06-09T23:41:02.627981+00:00;2026-06-09T23:41:02.677263+00:00;49.27;502;error;;La respuesta no fue JSON válido
benchmark-api4-1000-c100-008;008-REQ-000471;471;registro de prueba;2026-06-09T23:41:02.628381+00:00;2026-06-09T23:41:02.677380+00:00;48.98;502;error;;La respuesta no fue JSON válido
benchmark-api4-1000-c100-008;008-REQ-000472;472;registro de prueba;2026-06-09T23:41:02.629185+00:00;2026-06-09T23:41:02.677488+00:00;48.28;502;error;;La respuesta no fue JSON válido
benchmark-api4-1000-c100-008;008-REQ-000473;473;registro de prueba;2026-06-09T23:41:02.629547+00:00;2026-06-09T23:41:02.677597+00:00;48.03;502;error;;La respuesta no fue JSON válido
benchmark-api4-1000-c100-008;008-REQ-000474;474;registro de prueba;2026-06-09T23:41:02.630112+00:00;2026-06-09T23:41:02.677715+00:00;47.58;502;error;;La respuesta no fue JSON válido
benchmark-api4-1000-c100-008;008-REQ-000475;475;registro de prueba;2026-06-09T23:41:02.630732+00:00;2026-06-09T23:41:02.677832+00:00;47.08;502;error;;La respuesta no fue JSON válido
benchmark-api4-1000-c100-008;008-REQ-000476;476;registro de prueba;2026-06-09T23:41:02.631801+00:00;2026-06-09T23:41:02.677937+00:00;46.03;502;error;;La respuesta no fue JSON válido
benchmark-api4-1000-c100-008;008-REQ-000477;477;registro de prueba;2026-06-09T23:41:02.632470+00:00;2026-06-09T23:41:02.678033+00:00;45.5;502;error;;La respuesta no fue JSON válido
benchmark-api4-1000-c100-008;008-REQ-000478;478;registro de prueba;2026-06-09T23:41:02.633136+00:00;2026-06-09T23:41:02.678136+00:00;44.98;502;error;;La respuesta no fue JSON válido
benchmark-api4-1000-c100-008;008-REQ-000479;479;registro de prueba;2026-06-09T23:41:02.633567+00:00;2026-06-09T23:41:02.678240+00:00;44.65;502;error;;La respuesta no fue JSON válido
benchmark-api4-1000-c100-008;008-REQ-000480;480;registro de prueba;2026-06-09T23:41:02.634046+00:00;2026-06-09T23:41:02.678369+00:00;44.31;502;error;;La respuesta no fue JSON válido
benchmark-api4-1000-c100-008;008-REQ-000481;481;registro de prueba;2026-06-09T23:41:02.634651+00:00;2026-06-09T23:41:02.678478+00:00;43.81;502;error;;La respuesta no fue JSON válido
benchmark-api4-1000-c100-008;008-REQ-000482;482;registro de prueba;2026-06-09T23:41:02.635077+00:00;2026-06-09T23:41:02.678587+00:00;43.49;502;error;;La respuesta no fue JSON válido
benchmark-api4-1000-c100-008;008-REQ-000483;483;registro de prueba;2026-06-09T23:41:02.635465+00:00;2026-06-09T23:41:02.678690+00:00;43.19;502;error;;La respuesta no fue JSON válido
benchmark-api4-1000-c100-008;008-REQ-000484;484;registro de prueba;2026-06-09T23:41:02.635812+00:00;2026-06-09T23:41:02.678825+00:00;43.0;502;error;;La respuesta no fue JSON válido
benchmark-api4-1000-c100-008;008-REQ-000485;485;registro de prueba;2026-06-09T23:41:02.636105+00:00;2026-06-09T23:41:02.678928+00:00;42.76;502;error;;La respuesta no fue JSON válido
benchmark-api4-1000-c100-008;008-REQ-000486;486;registro de prueba;2026-06-09T23:41:02.636556+00:00;2026-06-09T23:41:02.679025+00:00;42.46;502;error;;La respuesta no fue JSON válido
benchmark-api4-1000-c100-008;008-REQ-000487;487;registro de prueba;2026-06-09T23:41:02.637116+00:00;2026-06-09T23:41:02.679125+00:00;41.99;502;error;;La respuesta no fue JSON válido
benchmark-api4-1000-c100-008;008-REQ-000488;488;registro de prueba;2026-06-09T23:41:02.637615+00:00;2026-06-09T23:41:02.679220+00:00;41.59;502;error;;La respuesta no fue JSON válido
benchmark-api4-1000-c100-008;008-REQ-000489;489;registro de prueba;2026-06-09T23:41:02.637983+00:00;2026-06-09T23:41:02.697905+00:00;59.91;502;error;;La respuesta no fue JSON válido
benchmark-api4-1000-c100-008;008-REQ-000490;490;registro de prueba;2026-06-09T23:41:02.638266+00:00;2026-06-09T23:41:02.679318+00:00;41.04;502;error;;La respuesta no fue JSON válido
benchmark-api4-1000-c100-008;008-REQ-000491;491;registro de prueba;2026-06-09T23:41:02.638978+00:00;2026-06-09T23:41:02.679417+00:00;40.42;502;error;;La respuesta no fue JSON válido
benchmark-api4-1000-c100-008;008-REQ-000492;492;registro de prueba;2026-06-09T23:41:02.639361+00:00;2026-06-09T23:41:02.679517+00:00;40.14;502;error;;La respuesta no fue JSON válido
benchmark-api4-1000-c100-008;008-REQ-000493;493;registro de prueba;2026-06-09T23:41:02.639670+00:00;2026-06-09T23:41:02.679795+00:00;40.11;502;error;;La respuesta no fue JSON válido
benchmark-api4-1000-c100-008;008-REQ-000494;494;registro de prueba;2026-06-09T23:41:02.639987+00:00;2026-06-09T23:41:02.679613+00:00;39.61;502;error;;La respuesta no fue JSON válido
benchmark-api4-1000-c100-008;008-REQ-000495;495;registro de prueba;2026-06-09T23:41:02.640261+00:00;2026-06-09T23:41:02.698866+00:00;58.6;502;error;;La respuesta no fue JSON válido
benchmark-api4-1000-c100-008;008-REQ-000496;496;registro de prueba;2026-06-09T23:41:02.640521+00:00;2026-06-09T23:41:02.679704+00:00;39.17;502;error;;La respuesta no fue JSON válido
benchmark-api4-1000-c100-008;008-REQ-000497;497;registro de prueba;2026-06-09T23:41:02.640754+00:00;2026-06-09T23:41:02.679911+00:00;39.15;502;error;;La respuesta no fue JSON válido
benchmark-api4-1000-c100-008;008-REQ-000498;498;registro de prueba;2026-06-09T23:41:02.645192+00:00;2026-06-09T23:41:02.695244+00:00;50.03;502;error;;La respuesta no fue JSON válido
benchmark-api4-1000-c100-008;008-REQ-000499;499;registro de prueba;2026-06-09T23:41:02.645843+00:00;2026-06-09T23:41:02.695369+00:00;49.51;502;error;;La respuesta no fue JSON válido
benchmark-api4-1000-c100-008;008-REQ-000500;500;registro de prueba;2026-06-09T23:41:02.646371+00:00;2026-06-09T23:41:02.695445+00:00;49.05;502;error;;La respuesta no fue JSON válido
benchmark-api4-1000-c100-008;008-REQ-000501;501;registro de prueba;2026-06-09T23:41:02.646850+00:00;2026-06-09T23:41:02.695507+00:00;48.64;502;error;;La respuesta no fue JSON válido
benchmark-api4-1000-c100-008;008-REQ-000502;502;registro de prueba;2026-06-09T23:41:02.647251+00:00;2026-06-09T23:41:02.695548+00:00;48.28;502;error;;La respuesta no fue JSON válido
benchmark-api4-1000-c100-008;008-REQ-000503;503;registro de prueba;2026-06-09T23:41:02.647691+00:00;2026-06-09T23:41:02.695582+00:00;47.87;502;error;;La respuesta no fue JSON válido
benchmark-api4-1000-c100-008;008-REQ-000504;504;registro de prueba;2026-06-09T23:41:02.648167+00:00;2026-06-09T23:41:02.695617+00:00;47.43;502;error;;La respuesta no fue JSON válido
benchmark-api4-1000-c100-008;008-REQ-000505;505;registro de prueba;2026-06-09T23:41:02.648639+00:00;2026-06-09T23:41:02.695654+00:00;47.0;502;error;;La respuesta no fue JSON válido
benchmark-api4-1000-c100-008;008-REQ-000506;506;registro de prueba;2026-06-09T23:41:02.649186+00:00;2026-06-09T23:41:02.695738+00:00;46.53;502;error;;La respuesta no fue JSON válido
benchmark-api4-1000-c100-008;008-REQ-000507;507;registro de prueba;2026-06-09T23:41:02.649538+00:00;2026-06-09T23:41:02.695799+00:00;46.25;502;error;;La respuesta no fue JSON válido
benchmark-api4-1000-c100-008;008-REQ-000508;508;registro de prueba;2026-06-09T23:41:02.649878+00:00;2026-06-09T23:41:02.695858+00:00;45.97;502;error;;La respuesta no fue JSON válido
benchmark-api4-1000-c100-008;008-REQ-000509;509;registro de prueba;2026-06-09T23:41:02.650266+00:00;2026-06-09T23:41:02.696091+00:00;45.81;502;error;;La respuesta no fue JSON válido
benchmark-api4-1000-c100-008;008-REQ-000510;510;registro de prueba;2026-06-09T23:41:02.650697+00:00;2026-06-09T23:41:02.696261+00:00;45.55;502;error;;La respuesta no fue JSON válido
benchmark-api4-1000-c100-008;008-REQ-000511;511;registro de prueba;2026-06-09T23:41:02.650998+00:00;2026-06-09T23:41:02.696383+00:00;45.37;502;error;;La respuesta no fue JSON válido
benchmark-api4-1000-c100-008;008-REQ-000512;512;registro de prueba;2026-06-09T23:41:02.651310+00:00;2026-06-09T23:41:02.696498+00:00;45.18;502;error;;La respuesta no fue JSON válido
benchmark-api4-1000-c100-008;008-REQ-000513;513;registro de prueba;2026-06-09T23:41:02.651733+00:00;2026-06-09T23:41:02.696689+00:00;44.89;502;error;;La respuesta no fue JSON válido
benchmark-api4-1000-c100-008;008-REQ-000514;514;registro de prueba;2026-06-09T23:41:02.652263+00:00;2026-06-09T23:41:02.696844+00:00;44.56;502;error;;La respuesta no fue JSON válido
benchmark-api4-1000-c100-008;008-REQ-000515;515;registro de prueba;2026-06-09T23:41:02.652759+00:00;2026-06-09T23:41:02.696974+00:00;44.2;502;error;;La respuesta no fue JSON válido
benchmark-api4-1000-c100-008;008-REQ-000516;516;registro de prueba;2026-06-09T23:41:02.653190+00:00;2026-06-09T23:41:02.697105+00:00;43.9;502;error;;La respuesta no fue JSON válido
benchmark-api4-1000-c100-008;008-REQ-000517;517;registro de prueba;2026-06-09T23:41:02.653565+00:00;2026-06-09T23:41:02.697434+00:00;43.85;502;error;;La respuesta no fue JSON válido
benchmark-api4-1000-c100-008;008-REQ-000518;518;registro de prueba;2026-06-09T23:41:02.653951+00:00;2026-06-09T23:41:02.697770+00:00;43.8;502;error;;La respuesta no fue JSON válido
benchmark-api4-1000-c100-008;008-REQ-000519;519;registro de prueba;2026-06-09T23:41:02.654346+00:00;2026-06-09T23:41:02.697641+00:00;43.28;502;error;;La respuesta no fue JSON válido
benchmark-api4-1000-c100-008;008-REQ-000520;520;registro de prueba;2026-06-09T23:41:02.654981+00:00;2026-06-09T23:41:02.698028+00:00;43.03;502;error;;La respuesta no fue JSON válido
benchmark-api4-1000-c100-008;008-REQ-000521;521;registro de prueba;2026-06-09T23:41:02.655368+00:00;2026-06-09T23:41:02.698150+00:00;42.77;502;error;;La respuesta no fue JSON válido
benchmark-api4-1000-c100-008;008-REQ-000522;522;registro de prueba;2026-06-09T23:41:02.655733+00:00;2026-06-09T23:41:02.698426+00:00;42.67;502;error;;La respuesta no fue JSON válido
benchmark-api4-1000-c100-008;008-REQ-000523;523;registro de prueba;2026-06-09T23:41:02.656123+00:00;2026-06-09T23:41:02.698679+00:00;42.54;502;error;;La respuesta no fue JSON válido
benchmark-api4-1000-c100-008;008-REQ-000524;524;registro de prueba;2026-06-09T23:41:02.656491+00:00;2026-06-09T23:41:02.698754+00:00;42.25;502;error;;La respuesta no fue JSON válido
benchmark-api4-1000-c100-008;008-REQ-000525;525;registro de prueba;2026-06-09T23:41:02.656838+00:00;2026-06-09T23:41:02.698806+00:00;41.95;502;error;;La respuesta no fue JSON válido
benchmark-api4-1000-c100-008;008-REQ-000526;526;registro de prueba;2026-06-09T23:41:02.657194+00:00;2026-06-09T23:41:02.698931+00:00;41.72;502;error;;La respuesta no fue JSON válido
benchmark-api4-1000-c100-008;008-REQ-000527;527;registro de prueba;2026-06-09T23:41:02.657582+00:00;2026-06-09T23:41:02.698985+00:00;41.39;502;error;;La respuesta no fue JSON válido
benchmark-api4-1000-c100-008;008-REQ-000528;528;registro de prueba;2026-06-09T23:41:02.657954+00:00;2026-06-09T23:41:02.699211+00:00;41.24;502;error;;La respuesta no fue JSON válido
benchmark-api4-1000-c100-008;008-REQ-000529;529;registro de prueba;2026-06-09T23:41:02.658337+00:00;2026-06-09T23:41:02.715248+00:00;56.9;502;error;;La respuesta no fue JSON válido
benchmark-api4-1000-c100-008;008-REQ-000530;530;registro de prueba;2026-06-09T23:41:02.658673+00:00;2026-06-09T23:41:02.699413+00:00;40.72;502;error;;La respuesta no fue JSON válido
benchmark-api4-1000-c100-008;008-REQ-000531;531;registro de prueba;2026-06-09T23:41:02.664189+00:00;2026-06-09T23:41:02.714251+00:00;50.01;502;error;;La respuesta no fue JSON válido
benchmark-api4-1000-c100-008;008-REQ-000532;532;registro de prueba;2026-06-09T23:41:02.665173+00:00;2026-06-09T23:41:02.714579+00:00;49.37;502;error;;La respuesta no fue JSON válido
benchmark-api4-1000-c100-008;008-REQ-000533;533;registro de prueba;2026-06-09T23:41:02.665854+00:00;2026-06-09T23:41:02.714798+00:00;48.91;502;error;;La respuesta no fue JSON válido
benchmark-api4-1000-c100-008;008-REQ-000534;534;registro de prueba;2026-06-09T23:41:02.666422+00:00;2026-06-09T23:41:02.714904+00:00;48.46;502;error;;La respuesta no fue JSON válido
benchmark-api4-1000-c100-008;008-REQ-000535;535;registro de prueba;2026-06-09T23:41:02.666801+00:00;2026-06-09T23:41:02.714988+00:00;48.17;502;error;;La respuesta no fue JSON válido
benchmark-api4-1000-c100-008;008-REQ-000536;536;registro de prueba;2026-06-09T23:41:02.667172+00:00;2026-06-09T23:41:02.715070+00:00;47.88;502;error;;La respuesta no fue JSON válido
benchmark-api4-1000-c100-008;008-REQ-000537;537;registro de prueba;2026-06-09T23:41:02.667552+00:00;2026-06-09T23:41:02.715153+00:00;47.59;502;error;;La respuesta no fue JSON válido
benchmark-api4-1000-c100-008;008-REQ-000538;538;registro de prueba;2026-06-09T23:41:02.667923+00:00;2026-06-09T23:41:02.715347+00:00;47.41;502;error;;La respuesta no fue JSON válido
benchmark-api4-1000-c100-008;008-REQ-000539;539;registro de prueba;2026-06-09T23:41:02.668329+00:00;2026-06-09T23:41:02.715466+00:00;47.12;502;error;;La respuesta no fue JSON válido
benchmark-api4-1000-c100-008;008-REQ-000540;540;registro de prueba;2026-06-09T23:41:02.668698+00:00;2026-06-09T23:41:02.715563+00:00;46.85;502;error;;La respuesta no fue JSON válido
benchmark-api4-1000-c100-008;008-REQ-000541;541;registro de prueba;2026-06-09T23:41:02.669064+00:00;2026-06-09T23:41:02.715645+00:00;46.53;502;error;;La respuesta no fue JSON válido
benchmark-api4-1000-c100-008;008-REQ-000542;542;registro de prueba;2026-06-09T23:41:02.669456+00:00;2026-06-09T23:41:02.715740+00:00;46.27;502;error;;La respuesta no fue JSON válido
benchmark-api4-1000-c100-008;008-REQ-000543;543;registro de prueba;2026-06-09T23:41:02.669809+00:00;2026-06-09T23:41:02.716045+00:00;46.21;502;error;;La respuesta no fue JSON válido
benchmark-api4-1000-c100-008;008-REQ-000544;544;registro de prueba;2026-06-09T23:41:02.670157+00:00;2026-06-09T23:41:02.716298+00:00;46.12;502;error;;La respuesta no fue JSON válido
benchmark-api4-1000-c100-008;008-REQ-000545;545;registro de prueba;2026-06-09T23:41:02.670487+00:00;2026-06-09T23:41:02.716366+00:00;45.86;502;error;;La respuesta no fue JSON válido
benchmark-api4-1000-c100-008;008-REQ-000546;546;registro de prueba;2026-06-09T23:41:02.670843+00:00;2026-06-09T23:41:02.716407+00:00;45.55;502;error;;La respuesta no fue JSON válido
benchmark-api4-1000-c100-008;008-REQ-000547;547;registro de prueba;2026-06-09T23:41:02.671188+00:00;2026-06-09T23:41:02.716443+00:00;45.24;502;error;;La respuesta no fue JSON válido
benchmark-api4-1000-c100-008;008-REQ-000548;548;registro de prueba;2026-06-09T23:41:02.671511+00:00;2026-06-09T23:41:02.716482+00:00;44.96;502;error;;La respuesta no fue JSON válido
benchmark-api4-1000-c100-008;008-REQ-000549;549;registro de prueba;2026-06-09T23:41:02.671840+00:00;2026-06-09T23:41:02.716517+00:00;44.66;502;error;;La respuesta no fue JSON válido
benchmark-api4-1000-c100-008;008-REQ-000550;550;registro de prueba;2026-06-09T23:41:02.672175+00:00;2026-06-09T23:41:02.716549+00:00;44.36;502;error;;La respuesta no fue JSON válido
benchmark-api4-1000-c100-008;008-REQ-000551;551;registro de prueba;2026-06-09T23:41:02.672523+00:00;2026-06-09T23:41:02.716582+00:00;44.04;502;error;;La respuesta no fue JSON válido
benchmark-api4-1000-c100-008;008-REQ-000552;552;registro de prueba;2026-06-09T23:41:02.672855+00:00;2026-06-09T23:41:02.716838+00:00;43.97;502;error;;La respuesta no fue JSON válido
benchmark-api4-1000-c100-008;008-REQ-000553;553;registro de prueba;2026-06-09T23:41:02.673197+00:00;2026-06-09T23:41:02.716619+00:00;43.41;502;error;;La respuesta no fue JSON válido
benchmark-api4-1000-c100-008;008-REQ-000554;554;registro de prueba;2026-06-09T23:41:02.673513+00:00;2026-06-09T23:41:02.716716+00:00;43.19;502;error;;La respuesta no fue JSON válido
benchmark-api4-1000-c100-008;008-REQ-000555;555;registro de prueba;2026-06-09T23:41:02.673809+00:00;2026-06-09T23:41:02.716661+00:00;42.84;502;error;;La respuesta no fue JSON válido
benchmark-api4-1000-c100-008;008-REQ-000556;556;registro de prueba;2026-06-09T23:41:02.674291+00:00;2026-06-09T23:41:02.716774+00:00;42.46;502;error;;La respuesta no fue JSON válido
benchmark-api4-1000-c100-008;008-REQ-000557;557;registro de prueba;2026-06-09T23:41:02.674973+00:00;2026-06-09T23:41:02.729065+00:00;54.07;502;error;;La respuesta no fue JSON válido
benchmark-api4-1000-c100-008;008-REQ-000558;558;registro de prueba;2026-06-09T23:41:02.675594+00:00;2026-06-09T23:41:02.727961+00:00;52.35;502;error;;La respuesta no fue JSON válido
benchmark-api4-1000-c100-008;008-REQ-000559;559;registro de prueba;2026-06-09T23:41:02.675931+00:00;2026-06-09T23:41:02.728099+00:00;52.15;502;error;;La respuesta no fue JSON válido
benchmark-api4-1000-c100-008;008-REQ-000560;560;registro de prueba;2026-06-09T23:41:02.683156+00:00;2026-06-09T23:41:02.727076+00:00;43.88;502;error;;La respuesta no fue JSON válido
benchmark-api4-1000-c100-008;008-REQ-000561;561;registro de prueba;2026-06-09T23:41:02.683750+00:00;2026-06-09T23:41:02.727212+00:00;43.44;502;error;;La respuesta no fue JSON válido
benchmark-api4-1000-c100-008;008-REQ-000562;562;registro de prueba;2026-06-09T23:41:02.684103+00:00;2026-06-09T23:41:02.727333+00:00;43.22;502;error;;La respuesta no fue JSON válido
benchmark-api4-1000-c100-008;008-REQ-000563;563;registro de prueba;2026-06-09T23:41:02.684351+00:00;2026-06-09T23:41:02.727473+00:00;43.11;502;error;;La respuesta no fue JSON válido
benchmark-api4-1000-c100-008;008-REQ-000564;564;registro de prueba;2026-06-09T23:41:02.684662+00:00;2026-06-09T23:41:02.727554+00:00;42.88;502;error;;La respuesta no fue JSON válido
benchmark-api4-1000-c100-008;008-REQ-000565;565;registro de prueba;2026-06-09T23:41:02.684958+00:00;2026-06-09T23:41:02.727617+00:00;42.65;502;error;;La respuesta no fue JSON válido
benchmark-api4-1000-c100-008;008-REQ-000566;566;registro de prueba;2026-06-09T23:41:02.685229+00:00;2026-06-09T23:41:02.727672+00:00;42.43;502;error;;La respuesta no fue JSON válido
benchmark-api4-1000-c100-008;008-REQ-000567;567;registro de prueba;2026-06-09T23:41:02.685494+00:00;2026-06-09T23:41:02.727729+00:00;42.23;502;error;;La respuesta no fue JSON válido
benchmark-api4-1000-c100-008;008-REQ-000568;568;registro de prueba;2026-06-09T23:41:02.685720+00:00;2026-06-09T23:41:02.727788+00:00;42.06;502;error;;La respuesta no fue JSON válido
benchmark-api4-1000-c100-008;008-REQ-000569;569;registro de prueba;2026-06-09T23:41:02.685975+00:00;2026-06-09T23:41:02.727846+00:00;41.86;502;error;;La respuesta no fue JSON válido
benchmark-api4-1000-c100-008;008-REQ-000570;570;registro de prueba;2026-06-09T23:41:02.686233+00:00;2026-06-09T23:41:02.727888+00:00;41.64;502;error;;La respuesta no fue JSON válido
benchmark-api4-1000-c100-008;008-REQ-000571;571;registro de prueba;2026-06-09T23:41:02.686583+00:00;2026-06-09T23:41:02.728182+00:00;41.56;502;error;;La respuesta no fue JSON válido
benchmark-api4-1000-c100-008;008-REQ-000572;572;registro de prueba;2026-06-09T23:41:02.686897+00:00;2026-06-09T23:41:02.728286+00:00;41.38;502;error;;La respuesta no fue JSON válido
benchmark-api4-1000-c100-008;008-REQ-000573;573;registro de prueba;2026-06-09T23:41:02.687298+00:00;2026-06-09T23:41:02.728353+00:00;41.04;502;error;;La respuesta no fue JSON válido
benchmark-api4-1000-c100-008;008-REQ-000574;574;registro de prueba;2026-06-09T23:41:02.687692+00:00;2026-06-09T23:41:02.728399+00:00;40.7;502;error;;La respuesta no fue JSON válido
benchmark-api4-1000-c100-008;008-REQ-000575;575;registro de prueba;2026-06-09T23:41:02.688202+00:00;2026-06-09T23:41:02.728444+00:00;40.23;502;error;;La respuesta no fue JSON válido
benchmark-api4-1000-c100-008;008-REQ-000576;576;registro de prueba;2026-06-09T23:41:02.688557+00:00;2026-06-09T23:41:02.728491+00:00;39.92;502;error;;La respuesta no fue JSON válido
benchmark-api4-1000-c100-008;008-REQ-000577;577;registro de prueba;2026-06-09T23:41:02.688833+00:00;2026-06-09T23:41:02.728528+00:00;39.68;502;error;;La respuesta no fue JSON válido
benchmark-api4-1000-c100-008;008-REQ-000578;578;registro de prueba;2026-06-09T23:41:02.689125+00:00;2026-06-09T23:41:02.728562+00:00;39.41;502;error;;La respuesta no fue JSON válido
benchmark-api4-1000-c100-008;008-REQ-000579;579;registro de prueba;2026-06-09T23:41:02.689540+00:00;2026-06-09T23:41:02.728601+00:00;39.05;502;error;;La respuesta no fue JSON válido
benchmark-api4-1000-c100-008;008-REQ-000580;580;registro de prueba;2026-06-09T23:41:02.689820+00:00;2026-06-09T23:41:02.728668+00:00;38.84;502;error;;La respuesta no fue JSON válido
benchmark-api4-1000-c100-008;008-REQ-000581;581;registro de prueba;2026-06-09T23:41:02.690126+00:00;2026-06-09T23:41:02.728726+00:00;38.59;502;error;;La respuesta no fue JSON válido
benchmark-api4-1000-c100-008;008-REQ-000582;582;registro de prueba;2026-06-09T23:41:02.690678+00:00;2026-06-09T23:41:02.728763+00:00;38.04;502;error;;La respuesta no fue JSON válido
benchmark-api4-1000-c100-008;008-REQ-000583;583;registro de prueba;2026-06-09T23:41:02.691166+00:00;2026-06-09T23:41:02.728800+00:00;37.62;502;error;;La respuesta no fue JSON válido
benchmark-api4-1000-c100-008;008-REQ-000584;584;registro de prueba;2026-06-09T23:41:02.691692+00:00;2026-06-09T23:41:02.728833+00:00;37.13;502;error;;La respuesta no fue JSON válido
benchmark-api4-1000-c100-008;008-REQ-000585;585;registro de prueba;2026-06-09T23:41:02.692007+00:00;2026-06-09T23:41:02.728870+00:00;36.85;502;error;;La respuesta no fue JSON válido
benchmark-api4-1000-c100-008;008-REQ-000586;586;registro de prueba;2026-06-09T23:41:02.692529+00:00;2026-06-09T23:41:02.728903+00:00;36.36;502;error;;La respuesta no fue JSON válido
benchmark-api4-1000-c100-008;008-REQ-000587;587;registro de prueba;2026-06-09T23:41:02.692976+00:00;2026-06-09T23:41:02.728934+00:00;35.94;502;error;;La respuesta no fue JSON válido
benchmark-api4-1000-c100-008;008-REQ-000588;588;registro de prueba;2026-06-09T23:41:02.693539+00:00;2026-06-09T23:41:02.729001+00:00;35.44;502;error;;La respuesta no fue JSON válido
benchmark-api4-1000-c100-008;008-REQ-000589;589;registro de prueba;2026-06-09T23:41:02.694065+00:00;2026-06-09T23:41:02.729033+00:00;34.94;502;error;;La respuesta no fue JSON válido
benchmark-api4-1000-c100-008;008-REQ-000590;590;registro de prueba;2026-06-09T23:41:02.694475+00:00;2026-06-09T23:41:02.728970+00:00;34.48;502;error;;La respuesta no fue JSON válido
benchmark-api4-1000-c100-008;008-REQ-000591;591;registro de prueba;2026-06-09T23:41:02.694874+00:00;2026-06-09T23:41:02.729098+00:00;34.21;502;error;;La respuesta no fue JSON válido
benchmark-api4-1000-c100-008;008-REQ-000592;592;registro de prueba;2026-06-09T23:41:02.700770+00:00;2026-06-09T23:41:02.745131+00:00;44.34;502;error;;La respuesta no fue JSON válido
benchmark-api4-1000-c100-008;008-REQ-000593;593;registro de prueba;2026-06-09T23:41:02.701333+00:00;2026-06-09T23:41:02.745346+00:00;44.0;502;error;;La respuesta no fue JSON válido
benchmark-api4-1000-c100-008;008-REQ-000594;594;registro de prueba;2026-06-09T23:41:02.701732+00:00;2026-06-09T23:41:02.745542+00:00;43.79;502;error;;La respuesta no fue JSON válido
benchmark-api4-1000-c100-008;008-REQ-000595;595;registro de prueba;2026-06-09T23:41:02.702167+00:00;2026-06-09T23:41:02.745736+00:00;43.51;502;error;;La respuesta no fue JSON válido
benchmark-api4-1000-c100-008;008-REQ-000596;596;registro de prueba;2026-06-09T23:41:02.702831+00:00;2026-06-09T23:41:02.745848+00:00;43.0;502;error;;La respuesta no fue JSON válido
benchmark-api4-1000-c100-008;008-REQ-000597;597;registro de prueba;2026-06-09T23:41:02.703209+00:00;2026-06-09T23:41:02.745919+00:00;42.7;502;error;;La respuesta no fue JSON válido
benchmark-api4-1000-c100-008;008-REQ-000598;598;registro de prueba;2026-06-09T23:41:02.703540+00:00;2026-06-09T23:41:02.745985+00:00;42.43;502;error;;La respuesta no fue JSON válido
benchmark-api4-1000-c100-008;008-REQ-000599;599;registro de prueba;2026-06-09T23:41:02.704075+00:00;2026-06-09T23:41:02.746059+00:00;41.97;502;error;;La respuesta no fue JSON válido
benchmark-api4-1000-c100-008;008-REQ-000600;600;registro de prueba;2026-06-09T23:41:02.704394+00:00;2026-06-09T23:41:02.746126+00:00;41.71;502;error;;La respuesta no fue JSON válido
benchmark-api4-1000-c100-008;008-REQ-000601;601;registro de prueba;2026-06-09T23:41:02.704683+00:00;2026-06-09T23:41:02.746194+00:00;41.5;502;error;;La respuesta no fue JSON válido
benchmark-api4-1000-c100-008;008-REQ-000602;602;registro de prueba;2026-06-09T23:41:02.704998+00:00;2026-06-09T23:41:02.746259+00:00;41.25;502;error;;La respuesta no fue JSON válido
benchmark-api4-1000-c100-008;008-REQ-000603;603;registro de prueba;2026-06-09T23:41:02.705486+00:00;2026-06-09T23:41:02.746319+00:00;40.82;502;error;;La respuesta no fue JSON válido
benchmark-api4-1000-c100-008;008-REQ-000604;604;registro de prueba;2026-06-09T23:41:02.705836+00:00;2026-06-09T23:41:02.746546+00:00;40.69;502;error;;La respuesta no fue JSON válido
benchmark-api4-1000-c100-008;008-REQ-000605;605;registro de prueba;2026-06-09T23:41:02.706241+00:00;2026-06-09T23:41:02.747027+00:00;40.71;502;error;;La respuesta no fue JSON válido
benchmark-api4-1000-c100-008;008-REQ-000606;606;registro de prueba;2026-06-09T23:41:02.706687+00:00;2026-06-09T23:41:02.747237+00:00;40.53;502;error;;La respuesta no fue JSON válido
benchmark-api4-1000-c100-008;008-REQ-000607;607;registro de prueba;2026-06-09T23:41:02.707021+00:00;2026-06-09T23:41:02.747422+00:00;40.39;502;error;;La respuesta no fue JSON válido
benchmark-api4-1000-c100-008;008-REQ-000608;608;registro de prueba;2026-06-09T23:41:02.707296+00:00;2026-06-09T23:41:02.747649+00:00;40.34;502;error;;La respuesta no fue JSON válido
benchmark-api4-1000-c100-008;008-REQ-000609;609;registro de prueba;2026-06-09T23:41:02.707554+00:00;2026-06-09T23:41:02.747919+00:00;40.35;502;error;;La respuesta no fue JSON válido
benchmark-api4-1000-c100-008;008-REQ-000610;610;registro de prueba;2026-06-09T23:41:02.707813+00:00;2026-06-09T23:41:02.748062+00:00;40.24;502;error;;La respuesta no fue JSON válido
benchmark-api4-1000-c100-008;008-REQ-000611;611;registro de prueba;2026-06-09T23:41:02.708066+00:00;2026-06-09T23:41:02.748151+00:00;40.08;502;error;;La respuesta no fue JSON válido
benchmark-api4-1000-c100-008;008-REQ-000612;612;registro de prueba;2026-06-09T23:41:02.708364+00:00;2026-06-09T23:41:02.748227+00:00;39.85;502;error;;La respuesta no fue JSON válido
benchmark-api4-1000-c100-008;008-REQ-000613;613;registro de prueba;2026-06-09T23:41:02.708779+00:00;2026-06-09T23:41:02.748374+00:00;39.58;502;error;;La respuesta no fue JSON válido
benchmark-api4-1000-c100-008;008-REQ-000614;614;registro de prueba;2026-06-09T23:41:02.709085+00:00;2026-06-09T23:41:02.748728+00:00;39.63;502;error;;La respuesta no fue JSON válido
benchmark-api4-1000-c100-008;008-REQ-000615;615;registro de prueba;2026-06-09T23:41:02.709618+00:00;2026-06-09T23:41:02.748895+00:00;39.26;502;error;;La respuesta no fue JSON válido
benchmark-api4-1000-c100-008;008-REQ-000616;616;registro de prueba;2026-06-09T23:41:02.709965+00:00;2026-06-09T23:41:02.749054+00:00;39.08;502;error;;La respuesta no fue JSON válido
benchmark-api4-1000-c100-008;008-REQ-000617;617;registro de prueba;2026-06-09T23:41:02.710332+00:00;2026-06-09T23:41:02.749228+00:00;38.84;502;error;;La respuesta no fue JSON válido
benchmark-api4-1000-c100-008;008-REQ-000618;618;registro de prueba;2026-06-09T23:41:02.710686+00:00;2026-06-09T23:41:02.749477+00:00;38.78;502;error;;La respuesta no fue JSON válido
benchmark-api4-1000-c100-008;008-REQ-000619;619;registro de prueba;2026-06-09T23:41:02.711182+00:00;2026-06-09T23:41:02.749674+00:00;38.46;502;error;;La respuesta no fue JSON válido
benchmark-api4-1000-c100-008;008-REQ-000620;620;registro de prueba;2026-06-09T23:41:02.711530+00:00;2026-06-09T23:41:02.749790+00:00;38.25;502;error;;La respuesta no fue JSON válido
benchmark-api4-1000-c100-008;008-REQ-000621;621;registro de prueba;2026-06-09T23:41:02.711845+00:00;2026-06-09T23:41:02.749873+00:00;38.02;502;error;;La respuesta no fue JSON válido
benchmark-api4-1000-c100-008;008-REQ-000622;622;registro de prueba;2026-06-09T23:41:02.712244+00:00;2026-06-09T23:41:02.749941+00:00;37.68;502;error;;La respuesta no fue JSON válido
benchmark-api4-1000-c100-008;008-REQ-000623;623;registro de prueba;2026-06-09T23:41:02.712531+00:00;2026-06-09T23:41:02.750064+00:00;37.49;502;error;;La respuesta no fue JSON válido
benchmark-api4-1000-c100-008;008-REQ-000624;624;registro de prueba;2026-06-09T23:41:02.712913+00:00;2026-06-09T23:41:02.750170+00:00;37.25;502;error;;La respuesta no fue JSON válido
benchmark-api4-1000-c100-008;008-REQ-000625;625;registro de prueba;2026-06-09T23:41:02.713180+00:00;2026-06-09T23:41:02.750222+00:00;37.03;502;error;;La respuesta no fue JSON válido
benchmark-api4-1000-c100-008;008-REQ-000626;626;registro de prueba;2026-06-09T23:41:02.717802+00:00;2026-06-09T23:41:02.778158+00:00;60.34;502;error;;La respuesta no fue JSON válido
benchmark-api4-1000-c100-008;008-REQ-000627;627;registro de prueba;2026-06-09T23:41:02.718170+00:00;2026-06-09T23:41:02.778839+00:00;60.66;502;error;;La respuesta no fue JSON válido
benchmark-api4-1000-c100-008;008-REQ-000628;628;registro de prueba;2026-06-09T23:41:02.718421+00:00;2026-06-09T23:41:02.779145+00:00;60.71;502;error;;La respuesta no fue JSON válido
benchmark-api4-1000-c100-008;008-REQ-000629;629;registro de prueba;2026-06-09T23:41:02.718629+00:00;2026-06-09T23:41:02.779345+00:00;60.7;502;error;;La respuesta no fue JSON válido
benchmark-api4-1000-c100-008;008-REQ-000630;630;registro de prueba;2026-06-09T23:41:02.718943+00:00;2026-06-09T23:41:02.779475+00:00;60.52;502;error;;La respuesta no fue JSON válido
benchmark-api4-1000-c100-008;008-REQ-000631;631;registro de prueba;2026-06-09T23:41:02.719210+00:00;2026-06-09T23:41:02.779861+00:00;60.64;502;error;;La respuesta no fue JSON válido
benchmark-api4-1000-c100-008;008-REQ-000632;632;registro de prueba;2026-06-09T23:41:02.719561+00:00;2026-06-09T23:41:02.781491+00:00;61.91;502;error;;La respuesta no fue JSON válido
benchmark-api4-1000-c100-008;008-REQ-000633;633;registro de prueba;2026-06-09T23:41:02.719849+00:00;2026-06-09T23:41:02.782967+00:00;63.1;502;error;;La respuesta no fue JSON válido
benchmark-api4-1000-c100-008;008-REQ-000634;634;registro de prueba;2026-06-09T23:41:02.720192+00:00;2026-06-09T23:41:02.783229+00:00;63.02;502;error;;La respuesta no fue JSON válido
benchmark-api4-1000-c100-008;008-REQ-000635;635;registro de prueba;2026-06-09T23:41:02.720468+00:00;2026-06-09T23:41:02.783441+00:00;62.96;502;error;;La respuesta no fue JSON válido
benchmark-api4-1000-c100-008;008-REQ-000636;636;registro de prueba;2026-06-09T23:41:02.720777+00:00;2026-06-09T23:41:02.783570+00:00;62.78;502;error;;La respuesta no fue JSON válido
benchmark-api4-1000-c100-008;008-REQ-000637;637;registro de prueba;2026-06-09T23:41:02.721106+00:00;2026-06-09T23:41:02.783661+00:00;62.54;502;error;;La respuesta no fue JSON válido
benchmark-api4-1000-c100-008;008-REQ-000638;638;registro de prueba;2026-06-09T23:41:02.721355+00:00;2026-06-09T23:41:02.783732+00:00;62.37;502;error;;La respuesta no fue JSON válido
benchmark-api4-1000-c100-008;008-REQ-000639;639;registro de prueba;2026-06-09T23:41:02.721637+00:00;2026-06-09T23:41:02.783803+00:00;62.15;502;error;;La respuesta no fue JSON válido
benchmark-api4-1000-c100-008;008-REQ-000640;640;registro de prueba;2026-06-09T23:41:02.721885+00:00;2026-06-09T23:41:02.783871+00:00;61.98;502;error;;La respuesta no fue JSON válido
benchmark-api4-1000-c100-008;008-REQ-000641;641;registro de prueba;2026-06-09T23:41:02.722216+00:00;2026-06-09T23:41:02.783935+00:00;61.71;502;error;;La respuesta no fue JSON válido
benchmark-api4-1000-c100-008;008-REQ-000642;642;registro de prueba;2026-06-09T23:41:02.722689+00:00;2026-06-09T23:41:02.784010+00:00;61.3;502;error;;La respuesta no fue JSON válido
benchmark-api4-1000-c100-008;008-REQ-000643;643;registro de prueba;2026-06-09T23:41:02.723106+00:00;2026-06-09T23:41:02.784090+00:00;60.97;502;error;;La respuesta no fue JSON válido
benchmark-api4-1000-c100-008;008-REQ-000644;644;registro de prueba;2026-06-09T23:41:02.723821+00:00;2026-06-09T23:41:02.784330+00:00;60.49;502;error;;La respuesta no fue JSON válido
benchmark-api4-1000-c100-008;008-REQ-000645;645;registro de prueba;2026-06-09T23:41:02.724182+00:00;2026-06-09T23:41:02.784506+00:00;60.28;502;error;;La respuesta no fue JSON válido
benchmark-api4-1000-c100-008;008-REQ-000646;646;registro de prueba;2026-06-09T23:41:02.724673+00:00;2026-06-09T23:41:02.784747+00:00;60.06;502;error;;La respuesta no fue JSON válido
benchmark-api4-1000-c100-008;008-REQ-000647;647;registro de prueba;2026-06-09T23:41:02.725127+00:00;2026-06-09T23:41:02.784901+00:00;59.76;502;error;;La respuesta no fue JSON válido
benchmark-api4-1000-c100-008;008-REQ-000648;648;registro de prueba;2026-06-09T23:41:02.725511+00:00;2026-06-09T23:41:02.785032+00:00;59.51;502;error;;La respuesta no fue JSON válido
benchmark-api4-1000-c100-008;008-REQ-000649;649;registro de prueba;2026-06-09T23:41:02.725821+00:00;2026-06-09T23:41:02.785111+00:00;59.28;502;error;;La respuesta no fue JSON válido
benchmark-api4-1000-c100-008;008-REQ-000650;650;registro de prueba;2026-06-09T23:41:02.726142+00:00;2026-06-09T23:41:02.785275+00:00;59.12;502;error;;La respuesta no fue JSON válido
benchmark-api4-1000-c100-008;008-REQ-000651;651;registro de prueba;2026-06-09T23:41:02.726401+00:00;2026-06-09T23:41:02.785453+00:00;59.04;502;error;;La respuesta no fue JSON válido
benchmark-api4-1000-c100-008;008-REQ-000652;652;registro de prueba;2026-06-09T23:41:02.726646+00:00;2026-06-09T23:41:02.785643+00:00;58.96;502;error;;La respuesta no fue JSON válido
benchmark-api4-1000-c100-008;008-REQ-000653;653;registro de prueba;2026-06-09T23:41:02.729865+00:00;2026-06-09T23:41:02.804878+00:00;74.97;502;error;;La respuesta no fue JSON válido
benchmark-api4-1000-c100-008;008-REQ-000654;654;registro de prueba;2026-06-09T23:41:02.730663+00:00;2026-06-09T23:41:02.805229+00:00;74.54;502;error;;La respuesta no fue JSON válido
benchmark-api4-1000-c100-008;008-REQ-000655;655;registro de prueba;2026-06-09T23:41:02.731438+00:00;2026-06-09T23:41:02.805435+00:00;73.95;502;error;;La respuesta no fue JSON válido
benchmark-api4-1000-c100-008;008-REQ-000656;656;registro de prueba;2026-06-09T23:41:02.732038+00:00;2026-06-09T23:41:02.805666+00:00;73.61;502;error;;La respuesta no fue JSON válido
benchmark-api4-1000-c100-008;008-REQ-000657;657;registro de prueba;2026-06-09T23:41:02.732737+00:00;2026-06-09T23:41:02.805818+00:00;73.06;502;error;;La respuesta no fue JSON válido
benchmark-api4-1000-c100-008;008-REQ-000658;658;registro de prueba;2026-06-09T23:41:02.733200+00:00;2026-06-09T23:41:02.805930+00:00;72.72;502;error;;La respuesta no fue JSON válido
benchmark-api4-1000-c100-008;008-REQ-000659;659;registro de prueba;2026-06-09T23:41:02.733488+00:00;2026-06-09T23:41:02.806115+00:00;72.62;502;error;;La respuesta no fue JSON válido
benchmark-api4-1000-c100-008;008-REQ-000660;660;registro de prueba;2026-06-09T23:41:02.733843+00:00;2026-06-09T23:41:02.806270+00:00;72.41;502;error;;La respuesta no fue JSON válido
benchmark-api4-1000-c100-008;008-REQ-000661;661;registro de prueba;2026-06-09T23:41:02.734401+00:00;2026-06-09T23:41:02.806355+00:00;71.93;502;error;;La respuesta no fue JSON válido
benchmark-api4-1000-c100-008;008-REQ-000662;662;registro de prueba;2026-06-09T23:41:02.734872+00:00;2026-06-09T23:41:02.806431+00:00;71.55;502;error;;La respuesta no fue JSON válido
benchmark-api4-1000-c100-008;008-REQ-000663;663;registro de prueba;2026-06-09T23:41:02.735208+00:00;2026-06-09T23:41:02.806589+00:00;71.35;502;error;;La respuesta no fue JSON válido
benchmark-api4-1000-c100-008;008-REQ-000664;664;registro de prueba;2026-06-09T23:41:02.735694+00:00;2026-06-09T23:41:02.806776+00:00;71.06;502;error;;La respuesta no fue JSON válido
benchmark-api4-1000-c100-008;008-REQ-000665;665;registro de prueba;2026-06-09T23:41:02.736250+00:00;2026-06-09T23:41:02.806849+00:00;70.58;502;error;;La respuesta no fue JSON válido
benchmark-api4-1000-c100-008;008-REQ-000666;666;registro de prueba;2026-06-09T23:41:02.736793+00:00;2026-06-09T23:41:02.806919+00:00;70.11;502;error;;La respuesta no fue JSON válido
benchmark-api4-1000-c100-008;008-REQ-000667;667;registro de prueba;2026-06-09T23:41:02.737165+00:00;2026-06-09T23:41:02.806988+00:00;69.81;502;error;;La respuesta no fue JSON válido
benchmark-api4-1000-c100-008;008-REQ-000668;668;registro de prueba;2026-06-09T23:41:02.737456+00:00;2026-06-09T23:41:02.807061+00:00;69.59;502;error;;La respuesta no fue JSON válido
benchmark-api4-1000-c100-008;008-REQ-000669;669;registro de prueba;2026-06-09T23:41:02.737706+00:00;2026-06-09T23:41:02.807139+00:00;69.42;502;error;;La respuesta no fue JSON válido
benchmark-api4-1000-c100-008;008-REQ-000670;670;registro de prueba;2026-06-09T23:41:02.738076+00:00;2026-06-09T23:41:02.807245+00:00;69.16;502;error;;La respuesta no fue JSON válido
benchmark-api4-1000-c100-008;008-REQ-000671;671;registro de prueba;2026-06-09T23:41:02.738406+00:00;2026-06-09T23:41:02.807372+00:00;68.95;502;error;;La respuesta no fue JSON válido
benchmark-api4-1000-c100-008;008-REQ-000672;672;registro de prueba;2026-06-09T23:41:02.738668+00:00;2026-06-09T23:41:02.807454+00:00;68.78;502;error;;La respuesta no fue JSON válido
benchmark-api4-1000-c100-008;008-REQ-000673;673;registro de prueba;2026-06-09T23:41:02.738901+00:00;2026-06-09T23:41:02.807525+00:00;68.61;502;error;;La respuesta no fue JSON válido
benchmark-api4-1000-c100-008;008-REQ-000674;674;registro de prueba;2026-06-09T23:41:02.739245+00:00;2026-06-09T23:41:02.807590+00:00;68.33;502;error;;La respuesta no fue JSON válido
benchmark-api4-1000-c100-008;008-REQ-000675;675;registro de prueba;2026-06-09T23:41:02.739612+00:00;2026-06-09T23:41:02.807658+00:00;68.03;502;error;;La respuesta no fue JSON válido
benchmark-api4-1000-c100-008;008-REQ-000676;676;registro de prueba;2026-06-09T23:41:02.740026+00:00;2026-06-09T23:41:02.807724+00:00;67.68;502;error;;La respuesta no fue JSON válido
benchmark-api4-1000-c100-008;008-REQ-000677;677;registro de prueba;2026-06-09T23:41:02.740493+00:00;2026-06-09T23:41:02.807796+00:00;67.29;502;error;;La respuesta no fue JSON válido
benchmark-api4-1000-c100-008;008-REQ-000678;678;registro de prueba;2026-06-09T23:41:02.740833+00:00;2026-06-09T23:41:02.807857+00:00;67.01;502;error;;La respuesta no fue JSON válido
benchmark-api4-1000-c100-008;008-REQ-000679;679;registro de prueba;2026-06-09T23:41:02.741203+00:00;2026-06-09T23:41:02.807923+00:00;66.71;502;error;;La respuesta no fue JSON válido
benchmark-api4-1000-c100-008;008-REQ-000680;680;registro de prueba;2026-06-09T23:41:02.741518+00:00;2026-06-09T23:41:02.807986+00:00;66.46;502;error;;La respuesta no fue JSON válido
benchmark-api4-1000-c100-008;008-REQ-000681;681;registro de prueba;2026-06-09T23:41:02.741941+00:00;2026-06-09T23:41:02.808042+00:00;66.08;502;error;;La respuesta no fue JSON válido
benchmark-api4-1000-c100-008;008-REQ-000682;682;registro de prueba;2026-06-09T23:41:02.742445+00:00;2026-06-09T23:41:02.808109+00:00;65.65;502;error;;La respuesta no fue JSON válido
benchmark-api4-1000-c100-008;008-REQ-000683;683;registro de prueba;2026-06-09T23:41:02.742908+00:00;2026-06-09T23:41:02.808159+00:00;65.23;502;error;;La respuesta no fue JSON válido
benchmark-api4-1000-c100-008;008-REQ-000684;684;registro de prueba;2026-06-09T23:41:02.743259+00:00;2026-06-09T23:41:02.808308+00:00;65.03;502;error;;La respuesta no fue JSON válido
benchmark-api4-1000-c100-008;008-REQ-000685;685;registro de prueba;2026-06-09T23:41:02.743550+00:00;2026-06-09T23:41:02.808530+00:00;64.97;502;error;;La respuesta no fue JSON válido
benchmark-api4-1000-c100-008;008-REQ-000686;686;registro de prueba;2026-06-09T23:41:02.743903+00:00;2026-06-09T23:41:02.808659+00:00;64.74;502;error;;La respuesta no fue JSON válido
benchmark-api4-1000-c100-008;008-REQ-000687;687;registro de prueba;2026-06-09T23:41:02.744399+00:00;2026-06-09T23:41:02.808737+00:00;64.32;502;error;;La respuesta no fue JSON válido
benchmark-api4-1000-c100-008;008-REQ-000688;688;registro de prueba;2026-06-09T23:41:02.751220+00:00;2026-06-09T23:41:02.837108+00:00;85.87;502;error;;La respuesta no fue JSON válido
benchmark-api4-1000-c100-008;008-REQ-000689;689;registro de prueba;2026-06-09T23:41:02.751873+00:00;2026-06-09T23:41:02.837285+00:00;85.39;502;error;;La respuesta no fue JSON válido
benchmark-api4-1000-c100-008;008-REQ-000690;690;registro de prueba;2026-06-09T23:41:02.752306+00:00;2026-06-09T23:41:02.837837+00:00;85.51;502;error;;La respuesta no fue JSON válido
benchmark-api4-1000-c100-008;008-REQ-000691;691;registro de prueba;2026-06-09T23:41:02.752858+00:00;2026-06-09T23:41:02.838041+00:00;85.16;502;error;;La respuesta no fue JSON válido
benchmark-api4-1000-c100-008;008-REQ-000692;692;registro de prueba;2026-06-09T23:41:02.753757+00:00;2026-06-09T23:41:02.838132+00:00;84.34;502;error;;La respuesta no fue JSON válido
benchmark-api4-1000-c100-008;008-REQ-000693;693;registro de prueba;2026-06-09T23:41:02.754802+00:00;2026-06-09T23:41:02.838189+00:00;83.3;502;error;;La respuesta no fue JSON válido
benchmark-api4-1000-c100-008;008-REQ-000694;694;registro de prueba;2026-06-09T23:41:02.755543+00:00;2026-06-09T23:41:02.838241+00:00;82.67;502;error;;La respuesta no fue JSON válido
benchmark-api4-1000-c100-008;008-REQ-000695;695;registro de prueba;2026-06-09T23:41:02.756295+00:00;2026-06-09T23:41:02.838361+00:00;82.04;502;error;;La respuesta no fue JSON válido
benchmark-api4-1000-c100-008;008-REQ-000696;696;registro de prueba;2026-06-09T23:41:02.756849+00:00;2026-06-09T23:41:02.838538+00:00;81.62;502;error;;La respuesta no fue JSON válido
benchmark-api4-1000-c100-008;008-REQ-000697;697;registro de prueba;2026-06-09T23:41:02.757778+00:00;2026-06-09T23:41:02.838603+00:00;80.81;502;error;;La respuesta no fue JSON válido
benchmark-api4-1000-c100-008;008-REQ-000698;698;registro de prueba;2026-06-09T23:41:02.758627+00:00;2026-06-09T23:41:02.838656+00:00;80.01;502;error;;La respuesta no fue JSON válido
benchmark-api4-1000-c100-008;008-REQ-000699;699;registro de prueba;2026-06-09T23:41:02.759428+00:00;2026-06-09T23:41:02.838836+00:00;79.39;502;error;;La respuesta no fue JSON válido
benchmark-api4-1000-c100-008;008-REQ-000700;700;registro de prueba;2026-06-09T23:41:02.759741+00:00;2026-06-09T23:41:02.838904+00:00;79.15;502;error;;La respuesta no fue JSON válido
benchmark-api4-1000-c100-008;008-REQ-000701;701;registro de prueba;2026-06-09T23:41:02.760009+00:00;2026-06-09T23:41:02.838964+00:00;78.94;502;error;;La respuesta no fue JSON válido
benchmark-api4-1000-c100-008;008-REQ-000702;702;registro de prueba;2026-06-09T23:41:02.760278+00:00;2026-06-09T23:41:02.839024+00:00;78.74;502;error;;La respuesta no fue JSON válido
benchmark-api4-1000-c100-008;008-REQ-000703;703;registro de prueba;2026-06-09T23:41:02.760676+00:00;2026-06-09T23:41:02.839079+00:00;78.39;502;error;;La respuesta no fue JSON válido
benchmark-api4-1000-c100-008;008-REQ-000704;704;registro de prueba;2026-06-09T23:41:02.761592+00:00;2026-06-09T23:41:02.839134+00:00;77.52;502;error;;La respuesta no fue JSON válido
benchmark-api4-1000-c100-008;008-REQ-000705;705;registro de prueba;2026-06-09T23:41:02.762382+00:00;2026-06-09T23:41:02.839184+00:00;76.64;502;error;;La respuesta no fue JSON válido
benchmark-api4-1000-c100-008;008-REQ-000706;706;registro de prueba;2026-06-09T23:41:02.764618+00:00;2026-06-09T23:41:02.839236+00:00;74.58;502;error;;La respuesta no fue JSON válido
benchmark-api4-1000-c100-008;008-REQ-000707;707;registro de prueba;2026-06-09T23:41:02.766480+00:00;2026-06-09T23:41:02.839288+00:00;72.78;502;error;;La respuesta no fue JSON válido
benchmark-api4-1000-c100-008;008-REQ-000708;708;registro de prueba;2026-06-09T23:41:02.767170+00:00;2026-06-09T23:41:02.839338+00:00;72.15;502;error;;La respuesta no fue JSON válido
benchmark-api4-1000-c100-008;008-REQ-000709;709;registro de prueba;2026-06-09T23:41:02.768307+00:00;2026-06-09T23:41:02.839387+00:00;71.02;502;error;;La respuesta no fue JSON válido
benchmark-api4-1000-c100-008;008-REQ-000710;710;registro de prueba;2026-06-09T23:41:02.769123+00:00;2026-06-09T23:41:02.839438+00:00;70.29;502;error;;La respuesta no fue JSON válido
benchmark-api4-1000-c100-008;008-REQ-000711;711;registro de prueba;2026-06-09T23:41:02.770218+00:00;2026-06-09T23:41:02.839488+00:00;69.25;502;error;;La respuesta no fue JSON válido
benchmark-api4-1000-c100-008;008-REQ-000712;712;registro de prueba;2026-06-09T23:41:02.770893+00:00;2026-06-09T23:41:02.839544+00:00;68.63;502;error;;La respuesta no fue JSON válido
benchmark-api4-1000-c100-008;008-REQ-000713;713;registro de prueba;2026-06-09T23:41:02.771347+00:00;2026-06-09T23:41:02.839591+00:00;68.23;502;error;;La respuesta no fue JSON válido
benchmark-api4-1000-c100-008;008-REQ-000714;714;registro de prueba;2026-06-09T23:41:02.771716+00:00;2026-06-09T23:41:02.839641+00:00;67.91;502;error;;La respuesta no fue JSON válido
benchmark-api4-1000-c100-008;008-REQ-000715;715;registro de prueba;2026-06-09T23:41:02.772420+00:00;2026-06-09T23:41:02.839697+00:00;67.2;502;error;;La respuesta no fue JSON válido
benchmark-api4-1000-c100-008;008-REQ-000716;716;registro de prueba;2026-06-09T23:41:02.773603+00:00;2026-06-09T23:41:02.839747+00:00;66.12;502;error;;La respuesta no fue JSON válido
benchmark-api4-1000-c100-008;008-REQ-000717;717;registro de prueba;2026-06-09T23:41:02.774060+00:00;2026-06-09T23:41:02.839801+00:00;65.72;502;error;;La respuesta no fue JSON válido
benchmark-api4-1000-c100-008;008-REQ-000718;718;registro de prueba;2026-06-09T23:41:02.774582+00:00;2026-06-09T23:41:02.839855+00:00;65.26;502;error;;La respuesta no fue JSON válido
benchmark-api4-1000-c100-008;008-REQ-000719;719;registro de prueba;2026-06-09T23:41:02.775794+00:00;2026-06-09T23:41:02.839906+00:00;64.08;502;error;;La respuesta no fue JSON válido
benchmark-api4-1000-c100-008;008-REQ-000720;720;registro de prueba;2026-06-09T23:41:02.776669+00:00;2026-06-09T23:41:02.839957+00:00;63.27;502;error;;La respuesta no fue JSON válido
benchmark-api4-1000-c100-008;008-REQ-000721;721;registro de prueba;2026-06-09T23:41:02.777237+00:00;2026-06-09T23:41:02.840010+00:00;62.74;502;error;;La respuesta no fue JSON válido
benchmark-api4-1000-c100-008;008-REQ-000722;722;registro de prueba;2026-06-09T23:41:02.787001+00:00;2026-06-09T23:41:02.859183+00:00;72.16;502;error;;La respuesta no fue JSON válido
benchmark-api4-1000-c100-008;008-REQ-000723;723;registro de prueba;2026-06-09T23:41:02.787476+00:00;2026-06-09T23:41:02.859386+00:00;71.9;502;error;;La respuesta no fue JSON válido
benchmark-api4-1000-c100-008;008-REQ-000724;724;registro de prueba;2026-06-09T23:41:02.788191+00:00;2026-06-09T23:41:02.859598+00:00;71.38;502;error;;La respuesta no fue JSON válido
benchmark-api4-1000-c100-008;008-REQ-000725;725;registro de prueba;2026-06-09T23:41:02.788702+00:00;2026-06-09T23:41:02.859780+00:00;71.06;502;error;;La respuesta no fue JSON válido
benchmark-api4-1000-c100-008;008-REQ-000726;726;registro de prueba;2026-06-09T23:41:02.789277+00:00;2026-06-09T23:41:02.859899+00:00;70.61;502;error;;La respuesta no fue JSON válido
benchmark-api4-1000-c100-008;008-REQ-000727;727;registro de prueba;2026-06-09T23:41:02.789732+00:00;2026-06-09T23:41:02.860010+00:00;70.26;502;error;;La respuesta no fue JSON válido
benchmark-api4-1000-c100-008;008-REQ-000728;728;registro de prueba;2026-06-09T23:41:02.790674+00:00;2026-06-09T23:41:02.860114+00:00;69.41;502;error;;La respuesta no fue JSON válido
benchmark-api4-1000-c100-008;008-REQ-000729;729;registro de prueba;2026-06-09T23:41:02.791415+00:00;2026-06-09T23:41:02.860221+00:00;68.79;502;error;;La respuesta no fue JSON válido
benchmark-api4-1000-c100-008;008-REQ-000730;730;registro de prueba;2026-06-09T23:41:02.791938+00:00;2026-06-09T23:41:02.860334+00:00;68.36;502;error;;La respuesta no fue JSON válido
benchmark-api4-1000-c100-008;008-REQ-000731;731;registro de prueba;2026-06-09T23:41:02.792919+00:00;2026-06-09T23:41:02.860448+00:00;67.51;502;error;;La respuesta no fue JSON válido
benchmark-api4-1000-c100-008;008-REQ-000732;732;registro de prueba;2026-06-09T23:41:02.794008+00:00;2026-06-09T23:41:02.860796+00:00;66.76;502;error;;La respuesta no fue JSON válido
benchmark-api4-1000-c100-008;008-REQ-000733;733;registro de prueba;2026-06-09T23:41:02.794454+00:00;2026-06-09T23:41:02.860985+00:00;66.51;502;error;;La respuesta no fue JSON válido
benchmark-api4-1000-c100-008;008-REQ-000734;734;registro de prueba;2026-06-09T23:41:02.794719+00:00;2026-06-09T23:41:02.861118+00:00;66.39;502;error;;La respuesta no fue JSON válido
benchmark-api4-1000-c100-008;008-REQ-000735;735;registro de prueba;2026-06-09T23:41:02.794950+00:00;2026-06-09T23:41:02.861240+00:00;66.28;502;error;;La respuesta no fue JSON válido
benchmark-api4-1000-c100-008;008-REQ-000736;736;registro de prueba;2026-06-09T23:41:02.796171+00:00;2026-06-09T23:41:02.861369+00:00;65.18;502;error;;La respuesta no fue JSON válido
benchmark-api4-1000-c100-008;008-REQ-000737;737;registro de prueba;2026-06-09T23:41:02.797995+00:00;2026-06-09T23:41:02.861483+00:00;63.45;502;error;;La respuesta no fue JSON válido
benchmark-api4-1000-c100-008;008-REQ-000738;738;registro de prueba;2026-06-09T23:41:02.799175+00:00;2026-06-09T23:41:02.861591+00:00;62.34;502;error;;La respuesta no fue JSON válido
benchmark-api4-1000-c100-008;008-REQ-000739;739;registro de prueba;2026-06-09T23:41:02.800439+00:00;2026-06-09T23:41:02.861702+00:00;61.24;502;error;;La respuesta no fue JSON válido
benchmark-api4-1000-c100-008;008-REQ-000740;740;registro de prueba;2026-06-09T23:41:02.800943+00:00;2026-06-09T23:41:02.861802+00:00;60.84;502;error;;La respuesta no fue JSON válido
benchmark-api4-1000-c100-008;008-REQ-000741;741;registro de prueba;2026-06-09T23:41:02.801323+00:00;2026-06-09T23:41:02.861929+00:00;60.59;502;error;;La respuesta no fue JSON válido
benchmark-api4-1000-c100-008;008-REQ-000742;742;registro de prueba;2026-06-09T23:41:02.801964+00:00;2026-06-09T23:41:02.862078+00:00;60.09;502;error;;La respuesta no fue JSON válido
benchmark-api4-1000-c100-008;008-REQ-000743;743;registro de prueba;2026-06-09T23:41:02.802465+00:00;2026-06-09T23:41:02.862163+00:00;59.68;502;error;;La respuesta no fue JSON válido
benchmark-api4-1000-c100-008;008-REQ-000744;744;registro de prueba;2026-06-09T23:41:02.802827+00:00;2026-06-09T23:41:02.862227+00:00;59.39;502;error;;La respuesta no fue JSON válido
benchmark-api4-1000-c100-008;008-REQ-000745;745;registro de prueba;2026-06-09T23:41:02.803137+00:00;2026-06-09T23:41:02.862296+00:00;59.13;502;error;;La respuesta no fue JSON válido
benchmark-api4-1000-c100-008;008-REQ-000746;746;registro de prueba;2026-06-09T23:41:02.803428+00:00;2026-06-09T23:41:02.862364+00:00;58.92;502;error;;La respuesta no fue JSON válido
benchmark-api4-1000-c100-008;008-REQ-000747;747;registro de prueba;2026-06-09T23:41:02.803696+00:00;2026-06-09T23:41:02.862422+00:00;58.72;502;error;;La respuesta no fue JSON válido
benchmark-api4-1000-c100-008;008-REQ-000748;748;registro de prueba;2026-06-09T23:41:02.804018+00:00;2026-06-09T23:41:02.862466+00:00;58.44;502;error;;La respuesta no fue JSON válido
benchmark-api4-1000-c100-008;008-REQ-000749;749;registro de prueba;2026-06-09T23:41:02.810547+00:00;2026-06-09T23:41:02.875611+00:00;65.04;502;error;;La respuesta no fue JSON válido
benchmark-api4-1000-c100-008;008-REQ-000750;750;registro de prueba;2026-06-09T23:41:02.811123+00:00;2026-06-09T23:41:02.875755+00:00;64.61;502;error;;La respuesta no fue JSON válido
benchmark-api4-1000-c100-008;008-REQ-000751;751;registro de prueba;2026-06-09T23:41:02.811521+00:00;2026-06-09T23:41:02.875995+00:00;64.46;502;error;;La respuesta no fue JSON válido
benchmark-api4-1000-c100-008;008-REQ-000752;752;registro de prueba;2026-06-09T23:41:02.812018+00:00;2026-06-09T23:41:02.876115+00:00;64.08;502;error;;La respuesta no fue JSON válido
benchmark-api4-1000-c100-008;008-REQ-000753;753;registro de prueba;2026-06-09T23:41:02.812359+00:00;2026-06-09T23:41:02.876216+00:00;63.84;502;error;;La respuesta no fue JSON válido
benchmark-api4-1000-c100-008;008-REQ-000754;754;registro de prueba;2026-06-09T23:41:02.812708+00:00;2026-06-09T23:41:02.876297+00:00;63.58;502;error;;La respuesta no fue JSON válido
benchmark-api4-1000-c100-008;008-REQ-000755;755;registro de prueba;2026-06-09T23:41:02.812970+00:00;2026-06-09T23:41:02.876364+00:00;63.38;502;error;;La respuesta no fue JSON válido
benchmark-api4-1000-c100-008;008-REQ-000756;756;registro de prueba;2026-06-09T23:41:02.813773+00:00;2026-06-09T23:41:02.876429+00:00;62.63;502;error;;La respuesta no fue JSON válido
benchmark-api4-1000-c100-008;008-REQ-000757;757;registro de prueba;2026-06-09T23:41:02.815274+00:00;2026-06-09T23:41:02.876501+00:00;61.2;502;error;;La respuesta no fue JSON válido
benchmark-api4-1000-c100-008;008-REQ-000758;758;registro de prueba;2026-06-09T23:41:02.816038+00:00;2026-06-09T23:41:02.876587+00:00;60.53;502;error;;La respuesta no fue JSON válido
benchmark-api4-1000-c100-008;008-REQ-000759;759;registro de prueba;2026-06-09T23:41:02.816455+00:00;2026-06-09T23:41:02.876676+00:00;60.21;502;error;;La respuesta no fue JSON válido
benchmark-api4-1000-c100-008;008-REQ-000760;760;registro de prueba;2026-06-09T23:41:02.817066+00:00;2026-06-09T23:41:02.876752+00:00;59.67;502;error;;La respuesta no fue JSON válido
benchmark-api4-1000-c100-008;008-REQ-000761;761;registro de prueba;2026-06-09T23:41:02.817990+00:00;2026-06-09T23:41:02.876839+00:00;58.82;502;error;;La respuesta no fue JSON válido
benchmark-api4-1000-c100-008;008-REQ-000762;762;registro de prueba;2026-06-09T23:41:02.819129+00:00;2026-06-09T23:41:02.877022+00:00;57.87;502;error;;La respuesta no fue JSON válido
benchmark-api4-1000-c100-008;008-REQ-000763;763;registro de prueba;2026-06-09T23:41:02.819733+00:00;2026-06-09T23:41:02.877116+00:00;57.36;502;error;;La respuesta no fue JSON válido
benchmark-api4-1000-c100-008;008-REQ-000764;764;registro de prueba;2026-06-09T23:41:02.820247+00:00;2026-06-09T23:41:02.877185+00:00;56.92;502;error;;La respuesta no fue JSON válido
benchmark-api4-1000-c100-008;008-REQ-000765;765;registro de prueba;2026-06-09T23:41:02.820907+00:00;2026-06-09T23:41:02.877300+00:00;56.37;502;error;;La respuesta no fue JSON válido
benchmark-api4-1000-c100-008;008-REQ-000766;766;registro de prueba;2026-06-09T23:41:02.821311+00:00;2026-06-09T23:41:02.877396+00:00;56.07;502;error;;La respuesta no fue JSON válido
benchmark-api4-1000-c100-008;008-REQ-000767;767;registro de prueba;2026-06-09T23:41:02.822048+00:00;2026-06-09T23:41:02.877463+00:00;55.39;502;error;;La respuesta no fue JSON válido
benchmark-api4-1000-c100-008;008-REQ-000768;768;registro de prueba;2026-06-09T23:41:02.823158+00:00;2026-06-09T23:41:02.877529+00:00;54.21;502;error;;La respuesta no fue JSON válido
benchmark-api4-1000-c100-008;008-REQ-000769;769;registro de prueba;2026-06-09T23:41:02.824200+00:00;2026-06-09T23:41:02.877589+00:00;53.37;502;error;;La respuesta no fue JSON válido
benchmark-api4-1000-c100-008;008-REQ-000770;770;registro de prueba;2026-06-09T23:41:02.824756+00:00;2026-06-09T23:41:02.877645+00:00;52.87;502;error;;La respuesta no fue JSON válido
benchmark-api4-1000-c100-008;008-REQ-000771;771;registro de prueba;2026-06-09T23:41:02.825491+00:00;2026-06-09T23:41:02.877704+00:00;52.16;502;error;;La respuesta no fue JSON válido
benchmark-api4-1000-c100-008;008-REQ-000772;772;registro de prueba;2026-06-09T23:41:02.826377+00:00;2026-06-09T23:41:02.877766+00:00;51.37;502;error;;La respuesta no fue JSON válido
benchmark-api4-1000-c100-008;008-REQ-000773;773;registro de prueba;2026-06-09T23:41:02.827080+00:00;2026-06-09T23:41:02.877835+00:00;50.74;502;error;;La respuesta no fue JSON válido
benchmark-api4-1000-c100-008;008-REQ-000774;774;registro de prueba;2026-06-09T23:41:02.827595+00:00;2026-06-09T23:41:02.877916+00:00;50.3;502;error;;La respuesta no fue JSON válido
benchmark-api4-1000-c100-008;008-REQ-000775;775;registro de prueba;2026-06-09T23:41:02.827992+00:00;2026-06-09T23:41:02.878000+00:00;49.99;502;error;;La respuesta no fue JSON válido
benchmark-api4-1000-c100-008;008-REQ-000776;776;registro de prueba;2026-06-09T23:41:02.828645+00:00;2026-06-09T23:41:02.878068+00:00;49.38;502;error;;La respuesta no fue JSON válido
benchmark-api4-1000-c100-008;008-REQ-000777;777;registro de prueba;2026-06-09T23:41:02.829512+00:00;2026-06-09T23:41:02.878139+00:00;48.61;502;error;;La respuesta no fue JSON válido
benchmark-api4-1000-c100-008;008-REQ-000778;778;registro de prueba;2026-06-09T23:41:02.831448+00:00;2026-06-09T23:41:02.878448+00:00;46.96;502;error;;La respuesta no fue JSON válido
benchmark-api4-1000-c100-008;008-REQ-000779;779;registro de prueba;2026-06-09T23:41:02.832971+00:00;2026-06-09T23:41:02.878748+00:00;45.74;502;error;;La respuesta no fue JSON válido
benchmark-api4-1000-c100-008;008-REQ-000780;780;registro de prueba;2026-06-09T23:41:02.834027+00:00;2026-06-09T23:41:02.878929+00:00;44.88;502;error;;La respuesta no fue JSON válido
benchmark-api4-1000-c100-008;008-REQ-000781;781;registro de prueba;2026-06-09T23:41:02.834570+00:00;2026-06-09T23:41:02.879013+00:00;44.42;502;error;;La respuesta no fue JSON válido
benchmark-api4-1000-c100-008;008-REQ-000782;782;registro de prueba;2026-06-09T23:41:02.834918+00:00;2026-06-09T23:41:02.879085+00:00;44.15;502;error;;La respuesta no fue JSON válido
benchmark-api4-1000-c100-008;008-REQ-000783;783;registro de prueba;2026-06-09T23:41:02.835698+00:00;2026-06-09T23:41:02.879230+00:00;43.48;502;error;;La respuesta no fue JSON válido
benchmark-api4-1000-c100-008;008-REQ-000784;784;registro de prueba;2026-06-09T23:41:02.841009+00:00;2026-06-09T23:41:02.894509+00:00;53.48;502;error;;La respuesta no fue JSON válido
benchmark-api4-1000-c100-008;008-REQ-000785;785;registro de prueba;2026-06-09T23:41:02.841468+00:00;2026-06-09T23:41:02.894669+00:00;53.19;502;error;;La respuesta no fue JSON válido
benchmark-api4-1000-c100-008;008-REQ-000786;786;registro de prueba;2026-06-09T23:41:02.841753+00:00;2026-06-09T23:41:02.894790+00:00;53.03;502;error;;La respuesta no fue JSON válido
benchmark-api4-1000-c100-008;008-REQ-000787;787;registro de prueba;2026-06-09T23:41:02.841965+00:00;2026-06-09T23:41:02.894899+00:00;52.93;502;error;;La respuesta no fue JSON válido
benchmark-api4-1000-c100-008;008-REQ-000788;788;registro de prueba;2026-06-09T23:41:02.842158+00:00;2026-06-09T23:41:02.895003+00:00;52.84;502;error;;La respuesta no fue JSON válido
benchmark-api4-1000-c100-008;008-REQ-000789;789;registro de prueba;2026-06-09T23:41:02.842867+00:00;2026-06-09T23:41:02.895206+00:00;52.32;502;error;;La respuesta no fue JSON válido
benchmark-api4-1000-c100-008;008-REQ-000790;790;registro de prueba;2026-06-09T23:41:02.843336+00:00;2026-06-09T23:41:02.895353+00:00;52.0;502;error;;La respuesta no fue JSON válido
benchmark-api4-1000-c100-008;008-REQ-000791;791;registro de prueba;2026-06-09T23:41:02.843681+00:00;2026-06-09T23:41:02.895450+00:00;51.73;502;error;;La respuesta no fue JSON válido
benchmark-api4-1000-c100-008;008-REQ-000792;792;registro de prueba;2026-06-09T23:41:02.844022+00:00;2026-06-09T23:41:02.895575+00:00;51.54;502;error;;La respuesta no fue JSON válido
benchmark-api4-1000-c100-008;008-REQ-000793;793;registro de prueba;2026-06-09T23:41:02.844968+00:00;2026-06-09T23:41:02.895650+00:00;50.63;502;error;;La respuesta no fue JSON válido
benchmark-api4-1000-c100-008;008-REQ-000794;794;registro de prueba;2026-06-09T23:41:02.845655+00:00;2026-06-09T23:41:02.895697+00:00;49.96;502;error;;La respuesta no fue JSON válido
benchmark-api4-1000-c100-008;008-REQ-000795;795;registro de prueba;2026-06-09T23:41:02.846150+00:00;2026-06-09T23:41:02.895739+00:00;49.57;502;error;;La respuesta no fue JSON válido
benchmark-api4-1000-c100-008;008-REQ-000796;796;registro de prueba;2026-06-09T23:41:02.846976+00:00;2026-06-09T23:41:02.895804+00:00;48.8;502;error;;La respuesta no fue JSON válido
benchmark-api4-1000-c100-008;008-REQ-000797;797;registro de prueba;2026-06-09T23:41:02.848372+00:00;2026-06-09T23:41:02.895856+00:00;47.39;502;error;;La respuesta no fue JSON válido
benchmark-api4-1000-c100-008;008-REQ-000798;798;registro de prueba;2026-06-09T23:41:02.849328+00:00;2026-06-09T23:41:02.895939+00:00;46.59;502;error;;La respuesta no fue JSON válido
benchmark-api4-1000-c100-008;008-REQ-000799;799;registro de prueba;2026-06-09T23:41:02.850110+00:00;2026-06-09T23:41:02.896000+00:00;45.87;502;error;;La respuesta no fue JSON válido
benchmark-api4-1000-c100-008;008-REQ-000800;800;registro de prueba;2026-06-09T23:41:02.851075+00:00;2026-06-09T23:41:02.896040+00:00;44.94;502;error;;La respuesta no fue JSON válido
benchmark-api4-1000-c100-008;008-REQ-000801;801;registro de prueba;2026-06-09T23:41:02.851448+00:00;2026-06-09T23:41:02.896138+00:00;44.67;502;error;;La respuesta no fue JSON válido
benchmark-api4-1000-c100-008;008-REQ-000802;802;registro de prueba;2026-06-09T23:41:02.851939+00:00;2026-06-09T23:41:02.896185+00:00;44.22;502;error;;La respuesta no fue JSON válido
benchmark-api4-1000-c100-008;008-REQ-000803;803;registro de prueba;2026-06-09T23:41:02.852613+00:00;2026-06-09T23:41:02.896234+00:00;43.6;502;error;;La respuesta no fue JSON válido
benchmark-api4-1000-c100-008;008-REQ-000804;804;registro de prueba;2026-06-09T23:41:02.852932+00:00;2026-06-09T23:41:02.896270+00:00;43.33;502;error;;La respuesta no fue JSON válido
benchmark-api4-1000-c100-008;008-REQ-000805;805;registro de prueba;2026-06-09T23:41:02.853394+00:00;2026-06-09T23:41:02.896302+00:00;42.89;502;error;;La respuesta no fue JSON válido
benchmark-api4-1000-c100-008;008-REQ-000806;806;registro de prueba;2026-06-09T23:41:02.853817+00:00;2026-06-09T23:41:02.896346+00:00;42.52;502;error;;La respuesta no fue JSON válido
benchmark-api4-1000-c100-008;008-REQ-000807;807;registro de prueba;2026-06-09T23:41:02.854261+00:00;2026-06-09T23:41:02.896379+00:00;42.1;502;error;;La respuesta no fue JSON válido
benchmark-api4-1000-c100-008;008-REQ-000808;808;registro de prueba;2026-06-09T23:41:02.854813+00:00;2026-06-09T23:41:02.896501+00:00;41.67;502;error;;La respuesta no fue JSON válido
benchmark-api4-1000-c100-008;008-REQ-000809;809;registro de prueba;2026-06-09T23:41:02.855229+00:00;2026-06-09T23:41:02.896695+00:00;41.45;502;error;;La respuesta no fue JSON válido
benchmark-api4-1000-c100-008;008-REQ-000810;810;registro de prueba;2026-06-09T23:41:02.855582+00:00;2026-06-09T23:41:02.896849+00:00;41.25;502;error;;La respuesta no fue JSON válido
benchmark-api4-1000-c100-008;008-REQ-000811;811;registro de prueba;2026-06-09T23:41:02.856126+00:00;2026-06-09T23:41:02.896975+00:00;40.8;502;error;;La respuesta no fue JSON válido
benchmark-api4-1000-c100-008;008-REQ-000812;812;registro de prueba;2026-06-09T23:41:02.856656+00:00;2026-06-09T23:41:02.897101+00:00;40.43;502;error;;La respuesta no fue JSON válido
benchmark-api4-1000-c100-008;008-REQ-000813;813;registro de prueba;2026-06-09T23:41:02.857140+00:00;2026-06-09T23:41:02.897223+00:00;40.06;502;error;;La respuesta no fue JSON válido
benchmark-api4-1000-c100-008;008-REQ-000814;814;registro de prueba;2026-06-09T23:41:02.857566+00:00;2026-06-09T23:41:02.897344+00:00;39.76;502;error;;La respuesta no fue JSON válido
benchmark-api4-1000-c100-008;008-REQ-000815;815;registro de prueba;2026-06-09T23:41:02.857933+00:00;2026-06-09T23:41:02.897468+00:00;39.52;502;error;;La respuesta no fue JSON válido
benchmark-api4-1000-c100-008;008-REQ-000816;816;registro de prueba;2026-06-09T23:41:02.858312+00:00;2026-06-09T23:41:02.897596+00:00;39.27;502;error;;La respuesta no fue JSON válido
benchmark-api4-1000-c100-008;008-REQ-000817;817;registro de prueba;2026-06-09T23:41:02.858717+00:00;2026-06-09T23:41:02.897718+00:00;38.99;502;error;;La respuesta no fue JSON válido
benchmark-api4-1000-c100-008;008-REQ-000818;818;registro de prueba;2026-06-09T23:41:02.863432+00:00;2026-06-09T23:41:02.908321+00:00;44.87;502;error;;La respuesta no fue JSON válido
benchmark-api4-1000-c100-008;008-REQ-000819;819;registro de prueba;2026-06-09T23:41:02.863953+00:00;2026-06-09T23:41:02.908477+00:00;44.51;502;error;;La respuesta no fue JSON válido
benchmark-api4-1000-c100-008;008-REQ-000820;820;registro de prueba;2026-06-09T23:41:02.864487+00:00;2026-06-09T23:41:02.908561+00:00;44.05;502;error;;La respuesta no fue JSON válido
benchmark-api4-1000-c100-008;008-REQ-000821;821;registro de prueba;2026-06-09T23:41:02.865002+00:00;2026-06-09T23:41:02.908628+00:00;43.61;502;error;;La respuesta no fue JSON válido
benchmark-api4-1000-c100-008;008-REQ-000822;822;registro de prueba;2026-06-09T23:41:02.865483+00:00;2026-06-09T23:41:02.908783+00:00;43.28;502;error;;La respuesta no fue JSON válido
benchmark-api4-1000-c100-008;008-REQ-000823;823;registro de prueba;2026-06-09T23:41:02.866296+00:00;2026-06-09T23:41:02.908902+00:00;42.52;502;error;;La respuesta no fue JSON válido
benchmark-api4-1000-c100-008;008-REQ-000824;824;registro de prueba;2026-06-09T23:41:02.866850+00:00;2026-06-09T23:41:02.908969+00:00;42.1;502;error;;La respuesta no fue JSON válido
benchmark-api4-1000-c100-008;008-REQ-000825;825;registro de prueba;2026-06-09T23:41:02.867252+00:00;2026-06-09T23:41:02.909032+00:00;41.76;502;error;;La respuesta no fue JSON válido
benchmark-api4-1000-c100-008;008-REQ-000826;826;registro de prueba;2026-06-09T23:41:02.867632+00:00;2026-06-09T23:41:02.909089+00:00;41.44;502;error;;La respuesta no fue JSON válido
benchmark-api4-1000-c100-008;008-REQ-000827;827;registro de prueba;2026-06-09T23:41:02.868009+00:00;2026-06-09T23:41:02.909145+00:00;41.12;502;error;;La respuesta no fue JSON válido
benchmark-api4-1000-c100-008;008-REQ-000828;828;registro de prueba;2026-06-09T23:41:02.868343+00:00;2026-06-09T23:41:02.909208+00:00;40.85;502;error;;La respuesta no fue JSON válido
benchmark-api4-1000-c100-008;008-REQ-000829;829;registro de prueba;2026-06-09T23:41:02.868747+00:00;2026-06-09T23:41:02.909265+00:00;40.51;502;error;;La respuesta no fue JSON válido
benchmark-api4-1000-c100-008;008-REQ-000830;830;registro de prueba;2026-06-09T23:41:02.869108+00:00;2026-06-09T23:41:02.909370+00:00;40.25;502;error;;La respuesta no fue JSON válido
benchmark-api4-1000-c100-008;008-REQ-000831;831;registro de prueba;2026-06-09T23:41:02.869463+00:00;2026-06-09T23:41:02.909461+00:00;39.99;502;error;;La respuesta no fue JSON válido
benchmark-api4-1000-c100-008;008-REQ-000832;832;registro de prueba;2026-06-09T23:41:02.869772+00:00;2026-06-09T23:41:02.909530+00:00;39.75;502;error;;La respuesta no fue JSON válido
benchmark-api4-1000-c100-008;008-REQ-000833;833;registro de prueba;2026-06-09T23:41:02.870014+00:00;2026-06-09T23:41:02.909596+00:00;39.57;502;error;;La respuesta no fue JSON válido
benchmark-api4-1000-c100-008;008-REQ-000834;834;registro de prueba;2026-06-09T23:41:02.870274+00:00;2026-06-09T23:41:02.909655+00:00;39.32;502;error;;La respuesta no fue JSON válido
benchmark-api4-1000-c100-008;008-REQ-000835;835;registro de prueba;2026-06-09T23:41:02.870768+00:00;2026-06-09T23:41:02.909711+00:00;38.92;502;error;;La respuesta no fue JSON válido
benchmark-api4-1000-c100-008;008-REQ-000836;836;registro de prueba;2026-06-09T23:41:02.871331+00:00;2026-06-09T23:41:02.909765+00:00;38.41;502;error;;La respuesta no fue JSON válido
benchmark-api4-1000-c100-008;008-REQ-000837;837;registro de prueba;2026-06-09T23:41:02.871996+00:00;2026-06-09T23:41:02.909803+00:00;37.79;502;error;;La respuesta no fue JSON válido
benchmark-api4-1000-c100-008;008-REQ-000838;838;registro de prueba;2026-06-09T23:41:02.872646+00:00;2026-06-09T23:41:02.909844+00:00;37.18;502;error;;La respuesta no fue JSON válido
benchmark-api4-1000-c100-008;008-REQ-000839;839;registro de prueba;2026-06-09T23:41:02.873113+00:00;2026-06-09T23:41:02.909879+00:00;36.75;502;error;;La respuesta no fue JSON válido
benchmark-api4-1000-c100-008;008-REQ-000840;840;registro de prueba;2026-06-09T23:41:02.873515+00:00;2026-06-09T23:41:02.909924+00:00;36.39;502;error;;La respuesta no fue JSON válido
benchmark-api4-1000-c100-008;008-REQ-000841;841;registro de prueba;2026-06-09T23:41:02.873961+00:00;2026-06-09T23:41:02.909960+00:00;35.98;502;error;;La respuesta no fue JSON válido
benchmark-api4-1000-c100-008;008-REQ-000842;842;registro de prueba;2026-06-09T23:41:02.874415+00:00;2026-06-09T23:41:02.909992+00:00;35.57;502;error;;La respuesta no fue JSON válido
benchmark-api4-1000-c100-008;008-REQ-000843;843;registro de prueba;2026-06-09T23:41:02.874653+00:00;2026-06-09T23:41:02.910029+00:00;35.37;502;error;;La respuesta no fue JSON válido
benchmark-api4-1000-c100-008;008-REQ-000844;844;registro de prueba;2026-06-09T23:41:02.875094+00:00;2026-06-09T23:41:02.910063+00:00;34.95;502;error;;La respuesta no fue JSON válido
benchmark-api4-1000-c100-008;008-REQ-000845;845;registro de prueba;2026-06-09T23:41:02.880957+00:00;2026-06-09T23:41:02.923653+00:00;42.67;502;error;;La respuesta no fue JSON válido
benchmark-api4-1000-c100-008;008-REQ-000846;846;registro de prueba;2026-06-09T23:41:02.881584+00:00;2026-06-09T23:41:02.924025+00:00;42.42;502;error;;La respuesta no fue JSON válido
benchmark-api4-1000-c100-008;008-REQ-000847;847;registro de prueba;2026-06-09T23:41:02.882562+00:00;2026-06-09T23:41:02.924198+00:00;41.62;502;error;;La respuesta no fue JSON válido
benchmark-api4-1000-c100-008;008-REQ-000848;848;registro de prueba;2026-06-09T23:41:02.882891+00:00;2026-06-09T23:41:02.924331+00:00;41.43;502;error;;La respuesta no fue JSON válido
benchmark-api4-1000-c100-008;008-REQ-000849;849;registro de prueba;2026-06-09T23:41:02.883219+00:00;2026-06-09T23:41:02.924491+00:00;41.26;502;error;;La respuesta no fue JSON válido
benchmark-api4-1000-c100-008;008-REQ-000850;850;registro de prueba;2026-06-09T23:41:02.883587+00:00;2026-06-09T23:41:02.924648+00:00;41.05;502;error;;La respuesta no fue JSON válido
benchmark-api4-1000-c100-008;008-REQ-000851;851;registro de prueba;2026-06-09T23:41:02.884129+00:00;2026-06-09T23:41:02.924729+00:00;40.58;502;error;;La respuesta no fue JSON válido
benchmark-api4-1000-c100-008;008-REQ-000852;852;registro de prueba;2026-06-09T23:41:02.884476+00:00;2026-06-09T23:41:02.924793+00:00;40.3;502;error;;La respuesta no fue JSON válido
benchmark-api4-1000-c100-008;008-REQ-000853;853;registro de prueba;2026-06-09T23:41:02.884833+00:00;2026-06-09T23:41:02.924856+00:00;40.01;502;error;;La respuesta no fue JSON válido
benchmark-api4-1000-c100-008;008-REQ-000854;854;registro de prueba;2026-06-09T23:41:02.885115+00:00;2026-06-09T23:41:02.924920+00:00;39.8;502;error;;La respuesta no fue JSON válido
benchmark-api4-1000-c100-008;008-REQ-000855;855;registro de prueba;2026-06-09T23:41:02.885358+00:00;2026-06-09T23:41:02.924986+00:00;39.62;502;error;;La respuesta no fue JSON válido
benchmark-api4-1000-c100-008;008-REQ-000856;856;registro de prueba;2026-06-09T23:41:02.885567+00:00;2026-06-09T23:41:02.925045+00:00;39.47;502;error;;La respuesta no fue JSON válido
benchmark-api4-1000-c100-008;008-REQ-000857;857;registro de prueba;2026-06-09T23:41:02.885809+00:00;2026-06-09T23:41:02.925107+00:00;39.29;502;error;;La respuesta no fue JSON válido
benchmark-api4-1000-c100-008;008-REQ-000858;858;registro de prueba;2026-06-09T23:41:02.886028+00:00;2026-06-09T23:41:02.925166+00:00;39.13;502;error;;La respuesta no fue JSON válido
benchmark-api4-1000-c100-008;008-REQ-000859;859;registro de prueba;2026-06-09T23:41:02.886515+00:00;2026-06-09T23:41:02.925224+00:00;38.68;502;error;;La respuesta no fue JSON válido
benchmark-api4-1000-c100-008;008-REQ-000860;860;registro de prueba;2026-06-09T23:41:02.887037+00:00;2026-06-09T23:41:02.925431+00:00;38.38;502;error;;La respuesta no fue JSON válido
benchmark-api4-1000-c100-008;008-REQ-000861;861;registro de prueba;2026-06-09T23:41:02.887371+00:00;2026-06-09T23:41:02.925514+00:00;38.13;502;error;;La respuesta no fue JSON válido
benchmark-api4-1000-c100-008;008-REQ-000862;862;registro de prueba;2026-06-09T23:41:02.887813+00:00;2026-06-09T23:41:02.925574+00:00;37.74;502;error;;La respuesta no fue JSON válido
benchmark-api4-1000-c100-008;008-REQ-000863;863;registro de prueba;2026-06-09T23:41:02.888460+00:00;2026-06-09T23:41:02.925627+00:00;37.15;502;error;;La respuesta no fue JSON válido
benchmark-api4-1000-c100-008;008-REQ-000864;864;registro de prueba;2026-06-09T23:41:02.888863+00:00;2026-06-09T23:41:02.925669+00:00;36.79;502;error;;La respuesta no fue JSON válido
benchmark-api4-1000-c100-008;008-REQ-000865;865;registro de prueba;2026-06-09T23:41:02.889245+00:00;2026-06-09T23:41:02.925704+00:00;36.45;502;error;;La respuesta no fue JSON válido
benchmark-api4-1000-c100-008;008-REQ-000866;866;registro de prueba;2026-06-09T23:41:02.889599+00:00;2026-06-09T23:41:02.925741+00:00;36.13;502;error;;La respuesta no fue JSON válido
benchmark-api4-1000-c100-008;008-REQ-000867;867;registro de prueba;2026-06-09T23:41:02.889907+00:00;2026-06-09T23:41:02.925787+00:00;35.87;502;error;;La respuesta no fue JSON válido
benchmark-api4-1000-c100-008;008-REQ-000868;868;registro de prueba;2026-06-09T23:41:02.890167+00:00;2026-06-09T23:41:02.925838+00:00;35.66;502;error;;La respuesta no fue JSON válido
benchmark-api4-1000-c100-008;008-REQ-000869;869;registro de prueba;2026-06-09T23:41:02.890423+00:00;2026-06-09T23:41:02.925889+00:00;35.46;502;error;;La respuesta no fue JSON válido
benchmark-api4-1000-c100-008;008-REQ-000870;870;registro de prueba;2026-06-09T23:41:02.890899+00:00;2026-06-09T23:41:02.925946+00:00;35.03;502;error;;La respuesta no fue JSON válido
benchmark-api4-1000-c100-008;008-REQ-000871;871;registro de prueba;2026-06-09T23:41:02.891280+00:00;2026-06-09T23:41:02.926004+00:00;34.71;502;error;;La respuesta no fue JSON válido
benchmark-api4-1000-c100-008;008-REQ-000872;872;registro de prueba;2026-06-09T23:41:02.891684+00:00;2026-06-09T23:41:02.926055+00:00;34.35;502;error;;La respuesta no fue JSON válido
benchmark-api4-1000-c100-008;008-REQ-000873;873;registro de prueba;2026-06-09T23:41:02.892299+00:00;2026-06-09T23:41:02.926107+00:00;33.77;502;error;;La respuesta no fue JSON válido
benchmark-api4-1000-c100-008;008-REQ-000874;874;registro de prueba;2026-06-09T23:41:02.892718+00:00;2026-06-09T23:41:02.926154+00:00;33.41;502;error;;La respuesta no fue JSON válido
benchmark-api4-1000-c100-008;008-REQ-000875;875;registro de prueba;2026-06-09T23:41:02.893044+00:00;2026-06-09T23:41:02.926188+00:00;33.13;502;error;;La respuesta no fue JSON válido
benchmark-api4-1000-c100-008;008-REQ-000876;876;registro de prueba;2026-06-09T23:41:02.893337+00:00;2026-06-09T23:41:02.926222+00:00;32.87;502;error;;La respuesta no fue JSON válido
benchmark-api4-1000-c100-008;008-REQ-000877;877;registro de prueba;2026-06-09T23:41:02.893562+00:00;2026-06-09T23:41:02.926255+00:00;32.69;502;error;;La respuesta no fue JSON válido
benchmark-api4-1000-c100-008;008-REQ-000878;878;registro de prueba;2026-06-09T23:41:02.893744+00:00;2026-06-09T23:41:02.926297+00:00;32.55;502;error;;La respuesta no fue JSON válido
benchmark-api4-1000-c100-008;008-REQ-000879;879;registro de prueba;2026-06-09T23:41:02.893916+00:00;2026-06-09T23:41:02.926501+00:00;32.58;502;error;;La respuesta no fue JSON válido
benchmark-api4-1000-c100-008;008-REQ-000880;880;registro de prueba;2026-06-09T23:41:02.899092+00:00;2026-06-09T23:41:02.940764+00:00;41.65;502;error;;La respuesta no fue JSON válido
benchmark-api4-1000-c100-008;008-REQ-000881;881;registro de prueba;2026-06-09T23:41:02.899466+00:00;2026-06-09T23:41:02.940914+00:00;41.44;502;error;;La respuesta no fue JSON válido
benchmark-api4-1000-c100-008;008-REQ-000882;882;registro de prueba;2026-06-09T23:41:02.899702+00:00;2026-06-09T23:41:02.941033+00:00;41.32;502;error;;La respuesta no fue JSON válido
benchmark-api4-1000-c100-008;008-REQ-000883;883;registro de prueba;2026-06-09T23:41:02.899861+00:00;2026-06-09T23:41:02.941150+00:00;41.28;502;error;;La respuesta no fue JSON válido
benchmark-api4-1000-c100-008;008-REQ-000884;884;registro de prueba;2026-06-09T23:41:02.899994+00:00;2026-06-09T23:41:02.941255+00:00;41.25;502;error;;La respuesta no fue JSON válido
benchmark-api4-1000-c100-008;008-REQ-000885;885;registro de prueba;2026-06-09T23:41:02.900210+00:00;2026-06-09T23:41:02.941356+00:00;41.14;502;error;;La respuesta no fue JSON válido
benchmark-api4-1000-c100-008;008-REQ-000886;886;registro de prueba;2026-06-09T23:41:02.900458+00:00;2026-06-09T23:41:02.941453+00:00;40.98;502;error;;La respuesta no fue JSON válido
benchmark-api4-1000-c100-008;008-REQ-000887;887;registro de prueba;2026-06-09T23:41:02.900746+00:00;2026-06-09T23:41:02.941541+00:00;40.78;502;error;;La respuesta no fue JSON válido
benchmark-api4-1000-c100-008;008-REQ-000888;888;registro de prueba;2026-06-09T23:41:02.901043+00:00;2026-06-09T23:41:02.941624+00:00;40.57;502;error;;La respuesta no fue JSON válido
benchmark-api4-1000-c100-008;008-REQ-000889;889;registro de prueba;2026-06-09T23:41:02.901583+00:00;2026-06-09T23:41:02.941711+00:00;40.11;502;error;;La respuesta no fue JSON válido
benchmark-api4-1000-c100-008;008-REQ-000890;890;registro de prueba;2026-06-09T23:41:02.902148+00:00;2026-06-09T23:41:02.941802+00:00;39.64;502;error;;La respuesta no fue JSON válido
benchmark-api4-1000-c100-008;008-REQ-000891;891;registro de prueba;2026-06-09T23:41:02.902537+00:00;2026-06-09T23:41:02.941888+00:00;39.34;502;error;;La respuesta no fue JSON válido
benchmark-api4-1000-c100-008;008-REQ-000892;892;registro de prueba;2026-06-09T23:41:02.902908+00:00;2026-06-09T23:41:02.941973+00:00;39.05;502;error;;La respuesta no fue JSON válido
benchmark-api4-1000-c100-008;008-REQ-000893;893;registro de prueba;2026-06-09T23:41:02.903208+00:00;2026-06-09T23:41:02.942080+00:00;38.86;502;error;;La respuesta no fue JSON válido
benchmark-api4-1000-c100-008;008-REQ-000894;894;registro de prueba;2026-06-09T23:41:02.903538+00:00;2026-06-09T23:41:02.942159+00:00;38.61;502;error;;La respuesta no fue JSON válido
benchmark-api4-1000-c100-008;008-REQ-000895;895;registro de prueba;2026-06-09T23:41:02.903838+00:00;2026-06-09T23:41:02.942236+00:00;38.39;502;error;;La respuesta no fue JSON válido
benchmark-api4-1000-c100-008;008-REQ-000896;896;registro de prueba;2026-06-09T23:41:02.904111+00:00;2026-06-09T23:41:02.942317+00:00;38.19;502;error;;La respuesta no fue JSON válido
benchmark-api4-1000-c100-008;008-REQ-000897;897;registro de prueba;2026-06-09T23:41:02.904412+00:00;2026-06-09T23:41:02.942460+00:00;38.03;502;error;;La respuesta no fue JSON válido
benchmark-api4-1000-c100-008;008-REQ-000898;898;registro de prueba;2026-06-09T23:41:02.904689+00:00;2026-06-09T23:41:02.942576+00:00;37.88;502;error;;La respuesta no fue JSON válido
benchmark-api4-1000-c100-008;008-REQ-000899;899;registro de prueba;2026-06-09T23:41:02.904926+00:00;2026-06-09T23:41:02.942650+00:00;37.72;502;error;;La respuesta no fue JSON válido
benchmark-api4-1000-c100-008;008-REQ-000900;900;registro de prueba;2026-06-09T23:41:02.905140+00:00;2026-06-09T23:41:02.942700+00:00;37.55;502;error;;La respuesta no fue JSON válido
benchmark-api4-1000-c100-008;008-REQ-000901;901;registro de prueba;2026-06-09T23:41:02.905348+00:00;2026-06-09T23:41:02.942754+00:00;37.4;502;error;;La respuesta no fue JSON válido
benchmark-api4-1000-c100-008;008-REQ-000902;902;registro de prueba;2026-06-09T23:41:02.905551+00:00;2026-06-09T23:41:02.942807+00:00;37.25;502;error;;La respuesta no fue JSON válido
benchmark-api4-1000-c100-008;008-REQ-000903;903;registro de prueba;2026-06-09T23:41:02.905738+00:00;2026-06-09T23:41:02.942861+00:00;37.12;502;error;;La respuesta no fue JSON válido
benchmark-api4-1000-c100-008;008-REQ-000904;904;registro de prueba;2026-06-09T23:41:02.905935+00:00;2026-06-09T23:41:02.942916+00:00;36.97;502;error;;La respuesta no fue JSON válido
benchmark-api4-1000-c100-008;008-REQ-000905;905;registro de prueba;2026-06-09T23:41:02.906133+00:00;2026-06-09T23:41:02.942965+00:00;36.82;502;error;;La respuesta no fue JSON válido
benchmark-api4-1000-c100-008;008-REQ-000906;906;registro de prueba;2026-06-09T23:41:02.906346+00:00;2026-06-09T23:41:02.943017+00:00;36.66;502;error;;La respuesta no fue JSON válido
benchmark-api4-1000-c100-008;008-REQ-000907;907;registro de prueba;2026-06-09T23:41:02.906570+00:00;2026-06-09T23:41:02.943067+00:00;36.49;502;error;;La respuesta no fue JSON válido
benchmark-api4-1000-c100-008;008-REQ-000908;908;registro de prueba;2026-06-09T23:41:02.906801+00:00;2026-06-09T23:41:02.943117+00:00;36.31;502;error;;La respuesta no fue JSON válido
benchmark-api4-1000-c100-008;008-REQ-000909;909;registro de prueba;2026-06-09T23:41:02.907050+00:00;2026-06-09T23:41:02.943167+00:00;36.11;502;error;;La respuesta no fue JSON válido
benchmark-api4-1000-c100-008;008-REQ-000910;910;registro de prueba;2026-06-09T23:41:02.907256+00:00;2026-06-09T23:41:02.943223+00:00;35.96;502;error;;La respuesta no fue JSON válido
benchmark-api4-1000-c100-008;008-REQ-000911;911;registro de prueba;2026-06-09T23:41:02.907522+00:00;2026-06-09T23:41:02.943275+00:00;35.74;502;error;;La respuesta no fue JSON válido
benchmark-api4-1000-c100-008;008-REQ-000912;912;registro de prueba;2026-06-09T23:41:02.907761+00:00;2026-06-09T23:41:02.943327+00:00;35.56;502;error;;La respuesta no fue JSON válido
benchmark-api4-1000-c100-008;008-REQ-000913;913;registro de prueba;2026-06-09T23:41:02.907983+00:00;2026-06-09T23:41:02.943379+00:00;35.39;502;error;;La respuesta no fue JSON válido
benchmark-api4-1000-c100-008;008-REQ-000914;914;registro de prueba;2026-06-09T23:41:02.910900+00:00;2026-06-09T23:41:02.954903+00:00;43.99;502;error;;La respuesta no fue JSON válido
benchmark-api4-1000-c100-008;008-REQ-000915;915;registro de prueba;2026-06-09T23:41:02.911314+00:00;2026-06-09T23:41:02.955050+00:00;43.73;502;error;;La respuesta no fue JSON válido
benchmark-api4-1000-c100-008;008-REQ-000916;916;registro de prueba;2026-06-09T23:41:02.911617+00:00;2026-06-09T23:41:02.955171+00:00;43.55;502;error;;La respuesta no fue JSON válido
benchmark-api4-1000-c100-008;008-REQ-000917;917;registro de prueba;2026-06-09T23:41:02.911844+00:00;2026-06-09T23:41:02.955278+00:00;43.43;502;error;;La respuesta no fue JSON válido
benchmark-api4-1000-c100-008;008-REQ-000918;918;registro de prueba;2026-06-09T23:41:02.912062+00:00;2026-06-09T23:41:02.955394+00:00;43.32;502;error;;La respuesta no fue JSON válido
benchmark-api4-1000-c100-008;008-REQ-000919;919;registro de prueba;2026-06-09T23:41:02.912251+00:00;2026-06-09T23:41:02.955484+00:00;43.23;502;error;;La respuesta no fue JSON válido
benchmark-api4-1000-c100-008;008-REQ-000920;920;registro de prueba;2026-06-09T23:41:02.912453+00:00;2026-06-09T23:41:02.955568+00:00;43.11;502;error;;La respuesta no fue JSON válido
benchmark-api4-1000-c100-008;008-REQ-000921;921;registro de prueba;2026-06-09T23:41:02.912671+00:00;2026-06-09T23:41:02.955654+00:00;42.97;502;error;;La respuesta no fue JSON válido
benchmark-api4-1000-c100-008;008-REQ-000922;922;registro de prueba;2026-06-09T23:41:02.912887+00:00;2026-06-09T23:41:02.955742+00:00;42.85;502;error;;La respuesta no fue JSON válido
benchmark-api4-1000-c100-008;008-REQ-000923;923;registro de prueba;2026-06-09T23:41:02.913313+00:00;2026-06-09T23:41:02.955833+00:00;42.51;502;error;;La respuesta no fue JSON válido
benchmark-api4-1000-c100-008;008-REQ-000924;924;registro de prueba;2026-06-09T23:41:02.914427+00:00;2026-06-09T23:41:02.955934+00:00;41.48;502;error;;La respuesta no fue JSON válido
benchmark-api4-1000-c100-008;008-REQ-000925;925;registro de prueba;2026-06-09T23:41:02.915026+00:00;2026-06-09T23:41:02.956025+00:00;40.98;502;error;;La respuesta no fue JSON válido
benchmark-api4-1000-c100-008;008-REQ-000926;926;registro de prueba;2026-06-09T23:41:02.915502+00:00;2026-06-09T23:41:02.956117+00:00;40.6;502;error;;La respuesta no fue JSON válido
benchmark-api4-1000-c100-008;008-REQ-000927;927;registro de prueba;2026-06-09T23:41:02.916221+00:00;2026-06-09T23:41:02.956209+00:00;39.97;502;error;;La respuesta no fue JSON válido
benchmark-api4-1000-c100-008;008-REQ-000928;928;registro de prueba;2026-06-09T23:41:02.916872+00:00;2026-06-09T23:41:02.956300+00:00;39.3;502;error;;La respuesta no fue JSON válido
benchmark-api4-1000-c100-008;008-REQ-000929;929;registro de prueba;2026-06-09T23:41:02.917799+00:00;2026-06-09T23:41:02.956386+00:00;38.39;502;error;;La respuesta no fue JSON válido
benchmark-api4-1000-c100-008;008-REQ-000930;930;registro de prueba;2026-06-09T23:41:02.918520+00:00;2026-06-09T23:41:02.956478+00:00;37.94;502;error;;La respuesta no fue JSON válido
benchmark-api4-1000-c100-008;008-REQ-000931;931;registro de prueba;2026-06-09T23:41:02.918861+00:00;2026-06-09T23:41:02.956576+00:00;37.7;502;error;;La respuesta no fue JSON válido
benchmark-api4-1000-c100-008;008-REQ-000932;932;registro de prueba;2026-06-09T23:41:02.919161+00:00;2026-06-09T23:41:02.956666+00:00;37.49;502;error;;La respuesta no fue JSON válido
benchmark-api4-1000-c100-008;008-REQ-000933;933;registro de prueba;2026-06-09T23:41:02.919495+00:00;2026-06-09T23:41:02.956756+00:00;37.25;502;error;;La respuesta no fue JSON válido
benchmark-api4-1000-c100-008;008-REQ-000934;934;registro de prueba;2026-06-09T23:41:02.919878+00:00;2026-06-09T23:41:02.956840+00:00;36.95;502;error;;La respuesta no fue JSON válido
benchmark-api4-1000-c100-008;008-REQ-000935;935;registro de prueba;2026-06-09T23:41:02.920225+00:00;2026-06-09T23:41:02.956924+00:00;36.68;502;error;;La respuesta no fue JSON válido
benchmark-api4-1000-c100-008;008-REQ-000936;936;registro de prueba;2026-06-09T23:41:02.920618+00:00;2026-06-09T23:41:02.957005+00:00;36.37;502;error;;La respuesta no fue JSON válido
benchmark-api4-1000-c100-008;008-REQ-000937;937;registro de prueba;2026-06-09T23:41:02.921076+00:00;2026-06-09T23:41:02.957081+00:00;35.99;502;error;;La respuesta no fue JSON válido
benchmark-api4-1000-c100-008;008-REQ-000938;938;registro de prueba;2026-06-09T23:41:02.921542+00:00;2026-06-09T23:41:02.957157+00:00;35.6;502;error;;La respuesta no fue JSON válido
benchmark-api4-1000-c100-008;008-REQ-000939;939;registro de prueba;2026-06-09T23:41:02.922147+00:00;2026-06-09T23:41:02.957232+00:00;35.06;502;error;;La respuesta no fue JSON válido
benchmark-api4-1000-c100-008;008-REQ-000940;940;registro de prueba;2026-06-09T23:41:02.922779+00:00;2026-06-09T23:41:02.957308+00:00;34.51;502;error;;La respuesta no fue JSON válido
benchmark-api4-1000-c100-008;008-REQ-000941;941;registro de prueba;2026-06-09T23:41:02.927330+00:00;2026-06-09T23:41:02.959099+00:00;31.76;502;error;;La respuesta no fue JSON válido
benchmark-api4-1000-c100-008;008-REQ-000942;942;registro de prueba;2026-06-09T23:41:02.927684+00:00;2026-06-09T23:41:02.959236+00:00;31.54;502;error;;La respuesta no fue JSON válido
benchmark-api4-1000-c100-008;008-REQ-000943;943;registro de prueba;2026-06-09T23:41:02.927936+00:00;2026-06-09T23:41:02.959332+00:00;31.39;502;error;;La respuesta no fue JSON válido
benchmark-api4-1000-c100-008;008-REQ-000944;944;registro de prueba;2026-06-09T23:41:02.928175+00:00;2026-06-09T23:41:02.959439+00:00;31.25;502;error;;La respuesta no fue JSON válido
benchmark-api4-1000-c100-008;008-REQ-000945;945;registro de prueba;2026-06-09T23:41:02.928448+00:00;2026-06-09T23:41:02.959521+00:00;31.06;502;error;;La respuesta no fue JSON válido
benchmark-api4-1000-c100-008;008-REQ-000946;946;registro de prueba;2026-06-09T23:41:02.928719+00:00;2026-06-09T23:41:02.959597+00:00;30.87;502;error;;La respuesta no fue JSON válido
benchmark-api4-1000-c100-008;008-REQ-000947;947;registro de prueba;2026-06-09T23:41:02.928949+00:00;2026-06-09T23:41:02.959672+00:00;30.71;502;error;;La respuesta no fue JSON válido
benchmark-api4-1000-c100-008;008-REQ-000948;948;registro de prueba;2026-06-09T23:41:02.929163+00:00;2026-06-09T23:41:02.959751+00:00;30.58;502;error;;La respuesta no fue JSON válido
benchmark-api4-1000-c100-008;008-REQ-000949;949;registro de prueba;2026-06-09T23:41:02.929365+00:00;2026-06-09T23:41:02.959829+00:00;30.46;502;error;;La respuesta no fue JSON válido
benchmark-api4-1000-c100-008;008-REQ-000950;950;registro de prueba;2026-06-09T23:41:02.929541+00:00;2026-06-09T23:41:02.959907+00:00;30.36;502;error;;La respuesta no fue JSON válido
benchmark-api4-1000-c100-008;008-REQ-000951;951;registro de prueba;2026-06-09T23:41:02.930650+00:00;2026-06-09T23:41:02.959982+00:00;29.3;502;error;;La respuesta no fue JSON válido
benchmark-api4-1000-c100-008;008-REQ-000952;952;registro de prueba;2026-06-09T23:41:02.931423+00:00;2026-06-09T23:41:02.960059+00:00;28.6;502;error;;La respuesta no fue JSON válido
benchmark-api4-1000-c100-008;008-REQ-000953;953;registro de prueba;2026-06-09T23:41:02.932151+00:00;2026-06-09T23:41:02.960143+00:00;27.96;502;error;;La respuesta no fue JSON válido
benchmark-api4-1000-c100-008;008-REQ-000954;954;registro de prueba;2026-06-09T23:41:02.932761+00:00;2026-06-09T23:41:02.960223+00:00;27.44;502;error;;La respuesta no fue JSON válido
benchmark-api4-1000-c100-008;008-REQ-000955;955;registro de prueba;2026-06-09T23:41:02.933189+00:00;2026-06-09T23:41:02.960301+00:00;27.09;502;error;;La respuesta no fue JSON válido
benchmark-api4-1000-c100-008;008-REQ-000956;956;registro de prueba;2026-06-09T23:41:02.933618+00:00;2026-06-09T23:41:02.960381+00:00;26.74;502;error;;La respuesta no fue JSON válido
benchmark-api4-1000-c100-008;008-REQ-000957;957;registro de prueba;2026-06-09T23:41:02.934123+00:00;2026-06-09T23:41:02.960459+00:00;26.32;502;error;;La respuesta no fue JSON válido
benchmark-api4-1000-c100-008;008-REQ-000958;958;registro de prueba;2026-06-09T23:41:02.934487+00:00;2026-06-09T23:41:02.960538+00:00;26.03;502;error;;La respuesta no fue JSON válido
benchmark-api4-1000-c100-008;008-REQ-000959;959;registro de prueba;2026-06-09T23:41:02.934871+00:00;2026-06-09T23:41:02.960615+00:00;25.73;502;error;;La respuesta no fue JSON válido
benchmark-api4-1000-c100-008;008-REQ-000960;960;registro de prueba;2026-06-09T23:41:02.935222+00:00;2026-06-09T23:41:02.960690+00:00;25.45;502;error;;La respuesta no fue JSON válido
benchmark-api4-1000-c100-008;008-REQ-000961;961;registro de prueba;2026-06-09T23:41:02.935571+00:00;2026-06-09T23:41:02.960769+00:00;25.18;502;error;;La respuesta no fue JSON válido
benchmark-api4-1000-c100-008;008-REQ-000962;962;registro de prueba;2026-06-09T23:41:02.935942+00:00;2026-06-09T23:41:02.960849+00:00;24.87;502;error;;La respuesta no fue JSON válido
benchmark-api4-1000-c100-008;008-REQ-000963;963;registro de prueba;2026-06-09T23:41:02.936333+00:00;2026-06-09T23:41:02.960925+00:00;24.58;502;error;;La respuesta no fue JSON válido
benchmark-api4-1000-c100-008;008-REQ-000964;964;registro de prueba;2026-06-09T23:41:02.936680+00:00;2026-06-09T23:41:02.961028+00:00;24.33;502;error;;La respuesta no fue JSON válido
benchmark-api4-1000-c100-008;008-REQ-000965;965;registro de prueba;2026-06-09T23:41:02.937002+00:00;2026-06-09T23:41:02.961199+00:00;24.18;502;error;;La respuesta no fue JSON válido
benchmark-api4-1000-c100-008;008-REQ-000966;966;registro de prueba;2026-06-09T23:41:02.937334+00:00;2026-06-09T23:41:02.961359+00:00;24.01;502;error;;La respuesta no fue JSON válido
benchmark-api4-1000-c100-008;008-REQ-000967;967;registro de prueba;2026-06-09T23:41:02.937667+00:00;2026-06-09T23:41:02.961471+00:00;23.79;502;error;;La respuesta no fue JSON válido
benchmark-api4-1000-c100-008;008-REQ-000968;968;registro de prueba;2026-06-09T23:41:02.938002+00:00;2026-06-09T23:41:02.961601+00:00;23.58;502;error;;La respuesta no fue JSON válido
benchmark-api4-1000-c100-008;008-REQ-000969;969;registro de prueba;2026-06-09T23:41:02.938318+00:00;2026-06-09T23:41:02.961749+00:00;23.42;502;error;;La respuesta no fue JSON válido
benchmark-api4-1000-c100-008;008-REQ-000970;970;registro de prueba;2026-06-09T23:41:02.938643+00:00;2026-06-09T23:41:02.961815+00:00;23.16;502;error;;La respuesta no fue JSON válido
benchmark-api4-1000-c100-008;008-REQ-000971;971;registro de prueba;2026-06-09T23:41:02.939052+00:00;2026-06-09T23:41:02.961863+00:00;22.8;502;error;;La respuesta no fue JSON válido
benchmark-api4-1000-c100-008;008-REQ-000972;972;registro de prueba;2026-06-09T23:41:02.939356+00:00;2026-06-09T23:41:02.961905+00:00;22.54;502;error;;La respuesta no fue JSON válido
benchmark-api4-1000-c100-008;008-REQ-000973;973;registro de prueba;2026-06-09T23:41:02.939665+00:00;2026-06-09T23:41:02.961943+00:00;22.26;502;error;;La respuesta no fue JSON válido
benchmark-api4-1000-c100-008;008-REQ-000974;974;registro de prueba;2026-06-09T23:41:02.939975+00:00;2026-06-09T23:41:02.961988+00:00;21.98;502;error;;La respuesta no fue JSON válido
benchmark-api4-1000-c100-008;008-REQ-000975;975;registro de prueba;2026-06-09T23:41:02.940318+00:00;2026-06-09T23:41:02.962033+00:00;21.7;502;error;;La respuesta no fue JSON válido
benchmark-api4-1000-c100-008;008-REQ-000976;976;registro de prueba;2026-06-09T23:41:02.944387+00:00;2026-06-09T23:41:02.962871+00:00;18.47;502;error;;La respuesta no fue JSON válido
benchmark-api4-1000-c100-008;008-REQ-000977;977;registro de prueba;2026-06-09T23:41:02.944974+00:00;2026-06-09T23:41:02.962961+00:00;17.97;502;error;;La respuesta no fue JSON válido
benchmark-api4-1000-c100-008;008-REQ-000978;978;registro de prueba;2026-06-09T23:41:02.945413+00:00;2026-06-09T23:41:02.963040+00:00;17.61;502;error;;La respuesta no fue JSON válido
benchmark-api4-1000-c100-008;008-REQ-000979;979;registro de prueba;2026-06-09T23:41:02.945784+00:00;2026-06-09T23:41:02.963149+00:00;17.35;502;error;;La respuesta no fue JSON válido
benchmark-api4-1000-c100-008;008-REQ-000980;980;registro de prueba;2026-06-09T23:41:02.946323+00:00;2026-06-09T23:41:02.963208+00:00;16.87;502;error;;La respuesta no fue JSON válido
benchmark-api4-1000-c100-008;008-REQ-000981;981;registro de prueba;2026-06-09T23:41:02.947025+00:00;2026-06-09T23:41:02.963252+00:00;16.21;502;error;;La respuesta no fue JSON válido
benchmark-api4-1000-c100-008;008-REQ-000982;982;registro de prueba;2026-06-09T23:41:02.947641+00:00;2026-06-09T23:41:02.963521+00:00;15.86;502;error;;La respuesta no fue JSON válido
benchmark-api4-1000-c100-008;008-REQ-000983;983;registro de prueba;2026-06-09T23:41:02.948200+00:00;2026-06-09T23:41:02.963696+00:00;15.48;502;error;;La respuesta no fue JSON válido
benchmark-api4-1000-c100-008;008-REQ-000984;984;registro de prueba;2026-06-09T23:41:02.948642+00:00;2026-06-09T23:41:02.963869+00:00;15.22;502;error;;La respuesta no fue JSON válido
benchmark-api4-1000-c100-008;008-REQ-000985;985;registro de prueba;2026-06-09T23:41:02.949588+00:00;2026-06-09T23:41:02.963998+00:00;14.39;502;error;;La respuesta no fue JSON válido
benchmark-api4-1000-c100-008;008-REQ-000986;986;registro de prueba;2026-06-09T23:41:02.950092+00:00;2026-06-09T23:41:02.964063+00:00;13.95;502;error;;La respuesta no fue JSON válido
benchmark-api4-1000-c100-008;008-REQ-000987;987;registro de prueba;2026-06-09T23:41:02.950540+00:00;2026-06-09T23:41:02.964138+00:00;13.58;502;error;;La respuesta no fue JSON válido
benchmark-api4-1000-c100-008;008-REQ-000988;988;registro de prueba;2026-06-09T23:41:02.950916+00:00;2026-06-09T23:41:02.964208+00:00;13.28;502;error;;La respuesta no fue JSON válido
benchmark-api4-1000-c100-008;008-REQ-000989;989;registro de prueba;2026-06-09T23:41:02.951214+00:00;2026-06-09T23:41:02.964262+00:00;13.03;502;error;;La respuesta no fue JSON válido
benchmark-api4-1000-c100-008;008-REQ-000990;990;registro de prueba;2026-06-09T23:41:02.951486+00:00;2026-06-09T23:41:02.964310+00:00;12.81;502;error;;La respuesta no fue JSON válido
benchmark-api4-1000-c100-008;008-REQ-000991;991;registro de prueba;2026-06-09T23:41:02.951759+00:00;2026-06-09T23:41:02.964404+00:00;12.63;502;error;;La respuesta no fue JSON válido
benchmark-api4-1000-c100-008;008-REQ-000992;992;registro de prueba;2026-06-09T23:41:02.952016+00:00;2026-06-09T23:41:02.963005+00:00;10.95;502;error;;La respuesta no fue JSON válido
benchmark-api4-1000-c100-008;008-REQ-000993;993;registro de prueba;2026-06-09T23:41:02.952308+00:00;2026-06-09T23:41:02.963078+00:00;10.76;502;error;;La respuesta no fue JSON válido
benchmark-api4-1000-c100-008;008-REQ-000994;994;registro de prueba;2026-06-09T23:41:02.952558+00:00;2026-06-09T23:41:02.963110+00:00;10.54;502;error;;La respuesta no fue JSON válido
benchmark-api4-1000-c100-008;008-REQ-000995;995;registro de prueba;2026-06-09T23:41:02.952820+00:00;2026-06-09T23:41:02.963301+00:00;10.47;502;error;;La respuesta no fue JSON válido
benchmark-api4-1000-c100-008;008-REQ-000996;996;registro de prueba;2026-06-09T23:41:02.953063+00:00;2026-06-09T23:41:02.963638+00:00;10.57;502;error;;La respuesta no fue JSON válido
benchmark-api4-1000-c100-008;008-REQ-000997;997;registro de prueba;2026-06-09T23:41:02.953291+00:00;2026-06-09T23:41:02.963583+00:00;10.28;502;error;;La respuesta no fue JSON válido
benchmark-api4-1000-c100-008;008-REQ-000998;998;registro de prueba;2026-06-09T23:41:02.953538+00:00;2026-06-09T23:41:02.963760+00:00;10.21;502;error;;La respuesta no fue JSON válido
benchmark-api4-1000-c100-008;008-REQ-000999;999;registro de prueba;2026-06-09T23:41:02.953999+00:00;2026-06-09T23:41:02.963817+00:00;9.8;502;error;;La respuesta no fue JSON válido
benchmark-api4-1000-c100-008;008-REQ-001000;1000;registro de prueba;2026-06-09T23:41:02.954403+00:00;2026-06-09T23:41:02.963932+00:00;9.51;502;error;;La respuesta no fue JSON válido
